5.25 -299.0 1.5707963267948966 flow_3_0 0 5.0 2.0,1.75 -299.0 1.5707963267948966 flow_2_0 0 5.0 2.0,-299.0 -5.25 0.0 flow_7_0 0 5.0 2.0,-5.25 299.0 -1.5707963267948966 flow_1_0 0 5.0 2.0,-299.0 -1.75 0.0 flow_6_0 0 5.0 2.0,299.0 5.25 3.141592653589793 flow_5_0 0 5.0 2.0,299.0 1.75 3.141592653589793 flow_4_0 0 5.0 2.0,-1.75 299.0 -1.5707963267948966 flow_0_0 0 5.0 2.0,;HHL_QHDD_N r r,HHL_QHDD_S r r,HHL_QHDD_E r r,HHL_QHDD_W r r,
5.25 -296.0 1.5707963267948966 flow_3_0 0 5.0 2.0,1.75 -296.0 1.5707963267948966 flow_2_0 0 5.0 2.0,-296.0 -5.25 0.0 flow_7_0 0 5.0 2.0,-5.25 296.0 -1.5707963267948966 flow_1_0 0 5.0 2.0,-296.0 -1.75 0.0 flow_6_0 0 5.0 2.0,296.0 5.25 3.141592653589793 flow_5_0 0 5.0 2.0,296.0 1.75 3.141592653589793 flow_4_0 0 5.0 2.0,-1.75 296.0 -1.5707963267948966 flow_0_0 0 5.0 2.0,;HHL_QHDD_N r r,HHL_QHDD_S r r,HHL_QHDD_E g g,HHL_QHDD_W g g,
5.25 -291.0 1.5707963267948966 flow_3_0 0 5.0 2.0,1.75 -291.0 1.5707963267948966 flow_2_0 0 5.0 2.0,-291.0 -5.25 0.0 flow_7_0 0 5.0 2.0,-5.25 291.0 -1.5707963267948966 flow_1_0 0 5.0 2.0,-291.0 -1.75 0.0 flow_6_0 0 5.0 2.0,291.0 5.25 3.141592653589793 flow_5_0 0 5.0 2.0,291.0 1.75 3.141592653589793 flow_4_0 0 5.0 2.0,-1.75 291.0 -1.5707963267948966 flow_0_0 0 5.0 2.0,;HHL_QHDD_N r r,HHL_QHDD_S r r,HHL_QHDD_E g g,HHL_QHDD_W g g,
5.25 -284.0 1.5707963267948966 flow_3_0 0 5.0 2.0,1.75 -284.0 1.5707963267948966 flow_2_0 0 5.0 2.0,-284.0 -5.25 0.0 flow_7_0 0 5.0 2.0,-5.25 284.0 -1.5707963267948966 flow_1_0 0 5.0 2.0,-284.0 -1.75 0.0 flow_6_0 0 5.0 2.0,284.0 5.25 3.141592653589793 flow_5_0 0 5.0 2.0,284.0 1.75 3.141592653589793 flow_4_0 0 5.0 2.0,-1.75 284.0 -1.5707963267948966 flow_0_0 0 5.0 2.0,;HHL_QHDD_N r r,HHL_QHDD_S r r,HHL_QHDD_E g g,HHL_QHDD_W g g,
5.25 -275.0 1.5707963267948966 flow_3_0 0 5.0 2.0,1.75 -275.0 1.5707963267948966 flow_2_0 0 5.0 2.0,-275.0 -5.25 0.0 flow_7_0 0 5.0 2.0,-5.25 275.0 -1.5707963267948966 flow_1_0 0 5.0 2.0,-275.0 -1.75 0.0 flow_6_0 0 5.0 2.0,275.0 5.25 3.141592653589793 flow_5_0 0 5.0 2.0,275.0 1.75 3.141592653589793 flow_4_0 0 5.0 2.0,-1.75 275.0 -1.5707963267948966 flow_0_0 0 5.0 2.0,;HHL_QHDD_N r r,HHL_QHDD_S r r,HHL_QHDD_E g g,HHL_QHDD_W g g,
5.25 -264.0 1.5707963267948966 flow_3_0 0 5.0 2.0,1.75 -264.0 1.5707963267948966 flow_2_0 0 5.0 2.0,-264.0 -5.25 0.0 flow_7_0 0 5.0 2.0,-5.25 264.0 -1.5707963267948966 flow_1_0 0 5.0 2.0,-264.0 -1.75 0.0 flow_6_0 0 5.0 2.0,264.0 5.25 3.141592653589793 flow_5_0 0 5.0 2.0,264.0 1.75 3.141592653589793 flow_4_0 0 5.0 2.0,-1.75 264.0 -1.5707963267948966 flow_0_0 0 5.0 2.0,;HHL_QHDD_N r r,HHL_QHDD_S r r,HHL_QHDD_E g g,HHL_QHDD_W g g,
5.25 -251.0 1.5707963267948966 flow_3_0 0 5.0 2.0,1.75 -251.0 1.5707963267948966 flow_2_0 0 5.0 2.0,-251.0 -5.25 0.0 flow_7_0 0 5.0 2.0,-5.25 251.0 -1.5707963267948966 flow_1_0 0 5.0 2.0,-251.0 -1.75 0.0 flow_6_0 0 5.0 2.0,251.0 5.25 3.141592653589793 flow_5_0 0 5.0 2.0,251.0 1.75 3.141592653589793 flow_4_0 0 5.0 2.0,-1.75 251.0 -1.5707963267948966 flow_0_0 0 5.0 2.0,;HHL_QHDD_N r r,HHL_QHDD_S r r,HHL_QHDD_E g g,HHL_QHDD_W g g,
5.25 -236.0 1.5707963267948966 flow_3_0 0 5.0 2.0,1.75 -236.0 1.5707963267948966 flow_2_0 0 5.0 2.0,-236.0 -5.25 0.0 flow_7_0 0 5.0 2.0,-5.25 236.0 -1.5707963267948966 flow_1_0 0 5.0 2.0,-236.0 -1.75 0.0 flow_6_0 0 5.0 2.0,236.0 5.25 3.141592653589793 flow_5_0 0 5.0 2.0,236.0 1.75 3.141592653589793 flow_4_0 0 5.0 2.0,-1.75 236.0 -1.5707963267948966 flow_0_0 0 5.0 2.0,;HHL_QHDD_N r r,HHL_QHDD_S r r,HHL_QHDD_E g g,HHL_QHDD_W g g,
5.25 -219.665 1.5707963267948966 flow_3_0 0 5.0 2.0,1.75 -219.665 1.5707963267948966 flow_2_0 0 5.0 2.0,-219.665 -5.25 0.0 flow_7_0 0 5.0 2.0,-5.25 219.665 -1.5707963267948966 flow_1_0 0 5.0 2.0,-219.665 -1.75 0.0 flow_6_0 0 5.0 2.0,219.665 5.25 3.141592653589793 flow_5_0 0 5.0 2.0,219.665 1.75 3.141592653589793 flow_4_0 0 5.0 2.0,-1.75 219.665 -1.5707963267948966 flow_0_0 0 5.0 2.0,;HHL_QHDD_N r r,HHL_QHDD_S r r,HHL_QHDD_E g g,HHL_QHDD_W g g,
5.25 -202.995 1.5707963267948966 flow_3_0 0 5.0 2.0,1.75 -202.995 1.5707963267948966 flow_2_0 0 5.0 2.0,-202.995 -5.25 0.0 flow_7_0 0 5.0 2.0,-5.25 202.995 -1.5707963267948966 flow_1_0 0 5.0 2.0,-202.995 -1.75 0.0 flow_6_0 0 5.0 2.0,202.995 5.25 3.141592653589793 flow_5_0 0 5.0 2.0,202.995 1.75 3.141592653589793 flow_4_0 0 5.0 2.0,-1.75 202.995 -1.5707963267948966 flow_0_0 0 5.0 2.0,;HHL_QHDD_N r r,HHL_QHDD_S r r,HHL_QHDD_E g g,HHL_QHDD_W g g,
5.25 -186.325 1.5707963267948966 flow_3_0 0 5.0 2.0,1.75 -186.325 1.5707963267948966 flow_2_0 0 5.0 2.0,-186.325 -5.25 0.0 flow_7_0 0 5.0 2.0,-5.25 186.325 -1.5707963267948966 flow_1_0 0 5.0 2.0,-186.325 -1.75 0.0 flow_6_0 0 5.0 2.0,186.325 5.25 3.141592653589793 flow_5_0 0 5.0 2.0,186.325 1.75 3.141592653589793 flow_4_0 0 5.0 2.0,-1.75 186.325 -1.5707963267948966 flow_0_0 0 5.0 2.0,;HHL_QHDD_N r r,HHL_QHDD_S r r,HHL_QHDD_E r r,HHL_QHDD_W r r,
5.25 -169.65499999999998 1.5707963267948966 flow_3_0 0 5.0 2.0,1.75 -169.65499999999998 1.5707963267948966 flow_2_0 0 5.0 2.0,-169.65499999999998 -5.25 0.0 flow_7_0 0 5.0 2.0,-5.25 169.65499999999998 -1.5707963267948966 flow_1_0 0 5.0 2.0,-169.65499999999998 -1.75 0.0 flow_6_0 0 5.0 2.0,169.65499999999998 5.25 3.141592653589793 flow_5_0 0 5.0 2.0,169.65499999999998 1.75 3.141592653589793 flow_4_0 0 5.0 2.0,-1.75 169.65499999999998 -1.5707963267948966 flow_0_0 0 5.0 2.0,;HHL_QHDD_N r r,HHL_QHDD_S r r,HHL_QHDD_E r r,HHL_QHDD_W r r,
5.25 -152.98499999999997 1.5707963267948966 flow_3_0 0 5.0 2.0,1.75 -152.98499999999997 1.5707963267948966 flow_2_0 0 5.0 2.0,-152.98499999999997 -5.25 0.0 flow_7_0 0 5.0 2.0,-5.25 152.98499999999997 -1.5707963267948966 flow_1_0 0 5.0 2.0,-152.98499999999997 -1.75 0.0 flow_6_0 0 5.0 2.0,152.98499999999997 5.25 3.141592653589793 flow_5_0 0 5.0 2.0,152.98499999999997 1.75 3.141592653589793 flow_4_0 0 5.0 2.0,-1.75 152.98499999999997 -1.5707963267948966 flow_0_0 0 5.0 2.0,;HHL_QHDD_N r r,HHL_QHDD_S r r,HHL_QHDD_E r r,HHL_QHDD_W r r,
5.25 -136.31499999999995 1.5707963267948966 flow_3_0 0 5.0 2.0,1.75 -136.31499999999995 1.5707963267948966 flow_2_0 0 5.0 2.0,-136.31499999999995 -5.25 0.0 flow_7_0 0 5.0 2.0,-5.25 136.31499999999995 -1.5707963267948966 flow_1_0 0 5.0 2.0,-136.31499999999995 -1.75 0.0 flow_6_0 0 5.0 2.0,136.31499999999995 5.25 3.141592653589793 flow_5_0 0 5.0 2.0,136.31499999999995 1.75 3.141592653589793 flow_4_0 0 5.0 2.0,-1.75 136.31499999999995 -1.5707963267948966 flow_0_0 0 5.0 2.0,;HHL_QHDD_N g g,HHL_QHDD_S g g,HHL_QHDD_E r r,HHL_QHDD_W r r,
5.25 -119.64499999999993 1.5707963267948966 flow_3_0 0 5.0 2.0,1.75 -119.64499999999993 1.5707963267948966 flow_2_0 0 5.0 2.0,-119.64499999999993 -5.25 0.0 flow_7_0 0 5.0 2.0,-5.25 119.64499999999993 -1.5707963267948966 flow_1_0 0 5.0 2.0,-119.64499999999993 -1.75 0.0 flow_6_0 0 5.0 2.0,119.64499999999993 5.25 3.141592653589793 flow_5_0 0 5.0 2.0,119.64499999999993 1.75 3.141592653589793 flow_4_0 0 5.0 2.0,-1.75 119.64499999999993 -1.5707963267948966 flow_0_0 0 5.0 2.0,;HHL_QHDD_N g g,HHL_QHDD_S g g,HHL_QHDD_E r r,HHL_QHDD_W r r,
5.25 -102.97499999999991 1.5707963267948966 flow_3_0 0 5.0 2.0,1.75 -102.97499999999991 1.5707963267948966 flow_2_0 0 5.0 2.0,-102.97499999999991 -5.25 0.0 flow_7_0 0 5.0 2.0,-5.25 102.97499999999991 -1.5707963267948966 flow_1_0 0 5.0 2.0,-102.97499999999991 -1.75 0.0 flow_6_0 0 5.0 2.0,102.97499999999991 5.25 3.141592653589793 flow_5_0 0 5.0 2.0,102.97499999999991 1.75 3.141592653589793 flow_4_0 0 5.0 2.0,-1.75 102.97499999999991 -1.5707963267948966 flow_0_0 0 5.0 2.0,;HHL_QHDD_N g g,HHL_QHDD_S g g,HHL_QHDD_E r r,HHL_QHDD_W r r,
5.25 -86.30499999999987 1.5707963267948966 flow_3_0 0 5.0 2.0,1.75 -86.30499999999987 1.5707963267948966 flow_2_0 0 5.0 2.0,-86.30499999999987 -5.25 0.0 flow_7_0 0 5.0 2.0,-5.25 86.30499999999987 -1.5707963267948966 flow_1_0 0 5.0 2.0,-86.30499999999987 -1.75 0.0 flow_6_0 0 5.0 2.0,86.30499999999987 5.25 3.141592653589793 flow_5_0 0 5.0 2.0,86.30499999999987 1.75 3.141592653589793 flow_4_0 0 5.0 2.0,-1.75 86.30499999999987 -1.5707963267948966 flow_0_0 0 5.0 2.0,;HHL_QHDD_N g g,HHL_QHDD_S g g,HHL_QHDD_E r r,HHL_QHDD_W r r,
5.25 -69.63499999999988 1.5707963267948966 flow_3_0 0 5.0 2.0,1.75 -69.63499999999988 1.5707963267948966 flow_2_0 0 5.0 2.0,-69.63499999999988 -5.25 0.0 flow_7_0 0 5.0 2.0,-5.25 69.63499999999988 -1.5707963267948966 flow_1_0 0 5.0 2.0,-69.63499999999988 -1.75 0.0 flow_6_0 0 5.0 2.0,69.63499999999988 5.25 3.141592653589793 flow_5_0 0 5.0 2.0,69.63499999999988 1.75 3.141592653589793 flow_4_0 0 5.0 2.0,-1.75 69.63499999999988 -1.5707963267948966 flow_0_0 0 5.0 2.0,;HHL_QHDD_N g g,HHL_QHDD_S g g,HHL_QHDD_E r r,HHL_QHDD_W r r,
5.25 -55.21499999999986 1.5707963267948966 flow_3_0 0 5.0 2.0,1.75 -52.96499999999986 1.5707963267948966 flow_2_0 0 5.0 2.0,-52.96499999999986 -5.25 0.0 flow_7_0 0 5.0 2.0,-5.25 55.21499999999986 -1.5707963267948966 flow_1_0 0 5.0 2.0,-52.96499999999986 -1.75 0.0 flow_6_0 0 5.0 2.0,52.96499999999986 5.25 3.141592653589793 flow_5_0 0 5.0 2.0,52.96499999999986 1.75 3.141592653589793 flow_4_0 0 5.0 2.0,-1.75 52.96499999999986 -1.5707963267948966 flow_0_0 0 5.0 2.0,;HHL_QHDD_N g g,HHL_QHDD_S g g,HHL_QHDD_E r r,HHL_QHDD_W r r,
5.25 -44.96334999999988 1.5707963267948966 flow_3_0 0 5.0 2.0,1.75 -36.294999999999848 1.5707963267948966 flow_2_0 0 5.0 2.0,-37.961999999999878 -5.25 0.0 flow_7_0 0 5.0 2.0,-5.25 44.96334999999988 -1.5707963267948966 flow_1_0 0 5.0 2.0,-37.961999999999878 -1.75 0.0 flow_6_0 0 5.0 2.0,37.961999999999878 5.25 3.141592653589793 flow_5_0 0 5.0 2.0,37.961999999999878 1.75 3.141592653589793 flow_4_0 0 5.0 2.0,-1.75 36.294999999999848 -1.5707963267948966 flow_0_0 0 5.0 2.0,;HHL_QHDD_N g g,HHL_QHDD_S g g,HHL_QHDD_E r r,HHL_QHDD_W r r,
5.25 -36.63004999999987 1.5707963267948966 flow_3_0 0 5.0 2.0,1.75 -19.62499999999983 1.5707963267948966 flow_2_0 0 5.0 2.0,299.0 1.75 3.141592653589793 flow_4_1 0 5.0 2.0,-26.292999999999894 -5.25 0.0 flow_7_0 0 5.0 2.0,-5.25 36.63004999999987 -1.5707963267948966 flow_1_0 0 5.0 2.0,-26.292999999999894 -1.75 0.0 flow_6_0 0 5.0 2.0,26.292999999999894 5.25 3.141592653589793 flow_5_0 0 5.0 2.0,26.292999999999894 1.75 3.141592653589793 flow_4_0 0 5.0 2.0,-299.0 -1.75 0.0 flow_6_1 0 5.0 2.0,-1.75 19.62499999999983 -1.5707963267948966 flow_0_0 0 5.0 2.0,;HHL_QHDD_N g g,HHL_QHDD_S g g,HHL_QHDD_E r r,HHL_QHDD_W r r,
5.25 -28.29674999999986 1.5707963267948966 flow_3_0 0 5.0 2.0,1.75 2.0450000000001866 1.5707963267948966 flow_2_0 0 5.0 2.0,296.0 1.75 3.141592653589793 flow_4_1 0 5.0 2.0,-17.957999999999914 -5.25 0.0 flow_7_0 0 5.0 2.0,-5.25 28.29674999999986 -1.5707963267948966 flow_1_0 0 5.0 2.0,-17.957999999999914 -1.75 0.0 flow_6_0 0 5.0 2.0,17.957999999999914 5.25 3.141592653589793 flow_5_0 0 5.0 2.0,17.957999999999914 1.75 3.141592653589793 flow_4_0 0 5.0 2.0,-1.75 299.0 -1.5707963267948966 flow_0_1 0 5.0 2.0,-296.0 -1.75 0.0 flow_6_1 0 5.0 2.0,1.75 -299.0 1.5707963267948966 flow_2_1 0 5.0 2.0,-1.75 -2.0450000000001866 -1.5707963267948966 flow_0_0 0 5.0 2.0,;HHL_QHDD_N g g,HHL_QHDD_S g g,HHL_QHDD_E r r,HHL_QHDD_W r r,
5.25 -21.352333333333207 1.5707963267948966 flow_3_0 0 5.0 2.0,1.75 23.715000000000189 1.5707963267948966 flow_2_0 0 5.0 2.0,291.0 1.75 3.141592653589793 flow_4_1 0 5.0 2.0,-12.956999999999937 -5.25 0.0 flow_7_0 0 5.0 2.0,-5.25 21.352333333333207 -1.5707963267948966 flow_1_0 0 5.0 2.0,-12.956999999999937 -1.75 0.0 flow_6_0 0 5.0 2.0,12.956999999999937 5.25 3.141592653589793 flow_5_0 0 5.0 2.0,12.956999999999937 1.75 3.141592653589793 flow_4_0 0 5.0 2.0,-1.75 296.0 -1.5707963267948966 flow_0_1 0 5.0 2.0,-291.0 -1.75 0.0 flow_6_1 0 5.0 2.0,1.75 -296.0 1.5707963267948966 flow_2_1 0 5.0 2.0,-1.75 -23.715000000000189 -1.5707963267948966 flow_0_0 0 5.0 2.0,;HHL_QHDD_N g g,HHL_QHDD_S g g,HHL_QHDD_E r r,HHL_QHDD_W r r,
5.25 -14.796799999999849 1.5707963267948966 flow_3_0 0 5.0 2.0,1.75 40.38500000000019 1.5707963267948966 flow_2_0 0 5.0 2.0,284.0 1.75 3.141592653589793 flow_4_1 0 5.0 2.0,-11.289999999999964 -5.25 0.0 flow_7_0 0 5.0 2.0,-5.25 14.796799999999849 -1.5707963267948966 flow_1_0 0 5.0 2.0,-11.289999999999964 -1.75 0.0 flow_6_0 0 5.0 2.0,11.289999999999964 5.25 3.141592653589793 flow_5_0 0 5.0 2.0,11.289999999999964 1.75 3.141592653589793 flow_4_0 0 5.0 2.0,-1.75 291.0 -1.5707963267948966 flow_0_1 0 5.0 2.0,-284.0 -1.75 0.0 flow_6_1 0 5.0 2.0,1.75 -291.0 1.5707963267948966 flow_2_1 0 5.0 2.0,-1.75 -40.38500000000019 -1.5707963267948966 flow_0_0 0 5.0 2.0,;HHL_QHDD_N g g,HHL_QHDD_S g g,HHL_QHDD_E r r,HHL_QHDD_W r r,
-1.75 -1.8523833333331937 1.5707963267948966 flow_3_0 0 5.0 2.0,1.75 57.05500000000019 1.5707963267948966 flow_2_0 0 5.0 2.0,275.0 1.75 3.141592653589793 flow_4_1 0 5.0 2.0,-11.289999999999964 -5.25 0.0 flow_7_0 0 5.0 2.0,1.75 1.8523833333331937 -1.5707963267948966 flow_1_0 0 5.0 2.0,-11.289999999999964 -1.75 0.0 flow_6_0 0 5.0 2.0,11.289999999999964 5.25 3.141592653589793 flow_5_0 0 5.0 2.0,11.289999999999964 1.75 3.141592653589793 flow_4_0 0 5.0 2.0,-1.75 284.0 -1.5707963267948966 flow_0_1 0 5.0 2.0,-275.0 -1.75 0.0 flow_6_1 0 5.0 2.0,1.75 -284.0 1.5707963267948966 flow_2_1 0 5.0 2.0,-1.75 -57.05500000000019 -1.5707963267948966 flow_0_0 0 5.0 2.0,;HHL_QHDD_N g g,HHL_QHDD_S g g,HHL_QHDD_E r r,HHL_QHDD_W r r,
-13.789710901608457 1.75 3.141592653589793 flow_3_0 0 5.0 2.0,1.75 73.7250000000002 1.5707963267948966 flow_2_0 0 5.0 2.0,264.0 1.75 3.141592653589793 flow_4_1 0 5.0 2.0,-11.289999999999964 -5.25 0.0 flow_7_0 0 5.0 2.0,13.789710901608457 -1.75 0.0 flow_1_0 0 5.0 2.0,-11.289999999999964 -1.75 0.0 flow_6_0 0 5.0 2.0,11.289999999999964 5.25 3.141592653589793 flow_5_0 0 5.0 2.0,11.289999999999964 1.75 3.141592653589793 flow_4_0 0 5.0 2.0,-1.75 275.0 -1.5707963267948966 flow_0_1 0 5.0 2.0,-264.0 -1.75 0.0 flow_6_1 0 5.0 2.0,1.75 -275.0 1.5707963267948966 flow_2_1 0 5.0 2.0,-1.75 -73.7250000000002 -1.5707963267948966 flow_0_0 0 5.0 2.0,;HHL_QHDD_N g g,HHL_QHDD_S g g,HHL_QHDD_E r r,HHL_QHDD_W r r,
-25.123010901608454 1.75 3.141592653589793 flow_3_0 0 5.0 2.0,1.75 90.3950000000002 1.5707963267948966 flow_2_0 0 5.0 2.0,251.0 1.75 3.141592653589793 flow_4_1 0 5.0 2.0,-11.289999999999964 -5.25 0.0 flow_7_0 0 5.0 2.0,25.123010901608454 -1.75 0.0 flow_1_0 0 5.0 2.0,-11.289999999999964 -1.75 0.0 flow_6_0 0 5.0 2.0,11.289999999999964 5.25 3.141592653589793 flow_5_0 0 5.0 2.0,11.289999999999964 1.75 3.141592653589793 flow_4_0 0 5.0 2.0,-1.75 264.0 -1.5707963267948966 flow_0_1 0 5.0 2.0,-251.0 -1.75 0.0 flow_6_1 0 5.0 2.0,1.75 -264.0 1.5707963267948966 flow_2_1 0 5.0 2.0,-1.75 -90.3950000000002 -1.5707963267948966 flow_0_0 0 5.0 2.0,;HHL_QHDD_N g g,HHL_QHDD_S g g,HHL_QHDD_E r r,HHL_QHDD_W r r,
-38.456310901608457 1.75 3.141592653589793 flow_3_0 0 5.0 2.0,1.75 107.0650000000002 1.5707963267948966 flow_2_0 0 5.0 2.0,236.0 1.75 3.141592653589793 flow_4_1 0 5.0 2.0,-11.289999999999964 -5.25 0.0 flow_7_0 0 5.0 2.0,38.456310901608457 -1.75 0.0 flow_1_0 0 5.0 2.0,-11.289999999999964 -1.75 0.0 flow_6_0 0 5.0 2.0,11.289999999999964 5.25 3.141592653589793 flow_5_0 0 5.0 2.0,11.289999999999964 1.75 3.141592653589793 flow_4_0 0 5.0 2.0,-1.75 251.0 -1.5707963267948966 flow_0_1 0 5.0 2.0,-236.0 -1.75 0.0 flow_6_1 0 5.0 2.0,1.75 -251.0 1.5707963267948966 flow_2_1 0 5.0 2.0,-1.75 -107.0650000000002 -1.5707963267948966 flow_0_0 0 5.0 2.0,;HHL_QHDD_N g g,HHL_QHDD_S g g,HHL_QHDD_E r r,HHL_QHDD_W r r,
-53.789610901608458 1.75 3.141592653589793 flow_3_0 0 5.0 2.0,1.75 123.7350000000002 1.5707963267948966 flow_2_0 0 5.0 2.0,219.665 1.75 3.141592653589793 flow_4_1 0 5.0 2.0,-11.289999999999964 -5.25 0.0 flow_7_0 0 5.0 2.0,53.789610901608458 -1.75 0.0 flow_1_0 0 5.0 2.0,-11.289999999999964 -1.75 0.0 flow_6_0 0 5.0 2.0,11.289999999999964 5.25 3.141592653589793 flow_5_0 0 5.0 2.0,11.289999999999964 1.75 3.141592653589793 flow_4_0 0 5.0 2.0,-1.75 236.0 -1.5707963267948966 flow_0_1 0 5.0 2.0,-219.665 -1.75 0.0 flow_6_1 0 5.0 2.0,1.75 -236.0 1.5707963267948966 flow_2_1 0 5.0 2.0,-1.75 -123.7350000000002 -1.5707963267948966 flow_0_0 0 5.0 2.0,;HHL_QHDD_N g g,HHL_QHDD_S g g,HHL_QHDD_E r r,HHL_QHDD_W r r,
-70.29126090160846 1.75 3.141592653589793 flow_3_0 0 5.0 2.0,1.75 140.4050000000002 1.5707963267948966 flow_2_0 0 5.0 2.0,202.995 1.75 3.141592653589793 flow_4_1 0 5.0 2.0,-11.289999999999964 -5.25 0.0 flow_7_0 0 5.0 2.0,70.29126090160846 -1.75 0.0 flow_1_0 0 5.0 2.0,-11.289999999999964 -1.75 0.0 flow_6_0 0 5.0 2.0,11.289999999999964 5.25 3.141592653589793 flow_5_0 0 5.0 2.0,11.289999999999964 1.75 3.141592653589793 flow_4_0 0 5.0 2.0,-1.75 219.665 -1.5707963267948966 flow_0_1 0 5.0 2.0,-202.995 -1.75 0.0 flow_6_1 0 5.0 2.0,1.75 -219.665 1.5707963267948966 flow_2_1 0 5.0 2.0,-1.75 -140.4050000000002 -1.5707963267948966 flow_0_0 0 5.0 2.0,;HHL_QHDD_N g g,HHL_QHDD_S g g,HHL_QHDD_E r r,HHL_QHDD_W r r,
-86.96126090160846 1.75 3.141592653589793 flow_3_0 0 5.0 2.0,1.75 157.07500000000023 1.5707963267948966 flow_2_0 0 5.0 2.0,186.325 1.75 3.141592653589793 flow_4_1 0 5.0 2.0,-11.289999999999964 -5.25 0.0 flow_7_0 0 5.0 2.0,86.96126090160846 -1.75 0.0 flow_1_0 0 5.0 2.0,-11.289999999999964 -1.75 0.0 flow_6_0 0 5.0 2.0,11.289999999999964 5.25 3.141592653589793 flow_5_0 0 5.0 2.0,11.289999999999964 1.75 3.141592653589793 flow_4_0 0 5.0 2.0,-1.75 202.995 -1.5707963267948966 flow_0_1 0 5.0 2.0,-186.325 -1.75 0.0 flow_6_1 0 5.0 2.0,1.75 -202.995 1.5707963267948966 flow_2_1 0 5.0 2.0,-1.75 -157.07500000000023 -1.5707963267948966 flow_0_0 0 5.0 2.0,;HHL_QHDD_N g g,HHL_QHDD_S g g,HHL_QHDD_E r r,HHL_QHDD_W r r,
-103.63126090160846 1.75 3.141592653589793 flow_3_0 0 5.0 2.0,1.75 173.74500000000024 1.5707963267948966 flow_2_0 0 5.0 2.0,169.65499999999998 1.75 3.141592653589793 flow_4_1 0 5.0 2.0,-11.289999999999964 -5.25 0.0 flow_7_0 0 5.0 2.0,103.63126090160846 -1.75 0.0 flow_1_0 0 5.0 2.0,-11.289999999999964 -1.75 0.0 flow_6_0 0 5.0 2.0,11.289999999999964 5.25 3.141592653589793 flow_5_0 0 5.0 2.0,11.289999999999964 1.75 3.141592653589793 flow_4_0 0 5.0 2.0,-1.75 186.325 -1.5707963267948966 flow_0_1 0 5.0 2.0,-169.65499999999998 -1.75 0.0 flow_6_1 0 5.0 2.0,1.75 -186.325 1.5707963267948966 flow_2_1 0 5.0 2.0,-1.75 -173.74500000000024 -1.5707963267948966 flow_0_0 0 5.0 2.0,;HHL_QHDD_N g g,HHL_QHDD_S g g,HHL_QHDD_E r r,HHL_QHDD_W r r,
-120.30126090160846 1.75 3.141592653589793 flow_3_0 0 5.0 2.0,1.75 190.41500000000026 1.5707963267948966 flow_2_0 0 5.0 2.0,152.98499999999997 1.75 3.141592653589793 flow_4_1 0 5.0 2.0,-11.289999999999964 -5.25 0.0 flow_7_0 0 5.0 2.0,120.30126090160846 -1.75 0.0 flow_1_0 0 5.0 2.0,-11.289999999999964 -1.75 0.0 flow_6_0 0 5.0 2.0,11.289999999999964 5.25 3.141592653589793 flow_5_0 0 5.0 2.0,11.289999999999964 1.75 3.141592653589793 flow_4_0 0 5.0 2.0,-1.75 169.65499999999998 -1.5707963267948966 flow_0_1 0 5.0 2.0,-152.98499999999997 -1.75 0.0 flow_6_1 0 5.0 2.0,1.75 -169.65499999999998 1.5707963267948966 flow_2_1 0 5.0 2.0,-1.75 -190.41500000000026 -1.5707963267948966 flow_0_0 0 5.0 2.0,;HHL_QHDD_N r r,HHL_QHDD_S r r,HHL_QHDD_E r r,HHL_QHDD_W r r,
-136.97126090160845 1.75 3.141592653589793 flow_3_0 0 5.0 2.0,1.75 207.08500000000027 1.5707963267948966 flow_2_0 0 5.0 2.0,136.31499999999995 1.75 3.141592653589793 flow_4_1 0 5.0 2.0,-11.289999999999964 -5.25 0.0 flow_7_0 0 5.0 2.0,136.97126090160845 -1.75 0.0 flow_1_0 0 5.0 2.0,-11.289999999999964 -1.75 0.0 flow_6_0 0 5.0 2.0,11.289999999999964 5.25 3.141592653589793 flow_5_0 0 5.0 2.0,11.289999999999964 1.75 3.141592653589793 flow_4_0 0 5.0 2.0,-1.75 152.98499999999997 -1.5707963267948966 flow_0_1 0 5.0 2.0,-136.31499999999995 -1.75 0.0 flow_6_1 0 5.0 2.0,1.75 -152.98499999999997 1.5707963267948966 flow_2_1 0 5.0 2.0,-1.75 -207.08500000000027 -1.5707963267948966 flow_0_0 0 5.0 2.0,;HHL_QHDD_N r r,HHL_QHDD_S r r,HHL_QHDD_E r r,HHL_QHDD_W r r,
-153.64126090160847 1.75 3.141592653589793 flow_3_0 0 5.0 2.0,1.75 223.75500000000029 1.5707963267948966 flow_2_0 0 5.0 2.0,119.64499999999993 1.75 3.141592653589793 flow_4_1 0 5.0 2.0,-11.289999999999964 -5.25 0.0 flow_7_0 0 5.0 2.0,153.64126090160847 -1.75 0.0 flow_1_0 0 5.0 2.0,-11.289999999999964 -1.75 0.0 flow_6_0 0 5.0 2.0,11.289999999999964 5.25 3.141592653589793 flow_5_0 0 5.0 2.0,11.289999999999964 1.75 3.141592653589793 flow_4_0 0 5.0 2.0,-1.75 136.31499999999995 -1.5707963267948966 flow_0_1 0 5.0 2.0,-119.64499999999993 -1.75 0.0 flow_6_1 0 5.0 2.0,1.75 -136.31499999999995 1.5707963267948966 flow_2_1 0 5.0 2.0,-1.75 -223.75500000000029 -1.5707963267948966 flow_0_0 0 5.0 2.0,;HHL_QHDD_N r r,HHL_QHDD_S r r,HHL_QHDD_E r r,HHL_QHDD_W r r,
-170.31126090160849 1.75 3.141592653589793 flow_3_0 0 5.0 2.0,1.75 240.4250000000003 1.5707963267948966 flow_2_0 0 5.0 2.0,102.97499999999991 1.75 3.141592653589793 flow_4_1 0 5.0 2.0,-10.289999999999964 -5.25 0.0 flow_7_0 0 5.0 2.0,170.31126090160849 -1.75 0.0 flow_1_0 0 5.0 2.0,-11.289999999999964 -1.75 0.0 flow_6_0 0 5.0 2.0,10.289999999999964 5.25 3.141592653589793 flow_5_0 0 5.0 2.0,11.289999999999964 1.75 3.141592653589793 flow_4_0 0 5.0 2.0,-1.75 119.64499999999993 -1.5707963267948966 flow_0_1 0 5.0 2.0,-102.97499999999991 -1.75 0.0 flow_6_1 0 5.0 2.0,1.75 -119.64499999999993 1.5707963267948966 flow_2_1 0 5.0 2.0,-1.75 -240.4250000000003 -1.5707963267948966 flow_0_0 0 5.0 2.0,;HHL_QHDD_N r r,HHL_QHDD_S r r,HHL_QHDD_E g g,HHL_QHDD_W g g,
-186.9812609016085 1.75 3.141592653589793 flow_3_0 0 5.0 2.0,1.75 257.0950000000003 1.5707963267948966 flow_2_0 0 5.0 2.0,86.30499999999987 1.75 3.141592653589793 flow_4_1 0 5.0 2.0,-2.2899999999999638 1.75 0.0 flow_7_0 0 5.0 2.0,186.9812609016085 -1.75 0.0 flow_1_0 0 5.0 2.0,-11.289999999999964 -1.75 0.0 flow_6_0 0 5.0 2.0,2.2899999999999638 -1.75 3.141592653589793 flow_5_0 0 5.0 2.0,11.289999999999964 1.75 3.141592653589793 flow_4_0 0 5.0 2.0,-1.75 102.97499999999991 -1.5707963267948966 flow_0_1 0 5.0 2.0,-86.30499999999987 -1.75 0.0 flow_6_1 0 5.0 2.0,1.75 -102.97499999999991 1.5707963267948966 flow_2_1 0 5.0 2.0,-1.75 -257.0950000000003 -1.5707963267948966 flow_0_0 0 5.0 2.0,;HHL_QHDD_N r r,HHL_QHDD_S r r,HHL_QHDD_E g g,HHL_QHDD_W g g,
-203.65126090160849 1.75 3.141592653589793 flow_3_0 0 5.0 2.0,1.75 273.7650000000003 1.5707963267948966 flow_2_0 0 5.0 2.0,69.63499999999988 1.75 3.141592653589793 flow_4_1 0 5.0 2.0,1.2848105204249146 4.136076680789127 1.0768549578753155 flow_7_0 0 5.0 2.0,203.65126090160849 -1.75 0.0 flow_1_0 0 5.0 2.0,-11.289999999999964 -1.75 0.0 flow_6_0 0 5.0 2.0,-1.2848105204249146 -4.136076680789127 -2.0647376957144778 flow_5_0 0 5.0 2.0,11.289999999999964 1.75 3.141592653589793 flow_4_0 0 5.0 2.0,-1.75 86.30499999999987 -1.5707963267948966 flow_0_1 0 5.0 2.0,-69.63499999999988 -1.75 0.0 flow_6_1 0 5.0 2.0,1.75 -86.30499999999987 1.5707963267948966 flow_2_1 0 5.0 2.0,-1.75 -273.7650000000003 -1.5707963267948966 flow_0_0 0 5.0 2.0,;HHL_QHDD_N r r,HHL_QHDD_S r r,HHL_QHDD_E g g,HHL_QHDD_W g g,
-220.32126090160853 1.75 3.141592653589793 flow_3_0 0 5.0 2.0,1.75 290.43500000000037 1.5707963267948966 flow_2_0 0 5.0 2.0,52.96499999999986 1.75 3.141592653589793 flow_4_1 0 5.0 2.0,1.75 16.018794234941688 1.5707963267948966 flow_7_0 0 5.0 2.0,220.32126090160853 -1.75 0.0 flow_1_0 0 5.0 2.0,-10.289999999999964 -1.75 0.0 flow_6_0 0 5.0 2.0,-1.75 -16.018794234941688 -1.5707963267948966 flow_5_0 0 5.0 2.0,10.289999999999964 1.75 3.141592653589793 flow_4_0 0 5.0 2.0,-1.75 69.63499999999988 -1.5707963267948966 flow_0_1 0 5.0 2.0,-52.96499999999986 -1.75 0.0 flow_6_1 0 5.0 2.0,1.75 -69.63499999999988 1.5707963267948966 flow_2_1 0 5.0 2.0,-1.75 -290.43500000000037 -1.5707963267948966 flow_0_0 0 5.0 2.0,;HHL_QHDD_N r r,HHL_QHDD_S r r,HHL_QHDD_E g g,HHL_QHDD_W g g,
-236.99126090160855 1.75 3.141592653589793 flow_3_0 0 5.0 2.0,37.83946937975713 1.75 3.141592653589793 flow_4_1 0 5.0 2.0,1.75 25.018794234941688 1.5707963267948966 flow_7_0 0 5.0 2.0,236.99126090160855 -1.75 0.0 flow_1_0 0 5.0 2.0,-2.2899999999999638 -1.75 0.0 flow_6_0 0 5.0 2.0,-1.75 -25.018794234941688 -1.5707963267948966 flow_5_0 0 5.0 2.0,2.2899999999999638 1.75 3.141592653589793 flow_4_0 0 5.0 2.0,-1.75 52.96499999999986 -1.5707963267948966 flow_0_1 0 5.0 2.0,-37.83946937975713 -1.75 0.0 flow_6_1 0 5.0 2.0,-299.0 -1.75 0.0 flow_6_2 0 5.0 2.0,1.75 -52.96499999999986 1.5707963267948966 flow_2_1 0 5.0 2.0,299.0 1.75 3.141592653589793 flow_4_2 0 5.0 2.0,;HHL_QHDD_N r r,HHL_QHDD_S r r,HHL_QHDD_E g g,HHL_QHDD_W g g,
-253.66126090160859 1.75 3.141592653589793 flow_3_0 0 5.0 2.0,25.704917410893928 1.75 3.141592653589793 flow_4_1 0 5.0 2.0,1.75 36.01879423494169 1.5707963267948966 flow_7_0 0 5.0 2.0,253.66126090160859 -1.75 0.0 flow_1_0 0 5.0 2.0,2.7100000000000366 -1.75 0.0 flow_6_0 0 5.0 2.0,-1.75 -36.01879423494169 -1.5707963267948966 flow_5_0 0 5.0 2.0,-2.7100000000000366 1.75 3.141592653589793 flow_4_0 0 5.0 2.0,-1.75 37.961999999999878 -1.5707963267948966 flow_0_1 0 5.0 2.0,-25.704917410893928 -1.75 0.0 flow_6_1 0 5.0 2.0,-296.0 -1.75 0.0 flow_6_2 0 5.0 2.0,1.75 -37.961999999999878 1.5707963267948966 flow_2_1 0 5.0 2.0,296.0 1.75 3.141592653589793 flow_4_2 0 5.0 2.0,;HHL_QHDD_N r r,HHL_QHDD_S r r,HHL_QHDD_E g g,HHL_QHDD_W g g,
-270.3312609016086 1.75 3.141592653589793 flow_3_0 0 5.0 2.0,15.650646184152095 1.75 3.141592653589793 flow_4_1 0 5.0 2.0,1.75 49.01879423494169 1.5707963267948966 flow_7_0 0 5.0 2.0,270.3312609016086 -1.75 0.0 flow_1_0 0 5.0 2.0,14.710000000000037 -1.75 0.0 flow_6_0 0 5.0 2.0,-1.75 299.0 -1.5707963267948966 flow_0_2 0 5.0 2.0,-1.75 -49.01879423494169 -1.5707963267948966 flow_5_0 0 5.0 2.0,-14.710000000000037 1.75 3.141592653589793 flow_4_0 0 5.0 2.0,-1.75 26.292999999999894 -1.5707963267948966 flow_0_1 0 5.0 2.0,-15.650646184152095 -1.75 0.0 flow_6_1 0 5.0 2.0,-291.0 -1.75 0.0 flow_6_2 0 5.0 2.0,1.75 -299.0 1.5707963267948966 flow_2_2 0 5.0 2.0,1.75 -26.292999999999894 1.5707963267948966 flow_2_1 0 5.0 2.0,291.0 1.75 3.141592653589793 flow_4_2 0 5.0 2.0,;HHL_QHDD_N r r,HHL_QHDD_S r r,HHL_QHDD_E g g,HHL_QHDD_W g g,
-287.0012609016086 1.75 3.141592653589793 flow_3_0 0 5.0 2.0,1.100234759992702 1.75 3.141592653589793 flow_4_1 0 5.0 2.0,1.75 64.01879423494168 1.5707963267948966 flow_7_0 0 5.0 2.0,287.0012609016086 -1.75 0.0 flow_1_0 0 5.0 2.0,23.710000000000038 -1.75 0.0 flow_6_0 0 5.0 2.0,-1.75 296.0 -1.5707963267948966 flow_0_2 0 5.0 2.0,-1.75 -64.01879423494168 -1.5707963267948966 flow_5_0 0 5.0 2.0,-23.710000000000038 1.75 3.141592653589793 flow_4_0 0 5.0 2.0,-1.75 17.957999999999914 -1.5707963267948966 flow_0_1 0 5.0 2.0,-1.100234759992702 -1.75 0.0 flow_6_1 0 5.0 2.0,-284.0 -1.75 0.0 flow_6_2 0 5.0 2.0,1.75 -296.0 1.5707963267948966 flow_2_2 0 5.0 2.0,1.75 -17.957999999999914 1.5707963267948966 flow_2_1 0 5.0 2.0,284.0 1.75 3.141592653589793 flow_4_2 0 5.0 2.0,;HHL_QHDD_N r r,HHL_QHDD_S r r,HHL_QHDD_E g g,HHL_QHDD_W g g,
-13.732445089534007 1.75 3.141592653589793 flow_4_1 0 5.0 2.0,1.75 80.35379423494169 1.5707963267948966 flow_7_0 0 5.0 2.0,34.710000000000039 -1.75 0.0 flow_6_0 0 5.0 2.0,-1.75 291.0 -1.5707963267948966 flow_0_2 0 5.0 2.0,-1.75 -80.35379423494169 -1.5707963267948966 flow_5_0 0 5.0 2.0,-34.710000000000039 1.75 3.141592653589793 flow_4_0 0 5.0 2.0,-1.75 12.956999999999937 -1.5707963267948966 flow_0_1 0 5.0 2.0,13.732445089534007 -1.75 0.0 flow_6_1 0 5.0 2.0,-275.0 -1.75 0.0 flow_6_2 0 5.0 2.0,1.75 -291.0 1.5707963267948966 flow_2_2 0 5.0 2.0,1.75 -12.956999999999937 1.5707963267948966 flow_2_1 0 5.0 2.0,275.0 1.75 3.141592653589793 flow_4_2 0 5.0 2.0,;HHL_QHDD_N r r,HHL_QHDD_S r r,HHL_QHDD_E g g,HHL_QHDD_W g g,
-24.471222544767025 1.75 3.141592653589793 flow_4_1 0 5.0 2.0,1.75 97.02379423494169 1.5707963267948966 flow_7_0 0 5.0 2.0,47.710000000000039 -1.75 0.0 flow_6_0 0 5.0 2.0,-1.75 284.0 -1.5707963267948966 flow_0_2 0 5.0 2.0,-1.75 -97.02379423494169 -1.5707963267948966 flow_5_0 0 5.0 2.0,-47.710000000000039 1.75 3.141592653589793 flow_4_0 0 5.0 2.0,-1.75 11.289999999999964 -1.5707963267948966 flow_0_1 0 5.0 2.0,24.471222544767025 -1.75 0.0 flow_6_1 0 5.0 2.0,-264.0 -1.75 0.0 flow_6_2 0 5.0 2.0,1.75 -284.0 1.5707963267948966 flow_2_2 0 5.0 2.0,1.75 -11.289999999999964 1.5707963267948966 flow_2_1 0 5.0 2.0,264.0 1.75 3.141592653589793 flow_4_2 0 5.0 2.0,;HHL_QHDD_N r r,HHL_QHDD_S r r,HHL_QHDD_E g g,HHL_QHDD_W g g,
-36.840611272383529 1.75 3.141592653589793 flow_4_1 0 5.0 2.0,1.75 113.69379423494169 1.5707963267948966 flow_7_0 0 5.0 2.0,62.710000000000039 -1.75 0.0 flow_6_0 0 5.0 2.0,-1.75 275.0 -1.5707963267948966 flow_0_2 0 5.0 2.0,-1.75 -113.69379423494169 -1.5707963267948966 flow_5_0 0 5.0 2.0,-62.710000000000039 1.75 3.141592653589793 flow_4_0 0 5.0 2.0,-1.75 11.289999999999964 -1.5707963267948966 flow_0_1 0 5.0 2.0,36.840611272383529 -1.75 0.0 flow_6_1 0 5.0 2.0,-251.0 -1.75 0.0 flow_6_2 0 5.0 2.0,1.75 -275.0 1.5707963267948966 flow_2_2 0 5.0 2.0,1.75 -11.289999999999964 1.5707963267948966 flow_2_1 0 5.0 2.0,251.0 1.75 3.141592653589793 flow_4_2 0 5.0 2.0,;HHL_QHDD_N r r,HHL_QHDD_S r r,HHL_QHDD_E g g,HHL_QHDD_W g g,
-51.02530563619179 1.75 3.141592653589793 flow_4_1 0 5.0 2.0,1.75 130.36379423494169 1.5707963267948966 flow_7_0 0 5.0 2.0,79.04500000000005 -1.75 0.0 flow_6_0 0 5.0 2.0,-1.75 264.0 -1.5707963267948966 flow_0_2 0 5.0 2.0,-1.75 -130.36379423494169 -1.5707963267948966 flow_5_0 0 5.0 2.0,-79.04500000000005 1.75 3.141592653589793 flow_4_0 0 5.0 2.0,-1.75 11.289999999999964 -1.5707963267948966 flow_0_1 0 5.0 2.0,51.02530563619179 -1.75 0.0 flow_6_1 0 5.0 2.0,-236.0 -1.75 0.0 flow_6_2 0 5.0 2.0,1.75 -264.0 1.5707963267948966 flow_2_2 0 5.0 2.0,1.75 -11.289999999999964 1.5707963267948966 flow_2_1 0 5.0 2.0,236.0 1.75 3.141592653589793 flow_4_2 0 5.0 2.0,;HHL_QHDD_N r r,HHL_QHDD_S r r,HHL_QHDD_E g g,HHL_QHDD_W g g,
-66.6189028180959 1.75 3.141592653589793 flow_4_1 0 5.0 2.0,1.75 147.0337942349417 1.5707963267948966 flow_7_0 0 5.0 2.0,95.71500000000005 -1.75 0.0 flow_6_0 0 5.0 2.0,-1.75 251.0 -1.5707963267948966 flow_0_2 0 5.0 2.0,-1.75 -147.0337942349417 -1.5707963267948966 flow_5_0 0 5.0 2.0,-95.71500000000005 1.75 3.141592653589793 flow_4_0 0 5.0 2.0,-1.75 11.289999999999964 -1.5707963267948966 flow_0_1 0 5.0 2.0,66.6189028180959 -1.75 0.0 flow_6_1 0 5.0 2.0,-219.665 -1.75 0.0 flow_6_2 0 5.0 2.0,1.75 -251.0 1.5707963267948966 flow_2_2 0 5.0 2.0,1.75 -11.289999999999964 1.5707963267948966 flow_2_1 0 5.0 2.0,219.665 1.75 3.141592653589793 flow_4_2 0 5.0 2.0,;HHL_QHDD_N r r,HHL_QHDD_S r r,HHL_QHDD_E g g,HHL_QHDD_W g g,
-82.83445140904797 1.75 3.141592653589793 flow_4_1 0 5.0 2.0,1.75 163.7037942349417 1.5707963267948966 flow_7_0 0 5.0 2.0,112.38500000000005 -1.75 0.0 flow_6_0 0 5.0 2.0,-1.75 236.0 -1.5707963267948966 flow_0_2 0 5.0 2.0,-1.75 -163.7037942349417 -1.5707963267948966 flow_5_0 0 5.0 2.0,-112.38500000000005 1.75 3.141592653589793 flow_4_0 0 5.0 2.0,-1.75 11.289999999999964 -1.5707963267948966 flow_0_1 0 5.0 2.0,82.83445140904797 -1.75 0.0 flow_6_1 0 5.0 2.0,-202.995 -1.75 0.0 flow_6_2 0 5.0 2.0,1.75 -236.0 1.5707963267948966 flow_2_2 0 5.0 2.0,1.75 -11.289999999999964 1.5707963267948966 flow_2_1 0 5.0 2.0,202.995 1.75 3.141592653589793 flow_4_2 0 5.0 2.0,;HHL_QHDD_N r r,HHL_QHDD_S r r,HHL_QHDD_E g g,HHL_QHDD_W g g,
-99.277225704524 1.75 3.141592653589793 flow_4_1 0 5.0 2.0,1.75 180.37379423494174 1.5707963267948966 flow_7_0 0 5.0 2.0,129.05500000000007 -1.75 0.0 flow_6_0 0 5.0 2.0,-1.75 219.665 -1.5707963267948966 flow_0_2 0 5.0 2.0,-1.75 -180.37379423494174 -1.5707963267948966 flow_5_0 0 5.0 2.0,-129.05500000000007 1.75 3.141592653589793 flow_4_0 0 5.0 2.0,-1.75 11.289999999999964 -1.5707963267948966 flow_0_1 0 5.0 2.0,99.277225704524 -1.75 0.0 flow_6_1 0 5.0 2.0,-186.325 -1.75 0.0 flow_6_2 0 5.0 2.0,1.75 -219.665 1.5707963267948966 flow_2_2 0 5.0 2.0,1.75 -11.289999999999964 1.5707963267948966 flow_2_1 0 5.0 2.0,186.325 1.75 3.141592653589793 flow_4_2 0 5.0 2.0,;HHL_QHDD_N r r,HHL_QHDD_S r r,HHL_QHDD_E g g,HHL_QHDD_W g g,
-115.83361285226202 1.75 3.141592653589793 flow_4_1 0 5.0 2.0,1.75 197.04379423494175 1.5707963267948966 flow_7_0 0 5.0 2.0,145.72500000000006 -1.75 0.0 flow_6_0 0 5.0 2.0,-1.75 202.995 -1.5707963267948966 flow_0_2 0 5.0 2.0,-1.75 -197.04379423494175 -1.5707963267948966 flow_5_0 0 5.0 2.0,-145.72500000000006 1.75 3.141592653589793 flow_4_0 0 5.0 2.0,-1.75 11.289999999999964 -1.5707963267948966 flow_0_1 0 5.0 2.0,115.83361285226202 -1.75 0.0 flow_6_1 0 5.0 2.0,-169.65499999999998 -1.75 0.0 flow_6_2 0 5.0 2.0,1.75 -202.995 1.5707963267948966 flow_2_2 0 5.0 2.0,1.75 -11.289999999999964 1.5707963267948966 flow_2_1 0 5.0 2.0,169.65499999999998 1.75 3.141592653589793 flow_4_2 0 5.0 2.0,;HHL_QHDD_N r r,HHL_QHDD_S r r,HHL_QHDD_E g g,HHL_QHDD_W g g,
-132.44680642613106 1.75 3.141592653589793 flow_4_1 0 5.0 2.0,1.75 213.71379423494177 1.5707963267948966 flow_7_0 0 5.0 2.0,162.395 -1.75 0.0 flow_6_0 0 5.0 2.0,-1.75 186.325 -1.5707963267948966 flow_0_2 0 5.0 2.0,-1.75 -213.71379423494177 -1.5707963267948966 flow_5_0 0 5.0 2.0,-162.395 1.75 3.141592653589793 flow_4_0 0 5.0 2.0,-1.75 11.289999999999964 -1.5707963267948966 flow_0_1 0 5.0 2.0,132.44680642613106 -1.75 0.0 flow_6_1 0 5.0 2.0,-152.98499999999997 -1.75 0.0 flow_6_2 0 5.0 2.0,1.75 -186.325 1.5707963267948966 flow_2_2 0 5.0 2.0,1.75 -11.289999999999964 1.5707963267948966 flow_2_1 0 5.0 2.0,152.98499999999997 1.75 3.141592653589793 flow_4_2 0 5.0 2.0,;HHL_QHDD_N r r,HHL_QHDD_S r r,HHL_QHDD_E g g,HHL_QHDD_W g g,
-149.08840321306554 1.75 3.141592653589793 flow_4_1 0 5.0 2.0,1.75 230.38379423494178 1.5707963267948966 flow_7_0 0 5.0 2.0,179.06500000000006 -1.75 0.0 flow_6_0 0 5.0 2.0,-1.75 169.65499999999998 -1.5707963267948966 flow_0_2 0 5.0 2.0,-1.75 -230.38379423494178 -1.5707963267948966 flow_5_0 0 5.0 2.0,-179.06500000000006 1.75 3.141592653589793 flow_4_0 0 5.0 2.0,-1.75 11.289999999999964 -1.5707963267948966 flow_0_1 0 5.0 2.0,149.08840321306554 -1.75 0.0 flow_6_1 0 5.0 2.0,-136.31499999999995 -1.75 0.0 flow_6_2 0 5.0 2.0,1.75 -169.65499999999998 1.5707963267948966 flow_2_2 0 5.0 2.0,1.75 -11.289999999999964 1.5707963267948966 flow_2_1 0 5.0 2.0,136.31499999999995 1.75 3.141592653589793 flow_4_2 0 5.0 2.0,;HHL_QHDD_N r r,HHL_QHDD_S r r,HHL_QHDD_E g g,HHL_QHDD_W g g,
-165.74420160653279 1.75 3.141592653589793 flow_4_1 0 5.0 2.0,1.75 247.0537942349418 1.5707963267948966 flow_7_0 0 5.0 2.0,195.73500000000008 -1.75 0.0 flow_6_0 0 5.0 2.0,-1.75 152.98499999999997 -1.5707963267948966 flow_0_2 0 5.0 2.0,-1.75 -247.0537942349418 -1.5707963267948966 flow_5_0 0 5.0 2.0,-195.73500000000008 1.75 3.141592653589793 flow_4_0 0 5.0 2.0,-1.75 11.289999999999964 -1.5707963267948966 flow_0_1 0 5.0 2.0,165.74420160653279 -1.75 0.0 flow_6_1 0 5.0 2.0,-119.64499999999993 -1.75 0.0 flow_6_2 0 5.0 2.0,1.75 -152.98499999999997 1.5707963267948966 flow_2_2 0 5.0 2.0,1.75 -11.289999999999964 1.5707963267948966 flow_2_1 0 5.0 2.0,119.64499999999993 1.75 3.141592653589793 flow_4_2 0 5.0 2.0,;HHL_QHDD_N r r,HHL_QHDD_S r r,HHL_QHDD_E g g,HHL_QHDD_W g g,
-299.0 -5.25 0.0 flow_7_1 0 5.0 2.0,-182.40710080326643 1.75 3.141592653589793 flow_4_1 0 5.0 2.0,1.75 263.7237942349418 1.5707963267948966 flow_7_0 0 5.0 2.0,212.4050000000001 -1.75 0.0 flow_6_0 0 5.0 2.0,-1.75 136.31499999999995 -1.5707963267948966 flow_0_2 0 5.0 2.0,-1.75 -263.7237942349418 -1.5707963267948966 flow_5_0 0 5.0 2.0,-212.4050000000001 1.75 3.141592653589793 flow_4_0 0 5.0 2.0,-1.75 11.289999999999964 -1.5707963267948966 flow_0_1 0 5.0 2.0,182.40710080326643 -1.75 0.0 flow_6_1 0 5.0 2.0,-102.97499999999991 -1.75 0.0 flow_6_2 0 5.0 2.0,1.75 -136.31499999999995 1.5707963267948966 flow_2_2 0 5.0 2.0,1.75 -11.289999999999964 1.5707963267948966 flow_2_1 0 5.0 2.0,102.97499999999991 1.75 3.141592653589793 flow_4_2 0 5.0 2.0,299.0 5.25 3.141592653589793 flow_5_1 0 5.0 2.0,;HHL_QHDD_N r r,HHL_QHDD_S r r,HHL_QHDD_E g g,HHL_QHDD_W g g,
-296.0 -5.25 0.0 flow_7_1 0 5.0 2.0,-199.07355040163325 1.75 3.141592653589793 flow_4_1 0 5.0 2.0,1.75 280.3937942349418 1.5707963267948966 flow_7_0 0 5.0 2.0,229.0750000000001 -1.75 0.0 flow_6_0 0 5.0 2.0,-1.75 119.64499999999993 -1.5707963267948966 flow_0_2 0 5.0 2.0,-1.75 -280.3937942349418 -1.5707963267948966 flow_5_0 0 5.0 2.0,-229.0750000000001 1.75 3.141592653589793 flow_4_0 0 5.0 2.0,-1.75 11.289999999999964 -1.5707963267948966 flow_0_1 0 5.0 2.0,199.07355040163325 -1.75 0.0 flow_6_1 0 5.0 2.0,-86.30499999999987 -1.75 0.0 flow_6_2 0 5.0 2.0,1.75 -119.64499999999993 1.5707963267948966 flow_2_2 0 5.0 2.0,1.75 -11.289999999999964 1.5707963267948966 flow_2_1 0 5.0 2.0,86.30499999999987 1.75 3.141592653589793 flow_4_2 0 5.0 2.0,296.0 5.25 3.141592653589793 flow_5_1 0 5.0 2.0,;HHL_QHDD_N r r,HHL_QHDD_S r r,HHL_QHDD_E g g,HHL_QHDD_W g g,
-5.25 299.0 -1.5707963267948966 flow_1_1 0 5.0 2.0,5.25 -299.0 1.5707963267948966 flow_3_1 0 5.0 2.0,-291.0 -5.25 0.0 flow_7_1 0 5.0 2.0,-215.74177520081668 1.75 3.141592653589793 flow_4_1 0 5.0 2.0,1.75 297.06379423494186 1.5707963267948966 flow_7_0 0 5.0 2.0,245.74500000000013 -1.75 0.0 flow_6_0 0 5.0 2.0,-1.75 102.97499999999991 -1.5707963267948966 flow_0_2 0 5.0 2.0,-1.75 -297.06379423494186 -1.5707963267948966 flow_5_0 0 5.0 2.0,-245.74500000000013 1.75 3.141592653589793 flow_4_0 0 5.0 2.0,-1.75 11.289999999999964 -1.5707963267948966 flow_0_1 0 5.0 2.0,215.74177520081668 -1.75 0.0 flow_6_1 0 5.0 2.0,-69.63499999999988 -1.75 0.0 flow_6_2 0 5.0 2.0,1.75 -102.97499999999991 1.5707963267948966 flow_2_2 0 5.0 2.0,1.75 -11.289999999999964 1.5707963267948966 flow_2_1 0 5.0 2.0,69.63499999999988 1.75 3.141592653589793 flow_4_2 0 5.0 2.0,291.0 5.25 3.141592653589793 flow_5_1 0 5.0 2.0,;HHL_QHDD_N r r,HHL_QHDD_S r r,HHL_QHDD_E g g,HHL_QHDD_W g g,
-5.25 296.0 -1.5707963267948966 flow_1_1 0 5.0 2.0,5.25 -296.0 1.5707963267948966 flow_3_1 0 5.0 2.0,-284.0 -5.25 0.0 flow_7_1 0 5.0 2.0,-232.4108876004084 1.75 3.141592653589793 flow_4_1 0 5.0 2.0,262.41500000000016 -1.75 0.0 flow_6_0 0 5.0 2.0,-1.75 86.30499999999987 -1.5707963267948966 flow_0_2 0 5.0 2.0,-262.41500000000016 1.75 3.141592653589793 flow_4_0 0 5.0 2.0,-1.75 11.289999999999964 -1.5707963267948966 flow_0_1 0 5.0 2.0,232.4108876004084 -1.75 0.0 flow_6_1 0 5.0 2.0,-52.96499999999986 -1.75 0.0 flow_6_2 0 5.0 2.0,1.75 -86.30499999999987 1.5707963267948966 flow_2_2 0 5.0 2.0,1.75 -11.289999999999964 1.5707963267948966 flow_2_1 0 5.0 2.0,52.96499999999986 1.75 3.141592653589793 flow_4_2 0 5.0 2.0,284.0 5.25 3.141592653589793 flow_5_1 0 5.0 2.0,;HHL_QHDD_N r r,HHL_QHDD_S r r,HHL_QHDD_E g g,HHL_QHDD_W g g,
-5.25 291.0 -1.5707963267948966 flow_1_1 0 5.0 2.0,5.25 -291.0 1.5707963267948966 flow_3_1 0 5.0 2.0,-275.0 -5.25 0.0 flow_7_1 0 5.0 2.0,-249.08044380020426 1.75 3.141592653589793 flow_4_1 0 5.0 2.0,279.08500000000017 -1.75 0.0 flow_6_0 0 5.0 2.0,-1.75 69.63499999999988 -1.5707963267948966 flow_0_2 0 5.0 2.0,-279.08500000000017 1.75 3.141592653589793 flow_4_0 0 5.0 2.0,-1.75 11.289999999999964 -1.5707963267948966 flow_0_1 0 5.0 2.0,249.08044380020426 -1.75 0.0 flow_6_1 0 5.0 2.0,-36.294999999999848 -1.75 0.0 flow_6_2 0 5.0 2.0,1.75 -69.63499999999988 1.5707963267948966 flow_2_2 0 5.0 2.0,1.75 -11.289999999999964 1.5707963267948966 flow_2_1 0 5.0 2.0,36.294999999999848 1.75 3.141592653589793 flow_4_2 0 5.0 2.0,275.0 5.25 3.141592653589793 flow_5_1 0 5.0 2.0,;HHL_QHDD_N r r,HHL_QHDD_S r r,HHL_QHDD_E g g,HHL_QHDD_W g g,
-5.25 284.0 -1.5707963267948966 flow_1_1 0 5.0 2.0,5.25 -284.0 1.5707963267948966 flow_3_1 0 5.0 2.0,299.0 1.75 3.141592653589793 flow_4_3 0 5.0 2.0,-264.0 -5.25 0.0 flow_7_1 0 5.0 2.0,-265.7502219001022 1.75 3.141592653589793 flow_4_1 0 5.0 2.0,295.75500000000019 -1.75 0.0 flow_6_0 0 5.0 2.0,-1.75 52.96499999999986 -1.5707963267948966 flow_0_2 0 5.0 2.0,-295.75500000000019 1.75 3.141592653589793 flow_4_0 0 5.0 2.0,-299.0 -1.75 0.0 flow_6_3 0 5.0 2.0,-1.75 11.289999999999964 -1.5707963267948966 flow_0_1 0 5.0 2.0,265.7502219001022 -1.75 0.0 flow_6_1 0 5.0 2.0,-19.62499999999983 -1.75 0.0 flow_6_2 0 5.0 2.0,1.75 -52.96499999999986 1.5707963267948966 flow_2_2 0 5.0 2.0,1.75 -11.289999999999964 1.5707963267948966 flow_2_1 0 5.0 2.0,19.62499999999983 1.75 3.141592653589793 flow_4_2 0 5.0 2.0,264.0 5.25 3.141592653589793 flow_5_1 0 5.0 2.0,;HHL_QHDD_N r r,HHL_QHDD_S r r,HHL_QHDD_E g g,HHL_QHDD_W g g,
-5.25 275.0 -1.5707963267948966 flow_1_1 0 5.0 2.0,5.25 -275.0 1.5707963267948966 flow_3_1 0 5.0 2.0,296.0 1.75 3.141592653589793 flow_4_3 0 5.0 2.0,-251.0 -5.25 0.0 flow_7_1 0 5.0 2.0,-282.4201109500512 1.75 3.141592653589793 flow_4_1 0 5.0 2.0,-1.75 38.04749554005957 -1.5707963267948966 flow_0_2 0 5.0 2.0,-296.0 -1.75 0.0 flow_6_3 0 5.0 2.0,-1.75 11.289999999999964 -1.5707963267948966 flow_0_1 0 5.0 2.0,282.4201109500512 -1.75 0.0 flow_6_1 0 5.0 2.0,2.0450000000001866 -1.75 0.0 flow_6_2 0 5.0 2.0,1.75 -38.04749554005957 1.5707963267948966 flow_2_2 0 5.0 2.0,1.75 -11.289999999999964 1.5707963267948966 flow_2_1 0 5.0 2.0,-2.0450000000001866 1.75 3.141592653589793 flow_4_2 0 5.0 2.0,251.0 5.25 3.141592653589793 flow_5_1 0 5.0 2.0,;HHL_QHDD_N r r,HHL_QHDD_S r r,HHL_QHDD_E g g,HHL_QHDD_W g g,
-5.25 264.0 -1.5707963267948966 flow_1_1 0 5.0 2.0,5.25 -264.0 1.5707963267948966 flow_3_1 0 5.0 2.0,291.0 1.75 3.141592653589793 flow_4_3 0 5.0 2.0,-236.0 -5.25 0.0 flow_7_1 0 5.0 2.0,-299.09007396670088 1.75 3.141592653589793 flow_4_1 0 5.0 2.0,-1.75 299.0 -1.5707963267948966 flow_0_3 0 5.0 2.0,1.75 -299.0 1.5707963267948966 flow_2_3 0 5.0 2.0,-1.75 27.132486620178953 -1.5707963267948966 flow_0_2 0 5.0 2.0,-291.0 -1.75 0.0 flow_6_3 0 5.0 2.0,-1.75 11.289999999999964 -1.5707963267948966 flow_0_1 0 5.0 2.0,299.09007396670088 -1.75 0.0 flow_6_1 0 5.0 2.0,23.715000000000189 -1.75 0.0 flow_6_2 0 5.0 2.0,1.75 -27.132486620178953 1.5707963267948966 flow_2_2 0 5.0 2.0,1.75 -11.289999999999964 1.5707963267948966 flow_2_1 0 5.0 2.0,-23.715000000000189 1.75 3.141592653589793 flow_4_2 0 5.0 2.0,236.0 5.25 3.141592653589793 flow_5_1 0 5.0 2.0,;HHL_QHDD_N r r,HHL_QHDD_S r r,HHL_QHDD_E g g,HHL_QHDD_W g g,
-5.25 251.0 -1.5707963267948966 flow_1_1 0 5.0 2.0,5.25 -251.0 1.5707963267948966 flow_3_1 0 5.0 2.0,284.0 1.75 3.141592653589793 flow_4_3 0 5.0 2.0,-219.665 -5.25 0.0 flow_7_1 0 5.0 2.0,-1.75 296.0 -1.5707963267948966 flow_0_3 0 5.0 2.0,1.75 -296.0 1.5707963267948966 flow_2_3 0 5.0 2.0,-1.75 20.717477700298333 -1.5707963267948966 flow_0_2 0 5.0 2.0,-284.0 -1.75 0.0 flow_6_3 0 5.0 2.0,-1.75 11.289999999999964 -1.5707963267948966 flow_0_1 0 5.0 2.0,40.38500000000019 -1.75 0.0 flow_6_2 0 5.0 2.0,1.75 -20.717477700298333 1.5707963267948966 flow_2_2 0 5.0 2.0,1.75 -11.289999999999964 1.5707963267948966 flow_2_1 0 5.0 2.0,-40.38500000000019 1.75 3.141592653589793 flow_4_2 0 5.0 2.0,219.665 5.25 3.141592653589793 flow_5_1 0 5.0 2.0,;HHL_QHDD_N r r,HHL_QHDD_S r r,HHL_QHDD_E g g,HHL_QHDD_W g g,
-5.25 236.0 -1.5707963267948966 flow_1_1 0 5.0 2.0,5.25 -236.0 1.5707963267948966 flow_3_1 0 5.0 2.0,275.0 1.75 3.141592653589793 flow_4_3 0 5.0 2.0,-202.995 -5.25 0.0 flow_7_1 0 5.0 2.0,-1.75 291.0 -1.5707963267948966 flow_0_3 0 5.0 2.0,1.75 -291.0 1.5707963267948966 flow_2_3 0 5.0 2.0,-1.75 18.789999999999965 -1.5707963267948966 flow_0_2 0 5.0 2.0,-275.0 -1.75 0.0 flow_6_3 0 5.0 2.0,-1.75 11.289999999999964 -1.5707963267948966 flow_0_1 0 5.0 2.0,57.05500000000019 -1.75 0.0 flow_6_2 0 5.0 2.0,1.75 -18.789999999999965 1.5707963267948966 flow_2_2 0 5.0 2.0,1.75 -11.289999999999964 1.5707963267948966 flow_2_1 0 5.0 2.0,-57.05500000000019 1.75 3.141592653589793 flow_4_2 0 5.0 2.0,202.995 5.25 3.141592653589793 flow_5_1 0 5.0 2.0,;HHL_QHDD_N r r,HHL_QHDD_S r r,HHL_QHDD_E g g,HHL_QHDD_W g g,
-5.25 219.665 -1.5707963267948966 flow_1_1 0 5.0 2.0,5.25 -219.665 1.5707963267948966 flow_3_1 0 5.0 2.0,264.0 1.75 3.141592653589793 flow_4_3 0 5.0 2.0,-186.325 -5.25 0.0 flow_7_1 0 5.0 2.0,-1.75 284.0 -1.5707963267948966 flow_0_3 0 5.0 2.0,1.75 -284.0 1.5707963267948966 flow_2_3 0 5.0 2.0,-1.75 18.789999999999965 -1.5707963267948966 flow_0_2 0 5.0 2.0,-264.0 -1.75 0.0 flow_6_3 0 5.0 2.0,-1.75 11.289999999999964 -1.5707963267948966 flow_0_1 0 5.0 2.0,73.7250000000002 -1.75 0.0 flow_6_2 0 5.0 2.0,1.75 -18.789999999999965 1.5707963267948966 flow_2_2 0 5.0 2.0,1.75 -11.289999999999964 1.5707963267948966 flow_2_1 0 5.0 2.0,-73.7250000000002 1.75 3.141592653589793 flow_4_2 0 5.0 2.0,186.325 5.25 3.141592653589793 flow_5_1 0 5.0 2.0,;HHL_QHDD_N r r,HHL_QHDD_S r r,HHL_QHDD_E g g,HHL_QHDD_W g g,
-5.25 202.995 -1.5707963267948966 flow_1_1 0 5.0 2.0,5.25 -202.995 1.5707963267948966 flow_3_1 0 5.0 2.0,251.0 1.75 3.141592653589793 flow_4_3 0 5.0 2.0,-169.65499999999998 -5.25 0.0 flow_7_1 0 5.0 2.0,-1.75 275.0 -1.5707963267948966 flow_0_3 0 5.0 2.0,1.75 -275.0 1.5707963267948966 flow_2_3 0 5.0 2.0,-1.75 18.789999999999965 -1.5707963267948966 flow_0_2 0 5.0 2.0,-251.0 -1.75 0.0 flow_6_3 0 5.0 2.0,-1.75 11.289999999999964 -1.5707963267948966 flow_0_1 0 5.0 2.0,90.3950000000002 -1.75 0.0 flow_6_2 0 5.0 2.0,1.75 -18.789999999999965 1.5707963267948966 flow_2_2 0 5.0 2.0,1.75 -11.289999999999964 1.5707963267948966 flow_2_1 0 5.0 2.0,-90.3950000000002 1.75 3.141592653589793 flow_4_2 0 5.0 2.0,169.65499999999998 5.25 3.141592653589793 flow_5_1 0 5.0 2.0,;HHL_QHDD_N r r,HHL_QHDD_S r r,HHL_QHDD_E g g,HHL_QHDD_W g g,
-5.25 186.325 -1.5707963267948966 flow_1_1 0 5.0 2.0,5.25 -186.325 1.5707963267948966 flow_3_1 0 5.0 2.0,236.0 1.75 3.141592653589793 flow_4_3 0 5.0 2.0,-152.98499999999997 -5.25 0.0 flow_7_1 0 5.0 2.0,-1.75 264.0 -1.5707963267948966 flow_0_3 0 5.0 2.0,1.75 -264.0 1.5707963267948966 flow_2_3 0 5.0 2.0,-1.75 18.789999999999965 -1.5707963267948966 flow_0_2 0 5.0 2.0,-236.0 -1.75 0.0 flow_6_3 0 5.0 2.0,-1.75 11.289999999999964 -1.5707963267948966 flow_0_1 0 5.0 2.0,107.0650000000002 -1.75 0.0 flow_6_2 0 5.0 2.0,1.75 -18.789999999999965 1.5707963267948966 flow_2_2 0 5.0 2.0,1.75 -11.289999999999964 1.5707963267948966 flow_2_1 0 5.0 2.0,-107.0650000000002 1.75 3.141592653589793 flow_4_2 0 5.0 2.0,152.98499999999997 5.25 3.141592653589793 flow_5_1 0 5.0 2.0,;HHL_QHDD_N r r,HHL_QHDD_S r r,HHL_QHDD_E g g,HHL_QHDD_W g g,
-5.25 169.65499999999998 -1.5707963267948966 flow_1_1 0 5.0 2.0,5.25 -169.65499999999998 1.5707963267948966 flow_3_1 0 5.0 2.0,219.665 1.75 3.141592653589793 flow_4_3 0 5.0 2.0,-136.31499999999995 -5.25 0.0 flow_7_1 0 5.0 2.0,-1.75 251.0 -1.5707963267948966 flow_0_3 0 5.0 2.0,1.75 -251.0 1.5707963267948966 flow_2_3 0 5.0 2.0,-1.75 18.789999999999965 -1.5707963267948966 flow_0_2 0 5.0 2.0,-219.665 -1.75 0.0 flow_6_3 0 5.0 2.0,-1.75 11.289999999999964 -1.5707963267948966 flow_0_1 0 5.0 2.0,123.7350000000002 -1.75 0.0 flow_6_2 0 5.0 2.0,1.75 -18.789999999999965 1.5707963267948966 flow_2_2 0 5.0 2.0,1.75 -11.289999999999964 1.5707963267948966 flow_2_1 0 5.0 2.0,-123.7350000000002 1.75 3.141592653589793 flow_4_2 0 5.0 2.0,136.31499999999995 5.25 3.141592653589793 flow_5_1 0 5.0 2.0,;HHL_QHDD_N r r,HHL_QHDD_S r r,HHL_QHDD_E g g,HHL_QHDD_W g g,
-5.25 152.98499999999997 -1.5707963267948966 flow_1_1 0 5.0 2.0,5.25 -152.98499999999997 1.5707963267948966 flow_3_1 0 5.0 2.0,202.995 1.75 3.141592653589793 flow_4_3 0 5.0 2.0,-119.64499999999993 -5.25 0.0 flow_7_1 0 5.0 2.0,-1.75 236.0 -1.5707963267948966 flow_0_3 0 5.0 2.0,1.75 -236.0 1.5707963267948966 flow_2_3 0 5.0 2.0,-1.75 18.789999999999965 -1.5707963267948966 flow_0_2 0 5.0 2.0,-202.995 -1.75 0.0 flow_6_3 0 5.0 2.0,-1.75 11.289999999999964 -1.5707963267948966 flow_0_1 0 5.0 2.0,140.4050000000002 -1.75 0.0 flow_6_2 0 5.0 2.0,1.75 -18.789999999999965 1.5707963267948966 flow_2_2 0 5.0 2.0,1.75 -11.289999999999964 1.5707963267948966 flow_2_1 0 5.0 2.0,-140.4050000000002 1.75 3.141592653589793 flow_4_2 0 5.0 2.0,119.64499999999993 5.25 3.141592653589793 flow_5_1 0 5.0 2.0,;HHL_QHDD_N r r,HHL_QHDD_S r r,HHL_QHDD_E g g,HHL_QHDD_W g g,
-5.25 136.31499999999995 -1.5707963267948966 flow_1_1 0 5.0 2.0,5.25 -136.31499999999995 1.5707963267948966 flow_3_1 0 5.0 2.0,186.325 1.75 3.141592653589793 flow_4_3 0 5.0 2.0,-102.97499999999991 -5.25 0.0 flow_7_1 0 5.0 2.0,-1.75 219.665 -1.5707963267948966 flow_0_3 0 5.0 2.0,1.75 -219.665 1.5707963267948966 flow_2_3 0 5.0 2.0,-1.75 18.789999999999965 -1.5707963267948966 flow_0_2 0 5.0 2.0,-186.325 -1.75 0.0 flow_6_3 0 5.0 2.0,-1.75 11.289999999999964 -1.5707963267948966 flow_0_1 0 5.0 2.0,157.07500000000023 -1.75 0.0 flow_6_2 0 5.0 2.0,1.75 -18.789999999999965 1.5707963267948966 flow_2_2 0 5.0 2.0,1.75 -11.289999999999964 1.5707963267948966 flow_2_1 0 5.0 2.0,-157.07500000000023 1.75 3.141592653589793 flow_4_2 0 5.0 2.0,102.97499999999991 5.25 3.141592653589793 flow_5_1 0 5.0 2.0,;HHL_QHDD_N r r,HHL_QHDD_S r r,HHL_QHDD_E g g,HHL_QHDD_W g g,
-5.25 119.64499999999993 -1.5707963267948966 flow_1_1 0 5.0 2.0,5.25 -119.64499999999993 1.5707963267948966 flow_3_1 0 5.0 2.0,169.65499999999998 1.75 3.141592653589793 flow_4_3 0 5.0 2.0,-86.30499999999987 -5.25 0.0 flow_7_1 0 5.0 2.0,-1.75 202.995 -1.5707963267948966 flow_0_3 0 5.0 2.0,1.75 -202.995 1.5707963267948966 flow_2_3 0 5.0 2.0,-1.75 18.789999999999965 -1.5707963267948966 flow_0_2 0 5.0 2.0,-169.65499999999998 -1.75 0.0 flow_6_3 0 5.0 2.0,-1.75 11.289999999999964 -1.5707963267948966 flow_0_1 0 5.0 2.0,173.74500000000024 -1.75 0.0 flow_6_2 0 5.0 2.0,1.75 -18.789999999999965 1.5707963267948966 flow_2_2 0 5.0 2.0,1.75 -11.289999999999964 1.5707963267948966 flow_2_1 0 5.0 2.0,-173.74500000000024 1.75 3.141592653589793 flow_4_2 0 5.0 2.0,86.30499999999987 5.25 3.141592653589793 flow_5_1 0 5.0 2.0,;HHL_QHDD_N r r,HHL_QHDD_S r r,HHL_QHDD_E g g,HHL_QHDD_W g g,
-5.25 102.97499999999991 -1.5707963267948966 flow_1_1 0 5.0 2.0,5.25 -102.97499999999991 1.5707963267948966 flow_3_1 0 5.0 2.0,152.98499999999997 1.75 3.141592653589793 flow_4_3 0 5.0 2.0,-69.63499999999988 -5.25 0.0 flow_7_1 0 5.0 2.0,-1.75 186.325 -1.5707963267948966 flow_0_3 0 5.0 2.0,1.75 -186.325 1.5707963267948966 flow_2_3 0 5.0 2.0,-1.75 18.789999999999965 -1.5707963267948966 flow_0_2 0 5.0 2.0,-152.98499999999997 -1.75 0.0 flow_6_3 0 5.0 2.0,-1.75 11.289999999999964 -1.5707963267948966 flow_0_1 0 5.0 2.0,190.41500000000026 -1.75 0.0 flow_6_2 0 5.0 2.0,1.75 -18.789999999999965 1.5707963267948966 flow_2_2 0 5.0 2.0,1.75 -11.289999999999964 1.5707963267948966 flow_2_1 0 5.0 2.0,-190.41500000000026 1.75 3.141592653589793 flow_4_2 0 5.0 2.0,69.63499999999988 5.25 3.141592653589793 flow_5_1 0 5.0 2.0,;HHL_QHDD_N r r,HHL_QHDD_S r r,HHL_QHDD_E g g,HHL_QHDD_W g g,
-5.25 86.30499999999987 -1.5707963267948966 flow_1_1 0 5.0 2.0,5.25 -86.30499999999987 1.5707963267948966 flow_3_1 0 5.0 2.0,136.31499999999995 1.75 3.141592653589793 flow_4_3 0 5.0 2.0,-55.21499999999986 -5.25 0.0 flow_7_1 0 5.0 2.0,-1.75 169.65499999999998 -1.5707963267948966 flow_0_3 0 5.0 2.0,1.75 -169.65499999999998 1.5707963267948966 flow_2_3 0 5.0 2.0,-1.75 18.789999999999965 -1.5707963267948966 flow_0_2 0 5.0 2.0,-136.31499999999995 -1.75 0.0 flow_6_3 0 5.0 2.0,-1.75 11.289999999999964 -1.5707963267948966 flow_0_1 0 5.0 2.0,207.08500000000027 -1.75 0.0 flow_6_2 0 5.0 2.0,1.75 -18.789999999999965 1.5707963267948966 flow_2_2 0 5.0 2.0,1.75 -11.289999999999964 1.5707963267948966 flow_2_1 0 5.0 2.0,-207.08500000000027 1.75 3.141592653589793 flow_4_2 0 5.0 2.0,55.21499999999986 5.25 3.141592653589793 flow_5_1 0 5.0 2.0,;HHL_QHDD_N r r,HHL_QHDD_S r r,HHL_QHDD_E g g,HHL_QHDD_W g g,
-5.25 69.63499999999988 -1.5707963267948966 flow_1_1 0 5.0 2.0,5.25 -69.63499999999988 1.5707963267948966 flow_3_1 0 5.0 2.0,119.64499999999993 1.75 3.141592653589793 flow_4_3 0 5.0 2.0,-44.96334999999988 -5.25 0.0 flow_7_1 0 5.0 2.0,-1.75 152.98499999999997 -1.5707963267948966 flow_0_3 0 5.0 2.0,1.75 -152.98499999999997 1.5707963267948966 flow_2_3 0 5.0 2.0,-1.75 18.789999999999965 -1.5707963267948966 flow_0_2 0 5.0 2.0,-119.64499999999993 -1.75 0.0 flow_6_3 0 5.0 2.0,-1.75 11.289999999999964 -1.5707963267948966 flow_0_1 0 5.0 2.0,223.75500000000029 -1.75 0.0 flow_6_2 0 5.0 2.0,1.75 -18.789999999999965 1.5707963267948966 flow_2_2 0 5.0 2.0,1.75 -11.289999999999964 1.5707963267948966 flow_2_1 0 5.0 2.0,-223.75500000000029 1.75 3.141592653589793 flow_4_2 0 5.0 2.0,44.96334999999988 5.25 3.141592653589793 flow_5_1 0 5.0 2.0,;HHL_QHDD_N r r,HHL_QHDD_S r r,HHL_QHDD_E g g,HHL_QHDD_W g g,
-5.25 52.96499999999986 -1.5707963267948966 flow_1_1 0 5.0 2.0,5.25 -52.96499999999986 1.5707963267948966 flow_3_1 0 5.0 2.0,102.97499999999991 1.75 3.141592653589793 flow_4_3 0 5.0 2.0,-36.63004999999987 -5.25 0.0 flow_7_1 0 5.0 2.0,-1.75 136.31499999999995 -1.5707963267948966 flow_0_3 0 5.0 2.0,1.75 -136.31499999999995 1.5707963267948966 flow_2_3 0 5.0 2.0,-1.75 18.789999999999965 -1.5707963267948966 flow_0_2 0 5.0 2.0,-102.97499999999991 -1.75 0.0 flow_6_3 0 5.0 2.0,-1.75 11.289999999999964 -1.5707963267948966 flow_0_1 0 5.0 2.0,240.4250000000003 -1.75 0.0 flow_6_2 0 5.0 2.0,1.75 -18.789999999999965 1.5707963267948966 flow_2_2 0 5.0 2.0,1.75 -11.289999999999964 1.5707963267948966 flow_2_1 0 5.0 2.0,-240.4250000000003 1.75 3.141592653589793 flow_4_2 0 5.0 2.0,36.63004999999987 5.25 3.141592653589793 flow_5_1 0 5.0 2.0,;HHL_QHDD_N r r,HHL_QHDD_S r r,HHL_QHDD_E g g,HHL_QHDD_W g g,
-5.25 37.961999999999878 -1.5707963267948966 flow_1_1 0 5.0 2.0,5.25 -37.961999999999878 1.5707963267948966 flow_3_1 0 5.0 2.0,86.30499999999987 1.75 3.141592653589793 flow_4_3 0 5.0 2.0,-28.29674999999986 -5.25 0.0 flow_7_1 0 5.0 2.0,-1.75 119.64499999999993 -1.5707963267948966 flow_0_3 0 5.0 2.0,1.75 -119.64499999999993 1.5707963267948966 flow_2_3 0 5.0 2.0,-1.75 18.789999999999965 -1.5707963267948966 flow_0_2 0 5.0 2.0,-86.30499999999987 -1.75 0.0 flow_6_3 0 5.0 2.0,-1.75 11.289999999999964 -1.5707963267948966 flow_0_1 0 5.0 2.0,257.0950000000003 -1.75 0.0 flow_6_2 0 5.0 2.0,1.75 -18.789999999999965 1.5707963267948966 flow_2_2 0 5.0 2.0,1.75 -11.289999999999964 1.5707963267948966 flow_2_1 0 5.0 2.0,-257.0950000000003 1.75 3.141592653589793 flow_4_2 0 5.0 2.0,28.29674999999986 5.25 3.141592653589793 flow_5_1 0 5.0 2.0,;HHL_QHDD_N r r,HHL_QHDD_S r r,HHL_QHDD_E g g,HHL_QHDD_W g g,
-5.25 26.292999999999894 -1.5707963267948966 flow_1_1 0 5.0 2.0,5.25 -26.292999999999894 1.5707963267948966 flow_3_1 0 5.0 2.0,69.63499999999988 1.75 3.141592653589793 flow_4_3 0 5.0 2.0,-19.963449999999854 -5.25 0.0 flow_7_1 0 5.0 2.0,-1.75 102.97499999999991 -1.5707963267948966 flow_0_3 0 5.0 2.0,1.75 -102.97499999999991 1.5707963267948966 flow_2_3 0 5.0 2.0,-1.75 18.789999999999965 -1.5707963267948966 flow_0_2 0 5.0 2.0,-69.63499999999988 -1.75 0.0 flow_6_3 0 5.0 2.0,-1.75 11.289999999999964 -1.5707963267948966 flow_0_1 0 5.0 2.0,273.7650000000003 -1.75 0.0 flow_6_2 0 5.0 2.0,1.75 -18.789999999999965 1.5707963267948966 flow_2_2 0 5.0 2.0,1.75 -11.289999999999964 1.5707963267948966 flow_2_1 0 5.0 2.0,-273.7650000000003 1.75 3.141592653589793 flow_4_2 0 5.0 2.0,19.963449999999854 5.25 3.141592653589793 flow_5_1 0 5.0 2.0,;HHL_QHDD_N r r,HHL_QHDD_S r r,HHL_QHDD_E g g,HHL_QHDD_W g g,
-5.25 17.957999999999914 -1.5707963267948966 flow_1_1 0 5.0 2.0,5.25 -17.957999999999914 1.5707963267948966 flow_3_1 0 5.0 2.0,52.96499999999986 1.75 3.141592653589793 flow_4_3 0 5.0 2.0,-11.630149999999844 -5.25 0.0 flow_7_1 0 5.0 2.0,-1.75 86.30499999999987 -1.5707963267948966 flow_0_3 0 5.0 2.0,1.75 -86.30499999999987 1.5707963267948966 flow_2_3 0 5.0 2.0,-1.75 18.789999999999965 -1.5707963267948966 flow_0_2 0 5.0 2.0,-52.96499999999986 -1.75 0.0 flow_6_3 0 5.0 2.0,-1.75 11.289999999999964 -1.5707963267948966 flow_0_1 0 5.0 2.0,290.43500000000037 -1.75 0.0 flow_6_2 0 5.0 2.0,1.75 -18.789999999999965 1.5707963267948966 flow_2_2 0 5.0 2.0,1.75 -11.289999999999964 1.5707963267948966 flow_2_1 0 5.0 2.0,-290.43500000000037 1.75 3.141592653589793 flow_4_2 0 5.0 2.0,11.630149999999844 5.25 3.141592653589793 flow_5_1 0 5.0 2.0,;HHL_QHDD_N r r,HHL_QHDD_S r r,HHL_QHDD_E g g,HHL_QHDD_W g g,
-5.25 12.956999999999937 -1.5707963267948966 flow_1_1 0 5.0 2.0,5.25 -12.956999999999937 1.5707963267948966 flow_3_1 0 5.0 2.0,37.961999999999878 1.75 3.141592653589793 flow_4_3 0 5.0 2.0,0.8074631136021678 3.2495743538325976 1.0768549578753155 flow_7_1 0 5.0 2.0,-1.75 69.63499999999988 -1.5707963267948966 flow_0_3 0 5.0 2.0,1.75 -69.63499999999988 1.5707963267948966 flow_2_3 0 5.0 2.0,-299.0 -1.75 0.0 flow_6_4 0 5.0 2.0,-1.75 18.789999999999965 -1.5707963267948966 flow_0_2 0 5.0 2.0,-37.961999999999878 -1.75 0.0 flow_6_3 0 5.0 2.0,-1.75 11.289999999999964 -1.5707963267948966 flow_0_1 0 5.0 2.0,1.75 -18.789999999999965 1.5707963267948966 flow_2_2 0 5.0 2.0,1.75 -11.289999999999964 1.5707963267948966 flow_2_1 0 5.0 2.0,299.0 1.75 3.141592653589793 flow_4_4 0 5.0 2.0,-0.8074631136021678 -3.2495743538325976 -2.0647376957144778 flow_5_1 0 5.0 2.0,;HHL_QHDD_N r r,HHL_QHDD_S r r,HHL_QHDD_E g g,HHL_QHDD_W g g,
-5.25 11.289999999999964 -1.5707963267948966 flow_1_1 0 5.0 2.0,5.25 -11.289999999999964 1.5707963267948966 flow_3_1 0 5.0 2.0,23.625999999999864 1.75 3.141592653589793 flow_4_3 0 5.0 2.0,1.75 17.345244234941818 1.5707963267948966 flow_7_1 0 5.0 2.0,-1.75 53.478597091567909 -1.5707963267948966 flow_0_3 0 5.0 2.0,1.75 -53.478597091567909 1.5707963267948966 flow_2_3 0 5.0 2.0,-296.0 -1.75 0.0 flow_6_4 0 5.0 2.0,-1.75 18.789999999999965 -1.5707963267948966 flow_0_2 0 5.0 2.0,-23.625999999999864 -1.75 0.0 flow_6_3 0 5.0 2.0,-1.75 11.289999999999964 -1.5707963267948966 flow_0_1 0 5.0 2.0,1.75 -18.789999999999965 1.5707963267948966 flow_2_2 0 5.0 2.0,1.75 -11.289999999999964 1.5707963267948966 flow_2_1 0 5.0 2.0,296.0 1.75 3.141592653589793 flow_4_4 0 5.0 2.0,-1.75 -17.345244234941818 -1.5707963267948966 flow_5_1 0 5.0 2.0,;HHL_QHDD_N r r,HHL_QHDD_S r r,HHL_QHDD_E g g,HHL_QHDD_W g g,
-5.25 11.289999999999964 -1.5707963267948966 flow_1_1 0 5.0 2.0,5.25 -11.289999999999964 1.5707963267948966 flow_3_1 0 5.0 2.0,2.6229999999998769 1.75 3.141592653589793 flow_4_3 0 5.0 2.0,1.75 28.678544234941819 1.5707963267948966 flow_7_1 0 5.0 2.0,-1.75 40.08579127470398 -1.5707963267948966 flow_0_3 0 5.0 2.0,1.75 -40.08579127470398 1.5707963267948966 flow_2_3 0 5.0 2.0,-291.0 -1.75 0.0 flow_6_4 0 5.0 2.0,-1.75 18.789999999999965 -1.5707963267948966 flow_0_2 0 5.0 2.0,-2.6229999999998769 -1.75 0.0 flow_6_3 0 5.0 2.0,-1.75 11.289999999999964 -1.5707963267948966 flow_0_1 0 5.0 2.0,1.75 -18.789999999999965 1.5707963267948966 flow_2_2 0 5.0 2.0,1.75 -11.289999999999964 1.5707963267948966 flow_2_1 0 5.0 2.0,291.0 1.75 3.141592653589793 flow_4_4 0 5.0 2.0,-1.75 -28.678544234941819 -1.5707963267948966 flow_5_1 0 5.0 2.0,;HHL_QHDD_N r r,HHL_QHDD_S r r,HHL_QHDD_E g g,HHL_QHDD_W g g,
-5.25 11.289999999999964 -1.5707963267948966 flow_1_1 0 5.0 2.0,5.25 -11.289999999999964 1.5707963267948966 flow_3_1 0 5.0 2.0,-19.047000000000126 1.75 3.141592653589793 flow_4_3 0 5.0 2.0,1.75 42.01184423494182 1.5707963267948966 flow_7_1 0 5.0 2.0,-1.75 31.192985457840054 -1.5707963267948966 flow_0_3 0 5.0 2.0,1.75 -31.192985457840054 1.5707963267948966 flow_2_3 0 5.0 2.0,-284.0 -1.75 0.0 flow_6_4 0 5.0 2.0,1.75 -299.0 1.5707963267948966 flow_2_4 0 5.0 2.0,-1.75 18.789999999999965 -1.5707963267948966 flow_0_2 0 5.0 2.0,19.047000000000126 -1.75 0.0 flow_6_3 0 5.0 2.0,-1.75 11.289999999999964 -1.5707963267948966 flow_0_1 0 5.0 2.0,1.75 -18.789999999999965 1.5707963267948966 flow_2_2 0 5.0 2.0,1.75 -11.289999999999964 1.5707963267948966 flow_2_1 0 5.0 2.0,284.0 1.75 3.141592653589793 flow_4_4 0 5.0 2.0,-1.75 299.0 -1.5707963267948966 flow_0_4 0 5.0 2.0,-1.75 -42.01184423494182 -1.5707963267948966 flow_5_1 0 5.0 2.0,;HHL_QHDD_N r r,HHL_QHDD_S r r,HHL_QHDD_E g g,HHL_QHDD_W g g,
-5.25 11.289999999999964 -1.5707963267948966 flow_1_1 0 5.0 2.0,5.25 -11.289999999999964 1.5707963267948966 flow_3_1 0 5.0 2.0,-35.71700000000013 1.75 3.141592653589793 flow_4_3 0 5.0 2.0,1.75 57.34514423494182 1.5707963267948966 flow_7_1 0 5.0 2.0,-1.75 26.800179640976127 -1.5707963267948966 flow_0_3 0 5.0 2.0,1.75 -26.800179640976127 1.5707963267948966 flow_2_3 0 5.0 2.0,-275.0 -1.75 0.0 flow_6_4 0 5.0 2.0,1.75 -296.0 1.5707963267948966 flow_2_4 0 5.0 2.0,-1.75 18.789999999999965 -1.5707963267948966 flow_0_2 0 5.0 2.0,35.71700000000013 -1.75 0.0 flow_6_3 0 5.0 2.0,-1.75 11.289999999999964 -1.5707963267948966 flow_0_1 0 5.0 2.0,1.75 -18.789999999999965 1.5707963267948966 flow_2_2 0 5.0 2.0,1.75 -11.289999999999964 1.5707963267948966 flow_2_1 0 5.0 2.0,275.0 1.75 3.141592653589793 flow_4_4 0 5.0 2.0,-1.75 296.0 -1.5707963267948966 flow_0_4 0 5.0 2.0,-1.75 -57.34514423494182 -1.5707963267948966 flow_5_1 0 5.0 2.0,;HHL_QHDD_N r r,HHL_QHDD_S r r,HHL_QHDD_E g g,HHL_QHDD_W g g,
-5.25 11.289999999999964 -1.5707963267948966 flow_1_1 0 5.0 2.0,5.25 -11.289999999999964 1.5707963267948966 flow_3_1 0 5.0 2.0,-52.38700000000013 1.75 3.141592653589793 flow_4_3 0 5.0 2.0,1.75 73.84679423494183 1.5707963267948966 flow_7_1 0 5.0 2.0,-1.75 26.289999999999908 -1.5707963267948966 flow_0_3 0 5.0 2.0,1.75 -26.289999999999908 1.5707963267948966 flow_2_3 0 5.0 2.0,-264.0 -1.75 0.0 flow_6_4 0 5.0 2.0,1.75 -291.0 1.5707963267948966 flow_2_4 0 5.0 2.0,-1.75 18.789999999999965 -1.5707963267948966 flow_0_2 0 5.0 2.0,52.38700000000013 -1.75 0.0 flow_6_3 0 5.0 2.0,-1.75 11.289999999999964 -1.5707963267948966 flow_0_1 0 5.0 2.0,1.75 -18.789999999999965 1.5707963267948966 flow_2_2 0 5.0 2.0,1.75 -11.289999999999964 1.5707963267948966 flow_2_1 0 5.0 2.0,264.0 1.75 3.141592653589793 flow_4_4 0 5.0 2.0,-1.75 291.0 -1.5707963267948966 flow_0_4 0 5.0 2.0,-1.75 -73.84679423494183 -1.5707963267948966 flow_5_1 0 5.0 2.0,;HHL_QHDD_N r r,HHL_QHDD_S r r,HHL_QHDD_E g g,HHL_QHDD_W g g,
-5.25 11.289999999999964 -1.5707963267948966 flow_1_1 0 5.0 2.0,5.25 -11.289999999999964 1.5707963267948966 flow_3_1 0 5.0 2.0,-69.05700000000013 1.75 3.141592653589793 flow_4_3 0 5.0 2.0,1.75 90.51679423494183 1.5707963267948966 flow_7_1 0 5.0 2.0,-1.75 26.289999999999908 -1.5707963267948966 flow_0_3 0 5.0 2.0,1.75 -26.289999999999908 1.5707963267948966 flow_2_3 0 5.0 2.0,-251.0 -1.75 0.0 flow_6_4 0 5.0 2.0,1.75 -284.0 1.5707963267948966 flow_2_4 0 5.0 2.0,-1.75 18.789999999999965 -1.5707963267948966 flow_0_2 0 5.0 2.0,69.05700000000013 -1.75 0.0 flow_6_3 0 5.0 2.0,-1.75 11.289999999999964 -1.5707963267948966 flow_0_1 0 5.0 2.0,1.75 -18.789999999999965 1.5707963267948966 flow_2_2 0 5.0 2.0,1.75 -11.289999999999964 1.5707963267948966 flow_2_1 0 5.0 2.0,251.0 1.75 3.141592653589793 flow_4_4 0 5.0 2.0,-1.75 284.0 -1.5707963267948966 flow_0_4 0 5.0 2.0,-1.75 -90.51679423494183 -1.5707963267948966 flow_5_1 0 5.0 2.0,;HHL_QHDD_N r r,HHL_QHDD_S r r,HHL_QHDD_E r r,HHL_QHDD_W r r,
-5.25 11.289999999999964 -1.5707963267948966 flow_1_1 0 5.0 2.0,5.25 -11.289999999999964 1.5707963267948966 flow_3_1 0 5.0 2.0,-85.72700000000013 1.75 3.141592653589793 flow_4_3 0 5.0 2.0,1.75 107.18679423494183 1.5707963267948966 flow_7_1 0 5.0 2.0,-1.75 26.289999999999908 -1.5707963267948966 flow_0_3 0 5.0 2.0,1.75 -26.289999999999908 1.5707963267948966 flow_2_3 0 5.0 2.0,-236.0 -1.75 0.0 flow_6_4 0 5.0 2.0,1.75 -275.0 1.5707963267948966 flow_2_4 0 5.0 2.0,-1.75 18.789999999999965 -1.5707963267948966 flow_0_2 0 5.0 2.0,85.72700000000013 -1.75 0.0 flow_6_3 0 5.0 2.0,-1.75 11.289999999999964 -1.5707963267948966 flow_0_1 0 5.0 2.0,1.75 -18.789999999999965 1.5707963267948966 flow_2_2 0 5.0 2.0,1.75 -11.289999999999964 1.5707963267948966 flow_2_1 0 5.0 2.0,236.0 1.75 3.141592653589793 flow_4_4 0 5.0 2.0,-1.75 275.0 -1.5707963267948966 flow_0_4 0 5.0 2.0,-1.75 -107.18679423494183 -1.5707963267948966 flow_5_1 0 5.0 2.0,;HHL_QHDD_N r r,HHL_QHDD_S r r,HHL_QHDD_E r r,HHL_QHDD_W r r,
-5.25 11.289999999999964 -1.5707963267948966 flow_1_1 0 5.0 2.0,5.25 -11.289999999999964 1.5707963267948966 flow_3_1 0 5.0 2.0,-102.39700000000014 1.75 3.141592653589793 flow_4_3 0 5.0 2.0,1.75 123.85679423494183 1.5707963267948966 flow_7_1 0 5.0 2.0,-1.75 26.289999999999908 -1.5707963267948966 flow_0_3 0 5.0 2.0,1.75 -26.289999999999908 1.5707963267948966 flow_2_3 0 5.0 2.0,-219.665 -1.75 0.0 flow_6_4 0 5.0 2.0,1.75 -264.0 1.5707963267948966 flow_2_4 0 5.0 2.0,-1.75 18.789999999999965 -1.5707963267948966 flow_0_2 0 5.0 2.0,102.39700000000014 -1.75 0.0 flow_6_3 0 5.0 2.0,-1.75 11.289999999999964 -1.5707963267948966 flow_0_1 0 5.0 2.0,1.75 -18.789999999999965 1.5707963267948966 flow_2_2 0 5.0 2.0,1.75 -11.289999999999964 1.5707963267948966 flow_2_1 0 5.0 2.0,219.665 1.75 3.141592653589793 flow_4_4 0 5.0 2.0,-1.75 264.0 -1.5707963267948966 flow_0_4 0 5.0 2.0,-1.75 -123.85679423494183 -1.5707963267948966 flow_5_1 0 5.0 2.0,;HHL_QHDD_N r r,HHL_QHDD_S r r,HHL_QHDD_E r r,HHL_QHDD_W r r,
-5.25 10.289999999999964 -1.5707963267948966 flow_1_1 0 5.0 2.0,5.25 -10.289999999999964 1.5707963267948966 flow_3_1 0 5.0 2.0,-119.06700000000014 1.75 3.141592653589793 flow_4_3 0 5.0 2.0,1.75 140.52679423494184 1.5707963267948966 flow_7_1 0 5.0 2.0,-1.75 26.289999999999908 -1.5707963267948966 flow_0_3 0 5.0 2.0,1.75 -26.289999999999908 1.5707963267948966 flow_2_3 0 5.0 2.0,-202.995 -1.75 0.0 flow_6_4 0 5.0 2.0,1.75 -251.0 1.5707963267948966 flow_2_4 0 5.0 2.0,-1.75 18.789999999999965 -1.5707963267948966 flow_0_2 0 5.0 2.0,119.06700000000014 -1.75 0.0 flow_6_3 0 5.0 2.0,-1.75 11.289999999999964 -1.5707963267948966 flow_0_1 0 5.0 2.0,1.75 -18.789999999999965 1.5707963267948966 flow_2_2 0 5.0 2.0,1.75 -11.289999999999964 1.5707963267948966 flow_2_1 0 5.0 2.0,202.995 1.75 3.141592653589793 flow_4_4 0 5.0 2.0,-1.75 251.0 -1.5707963267948966 flow_0_4 0 5.0 2.0,-1.75 -140.52679423494184 -1.5707963267948966 flow_5_1 0 5.0 2.0,;HHL_QHDD_N g g,HHL_QHDD_S g g,HHL_QHDD_E r r,HHL_QHDD_W r r,
1.75 2.2899999999999638 -1.5707963267948966 flow_1_1 0 5.0 2.0,-1.75 -2.2899999999999638 1.5707963267948966 flow_3_1 0 5.0 2.0,-135.73700000000015 1.75 3.141592653589793 flow_4_3 0 5.0 2.0,1.75 157.19679423494183 1.5707963267948966 flow_7_1 0 5.0 2.0,-1.75 26.289999999999908 -1.5707963267948966 flow_0_3 0 5.0 2.0,1.75 -26.289999999999908 1.5707963267948966 flow_2_3 0 5.0 2.0,-186.325 -1.75 0.0 flow_6_4 0 5.0 2.0,1.75 -236.0 1.5707963267948966 flow_2_4 0 5.0 2.0,-1.75 18.789999999999965 -1.5707963267948966 flow_0_2 0 5.0 2.0,135.73700000000015 -1.75 0.0 flow_6_3 0 5.0 2.0,-1.75 11.289999999999964 -1.5707963267948966 flow_0_1 0 5.0 2.0,1.75 -18.789999999999965 1.5707963267948966 flow_2_2 0 5.0 2.0,1.75 -11.289999999999964 1.5707963267948966 flow_2_1 0 5.0 2.0,186.325 1.75 3.141592653589793 flow_4_4 0 5.0 2.0,-1.75 236.0 -1.5707963267948966 flow_0_4 0 5.0 2.0,-1.75 -157.19679423494183 -1.5707963267948966 flow_5_1 0 5.0 2.0,;HHL_QHDD_N g g,HHL_QHDD_S g g,HHL_QHDD_E r r,HHL_QHDD_W r r,
4.136076680789127 -1.2848105204249146 -0.4939413689195812 flow_1_1 0 5.0 2.0,-4.136076680789127 1.2848105204249146 2.647651284670212 flow_3_1 0 5.0 2.0,-152.40700000000016 1.75 3.141592653589793 flow_4_3 0 5.0 2.0,1.75 173.86679423494184 1.5707963267948966 flow_7_1 0 5.0 2.0,-1.75 26.289999999999908 -1.5707963267948966 flow_0_3 0 5.0 2.0,1.75 -26.289999999999908 1.5707963267948966 flow_2_3 0 5.0 2.0,-169.65499999999998 -1.75 0.0 flow_6_4 0 5.0 2.0,1.75 -219.665 1.5707963267948966 flow_2_4 0 5.0 2.0,-1.75 18.789999999999965 -1.5707963267948966 flow_0_2 0 5.0 2.0,152.40700000000016 -1.75 0.0 flow_6_3 0 5.0 2.0,-1.75 11.289999999999964 -1.5707963267948966 flow_0_1 0 5.0 2.0,1.75 -18.789999999999965 1.5707963267948966 flow_2_2 0 5.0 2.0,1.75 -11.289999999999964 1.5707963267948966 flow_2_1 0 5.0 2.0,169.65499999999998 1.75 3.141592653589793 flow_4_4 0 5.0 2.0,-1.75 219.665 -1.5707963267948966 flow_0_4 0 5.0 2.0,-1.75 -173.86679423494184 -1.5707963267948966 flow_5_1 0 5.0 2.0,;HHL_QHDD_N g g,HHL_QHDD_S g g,HHL_QHDD_E r r,HHL_QHDD_W r r,
16.018794234941688 -1.75 0.0 flow_1_1 0 5.0 2.0,-16.018794234941688 1.75 3.141592653589793 flow_3_1 0 5.0 2.0,-169.07700000000018 1.75 3.141592653589793 flow_4_3 0 5.0 2.0,1.75 190.53679423494186 1.5707963267948966 flow_7_1 0 5.0 2.0,-1.75 26.289999999999908 -1.5707963267948966 flow_0_3 0 5.0 2.0,1.75 -26.289999999999908 1.5707963267948966 flow_2_3 0 5.0 2.0,-152.98499999999997 -1.75 0.0 flow_6_4 0 5.0 2.0,1.75 -202.995 1.5707963267948966 flow_2_4 0 5.0 2.0,-1.75 18.789999999999965 -1.5707963267948966 flow_0_2 0 5.0 2.0,169.07700000000018 -1.75 0.0 flow_6_3 0 5.0 2.0,-1.75 10.289999999999964 -1.5707963267948966 flow_0_1 0 5.0 2.0,1.75 -18.789999999999965 1.5707963267948966 flow_2_2 0 5.0 2.0,1.75 -10.289999999999964 1.5707963267948966 flow_2_1 0 5.0 2.0,152.98499999999997 1.75 3.141592653589793 flow_4_4 0 5.0 2.0,-1.75 202.995 -1.5707963267948966 flow_0_4 0 5.0 2.0,-1.75 -190.53679423494186 -1.5707963267948966 flow_5_1 0 5.0 2.0,;HHL_QHDD_N g g,HHL_QHDD_S g g,HHL_QHDD_E r r,HHL_QHDD_W r r,
25.018794234941688 -1.75 0.0 flow_1_1 0 5.0 2.0,-25.018794234941688 1.75 3.141592653589793 flow_3_1 0 5.0 2.0,-185.74700000000019 1.75 3.141592653589793 flow_4_3 0 5.0 2.0,1.75 207.20679423494185 1.5707963267948966 flow_7_1 0 5.0 2.0,-1.75 26.289999999999908 -1.5707963267948966 flow_0_3 0 5.0 2.0,1.75 -26.289999999999908 1.5707963267948966 flow_2_3 0 5.0 2.0,-136.31499999999995 -1.75 0.0 flow_6_4 0 5.0 2.0,1.75 -186.325 1.5707963267948966 flow_2_4 0 5.0 2.0,-1.75 18.039999999999965 -1.5707963267948966 flow_0_2 0 5.0 2.0,185.74700000000019 -1.75 0.0 flow_6_3 0 5.0 2.0,-1.75 2.2899999999999638 -1.5707963267948966 flow_0_1 0 5.0 2.0,1.75 -18.039999999999965 1.5707963267948966 flow_2_2 0 5.0 2.0,1.75 -2.2899999999999638 1.5707963267948966 flow_2_1 0 5.0 2.0,136.31499999999995 1.75 3.141592653589793 flow_4_4 0 5.0 2.0,-1.75 186.325 -1.5707963267948966 flow_0_4 0 5.0 2.0,-1.75 -207.20679423494185 -1.5707963267948966 flow_5_1 0 5.0 2.0,;HHL_QHDD_N g g,HHL_QHDD_S g g,HHL_QHDD_E r r,HHL_QHDD_W r r,
36.01879423494169 -1.75 0.0 flow_1_1 0 5.0 2.0,-36.01879423494169 1.75 3.141592653589793 flow_3_1 0 5.0 2.0,-202.4170000000002 1.75 3.141592653589793 flow_4_3 0 5.0 2.0,1.75 223.87679423494189 1.5707963267948966 flow_7_1 0 5.0 2.0,-1.75 26.289999999999908 -1.5707963267948966 flow_0_3 0 5.0 2.0,1.75 -26.289999999999908 1.5707963267948966 flow_2_3 0 5.0 2.0,-119.64499999999993 -1.75 0.0 flow_6_4 0 5.0 2.0,1.75 -169.65499999999998 1.5707963267948966 flow_2_4 0 5.0 2.0,-1.75 15.539999999999964 -1.5707963267948966 flow_0_2 0 5.0 2.0,202.4170000000002 -1.75 0.0 flow_6_3 0 5.0 2.0,-1.75 -2.7100000000000366 -1.5707963267948966 flow_0_1 0 5.0 2.0,1.75 -15.539999999999964 1.5707963267948966 flow_2_2 0 5.0 2.0,1.75 2.7100000000000366 1.5707963267948966 flow_2_1 0 5.0 2.0,119.64499999999993 1.75 3.141592653589793 flow_4_4 0 5.0 2.0,-1.75 169.65499999999998 -1.5707963267948966 flow_0_4 0 5.0 2.0,-1.75 -223.87679423494189 -1.5707963267948966 flow_5_1 0 5.0 2.0,;HHL_QHDD_N g g,HHL_QHDD_S g g,HHL_QHDD_E r r,HHL_QHDD_W r r,
49.01879423494169 -1.75 0.0 flow_1_1 0 5.0 2.0,-49.01879423494169 1.75 3.141592653589793 flow_3_1 0 5.0 2.0,-219.08700000000023 1.75 3.141592653589793 flow_4_3 0 5.0 2.0,1.75 240.5467942349419 1.5707963267948966 flow_7_1 0 5.0 2.0,-1.75 25.289999999999908 -1.5707963267948966 flow_0_3 0 5.0 2.0,1.75 -25.289999999999908 1.5707963267948966 flow_2_3 0 5.0 2.0,-102.97499999999991 -1.75 0.0 flow_6_4 0 5.0 2.0,1.75 -152.98499999999997 1.5707963267948966 flow_2_4 0 5.0 2.0,-1.75 11.039999999999964 -1.5707963267948966 flow_0_2 0 5.0 2.0,219.08700000000023 -1.75 0.0 flow_6_3 0 5.0 2.0,-1.75 -14.710000000000037 -1.5707963267948966 flow_0_1 0 5.0 2.0,1.75 -11.039999999999964 1.5707963267948966 flow_2_2 0 5.0 2.0,1.75 14.710000000000037 1.5707963267948966 flow_2_1 0 5.0 2.0,102.97499999999991 1.75 3.141592653589793 flow_4_4 0 5.0 2.0,-1.75 152.98499999999997 -1.5707963267948966 flow_0_4 0 5.0 2.0,-1.75 -240.5467942349419 -1.5707963267948966 flow_5_1 0 5.0 2.0,;HHL_QHDD_N g g,HHL_QHDD_S g g,HHL_QHDD_E r r,HHL_QHDD_W r r,
64.01879423494168 -1.75 0.0 flow_1_1 0 5.0 2.0,-64.01879423494168 1.75 3.141592653589793 flow_3_1 0 5.0 2.0,-235.75700000000024 1.75 3.141592653589793 flow_4_3 0 5.0 2.0,1.75 257.216794234942 1.5707963267948966 flow_7_1 0 5.0 2.0,-1.75 22.289999999999908 -1.5707963267948966 flow_0_3 0 5.0 2.0,1.75 -22.289999999999908 1.5707963267948966 flow_2_3 0 5.0 2.0,-86.30499999999987 -1.75 0.0 flow_6_4 0 5.0 2.0,1.75 -136.31499999999995 1.5707963267948966 flow_2_4 0 5.0 2.0,-1.75 -0.4600000000000364 -1.5707963267948966 flow_0_2 0 5.0 2.0,235.75700000000024 -1.75 0.0 flow_6_3 0 5.0 2.0,-1.75 -23.710000000000038 -1.5707963267948966 flow_0_1 0 5.0 2.0,1.75 0.4600000000000364 1.5707963267948966 flow_2_2 0 5.0 2.0,1.75 23.710000000000038 1.5707963267948966 flow_2_1 0 5.0 2.0,86.30499999999987 1.75 3.141592653589793 flow_4_4 0 5.0 2.0,-1.75 136.31499999999995 -1.5707963267948966 flow_0_4 0 5.0 2.0,-1.75 -257.216794234942 -1.5707963267948966 flow_5_1 0 5.0 2.0,;HHL_QHDD_N g g,HHL_QHDD_S g g,HHL_QHDD_E r r,HHL_QHDD_W r r,
80.35379423494169 -1.75 0.0 flow_1_1 0 5.0 2.0,-80.35379423494169 1.75 3.141592653589793 flow_3_1 0 5.0 2.0,-252.42700000000026 1.75 3.141592653589793 flow_4_3 0 5.0 2.0,1.75 273.88679423494195 1.5707963267948966 flow_7_1 0 5.0 2.0,-1.75 17.289999999999908 -1.5707963267948966 flow_0_3 0 5.0 2.0,1.75 -17.289999999999908 1.5707963267948966 flow_2_3 0 5.0 2.0,-69.63499999999988 -1.75 0.0 flow_6_4 0 5.0 2.0,1.75 -119.64499999999993 1.5707963267948966 flow_2_4 0 5.0 2.0,-1.75 -13.960000000000037 -1.5707963267948966 flow_0_2 0 5.0 2.0,252.42700000000026 -1.75 0.0 flow_6_3 0 5.0 2.0,-1.75 -34.710000000000039 -1.5707963267948966 flow_0_1 0 5.0 2.0,1.75 13.960000000000037 1.5707963267948966 flow_2_2 0 5.0 2.0,1.75 34.710000000000039 1.5707963267948966 flow_2_1 0 5.0 2.0,69.63499999999988 1.75 3.141592653589793 flow_4_4 0 5.0 2.0,-1.75 119.64499999999993 -1.5707963267948966 flow_0_4 0 5.0 2.0,-1.75 -273.88679423494195 -1.5707963267948966 flow_5_1 0 5.0 2.0,;HHL_QHDD_N g g,HHL_QHDD_S g g,HHL_QHDD_E r r,HHL_QHDD_W r r,
97.02379423494169 -1.75 0.0 flow_1_1 0 5.0 2.0,-97.02379423494169 1.75 3.141592653589793 flow_3_1 0 5.0 2.0,-269.09700000000029 1.75 3.141592653589793 flow_4_3 0 5.0 2.0,1.75 290.55679423494197 1.5707963267948966 flow_7_1 0 5.0 2.0,-1.75 10.289999999999907 -1.5707963267948966 flow_0_3 0 5.0 2.0,1.75 -10.289999999999907 1.5707963267948966 flow_2_3 0 5.0 2.0,-52.96499999999986 -1.75 0.0 flow_6_4 0 5.0 2.0,1.75 -102.97499999999991 1.5707963267948966 flow_2_4 0 5.0 2.0,-1.75 -24.460000000000038 -1.5707963267948966 flow_0_2 0 5.0 2.0,269.09700000000029 -1.75 0.0 flow_6_3 0 5.0 2.0,-1.75 -47.710000000000039 -1.5707963267948966 flow_0_1 0 5.0 2.0,1.75 24.460000000000038 1.5707963267948966 flow_2_2 0 5.0 2.0,1.75 47.710000000000039 1.5707963267948966 flow_2_1 0 5.0 2.0,52.96499999999986 1.75 3.141592653589793 flow_4_4 0 5.0 2.0,-1.75 102.97499999999991 -1.5707963267948966 flow_0_4 0 5.0 2.0,-1.75 -290.55679423494197 -1.5707963267948966 flow_5_1 0 5.0 2.0,;HHL_QHDD_N g g,HHL_QHDD_S g g,HHL_QHDD_E r r,HHL_QHDD_W r r,
113.69379423494169 -1.75 0.0 flow_1_1 0 5.0 2.0,-113.69379423494169 1.75 3.141592653589793 flow_3_1 0 5.0 2.0,-285.7670000000003 1.75 3.141592653589793 flow_4_3 0 5.0 2.0,-299.0 -1.75 0.0 flow_6_5 0 5.0 2.0,-1.75 -3.7100000000000934 -1.5707963267948966 flow_0_3 0 5.0 2.0,1.75 3.7100000000000934 1.5707963267948966 flow_2_3 0 5.0 2.0,299.0 1.75 3.141592653589793 flow_4_5 0 5.0 2.0,-37.961999999999878 -1.75 0.0 flow_6_4 0 5.0 2.0,1.75 -86.30499999999987 1.5707963267948966 flow_2_4 0 5.0 2.0,-1.75 -36.835000000000039 -1.5707963267948966 flow_0_2 0 5.0 2.0,285.7670000000003 -1.75 0.0 flow_6_3 0 5.0 2.0,-1.75 -62.710000000000039 -1.5707963267948966 flow_0_1 0 5.0 2.0,1.75 36.835000000000039 1.5707963267948966 flow_2_2 0 5.0 2.0,1.75 62.710000000000039 1.5707963267948966 flow_2_1 0 5.0 2.0,37.961999999999878 1.75 3.141592653589793 flow_4_4 0 5.0 2.0,-1.75 86.30499999999987 -1.5707963267948966 flow_0_4 0 5.0 2.0,;HHL_QHDD_N g g,HHL_QHDD_S g g,HHL_QHDD_E r r,HHL_QHDD_W r r,
130.36379423494169 -1.75 0.0 flow_1_1 0 5.0 2.0,-130.36379423494169 1.75 3.141592653589793 flow_3_1 0 5.0 2.0,-296.0 -1.75 0.0 flow_6_5 0 5.0 2.0,-1.75 -19.710000000000094 -1.5707963267948966 flow_0_3 0 5.0 2.0,1.75 19.710000000000094 1.5707963267948966 flow_2_3 0 5.0 2.0,296.0 1.75 3.141592653589793 flow_4_5 0 5.0 2.0,-26.292999999999894 -1.75 0.0 flow_6_4 0 5.0 2.0,1.75 -69.63499999999988 1.5707963267948966 flow_2_4 0 5.0 2.0,-1.75 -51.02250000000004 -1.5707963267948966 flow_0_2 0 5.0 2.0,-1.75 -79.04500000000005 -1.5707963267948966 flow_0_1 0 5.0 2.0,1.75 51.02250000000004 1.5707963267948966 flow_2_2 0 5.0 2.0,1.75 79.04500000000005 1.5707963267948966 flow_2_1 0 5.0 2.0,26.292999999999894 1.75 3.141592653589793 flow_4_4 0 5.0 2.0,-1.75 69.63499999999988 -1.5707963267948966 flow_0_4 0 5.0 2.0,;HHL_QHDD_N g g,HHL_QHDD_S g g,HHL_QHDD_E r r,HHL_QHDD_W r r,
147.0337942349417 -1.75 0.0 flow_1_1 0 5.0 2.0,-147.0337942349417 1.75 3.141592653589793 flow_3_1 0 5.0 2.0,-291.0 -1.75 0.0 flow_6_5 0 5.0 2.0,-1.75 -32.71000000000009 -1.5707963267948966 flow_0_3 0 5.0 2.0,1.75 32.71000000000009 1.5707963267948966 flow_2_3 0 5.0 2.0,291.0 1.75 3.141592653589793 flow_4_5 0 5.0 2.0,-17.957999999999914 -1.75 0.0 flow_6_4 0 5.0 2.0,1.75 -52.96499999999986 1.5707963267948966 flow_2_4 0 5.0 2.0,-1.75 -66.61750000000004 -1.5707963267948966 flow_0_2 0 5.0 2.0,-1.75 -95.71500000000005 -1.5707963267948966 flow_0_1 0 5.0 2.0,1.75 66.61750000000004 1.5707963267948966 flow_2_2 0 5.0 2.0,1.75 95.71500000000005 1.5707963267948966 flow_2_1 0 5.0 2.0,17.957999999999914 1.75 3.141592653589793 flow_4_4 0 5.0 2.0,-1.75 52.96499999999986 -1.5707963267948966 flow_0_4 0 5.0 2.0,;HHL_QHDD_N g g,HHL_QHDD_S g g,HHL_QHDD_E r r,HHL_QHDD_W r r,
163.7037942349417 -1.75 0.0 flow_1_1 0 5.0 2.0,-163.7037942349417 1.75 3.141592653589793 flow_3_1 0 5.0 2.0,-284.0 -1.75 0.0 flow_6_5 0 5.0 2.0,-1.75 -47.71000000000009 -1.5707963267948966 flow_0_3 0 5.0 2.0,1.75 47.71000000000009 1.5707963267948966 flow_2_3 0 5.0 2.0,284.0 1.75 3.141592653589793 flow_4_5 0 5.0 2.0,-12.956999999999937 -1.75 0.0 flow_6_4 0 5.0 2.0,1.75 -36.294999999999848 1.5707963267948966 flow_2_4 0 5.0 2.0,-1.75 -82.83375000000004 -1.5707963267948966 flow_0_2 0 5.0 2.0,-1.75 -112.38500000000005 -1.5707963267948966 flow_0_1 0 5.0 2.0,1.75 82.83375000000004 1.5707963267948966 flow_2_2 0 5.0 2.0,1.75 112.38500000000005 1.5707963267948966 flow_2_1 0 5.0 2.0,12.956999999999937 1.75 3.141592653589793 flow_4_4 0 5.0 2.0,-1.75 36.294999999999848 -1.5707963267948966 flow_0_4 0 5.0 2.0,;HHL_QHDD_N g g,HHL_QHDD_S g g,HHL_QHDD_E r r,HHL_QHDD_W r r,
180.37379423494174 -1.75 0.0 flow_1_1 0 5.0 2.0,-180.37379423494174 1.75 3.141592653589793 flow_3_1 0 5.0 2.0,-1.75 299.0 -1.5707963267948966 flow_0_5 0 5.0 2.0,-275.0 -1.75 0.0 flow_6_5 0 5.0 2.0,-1.75 -64.0450000000001 -1.5707963267948966 flow_0_3 0 5.0 2.0,1.75 64.0450000000001 1.5707963267948966 flow_2_3 0 5.0 2.0,275.0 1.75 3.141592653589793 flow_4_5 0 5.0 2.0,-11.289999999999964 -1.75 0.0 flow_6_4 0 5.0 2.0,1.75 -19.62499999999983 1.5707963267948966 flow_2_4 0 5.0 2.0,-1.75 -99.27687500000005 -1.5707963267948966 flow_0_2 0 5.0 2.0,-1.75 -129.05500000000007 -1.5707963267948966 flow_0_1 0 5.0 2.0,1.75 99.27687500000005 1.5707963267948966 flow_2_2 0 5.0 2.0,1.75 129.05500000000007 1.5707963267948966 flow_2_1 0 5.0 2.0,11.289999999999964 1.75 3.141592653589793 flow_4_4 0 5.0 2.0,1.75 -299.0 1.5707963267948966 flow_2_5 0 5.0 2.0,-1.75 19.62499999999983 -1.5707963267948966 flow_0_4 0 5.0 2.0,;HHL_QHDD_N g g,HHL_QHDD_S g g,HHL_QHDD_E r r,HHL_QHDD_W r r,
197.04379423494175 -1.75 0.0 flow_1_1 0 5.0 2.0,-197.04379423494175 1.75 3.141592653589793 flow_3_1 0 5.0 2.0,-1.75 296.0 -1.5707963267948966 flow_0_5 0 5.0 2.0,-264.0 -1.75 0.0 flow_6_5 0 5.0 2.0,-1.75 -80.71500000000009 -1.5707963267948966 flow_0_3 0 5.0 2.0,1.75 80.71500000000009 1.5707963267948966 flow_2_3 0 5.0 2.0,264.0 1.75 3.141592653589793 flow_4_5 0 5.0 2.0,-11.289999999999964 -1.75 0.0 flow_6_4 0 5.0 2.0,1.75 2.0450000000001866 1.5707963267948966 flow_2_4 0 5.0 2.0,-1.75 -115.83343750000005 -1.5707963267948966 flow_0_2 0 5.0 2.0,-1.75 -145.72500000000006 -1.5707963267948966 flow_0_1 0 5.0 2.0,1.75 115.83343750000005 1.5707963267948966 flow_2_2 0 5.0 2.0,1.75 145.72500000000006 1.5707963267948966 flow_2_1 0 5.0 2.0,11.289999999999964 1.75 3.141592653589793 flow_4_4 0 5.0 2.0,1.75 -296.0 1.5707963267948966 flow_2_5 0 5.0 2.0,-1.75 -2.0450000000001866 -1.5707963267948966 flow_0_4 0 5.0 2.0,;HHL_QHDD_N g g,HHL_QHDD_S g g,HHL_QHDD_E r r,HHL_QHDD_W r r,
213.71379423494177 -1.75 0.0 flow_1_1 0 5.0 2.0,-213.71379423494177 1.75 3.141592653589793 flow_3_1 0 5.0 2.0,-1.75 291.0 -1.5707963267948966 flow_0_5 0 5.0 2.0,-251.0 -1.75 0.0 flow_6_5 0 5.0 2.0,-1.75 -97.38500000000009 -1.5707963267948966 flow_0_3 0 5.0 2.0,1.75 97.38500000000009 1.5707963267948966 flow_2_3 0 5.0 2.0,251.0 1.75 3.141592653589793 flow_4_5 0 5.0 2.0,-11.289999999999964 -1.75 0.0 flow_6_4 0 5.0 2.0,1.75 23.715000000000189 1.5707963267948966 flow_2_4 0 5.0 2.0,-1.75 -132.44671875000004 -1.5707963267948966 flow_0_2 0 5.0 2.0,-1.75 -162.395 -1.5707963267948966 flow_0_1 0 5.0 2.0,1.75 132.44671875000004 1.5707963267948966 flow_2_2 0 5.0 2.0,1.75 162.395 1.5707963267948966 flow_2_1 0 5.0 2.0,11.289999999999964 1.75 3.141592653589793 flow_4_4 0 5.0 2.0,1.75 -291.0 1.5707963267948966 flow_2_5 0 5.0 2.0,-1.75 -23.715000000000189 -1.5707963267948966 flow_0_4 0 5.0 2.0,;HHL_QHDD_N g g,HHL_QHDD_S g g,HHL_QHDD_E r r,HHL_QHDD_W r r,
230.38379423494178 -1.75 0.0 flow_1_1 0 5.0 2.0,-230.38379423494178 1.75 3.141592653589793 flow_3_1 0 5.0 2.0,-1.75 284.0 -1.5707963267948966 flow_0_5 0 5.0 2.0,-236.0 -1.75 0.0 flow_6_5 0 5.0 2.0,-1.75 -114.05500000000009 -1.5707963267948966 flow_0_3 0 5.0 2.0,1.75 114.05500000000009 1.5707963267948966 flow_2_3 0 5.0 2.0,236.0 1.75 3.141592653589793 flow_4_5 0 5.0 2.0,-11.289999999999964 -1.75 0.0 flow_6_4 0 5.0 2.0,1.75 40.38500000000019 1.5707963267948966 flow_2_4 0 5.0 2.0,-1.75 -149.08835937500005 -1.5707963267948966 flow_0_2 0 5.0 2.0,-1.75 -179.06500000000006 -1.5707963267948966 flow_0_1 0 5.0 2.0,1.75 149.08835937500005 1.5707963267948966 flow_2_2 0 5.0 2.0,1.75 179.06500000000006 1.5707963267948966 flow_2_1 0 5.0 2.0,11.289999999999964 1.75 3.141592653589793 flow_4_4 0 5.0 2.0,1.75 -284.0 1.5707963267948966 flow_2_5 0 5.0 2.0,-1.75 -40.38500000000019 -1.5707963267948966 flow_0_4 0 5.0 2.0,;HHL_QHDD_N g g,HHL_QHDD_S g g,HHL_QHDD_E r r,HHL_QHDD_W r r,
247.0537942349418 -1.75 0.0 flow_1_1 0 5.0 2.0,-247.0537942349418 1.75 3.141592653589793 flow_3_1 0 5.0 2.0,-1.75 275.0 -1.5707963267948966 flow_0_5 0 5.0 2.0,-219.665 -1.75 0.0 flow_6_5 0 5.0 2.0,-1.75 -130.72500000000009 -1.5707963267948966 flow_0_3 0 5.0 2.0,1.75 130.72500000000009 1.5707963267948966 flow_2_3 0 5.0 2.0,219.665 1.75 3.141592653589793 flow_4_5 0 5.0 2.0,-11.289999999999964 -1.75 0.0 flow_6_4 0 5.0 2.0,1.75 57.05500000000019 1.5707963267948966 flow_2_4 0 5.0 2.0,-1.75 -165.74417968750005 -1.5707963267948966 flow_0_2 0 5.0 2.0,-1.75 -195.73500000000008 -1.5707963267948966 flow_0_1 0 5.0 2.0,1.75 165.74417968750005 1.5707963267948966 flow_2_2 0 5.0 2.0,1.75 195.73500000000008 1.5707963267948966 flow_2_1 0 5.0 2.0,11.289999999999964 1.75 3.141592653589793 flow_4_4 0 5.0 2.0,1.75 -275.0 1.5707963267948966 flow_2_5 0 5.0 2.0,-1.75 -57.05500000000019 -1.5707963267948966 flow_0_4 0 5.0 2.0,;HHL_QHDD_N g g,HHL_QHDD_S g g,HHL_QHDD_E r r,HHL_QHDD_W r r,
263.7237942349418 -1.75 0.0 flow_1_1 0 5.0 2.0,-263.7237942349418 1.75 3.141592653589793 flow_3_1 0 5.0 2.0,-1.75 264.0 -1.5707963267948966 flow_0_5 0 5.0 2.0,-202.995 -1.75 0.0 flow_6_5 0 5.0 2.0,-1.75 -147.3950000000001 -1.5707963267948966 flow_0_3 0 5.0 2.0,1.75 147.3950000000001 1.5707963267948966 flow_2_3 0 5.0 2.0,202.995 1.75 3.141592653589793 flow_4_5 0 5.0 2.0,-11.289999999999964 -1.75 0.0 flow_6_4 0 5.0 2.0,1.75 73.7250000000002 1.5707963267948966 flow_2_4 0 5.0 2.0,-1.75 -182.40708984375005 -1.5707963267948966 flow_0_2 0 5.0 2.0,-1.75 -212.4050000000001 -1.5707963267948966 flow_0_1 0 5.0 2.0,1.75 182.40708984375005 1.5707963267948966 flow_2_2 0 5.0 2.0,1.75 212.4050000000001 1.5707963267948966 flow_2_1 0 5.0 2.0,11.289999999999964 1.75 3.141592653589793 flow_4_4 0 5.0 2.0,1.75 -264.0 1.5707963267948966 flow_2_5 0 5.0 2.0,-1.75 -73.7250000000002 -1.5707963267948966 flow_0_4 0 5.0 2.0,;HHL_QHDD_N g g,HHL_QHDD_S g g,HHL_QHDD_E r r,HHL_QHDD_W r r,
280.3937942349418 -1.75 0.0 flow_1_1 0 5.0 2.0,299.0 5.25 3.141592653589793 flow_5_2 0 5.0 2.0,-280.3937942349418 1.75 3.141592653589793 flow_3_1 0 5.0 2.0,-1.75 251.0 -1.5707963267948966 flow_0_5 0 5.0 2.0,-186.325 -1.75 0.0 flow_6_5 0 5.0 2.0,-1.75 -164.0650000000001 -1.5707963267948966 flow_0_3 0 5.0 2.0,1.75 164.0650000000001 1.5707963267948966 flow_2_3 0 5.0 2.0,186.325 1.75 3.141592653589793 flow_4_5 0 5.0 2.0,-11.289999999999964 -1.75 0.0 flow_6_4 0 5.0 2.0,1.75 90.3950000000002 1.5707963267948966 flow_2_4 0 5.0 2.0,-1.75 -199.07354492187506 -1.5707963267948966 flow_0_2 0 5.0 2.0,-1.75 -229.0750000000001 -1.5707963267948966 flow_0_1 0 5.0 2.0,-299.0 -5.25 0.0 flow_7_2 0 5.0 2.0,1.75 199.07354492187506 1.5707963267948966 flow_2_2 0 5.0 2.0,1.75 229.0750000000001 1.5707963267948966 flow_2_1 0 5.0 2.0,11.289999999999964 1.75 3.141592653589793 flow_4_4 0 5.0 2.0,1.75 -251.0 1.5707963267948966 flow_2_5 0 5.0 2.0,-1.75 -90.3950000000002 -1.5707963267948966 flow_0_4 0 5.0 2.0,;HHL_QHDD_N g g,HHL_QHDD_S g g,HHL_QHDD_E r r,HHL_QHDD_W r r,
297.06379423494186 -1.75 0.0 flow_1_1 0 5.0 2.0,296.0 5.25 3.141592653589793 flow_5_2 0 5.0 2.0,-297.06379423494186 1.75 3.141592653589793 flow_3_1 0 5.0 2.0,-1.75 236.0 -1.5707963267948966 flow_0_5 0 5.0 2.0,-169.65499999999998 -1.75 0.0 flow_6_5 0 5.0 2.0,-1.75 -180.73500000000014 -1.5707963267948966 flow_0_3 0 5.0 2.0,1.75 180.73500000000014 1.5707963267948966 flow_2_3 0 5.0 2.0,169.65499999999998 1.75 3.141592653589793 flow_4_5 0 5.0 2.0,-11.289999999999964 -1.75 0.0 flow_6_4 0 5.0 2.0,1.75 107.0650000000002 1.5707963267948966 flow_2_4 0 5.0 2.0,-1.75 -215.74177246093758 -1.5707963267948966 flow_0_2 0 5.0 2.0,-1.75 -245.74500000000013 -1.5707963267948966 flow_0_1 0 5.0 2.0,-296.0 -5.25 0.0 flow_7_2 0 5.0 2.0,1.75 215.74177246093758 1.5707963267948966 flow_2_2 0 5.0 2.0,1.75 245.74500000000013 1.5707963267948966 flow_2_1 0 5.0 2.0,11.289999999999964 1.75 3.141592653589793 flow_4_4 0 5.0 2.0,1.75 -236.0 1.5707963267948966 flow_2_5 0 5.0 2.0,-1.75 -107.0650000000002 -1.5707963267948966 flow_0_4 0 5.0 2.0,;HHL_QHDD_N g g,HHL_QHDD_S g g,HHL_QHDD_E r r,HHL_QHDD_W r r,
291.0 5.25 3.141592653589793 flow_5_2 0 5.0 2.0,-1.75 219.665 -1.5707963267948966 flow_0_5 0 5.0 2.0,-152.98499999999997 -1.75 0.0 flow_6_5 0 5.0 2.0,-1.75 -197.40500000000015 -1.5707963267948966 flow_0_3 0 5.0 2.0,1.75 197.40500000000015 1.5707963267948966 flow_2_3 0 5.0 2.0,152.98499999999997 1.75 3.141592653589793 flow_4_5 0 5.0 2.0,-11.289999999999964 -1.75 0.0 flow_6_4 0 5.0 2.0,1.75 123.7350000000002 1.5707963267948966 flow_2_4 0 5.0 2.0,-1.75 -232.41088623046887 -1.5707963267948966 flow_0_2 0 5.0 2.0,-1.75 -262.41500000000016 -1.5707963267948966 flow_0_1 0 5.0 2.0,-291.0 -5.25 0.0 flow_7_2 0 5.0 2.0,1.75 232.41088623046887 1.5707963267948966 flow_2_2 0 5.0 2.0,1.75 262.41500000000016 1.5707963267948966 flow_2_1 0 5.0 2.0,11.289999999999964 1.75 3.141592653589793 flow_4_4 0 5.0 2.0,1.75 -219.665 1.5707963267948966 flow_2_5 0 5.0 2.0,-1.75 -123.7350000000002 -1.5707963267948966 flow_0_4 0 5.0 2.0,;HHL_QHDD_N g g,HHL_QHDD_S g g,HHL_QHDD_E r r,HHL_QHDD_W r r,
284.0 5.25 3.141592653589793 flow_5_2 0 5.0 2.0,-1.75 202.995 -1.5707963267948966 flow_0_5 0 5.0 2.0,-136.31499999999995 -1.75 0.0 flow_6_5 0 5.0 2.0,-1.75 -214.07500000000017 -1.5707963267948966 flow_0_3 0 5.0 2.0,1.75 214.07500000000017 1.5707963267948966 flow_2_3 0 5.0 2.0,136.31499999999995 1.75 3.141592653589793 flow_4_5 0 5.0 2.0,-11.289999999999964 -1.75 0.0 flow_6_4 0 5.0 2.0,1.75 140.4050000000002 1.5707963267948966 flow_2_4 0 5.0 2.0,-1.75 -249.0804431152345 -1.5707963267948966 flow_0_2 0 5.0 2.0,-1.75 -279.08500000000017 -1.5707963267948966 flow_0_1 0 5.0 2.0,-284.0 -5.25 0.0 flow_7_2 0 5.0 2.0,1.75 249.0804431152345 1.5707963267948966 flow_2_2 0 5.0 2.0,1.75 279.08500000000017 1.5707963267948966 flow_2_1 0 5.0 2.0,11.289999999999964 1.75 3.141592653589793 flow_4_4 0 5.0 2.0,1.75 -202.995 1.5707963267948966 flow_2_5 0 5.0 2.0,-1.75 -140.4050000000002 -1.5707963267948966 flow_0_4 0 5.0 2.0,;HHL_QHDD_N g g,HHL_QHDD_S g g,HHL_QHDD_E r r,HHL_QHDD_W r r,
275.0 5.25 3.141592653589793 flow_5_2 0 5.0 2.0,-1.75 186.325 -1.5707963267948966 flow_0_5 0 5.0 2.0,-5.25 299.0 -1.5707963267948966 flow_1_2 0 5.0 2.0,-119.64499999999993 -1.75 0.0 flow_6_5 0 5.0 2.0,5.25 -299.0 1.5707963267948966 flow_3_2 0 5.0 2.0,-1.75 -230.74500000000018 -1.5707963267948966 flow_0_3 0 5.0 2.0,1.75 230.74500000000018 1.5707963267948966 flow_2_3 0 5.0 2.0,119.64499999999993 1.75 3.141592653589793 flow_4_5 0 5.0 2.0,-11.289999999999964 -1.75 0.0 flow_6_4 0 5.0 2.0,1.75 157.07500000000023 1.5707963267948966 flow_2_4 0 5.0 2.0,-1.75 -265.75022155761737 -1.5707963267948966 flow_0_2 0 5.0 2.0,-1.75 -295.75500000000019 -1.5707963267948966 flow_0_1 0 5.0 2.0,-275.0 -5.25 0.0 flow_7_2 0 5.0 2.0,1.75 265.75022155761737 1.5707963267948966 flow_2_2 0 5.0 2.0,1.75 295.75500000000019 1.5707963267948966 flow_2_1 0 5.0 2.0,11.289999999999964 1.75 3.141592653589793 flow_4_4 0 5.0 2.0,1.75 -186.325 1.5707963267948966 flow_2_5 0 5.0 2.0,-1.75 -157.07500000000023 -1.5707963267948966 flow_0_4 0 5.0 2.0,;HHL_QHDD_N g g,HHL_QHDD_S g g,HHL_QHDD_E r r,HHL_QHDD_W r r,
264.0 5.25 3.141592653589793 flow_5_2 0 5.0 2.0,-1.75 169.65499999999998 -1.5707963267948966 flow_0_5 0 5.0 2.0,-5.25 296.0 -1.5707963267948966 flow_1_2 0 5.0 2.0,-102.97499999999991 -1.75 0.0 flow_6_5 0 5.0 2.0,5.25 -296.0 1.5707963267948966 flow_3_2 0 5.0 2.0,-1.75 -247.4150000000002 -1.5707963267948966 flow_0_3 0 5.0 2.0,1.75 247.4150000000002 1.5707963267948966 flow_2_3 0 5.0 2.0,102.97499999999991 1.75 3.141592653589793 flow_4_5 0 5.0 2.0,-11.289999999999964 -1.75 0.0 flow_6_4 0 5.0 2.0,1.75 173.74500000000024 1.5707963267948966 flow_2_4 0 5.0 2.0,-1.75 -282.42011077880877 -1.5707963267948966 flow_0_2 0 5.0 2.0,-264.0 -5.25 0.0 flow_7_2 0 5.0 2.0,1.75 282.42011077880877 1.5707963267948966 flow_2_2 0 5.0 2.0,11.289999999999964 1.75 3.141592653589793 flow_4_4 0 5.0 2.0,1.75 -169.65499999999998 1.5707963267948966 flow_2_5 0 5.0 2.0,-1.75 -173.74500000000024 -1.5707963267948966 flow_0_4 0 5.0 2.0,;HHL_QHDD_N g g,HHL_QHDD_S g g,HHL_QHDD_E r r,HHL_QHDD_W r r,
251.0 5.25 3.141592653589793 flow_5_2 0 5.0 2.0,-1.75 152.98499999999997 -1.5707963267948966 flow_0_5 0 5.0 2.0,-5.25 291.0 -1.5707963267948966 flow_1_2 0 5.0 2.0,-86.30499999999987 -1.75 0.0 flow_6_5 0 5.0 2.0,5.25 -291.0 1.5707963267948966 flow_3_2 0 5.0 2.0,-1.75 -264.0850000000002 -1.5707963267948966 flow_0_3 0 5.0 2.0,1.75 264.0850000000002 1.5707963267948966 flow_2_3 0 5.0 2.0,86.30499999999987 1.75 3.141592653589793 flow_4_5 0 5.0 2.0,-11.289999999999964 -1.75 0.0 flow_6_4 0 5.0 2.0,1.75 190.41500000000026 1.5707963267948966 flow_2_4 0 5.0 2.0,-1.75 -299.0900738525392 -1.5707963267948966 flow_0_2 0 5.0 2.0,-251.0 -5.25 0.0 flow_7_2 0 5.0 2.0,1.75 299.0900738525392 1.5707963267948966 flow_2_2 0 5.0 2.0,11.289999999999964 1.75 3.141592653589793 flow_4_4 0 5.0 2.0,1.75 -152.98499999999997 1.5707963267948966 flow_2_5 0 5.0 2.0,-1.75 -190.41500000000026 -1.5707963267948966 flow_0_4 0 5.0 2.0,;HHL_QHDD_N g g,HHL_QHDD_S g g,HHL_QHDD_E r r,HHL_QHDD_W r r,
236.0 5.25 3.141592653589793 flow_5_2 0 5.0 2.0,-1.75 136.31499999999995 -1.5707963267948966 flow_0_5 0 5.0 2.0,-5.25 284.0 -1.5707963267948966 flow_1_2 0 5.0 2.0,-69.63499999999988 -1.75 0.0 flow_6_5 0 5.0 2.0,5.25 -284.0 1.5707963267948966 flow_3_2 0 5.0 2.0,-1.75 -280.7550000000002 -1.5707963267948966 flow_0_3 0 5.0 2.0,1.75 280.7550000000002 1.5707963267948966 flow_2_3 0 5.0 2.0,69.63499999999988 1.75 3.141592653589793 flow_4_5 0 5.0 2.0,-11.289999999999964 -1.75 0.0 flow_6_4 0 5.0 2.0,1.75 207.08500000000027 1.5707963267948966 flow_2_4 0 5.0 2.0,-236.0 -5.25 0.0 flow_7_2 0 5.0 2.0,11.289999999999964 1.75 3.141592653589793 flow_4_4 0 5.0 2.0,1.75 -136.31499999999995 1.5707963267948966 flow_2_5 0 5.0 2.0,-1.75 -207.08500000000027 -1.5707963267948966 flow_0_4 0 5.0 2.0,;HHL_QHDD_N g g,HHL_QHDD_S g g,HHL_QHDD_E r r,HHL_QHDD_W r r,
219.665 5.25 3.141592653589793 flow_5_2 0 5.0 2.0,-1.75 119.64499999999993 -1.5707963267948966 flow_0_5 0 5.0 2.0,-5.25 275.0 -1.5707963267948966 flow_1_2 0 5.0 2.0,-52.96499999999986 -1.75 0.0 flow_6_5 0 5.0 2.0,5.25 -275.0 1.5707963267948966 flow_3_2 0 5.0 2.0,-1.75 -297.42500000000026 -1.5707963267948966 flow_0_3 0 5.0 2.0,1.75 297.42500000000026 1.5707963267948966 flow_2_3 0 5.0 2.0,52.96499999999986 1.75 3.141592653589793 flow_4_5 0 5.0 2.0,-11.289999999999964 -1.75 0.0 flow_6_4 0 5.0 2.0,1.75 223.75500000000029 1.5707963267948966 flow_2_4 0 5.0 2.0,-219.665 -5.25 0.0 flow_7_2 0 5.0 2.0,11.289999999999964 1.75 3.141592653589793 flow_4_4 0 5.0 2.0,1.75 -119.64499999999993 1.5707963267948966 flow_2_5 0 5.0 2.0,-1.75 -223.75500000000029 -1.5707963267948966 flow_0_4 0 5.0 2.0,;HHL_QHDD_N g g,HHL_QHDD_S g g,HHL_QHDD_E r r,HHL_QHDD_W r r,
202.995 5.25 3.141592653589793 flow_5_2 0 5.0 2.0,-1.75 102.97499999999991 -1.5707963267948966 flow_0_5 0 5.0 2.0,-5.25 264.0 -1.5707963267948966 flow_1_2 0 5.0 2.0,-38.04749554005957 -1.75 0.0 flow_6_5 0 5.0 2.0,5.25 -264.0 1.5707963267948966 flow_3_2 0 5.0 2.0,38.04749554005957 1.75 3.141592653589793 flow_4_5 0 5.0 2.0,-11.289999999999964 -1.75 0.0 flow_6_4 0 5.0 2.0,1.75 240.4250000000003 1.5707963267948966 flow_2_4 0 5.0 2.0,-202.995 -5.25 0.0 flow_7_2 0 5.0 2.0,11.289999999999964 1.75 3.141592653589793 flow_4_4 0 5.0 2.0,1.75 -102.97499999999991 1.5707963267948966 flow_2_5 0 5.0 2.0,-1.75 -240.4250000000003 -1.5707963267948966 flow_0_4 0 5.0 2.0,;HHL_QHDD_N g g,HHL_QHDD_S g g,HHL_QHDD_E r r,HHL_QHDD_W r r,
186.325 5.25 3.141592653589793 flow_5_2 0 5.0 2.0,299.0 1.75 3.141592653589793 flow_4_6 0 5.0 2.0,-1.75 86.30499999999987 -1.5707963267948966 flow_0_5 0 5.0 2.0,-5.25 251.0 -1.5707963267948966 flow_1_2 0 5.0 2.0,-27.132486620178953 -1.75 0.0 flow_6_5 0 5.0 2.0,-299.0 -1.75 0.0 flow_6_6 0 5.0 2.0,5.25 -251.0 1.5707963267948966 flow_3_2 0 5.0 2.0,27.132486620178953 1.75 3.141592653589793 flow_4_5 0 5.0 2.0,-11.289999999999964 -1.75 0.0 flow_6_4 0 5.0 2.0,1.75 257.0950000000003 1.5707963267948966 flow_2_4 0 5.0 2.0,-186.325 -5.25 0.0 flow_7_2 0 5.0 2.0,11.289999999999964 1.75 3.141592653589793 flow_4_4 0 5.0 2.0,1.75 -86.30499999999987 1.5707963267948966 flow_2_5 0 5.0 2.0,-1.75 -257.0950000000003 -1.5707963267948966 flow_0_4 0 5.0 2.0,;HHL_QHDD_N g g,HHL_QHDD_S g g,HHL_QHDD_E r r,HHL_QHDD_W r r,
169.65499999999998 5.25 3.141592653589793 flow_5_2 0 5.0 2.0,296.0 1.75 3.141592653589793 flow_4_6 0 5.0 2.0,-1.75 69.63499999999988 -1.5707963267948966 flow_0_5 0 5.0 2.0,-5.25 236.0 -1.5707963267948966 flow_1_2 0 5.0 2.0,-20.717477700298333 -1.75 0.0 flow_6_5 0 5.0 2.0,-296.0 -1.75 0.0 flow_6_6 0 5.0 2.0,5.25 -236.0 1.5707963267948966 flow_3_2 0 5.0 2.0,20.717477700298333 1.75 3.141592653589793 flow_4_5 0 5.0 2.0,-11.289999999999964 -1.75 0.0 flow_6_4 0 5.0 2.0,1.75 273.7650000000003 1.5707963267948966 flow_2_4 0 5.0 2.0,-169.65499999999998 -5.25 0.0 flow_7_2 0 5.0 2.0,11.289999999999964 1.75 3.141592653589793 flow_4_4 0 5.0 2.0,1.75 -69.63499999999988 1.5707963267948966 flow_2_5 0 5.0 2.0,-1.75 -273.7650000000003 -1.5707963267948966 flow_0_4 0 5.0 2.0,;HHL_QHDD_N g g,HHL_QHDD_S g g,HHL_QHDD_E r r,HHL_QHDD_W r r,
152.98499999999997 5.25 3.141592653589793 flow_5_2 0 5.0 2.0,291.0 1.75 3.141592653589793 flow_4_6 0 5.0 2.0,-1.75 52.96499999999986 -1.5707963267948966 flow_0_5 0 5.0 2.0,-5.25 219.665 -1.5707963267948966 flow_1_2 0 5.0 2.0,-18.789999999999965 -1.75 0.0 flow_6_5 0 5.0 2.0,-291.0 -1.75 0.0 flow_6_6 0 5.0 2.0,5.25 -219.665 1.5707963267948966 flow_3_2 0 5.0 2.0,18.789999999999965 1.75 3.141592653589793 flow_4_5 0 5.0 2.0,-11.289999999999964 -1.75 0.0 flow_6_4 0 5.0 2.0,1.75 290.43500000000037 1.5707963267948966 flow_2_4 0 5.0 2.0,-152.98499999999997 -5.25 0.0 flow_7_2 0 5.0 2.0,11.289999999999964 1.75 3.141592653589793 flow_4_4 0 5.0 2.0,1.75 -52.96499999999986 1.5707963267948966 flow_2_5 0 5.0 2.0,-1.75 -290.43500000000037 -1.5707963267948966 flow_0_4 0 5.0 2.0,;HHL_QHDD_N g g,HHL_QHDD_S g g,HHL_QHDD_E r r,HHL_QHDD_W r r,
136.31499999999995 5.25 3.141592653589793 flow_5_2 0 5.0 2.0,284.0 1.75 3.141592653589793 flow_4_6 0 5.0 2.0,-1.75 36.294999999999848 -1.5707963267948966 flow_0_5 0 5.0 2.0,-5.25 202.995 -1.5707963267948966 flow_1_2 0 5.0 2.0,-18.789999999999965 -1.75 0.0 flow_6_5 0 5.0 2.0,-284.0 -1.75 0.0 flow_6_6 0 5.0 2.0,5.25 -202.995 1.5707963267948966 flow_3_2 0 5.0 2.0,18.789999999999965 1.75 3.141592653589793 flow_4_5 0 5.0 2.0,-11.289999999999964 -1.75 0.0 flow_6_4 0 5.0 2.0,-136.31499999999995 -5.25 0.0 flow_7_2 0 5.0 2.0,11.289999999999964 1.75 3.141592653589793 flow_4_4 0 5.0 2.0,1.75 -36.294999999999848 1.5707963267948966 flow_2_5 0 5.0 2.0,;HHL_QHDD_N g g,HHL_QHDD_S g g,HHL_QHDD_E r r,HHL_QHDD_W r r,
119.64499999999993 5.25 3.141592653589793 flow_5_2 0 5.0 2.0,275.0 1.75 3.141592653589793 flow_4_6 0 5.0 2.0,-1.75 19.62499999999983 -1.5707963267948966 flow_0_5 0 5.0 2.0,-5.25 186.325 -1.5707963267948966 flow_1_2 0 5.0 2.0,-18.789999999999965 -1.75 0.0 flow_6_5 0 5.0 2.0,-275.0 -1.75 0.0 flow_6_6 0 5.0 2.0,5.25 -186.325 1.5707963267948966 flow_3_2 0 5.0 2.0,18.789999999999965 1.75 3.141592653589793 flow_4_5 0 5.0 2.0,1.75 -299.0 1.5707963267948966 flow_2_6 0 5.0 2.0,-11.289999999999964 -1.75 0.0 flow_6_4 0 5.0 2.0,-119.64499999999993 -5.25 0.0 flow_7_2 0 5.0 2.0,-1.75 299.0 -1.5707963267948966 flow_0_6 0 5.0 2.0,11.289999999999964 1.75 3.141592653589793 flow_4_4 0 5.0 2.0,1.75 -19.62499999999983 1.5707963267948966 flow_2_5 0 5.0 2.0,;HHL_QHDD_N g g,HHL_QHDD_S g g,HHL_QHDD_E r r,HHL_QHDD_W r r,
102.97499999999991 5.25 3.141592653589793 flow_5_2 0 5.0 2.0,264.0 1.75 3.141592653589793 flow_4_6 0 5.0 2.0,-1.75 -2.0450000000001866 -1.5707963267948966 flow_0_5 0 5.0 2.0,-5.25 169.65499999999998 -1.5707963267948966 flow_1_2 0 5.0 2.0,-18.789999999999965 -1.75 0.0 flow_6_5 0 5.0 2.0,-264.0 -1.75 0.0 flow_6_6 0 5.0 2.0,5.25 -169.65499999999998 1.5707963267948966 flow_3_2 0 5.0 2.0,18.789999999999965 1.75 3.141592653589793 flow_4_5 0 5.0 2.0,1.75 -296.0 1.5707963267948966 flow_2_6 0 5.0 2.0,-11.289999999999964 -1.75 0.0 flow_6_4 0 5.0 2.0,-102.97499999999991 -5.25 0.0 flow_7_2 0 5.0 2.0,-1.75 296.0 -1.5707963267948966 flow_0_6 0 5.0 2.0,11.289999999999964 1.75 3.141592653589793 flow_4_4 0 5.0 2.0,1.75 2.0450000000001866 1.5707963267948966 flow_2_5 0 5.0 2.0,;HHL_QHDD_N g g,HHL_QHDD_S g g,HHL_QHDD_E r r,HHL_QHDD_W r r,
86.30499999999987 5.25 3.141592653589793 flow_5_2 0 5.0 2.0,251.0 1.75 3.141592653589793 flow_4_6 0 5.0 2.0,-1.75 -23.715000000000189 -1.5707963267948966 flow_0_5 0 5.0 2.0,-5.25 152.98499999999997 -1.5707963267948966 flow_1_2 0 5.0 2.0,-18.789999999999965 -1.75 0.0 flow_6_5 0 5.0 2.0,-251.0 -1.75 0.0 flow_6_6 0 5.0 2.0,5.25 -152.98499999999997 1.5707963267948966 flow_3_2 0 5.0 2.0,18.789999999999965 1.75 3.141592653589793 flow_4_5 0 5.0 2.0,1.75 -291.0 1.5707963267948966 flow_2_6 0 5.0 2.0,-11.289999999999964 -1.75 0.0 flow_6_4 0 5.0 2.0,-86.30499999999987 -5.25 0.0 flow_7_2 0 5.0 2.0,-1.75 291.0 -1.5707963267948966 flow_0_6 0 5.0 2.0,11.289999999999964 1.75 3.141592653589793 flow_4_4 0 5.0 2.0,1.75 23.715000000000189 1.5707963267948966 flow_2_5 0 5.0 2.0,;HHL_QHDD_N g g,HHL_QHDD_S g g,HHL_QHDD_E r r,HHL_QHDD_W r r,
69.63499999999988 5.25 3.141592653589793 flow_5_2 0 5.0 2.0,236.0 1.75 3.141592653589793 flow_4_6 0 5.0 2.0,-1.75 -40.38500000000019 -1.5707963267948966 flow_0_5 0 5.0 2.0,-5.25 136.31499999999995 -1.5707963267948966 flow_1_2 0 5.0 2.0,-18.789999999999965 -1.75 0.0 flow_6_5 0 5.0 2.0,-236.0 -1.75 0.0 flow_6_6 0 5.0 2.0,5.25 -136.31499999999995 1.5707963267948966 flow_3_2 0 5.0 2.0,18.789999999999965 1.75 3.141592653589793 flow_4_5 0 5.0 2.0,1.75 -284.0 1.5707963267948966 flow_2_6 0 5.0 2.0,-11.289999999999964 -1.75 0.0 flow_6_4 0 5.0 2.0,-69.63499999999988 -5.25 0.0 flow_7_2 0 5.0 2.0,-1.75 284.0 -1.5707963267948966 flow_0_6 0 5.0 2.0,11.289999999999964 1.75 3.141592653589793 flow_4_4 0 5.0 2.0,1.75 40.38500000000019 1.5707963267948966 flow_2_5 0 5.0 2.0,;HHL_QHDD_N g g,HHL_QHDD_S g g,HHL_QHDD_E r r,HHL_QHDD_W r r,
52.96499999999986 5.25 3.141592653589793 flow_5_2 0 5.0 2.0,219.665 1.75 3.141592653589793 flow_4_6 0 5.0 2.0,-1.75 -57.05500000000019 -1.5707963267948966 flow_0_5 0 5.0 2.0,-5.25 119.64499999999993 -1.5707963267948966 flow_1_2 0 5.0 2.0,-18.789999999999965 -1.75 0.0 flow_6_5 0 5.0 2.0,-219.665 -1.75 0.0 flow_6_6 0 5.0 2.0,5.25 -119.64499999999993 1.5707963267948966 flow_3_2 0 5.0 2.0,18.789999999999965 1.75 3.141592653589793 flow_4_5 0 5.0 2.0,1.75 -275.0 1.5707963267948966 flow_2_6 0 5.0 2.0,-11.289999999999964 -1.75 0.0 flow_6_4 0 5.0 2.0,-52.96499999999986 -5.25 0.0 flow_7_2 0 5.0 2.0,-1.75 275.0 -1.5707963267948966 flow_0_6 0 5.0 2.0,11.289999999999964 1.75 3.141592653589793 flow_4_4 0 5.0 2.0,1.75 57.05500000000019 1.5707963267948966 flow_2_5 0 5.0 2.0,;HHL_QHDD_N g g,HHL_QHDD_S g g,HHL_QHDD_E r r,HHL_QHDD_W r r,
37.961999999999878 5.25 3.141592653589793 flow_5_2 0 5.0 2.0,202.995 1.75 3.141592653589793 flow_4_6 0 5.0 2.0,-1.75 -73.7250000000002 -1.5707963267948966 flow_0_5 0 5.0 2.0,-5.25 102.97499999999991 -1.5707963267948966 flow_1_2 0 5.0 2.0,-18.789999999999965 -1.75 0.0 flow_6_5 0 5.0 2.0,-202.995 -1.75 0.0 flow_6_6 0 5.0 2.0,5.25 -102.97499999999991 1.5707963267948966 flow_3_2 0 5.0 2.0,18.789999999999965 1.75 3.141592653589793 flow_4_5 0 5.0 2.0,1.75 -264.0 1.5707963267948966 flow_2_6 0 5.0 2.0,-11.289999999999964 -1.75 0.0 flow_6_4 0 5.0 2.0,-37.961999999999878 -5.25 0.0 flow_7_2 0 5.0 2.0,-1.75 264.0 -1.5707963267948966 flow_0_6 0 5.0 2.0,11.289999999999964 1.75 3.141592653589793 flow_4_4 0 5.0 2.0,1.75 73.7250000000002 1.5707963267948966 flow_2_5 0 5.0 2.0,;HHL_QHDD_N g g,HHL_QHDD_S g g,HHL_QHDD_E r r,HHL_QHDD_W r r,
26.292999999999894 5.25 3.141592653589793 flow_5_2 0 5.0 2.0,186.325 1.75 3.141592653589793 flow_4_6 0 5.0 2.0,-1.75 -90.3950000000002 -1.5707963267948966 flow_0_5 0 5.0 2.0,-5.25 86.30499999999987 -1.5707963267948966 flow_1_2 0 5.0 2.0,-18.789999999999965 -1.75 0.0 flow_6_5 0 5.0 2.0,-186.325 -1.75 0.0 flow_6_6 0 5.0 2.0,5.25 -86.30499999999987 1.5707963267948966 flow_3_2 0 5.0 2.0,18.789999999999965 1.75 3.141592653589793 flow_4_5 0 5.0 2.0,1.75 -251.0 1.5707963267948966 flow_2_6 0 5.0 2.0,-11.289999999999964 -1.75 0.0 flow_6_4 0 5.0 2.0,-26.292999999999894 -5.25 0.0 flow_7_2 0 5.0 2.0,-1.75 251.0 -1.5707963267948966 flow_0_6 0 5.0 2.0,11.289999999999964 1.75 3.141592653589793 flow_4_4 0 5.0 2.0,1.75 90.3950000000002 1.5707963267948966 flow_2_5 0 5.0 2.0,;HHL_QHDD_N g g,HHL_QHDD_S g g,HHL_QHDD_E r r,HHL_QHDD_W r r,
17.957999999999914 5.25 3.141592653589793 flow_5_2 0 5.0 2.0,169.65499999999998 1.75 3.141592653589793 flow_4_6 0 5.0 2.0,-1.75 -107.0650000000002 -1.5707963267948966 flow_0_5 0 5.0 2.0,-5.25 69.63499999999988 -1.5707963267948966 flow_1_2 0 5.0 2.0,-18.789999999999965 -1.75 0.0 flow_6_5 0 5.0 2.0,-169.65499999999998 -1.75 0.0 flow_6_6 0 5.0 2.0,5.25 -69.63499999999988 1.5707963267948966 flow_3_2 0 5.0 2.0,18.789999999999965 1.75 3.141592653589793 flow_4_5 0 5.0 2.0,1.75 -236.0 1.5707963267948966 flow_2_6 0 5.0 2.0,-11.289999999999964 -1.75 0.0 flow_6_4 0 5.0 2.0,-17.957999999999914 -5.25 0.0 flow_7_2 0 5.0 2.0,-1.75 236.0 -1.5707963267948966 flow_0_6 0 5.0 2.0,11.289999999999964 1.75 3.141592653589793 flow_4_4 0 5.0 2.0,1.75 107.0650000000002 1.5707963267948966 flow_2_5 0 5.0 2.0,;HHL_QHDD_N g g,HHL_QHDD_S g g,HHL_QHDD_E r r,HHL_QHDD_W r r,
12.956999999999937 5.25 3.141592653589793 flow_5_2 0 5.0 2.0,152.98499999999997 1.75 3.141592653589793 flow_4_6 0 5.0 2.0,-1.75 -123.7350000000002 -1.5707963267948966 flow_0_5 0 5.0 2.0,-5.25 55.21499999999986 -1.5707963267948966 flow_1_2 0 5.0 2.0,-18.789999999999965 -1.75 0.0 flow_6_5 0 5.0 2.0,-152.98499999999997 -1.75 0.0 flow_6_6 0 5.0 2.0,5.25 -55.21499999999986 1.5707963267948966 flow_3_2 0 5.0 2.0,18.789999999999965 1.75 3.141592653589793 flow_4_5 0 5.0 2.0,1.75 -219.665 1.5707963267948966 flow_2_6 0 5.0 2.0,-11.289999999999964 -1.75 0.0 flow_6_4 0 5.0 2.0,-12.956999999999937 -5.25 0.0 flow_7_2 0 5.0 2.0,-1.75 219.665 -1.5707963267948966 flow_0_6 0 5.0 2.0,11.289999999999964 1.75 3.141592653589793 flow_4_4 0 5.0 2.0,1.75 123.7350000000002 1.5707963267948966 flow_2_5 0 5.0 2.0,;HHL_QHDD_N g g,HHL_QHDD_S g g,HHL_QHDD_E r r,HHL_QHDD_W r r,
11.289999999999964 5.25 3.141592653589793 flow_5_2 0 5.0 2.0,136.31499999999995 1.75 3.141592653589793 flow_4_6 0 5.0 2.0,-1.75 -140.4050000000002 -1.5707963267948966 flow_0_5 0 5.0 2.0,-5.25 44.96334999999988 -1.5707963267948966 flow_1_2 0 5.0 2.0,-18.789999999999965 -1.75 0.0 flow_6_5 0 5.0 2.0,-136.31499999999995 -1.75 0.0 flow_6_6 0 5.0 2.0,5.25 -44.96334999999988 1.5707963267948966 flow_3_2 0 5.0 2.0,18.789999999999965 1.75 3.141592653589793 flow_4_5 0 5.0 2.0,1.75 -202.995 1.5707963267948966 flow_2_6 0 5.0 2.0,-11.289999999999964 -1.75 0.0 flow_6_4 0 5.0 2.0,-11.289999999999964 -5.25 0.0 flow_7_2 0 5.0 2.0,-1.75 202.995 -1.5707963267948966 flow_0_6 0 5.0 2.0,11.289999999999964 1.75 3.141592653589793 flow_4_4 0 5.0 2.0,1.75 140.4050000000002 1.5707963267948966 flow_2_5 0 5.0 2.0,;HHL_QHDD_N g g,HHL_QHDD_S g g,HHL_QHDD_E r r,HHL_QHDD_W r r,
11.289999999999964 5.25 3.141592653589793 flow_5_2 0 5.0 2.0,119.64499999999993 1.75 3.141592653589793 flow_4_6 0 5.0 2.0,-1.75 -157.07500000000023 -1.5707963267948966 flow_0_5 0 5.0 2.0,-5.25 36.63004999999987 -1.5707963267948966 flow_1_2 0 5.0 2.0,-18.789999999999965 -1.75 0.0 flow_6_5 0 5.0 2.0,-119.64499999999993 -1.75 0.0 flow_6_6 0 5.0 2.0,5.25 -36.63004999999987 1.5707963267948966 flow_3_2 0 5.0 2.0,18.789999999999965 1.75 3.141592653589793 flow_4_5 0 5.0 2.0,1.75 -186.325 1.5707963267948966 flow_2_6 0 5.0 2.0,-11.289999999999964 -1.75 0.0 flow_6_4 0 5.0 2.0,-11.289999999999964 -5.25 0.0 flow_7_2 0 5.0 2.0,-1.75 186.325 -1.5707963267948966 flow_0_6 0 5.0 2.0,11.289999999999964 1.75 3.141592653589793 flow_4_4 0 5.0 2.0,1.75 157.07500000000023 1.5707963267948966 flow_2_5 0 5.0 2.0,;HHL_QHDD_N g g,HHL_QHDD_S g g,HHL_QHDD_E r r,HHL_QHDD_W r r,
11.289999999999964 5.25 3.141592653589793 flow_5_2 0 5.0 2.0,102.97499999999991 1.75 3.141592653589793 flow_4_6 0 5.0 2.0,-1.75 -173.74500000000024 -1.5707963267948966 flow_0_5 0 5.0 2.0,-5.25 28.29674999999986 -1.5707963267948966 flow_1_2 0 5.0 2.0,-18.789999999999965 -1.75 0.0 flow_6_5 0 5.0 2.0,-102.97499999999991 -1.75 0.0 flow_6_6 0 5.0 2.0,5.25 -28.29674999999986 1.5707963267948966 flow_3_2 0 5.0 2.0,18.789999999999965 1.75 3.141592653589793 flow_4_5 0 5.0 2.0,1.75 -169.65499999999998 1.5707963267948966 flow_2_6 0 5.0 2.0,-11.289999999999964 -1.75 0.0 flow_6_4 0 5.0 2.0,-11.289999999999964 -5.25 0.0 flow_7_2 0 5.0 2.0,-1.75 169.65499999999998 -1.5707963267948966 flow_0_6 0 5.0 2.0,11.289999999999964 1.75 3.141592653589793 flow_4_4 0 5.0 2.0,1.75 173.74500000000024 1.5707963267948966 flow_2_5 0 5.0 2.0,;HHL_QHDD_N g g,HHL_QHDD_S g g,HHL_QHDD_E r r,HHL_QHDD_W r r,
11.289999999999964 5.25 3.141592653589793 flow_5_2 0 5.0 2.0,86.30499999999987 1.75 3.141592653589793 flow_4_6 0 5.0 2.0,-1.75 -190.41500000000026 -1.5707963267948966 flow_0_5 0 5.0 2.0,-5.25 19.963449999999854 -1.5707963267948966 flow_1_2 0 5.0 2.0,-18.789999999999965 -1.75 0.0 flow_6_5 0 5.0 2.0,-86.30499999999987 -1.75 0.0 flow_6_6 0 5.0 2.0,5.25 -19.963449999999854 1.5707963267948966 flow_3_2 0 5.0 2.0,18.789999999999965 1.75 3.141592653589793 flow_4_5 0 5.0 2.0,1.75 -152.98499999999997 1.5707963267948966 flow_2_6 0 5.0 2.0,-11.289999999999964 -1.75 0.0 flow_6_4 0 5.0 2.0,-11.289999999999964 -5.25 0.0 flow_7_2 0 5.0 2.0,-1.75 152.98499999999997 -1.5707963267948966 flow_0_6 0 5.0 2.0,11.289999999999964 1.75 3.141592653589793 flow_4_4 0 5.0 2.0,1.75 190.41500000000026 1.5707963267948966 flow_2_5 0 5.0 2.0,;HHL_QHDD_N g g,HHL_QHDD_S g g,HHL_QHDD_E r r,HHL_QHDD_W r r,
11.289999999999964 5.25 3.141592653589793 flow_5_2 0 5.0 2.0,69.63499999999988 1.75 3.141592653589793 flow_4_6 0 5.0 2.0,-1.75 -207.08500000000027 -1.5707963267948966 flow_0_5 0 5.0 2.0,-5.25 11.630149999999844 -1.5707963267948966 flow_1_2 0 5.0 2.0,-18.789999999999965 -1.75 0.0 flow_6_5 0 5.0 2.0,-69.63499999999988 -1.75 0.0 flow_6_6 0 5.0 2.0,5.25 -11.630149999999844 1.5707963267948966 flow_3_2 0 5.0 2.0,18.789999999999965 1.75 3.141592653589793 flow_4_5 0 5.0 2.0,1.75 -136.31499999999995 1.5707963267948966 flow_2_6 0 5.0 2.0,-11.289999999999964 -1.75 0.0 flow_6_4 0 5.0 2.0,-11.289999999999964 -5.25 0.0 flow_7_2 0 5.0 2.0,-1.75 136.31499999999995 -1.5707963267948966 flow_0_6 0 5.0 2.0,11.289999999999964 1.75 3.141592653589793 flow_4_4 0 5.0 2.0,1.75 207.08500000000027 1.5707963267948966 flow_2_5 0 5.0 2.0,;HHL_QHDD_N g g,HHL_QHDD_S g g,HHL_QHDD_E r r,HHL_QHDD_W r r,
11.289999999999964 5.25 3.141592653589793 flow_5_2 0 5.0 2.0,53.478597091567909 1.75 3.141592653589793 flow_4_6 0 5.0 2.0,-1.75 -223.75500000000029 -1.5707963267948966 flow_0_5 0 5.0 2.0,3.2495743538325976 -0.8074631136021678 -0.4939413689195812 flow_1_2 0 5.0 2.0,-18.789999999999965 -1.75 0.0 flow_6_5 0 5.0 2.0,-53.478597091567909 -1.75 0.0 flow_6_6 0 5.0 2.0,-3.2495743538325976 0.8074631136021678 2.647651284670212 flow_3_2 0 5.0 2.0,18.789999999999965 1.75 3.141592653589793 flow_4_5 0 5.0 2.0,1.75 -119.64499999999993 1.5707963267948966 flow_2_6 0 5.0 2.0,-11.289999999999964 -1.75 0.0 flow_6_4 0 5.0 2.0,-11.289999999999964 -5.25 0.0 flow_7_2 0 5.0 2.0,-1.75 119.64499999999993 -1.5707963267948966 flow_0_6 0 5.0 2.0,11.289999999999964 1.75 3.141592653589793 flow_4_4 0 5.0 2.0,1.75 223.75500000000029 1.5707963267948966 flow_2_5 0 5.0 2.0,;HHL_QHDD_N r r,HHL_QHDD_S r r,HHL_QHDD_E r r,HHL_QHDD_W r r,
11.289999999999964 5.25 3.141592653589793 flow_5_2 0 5.0 2.0,40.08579127470398 1.75 3.141592653589793 flow_4_6 0 5.0 2.0,-1.75 -240.4250000000003 -1.5707963267948966 flow_0_5 0 5.0 2.0,17.345244234941818 -1.75 0.0 flow_1_2 0 5.0 2.0,-18.789999999999965 -1.75 0.0 flow_6_5 0 5.0 2.0,-40.08579127470398 -1.75 0.0 flow_6_6 0 5.0 2.0,-17.345244234941818 1.75 3.141592653589793 flow_3_2 0 5.0 2.0,18.789999999999965 1.75 3.141592653589793 flow_4_5 0 5.0 2.0,1.75 -102.97499999999991 1.5707963267948966 flow_2_6 0 5.0 2.0,-11.289999999999964 -1.75 0.0 flow_6_4 0 5.0 2.0,-11.289999999999964 -5.25 0.0 flow_7_2 0 5.0 2.0,-1.75 102.97499999999991 -1.5707963267948966 flow_0_6 0 5.0 2.0,-299.0 -1.75 0.0 flow_6_7 0 5.0 2.0,11.289999999999964 1.75 3.141592653589793 flow_4_4 0 5.0 2.0,1.75 240.4250000000003 1.5707963267948966 flow_2_5 0 5.0 2.0,299.0 1.75 3.141592653589793 flow_4_7 0 5.0 2.0,;HHL_QHDD_N r r,HHL_QHDD_S r r,HHL_QHDD_E r r,HHL_QHDD_W r r,
11.289999999999964 5.25 3.141592653589793 flow_5_2 0 5.0 2.0,31.192985457840054 1.75 3.141592653589793 flow_4_6 0 5.0 2.0,-1.75 -257.0950000000003 -1.5707963267948966 flow_0_5 0 5.0 2.0,28.678544234941819 -1.75 0.0 flow_1_2 0 5.0 2.0,-18.789999999999965 -1.75 0.0 flow_6_5 0 5.0 2.0,-31.192985457840054 -1.75 0.0 flow_6_6 0 5.0 2.0,-28.678544234941819 1.75 3.141592653589793 flow_3_2 0 5.0 2.0,18.789999999999965 1.75 3.141592653589793 flow_4_5 0 5.0 2.0,1.75 -86.30499999999987 1.5707963267948966 flow_2_6 0 5.0 2.0,-11.289999999999964 -1.75 0.0 flow_6_4 0 5.0 2.0,-11.289999999999964 -5.25 0.0 flow_7_2 0 5.0 2.0,-1.75 86.30499999999987 -1.5707963267948966 flow_0_6 0 5.0 2.0,-296.0 -1.75 0.0 flow_6_7 0 5.0 2.0,11.289999999999964 1.75 3.141592653589793 flow_4_4 0 5.0 2.0,1.75 257.0950000000003 1.5707963267948966 flow_2_5 0 5.0 2.0,296.0 1.75 3.141592653589793 flow_4_7 0 5.0 2.0,;HHL_QHDD_N r r,HHL_QHDD_S r r,HHL_QHDD_E r r,HHL_QHDD_W r r,
10.289999999999964 5.25 3.141592653589793 flow_5_2 0 5.0 2.0,26.800179640976127 1.75 3.141592653589793 flow_4_6 0 5.0 2.0,-1.75 -273.7650000000003 -1.5707963267948966 flow_0_5 0 5.0 2.0,42.01184423494182 -1.75 0.0 flow_1_2 0 5.0 2.0,-18.789999999999965 -1.75 0.0 flow_6_5 0 5.0 2.0,-26.800179640976127 -1.75 0.0 flow_6_6 0 5.0 2.0,-42.01184423494182 1.75 3.141592653589793 flow_3_2 0 5.0 2.0,18.789999999999965 1.75 3.141592653589793 flow_4_5 0 5.0 2.0,1.75 -69.63499999999988 1.5707963267948966 flow_2_6 0 5.0 2.0,-11.289999999999964 -1.75 0.0 flow_6_4 0 5.0 2.0,-10.289999999999964 -5.25 0.0 flow_7_2 0 5.0 2.0,-1.75 69.63499999999988 -1.5707963267948966 flow_0_6 0 5.0 2.0,-291.0 -1.75 0.0 flow_6_7 0 5.0 2.0,11.289999999999964 1.75 3.141592653589793 flow_4_4 0 5.0 2.0,1.75 273.7650000000003 1.5707963267948966 flow_2_5 0 5.0 2.0,291.0 1.75 3.141592653589793 flow_4_7 0 5.0 2.0,;HHL_QHDD_N r r,HHL_QHDD_S r r,HHL_QHDD_E g g,HHL_QHDD_W g g,
2.2899999999999638 -1.75 3.141592653589793 flow_5_2 0 5.0 2.0,26.289999999999908 1.75 3.141592653589793 flow_4_6 0 5.0 2.0,-1.75 -290.43500000000037 -1.5707963267948966 flow_0_5 0 5.0 2.0,57.34514423494182 -1.75 0.0 flow_1_2 0 5.0 2.0,-18.789999999999965 -1.75 0.0 flow_6_5 0 5.0 2.0,-26.289999999999908 -1.75 0.0 flow_6_6 0 5.0 2.0,-57.34514423494182 1.75 3.141592653589793 flow_3_2 0 5.0 2.0,18.789999999999965 1.75 3.141592653589793 flow_4_5 0 5.0 2.0,1.75 -52.96499999999986 1.5707963267948966 flow_2_6 0 5.0 2.0,-11.289999999999964 -1.75 0.0 flow_6_4 0 5.0 2.0,-2.2899999999999638 1.75 0.0 flow_7_2 0 5.0 2.0,-1.75 52.96499999999986 -1.5707963267948966 flow_0_6 0 5.0 2.0,-284.0 -1.75 0.0 flow_6_7 0 5.0 2.0,11.289999999999964 1.75 3.141592653589793 flow_4_4 0 5.0 2.0,1.75 290.43500000000037 1.5707963267948966 flow_2_5 0 5.0 2.0,284.0 1.75 3.141592653589793 flow_4_7 0 5.0 2.0,;HHL_QHDD_N r r,HHL_QHDD_S r r,HHL_QHDD_E g g,HHL_QHDD_W g g,
-1.2848105204249146 -4.136076680789127 -2.0647376957144778 flow_5_2 0 5.0 2.0,26.289999999999908 1.75 3.141592653589793 flow_4_6 0 5.0 2.0,73.84679423494183 -1.75 0.0 flow_1_2 0 5.0 2.0,-18.789999999999965 -1.75 0.0 flow_6_5 0 5.0 2.0,-26.289999999999908 -1.75 0.0 flow_6_6 0 5.0 2.0,-73.84679423494183 1.75 3.141592653589793 flow_3_2 0 5.0 2.0,18.789999999999965 1.75 3.141592653589793 flow_4_5 0 5.0 2.0,1.75 -37.961999999999878 1.5707963267948966 flow_2_6 0 5.0 2.0,-11.289999999999964 -1.75 0.0 flow_6_4 0 5.0 2.0,1.2848105204249146 4.136076680789127 1.0768549578753155 flow_7_2 0 5.0 2.0,-1.75 37.961999999999878 -1.5707963267948966 flow_0_6 0 5.0 2.0,-275.0 -1.75 0.0 flow_6_7 0 5.0 2.0,11.289999999999964 1.75 3.141592653589793 flow_4_4 0 5.0 2.0,275.0 1.75 3.141592653589793 flow_4_7 0 5.0 2.0,;HHL_QHDD_N r r,HHL_QHDD_S r r,HHL_QHDD_E g g,HHL_QHDD_W g g,
-1.75 -16.018794234941688 -1.5707963267948966 flow_5_2 0 5.0 2.0,26.289999999999908 1.75 3.141592653589793 flow_4_6 0 5.0 2.0,90.51679423494183 -1.75 0.0 flow_1_2 0 5.0 2.0,-18.789999999999965 -1.75 0.0 flow_6_5 0 5.0 2.0,-26.289999999999908 -1.75 0.0 flow_6_6 0 5.0 2.0,-90.51679423494183 1.75 3.141592653589793 flow_3_2 0 5.0 2.0,18.789999999999965 1.75 3.141592653589793 flow_4_5 0 5.0 2.0,1.75 -26.292999999999894 1.5707963267948966 flow_2_6 0 5.0 2.0,-10.289999999999964 -1.75 0.0 flow_6_4 0 5.0 2.0,1.75 16.018794234941688 1.5707963267948966 flow_7_2 0 5.0 2.0,-1.75 26.292999999999894 -1.5707963267948966 flow_0_6 0 5.0 2.0,-264.0 -1.75 0.0 flow_6_7 0 5.0 2.0,1.75 -299.0 1.5707963267948966 flow_2_7 0 5.0 2.0,10.289999999999964 1.75 3.141592653589793 flow_4_4 0 5.0 2.0,-1.75 299.0 -1.5707963267948966 flow_0_7 0 5.0 2.0,264.0 1.75 3.141592653589793 flow_4_7 0 5.0 2.0,;HHL_QHDD_N r r,HHL_QHDD_S r r,HHL_QHDD_E g g,HHL_QHDD_W g g,
-1.75 -25.018794234941688 -1.5707963267948966 flow_5_2 0 5.0 2.0,26.289999999999908 1.75 3.141592653589793 flow_4_6 0 5.0 2.0,107.18679423494183 -1.75 0.0 flow_1_2 0 5.0 2.0,-18.039999999999965 -1.75 0.0 flow_6_5 0 5.0 2.0,-26.289999999999908 -1.75 0.0 flow_6_6 0 5.0 2.0,-107.18679423494183 1.75 3.141592653589793 flow_3_2 0 5.0 2.0,18.039999999999965 1.75 3.141592653589793 flow_4_5 0 5.0 2.0,1.75 -17.957999999999914 1.5707963267948966 flow_2_6 0 5.0 2.0,-2.2899999999999638 -1.75 0.0 flow_6_4 0 5.0 2.0,1.75 25.018794234941688 1.5707963267948966 flow_7_2 0 5.0 2.0,-1.75 17.957999999999914 -1.5707963267948966 flow_0_6 0 5.0 2.0,-251.0 -1.75 0.0 flow_6_7 0 5.0 2.0,1.75 -296.0 1.5707963267948966 flow_2_7 0 5.0 2.0,2.2899999999999638 1.75 3.141592653589793 flow_4_4 0 5.0 2.0,-1.75 296.0 -1.5707963267948966 flow_0_7 0 5.0 2.0,251.0 1.75 3.141592653589793 flow_4_7 0 5.0 2.0,;HHL_QHDD_N r r,HHL_QHDD_S r r,HHL_QHDD_E g g,HHL_QHDD_W g g,
-1.75 -36.01879423494169 -1.5707963267948966 flow_5_2 0 5.0 2.0,26.289999999999908 1.75 3.141592653589793 flow_4_6 0 5.0 2.0,123.85679423494183 -1.75 0.0 flow_1_2 0 5.0 2.0,-15.539999999999964 -1.75 0.0 flow_6_5 0 5.0 2.0,-26.289999999999908 -1.75 0.0 flow_6_6 0 5.0 2.0,-123.85679423494183 1.75 3.141592653589793 flow_3_2 0 5.0 2.0,15.539999999999964 1.75 3.141592653589793 flow_4_5 0 5.0 2.0,1.75 -12.956999999999937 1.5707963267948966 flow_2_6 0 5.0 2.0,2.7100000000000366 -1.75 0.0 flow_6_4 0 5.0 2.0,1.75 36.01879423494169 1.5707963267948966 flow_7_2 0 5.0 2.0,-1.75 12.956999999999937 -1.5707963267948966 flow_0_6 0 5.0 2.0,-236.0 -1.75 0.0 flow_6_7 0 5.0 2.0,1.75 -291.0 1.5707963267948966 flow_2_7 0 5.0 2.0,-2.7100000000000366 1.75 3.141592653589793 flow_4_4 0 5.0 2.0,-1.75 291.0 -1.5707963267948966 flow_0_7 0 5.0 2.0,236.0 1.75 3.141592653589793 flow_4_7 0 5.0 2.0,;HHL_QHDD_N r r,HHL_QHDD_S r r,HHL_QHDD_E g g,HHL_QHDD_W g g,
-1.75 -49.01879423494169 -1.5707963267948966 flow_5_2 0 5.0 2.0,25.289999999999908 1.75 3.141592653589793 flow_4_6 0 5.0 2.0,140.52679423494184 -1.75 0.0 flow_1_2 0 5.0 2.0,-11.039999999999964 -1.75 0.0 flow_6_5 0 5.0 2.0,-25.289999999999908 -1.75 0.0 flow_6_6 0 5.0 2.0,-140.52679423494184 1.75 3.141592653589793 flow_3_2 0 5.0 2.0,11.039999999999964 1.75 3.141592653589793 flow_4_5 0 5.0 2.0,1.75 -11.289999999999964 1.5707963267948966 flow_2_6 0 5.0 2.0,14.710000000000037 -1.75 0.0 flow_6_4 0 5.0 2.0,1.75 49.01879423494169 1.5707963267948966 flow_7_2 0 5.0 2.0,-1.75 11.289999999999964 -1.5707963267948966 flow_0_6 0 5.0 2.0,-219.665 -1.75 0.0 flow_6_7 0 5.0 2.0,1.75 -284.0 1.5707963267948966 flow_2_7 0 5.0 2.0,-14.710000000000037 1.75 3.141592653589793 flow_4_4 0 5.0 2.0,-1.75 284.0 -1.5707963267948966 flow_0_7 0 5.0 2.0,219.665 1.75 3.141592653589793 flow_4_7 0 5.0 2.0,;HHL_QHDD_N r r,HHL_QHDD_S r r,HHL_QHDD_E g g,HHL_QHDD_W g g,
-1.75 -64.01879423494168 -1.5707963267948966 flow_5_2 0 5.0 2.0,22.289999999999908 1.75 3.141592653589793 flow_4_6 0 5.0 2.0,157.19679423494183 -1.75 0.0 flow_1_2 0 5.0 2.0,0.4600000000000364 -1.75 0.0 flow_6_5 0 5.0 2.0,-22.289999999999908 -1.75 0.0 flow_6_6 0 5.0 2.0,-157.19679423494183 1.75 3.141592653589793 flow_3_2 0 5.0 2.0,-0.4600000000000364 1.75 3.141592653589793 flow_4_5 0 5.0 2.0,1.75 -11.289999999999964 1.5707963267948966 flow_2_6 0 5.0 2.0,23.710000000000038 -1.75 0.0 flow_6_4 0 5.0 2.0,1.75 64.01879423494168 1.5707963267948966 flow_7_2 0 5.0 2.0,-1.75 11.289999999999964 -1.5707963267948966 flow_0_6 0 5.0 2.0,-202.995 -1.75 0.0 flow_6_7 0 5.0 2.0,1.75 -275.0 1.5707963267948966 flow_2_7 0 5.0 2.0,-23.710000000000038 1.75 3.141592653589793 flow_4_4 0 5.0 2.0,-1.75 275.0 -1.5707963267948966 flow_0_7 0 5.0 2.0,202.995 1.75 3.141592653589793 flow_4_7 0 5.0 2.0,;HHL_QHDD_N r r,HHL_QHDD_S r r,HHL_QHDD_E g g,HHL_QHDD_W g g,
-1.75 -80.35379423494169 -1.5707963267948966 flow_5_2 0 5.0 2.0,17.289999999999908 1.75 3.141592653589793 flow_4_6 0 5.0 2.0,173.86679423494184 -1.75 0.0 flow_1_2 0 5.0 2.0,13.960000000000037 -1.75 0.0 flow_6_5 0 5.0 2.0,-17.289999999999908 -1.75 0.0 flow_6_6 0 5.0 2.0,-173.86679423494184 1.75 3.141592653589793 flow_3_2 0 5.0 2.0,-13.960000000000037 1.75 3.141592653589793 flow_4_5 0 5.0 2.0,1.75 -11.289999999999964 1.5707963267948966 flow_2_6 0 5.0 2.0,34.710000000000039 -1.75 0.0 flow_6_4 0 5.0 2.0,1.75 80.35379423494169 1.5707963267948966 flow_7_2 0 5.0 2.0,-1.75 11.289999999999964 -1.5707963267948966 flow_0_6 0 5.0 2.0,-186.325 -1.75 0.0 flow_6_7 0 5.0 2.0,1.75 -264.0 1.5707963267948966 flow_2_7 0 5.0 2.0,-34.710000000000039 1.75 3.141592653589793 flow_4_4 0 5.0 2.0,-1.75 264.0 -1.5707963267948966 flow_0_7 0 5.0 2.0,186.325 1.75 3.141592653589793 flow_4_7 0 5.0 2.0,;HHL_QHDD_N r r,HHL_QHDD_S r r,HHL_QHDD_E g g,HHL_QHDD_W g g,
-1.75 -97.02379423494169 -1.5707963267948966 flow_5_2 0 5.0 2.0,10.289999999999907 1.75 3.141592653589793 flow_4_6 0 5.0 2.0,190.53679423494186 -1.75 0.0 flow_1_2 0 5.0 2.0,24.460000000000038 -1.75 0.0 flow_6_5 0 5.0 2.0,-10.289999999999907 -1.75 0.0 flow_6_6 0 5.0 2.0,-190.53679423494186 1.75 3.141592653589793 flow_3_2 0 5.0 2.0,-24.460000000000038 1.75 3.141592653589793 flow_4_5 0 5.0 2.0,1.75 -11.289999999999964 1.5707963267948966 flow_2_6 0 5.0 2.0,47.710000000000039 -1.75 0.0 flow_6_4 0 5.0 2.0,1.75 97.02379423494169 1.5707963267948966 flow_7_2 0 5.0 2.0,-1.75 11.289999999999964 -1.5707963267948966 flow_0_6 0 5.0 2.0,-169.65499999999998 -1.75 0.0 flow_6_7 0 5.0 2.0,1.75 -251.0 1.5707963267948966 flow_2_7 0 5.0 2.0,-47.710000000000039 1.75 3.141592653589793 flow_4_4 0 5.0 2.0,-1.75 251.0 -1.5707963267948966 flow_0_7 0 5.0 2.0,169.65499999999998 1.75 3.141592653589793 flow_4_7 0 5.0 2.0,;HHL_QHDD_N r r,HHL_QHDD_S r r,HHL_QHDD_E g g,HHL_QHDD_W g g,
-1.75 -113.69379423494169 -1.5707963267948966 flow_5_2 0 5.0 2.0,-3.7100000000000934 1.75 3.141592653589793 flow_4_6 0 5.0 2.0,207.20679423494185 -1.75 0.0 flow_1_2 0 5.0 2.0,36.835000000000039 -1.75 0.0 flow_6_5 0 5.0 2.0,3.7100000000000934 -1.75 0.0 flow_6_6 0 5.0 2.0,-207.20679423494185 1.75 3.141592653589793 flow_3_2 0 5.0 2.0,-36.835000000000039 1.75 3.141592653589793 flow_4_5 0 5.0 2.0,1.75 -11.289999999999964 1.5707963267948966 flow_2_6 0 5.0 2.0,62.710000000000039 -1.75 0.0 flow_6_4 0 5.0 2.0,1.75 113.69379423494169 1.5707963267948966 flow_7_2 0 5.0 2.0,-1.75 11.289999999999964 -1.5707963267948966 flow_0_6 0 5.0 2.0,-152.98499999999997 -1.75 0.0 flow_6_7 0 5.0 2.0,1.75 -236.0 1.5707963267948966 flow_2_7 0 5.0 2.0,-62.710000000000039 1.75 3.141592653589793 flow_4_4 0 5.0 2.0,-1.75 236.0 -1.5707963267948966 flow_0_7 0 5.0 2.0,152.98499999999997 1.75 3.141592653589793 flow_4_7 0 5.0 2.0,;HHL_QHDD_N r r,HHL_QHDD_S r r,HHL_QHDD_E g g,HHL_QHDD_W g g,
-1.75 -130.36379423494169 -1.5707963267948966 flow_5_2 0 5.0 2.0,-19.710000000000094 1.75 3.141592653589793 flow_4_6 0 5.0 2.0,223.87679423494189 -1.75 0.0 flow_1_2 0 5.0 2.0,51.02250000000004 -1.75 0.0 flow_6_5 0 5.0 2.0,19.710000000000094 -1.75 0.0 flow_6_6 0 5.0 2.0,-223.87679423494189 1.75 3.141592653589793 flow_3_2 0 5.0 2.0,-51.02250000000004 1.75 3.141592653589793 flow_4_5 0 5.0 2.0,1.75 -11.289999999999964 1.5707963267948966 flow_2_6 0 5.0 2.0,79.04500000000005 -1.75 0.0 flow_6_4 0 5.0 2.0,1.75 130.36379423494169 1.5707963267948966 flow_7_2 0 5.0 2.0,-1.75 11.289999999999964 -1.5707963267948966 flow_0_6 0 5.0 2.0,-136.31499999999995 -1.75 0.0 flow_6_7 0 5.0 2.0,1.75 -219.665 1.5707963267948966 flow_2_7 0 5.0 2.0,-79.04500000000005 1.75 3.141592653589793 flow_4_4 0 5.0 2.0,-1.75 219.665 -1.5707963267948966 flow_0_7 0 5.0 2.0,136.31499999999995 1.75 3.141592653589793 flow_4_7 0 5.0 2.0,;HHL_QHDD_N r r,HHL_QHDD_S r r,HHL_QHDD_E g g,HHL_QHDD_W g g,
-1.75 -147.0337942349417 -1.5707963267948966 flow_5_2 0 5.0 2.0,-32.71000000000009 1.75 3.141592653589793 flow_4_6 0 5.0 2.0,240.5467942349419 -1.75 0.0 flow_1_2 0 5.0 2.0,66.61750000000004 -1.75 0.0 flow_6_5 0 5.0 2.0,32.71000000000009 -1.75 0.0 flow_6_6 0 5.0 2.0,-240.5467942349419 1.75 3.141592653589793 flow_3_2 0 5.0 2.0,-66.61750000000004 1.75 3.141592653589793 flow_4_5 0 5.0 2.0,1.75 -11.289999999999964 1.5707963267948966 flow_2_6 0 5.0 2.0,95.71500000000005 -1.75 0.0 flow_6_4 0 5.0 2.0,1.75 147.0337942349417 1.5707963267948966 flow_7_2 0 5.0 2.0,-1.75 11.289999999999964 -1.5707963267948966 flow_0_6 0 5.0 2.0,-119.64499999999993 -1.75 0.0 flow_6_7 0 5.0 2.0,1.75 -202.995 1.5707963267948966 flow_2_7 0 5.0 2.0,-95.71500000000005 1.75 3.141592653589793 flow_4_4 0 5.0 2.0,-1.75 202.995 -1.5707963267948966 flow_0_7 0 5.0 2.0,119.64499999999993 1.75 3.141592653589793 flow_4_7 0 5.0 2.0,;HHL_QHDD_N r r,HHL_QHDD_S r r,HHL_QHDD_E g g,HHL_QHDD_W g g,
-1.75 -163.7037942349417 -1.5707963267948966 flow_5_2 0 5.0 2.0,-47.71000000000009 1.75 3.141592653589793 flow_4_6 0 5.0 2.0,257.216794234942 -1.75 0.0 flow_1_2 0 5.0 2.0,82.83375000000004 -1.75 0.0 flow_6_5 0 5.0 2.0,47.71000000000009 -1.75 0.0 flow_6_6 0 5.0 2.0,-257.216794234942 1.75 3.141592653589793 flow_3_2 0 5.0 2.0,-82.83375000000004 1.75 3.141592653589793 flow_4_5 0 5.0 2.0,1.75 -11.289999999999964 1.5707963267948966 flow_2_6 0 5.0 2.0,112.38500000000005 -1.75 0.0 flow_6_4 0 5.0 2.0,1.75 163.7037942349417 1.5707963267948966 flow_7_2 0 5.0 2.0,-1.75 11.289999999999964 -1.5707963267948966 flow_0_6 0 5.0 2.0,-102.97499999999991 -1.75 0.0 flow_6_7 0 5.0 2.0,1.75 -186.325 1.5707963267948966 flow_2_7 0 5.0 2.0,-112.38500000000005 1.75 3.141592653589793 flow_4_4 0 5.0 2.0,-1.75 186.325 -1.5707963267948966 flow_0_7 0 5.0 2.0,102.97499999999991 1.75 3.141592653589793 flow_4_7 0 5.0 2.0,;HHL_QHDD_N r r,HHL_QHDD_S r r,HHL_QHDD_E g g,HHL_QHDD_W g g,
-1.75 -180.37379423494174 -1.5707963267948966 flow_5_2 0 5.0 2.0,-64.0450000000001 1.75 3.141592653589793 flow_4_6 0 5.0 2.0,273.88679423494195 -1.75 0.0 flow_1_2 0 5.0 2.0,99.27687500000005 -1.75 0.0 flow_6_5 0 5.0 2.0,64.0450000000001 -1.75 0.0 flow_6_6 0 5.0 2.0,-273.88679423494195 1.75 3.141592653589793 flow_3_2 0 5.0 2.0,-99.27687500000005 1.75 3.141592653589793 flow_4_5 0 5.0 2.0,1.75 -11.289999999999964 1.5707963267948966 flow_2_6 0 5.0 2.0,129.05500000000007 -1.75 0.0 flow_6_4 0 5.0 2.0,1.75 180.37379423494174 1.5707963267948966 flow_7_2 0 5.0 2.0,-1.75 11.289999999999964 -1.5707963267948966 flow_0_6 0 5.0 2.0,-86.30499999999987 -1.75 0.0 flow_6_7 0 5.0 2.0,1.75 -169.65499999999998 1.5707963267948966 flow_2_7 0 5.0 2.0,-129.05500000000007 1.75 3.141592653589793 flow_4_4 0 5.0 2.0,-1.75 169.65499999999998 -1.5707963267948966 flow_0_7 0 5.0 2.0,86.30499999999987 1.75 3.141592653589793 flow_4_7 0 5.0 2.0,;HHL_QHDD_N r r,HHL_QHDD_S r r,HHL_QHDD_E g g,HHL_QHDD_W g g,
-1.75 -197.04379423494175 -1.5707963267948966 flow_5_2 0 5.0 2.0,-80.71500000000009 1.75 3.141592653589793 flow_4_6 0 5.0 2.0,290.55679423494197 -1.75 0.0 flow_1_2 0 5.0 2.0,115.83343750000005 -1.75 0.0 flow_6_5 0 5.0 2.0,80.71500000000009 -1.75 0.0 flow_6_6 0 5.0 2.0,-290.55679423494197 1.75 3.141592653589793 flow_3_2 0 5.0 2.0,-115.83343750000005 1.75 3.141592653589793 flow_4_5 0 5.0 2.0,1.75 -11.289999999999964 1.5707963267948966 flow_2_6 0 5.0 2.0,145.72500000000006 -1.75 0.0 flow_6_4 0 5.0 2.0,1.75 197.04379423494175 1.5707963267948966 flow_7_2 0 5.0 2.0,-1.75 11.289999999999964 -1.5707963267948966 flow_0_6 0 5.0 2.0,-69.63499999999988 -1.75 0.0 flow_6_7 0 5.0 2.0,1.75 -152.98499999999997 1.5707963267948966 flow_2_7 0 5.0 2.0,-145.72500000000006 1.75 3.141592653589793 flow_4_4 0 5.0 2.0,-1.75 152.98499999999997 -1.5707963267948966 flow_0_7 0 5.0 2.0,69.63499999999988 1.75 3.141592653589793 flow_4_7 0 5.0 2.0,;HHL_QHDD_N r r,HHL_QHDD_S r r,HHL_QHDD_E g g,HHL_QHDD_W g g,
-1.75 -213.71379423494177 -1.5707963267948966 flow_5_2 0 5.0 2.0,-97.38500000000009 1.75 3.141592653589793 flow_4_6 0 5.0 2.0,132.44671875000004 -1.75 0.0 flow_6_5 0 5.0 2.0,97.38500000000009 -1.75 0.0 flow_6_6 0 5.0 2.0,-132.44671875000004 1.75 3.141592653589793 flow_4_5 0 5.0 2.0,1.75 -11.289999999999964 1.5707963267948966 flow_2_6 0 5.0 2.0,162.395 -1.75 0.0 flow_6_4 0 5.0 2.0,1.75 213.71379423494177 1.5707963267948966 flow_7_2 0 5.0 2.0,-1.75 11.289999999999964 -1.5707963267948966 flow_0_6 0 5.0 2.0,-52.96499999999986 -1.75 0.0 flow_6_7 0 5.0 2.0,1.75 -136.31499999999995 1.5707963267948966 flow_2_7 0 5.0 2.0,-162.395 1.75 3.141592653589793 flow_4_4 0 5.0 2.0,-1.75 136.31499999999995 -1.5707963267948966 flow_0_7 0 5.0 2.0,52.96499999999986 1.75 3.141592653589793 flow_4_7 0 5.0 2.0,;HHL_QHDD_N r r,HHL_QHDD_S r r,HHL_QHDD_E g g,HHL_QHDD_W g g,
-1.75 -230.38379423494178 -1.5707963267948966 flow_5_2 0 5.0 2.0,-114.05500000000009 1.75 3.141592653589793 flow_4_6 0 5.0 2.0,-299.0 -1.75 0.0 flow_6_8 0 5.0 2.0,149.08835937500005 -1.75 0.0 flow_6_5 0 5.0 2.0,114.05500000000009 -1.75 0.0 flow_6_6 0 5.0 2.0,-149.08835937500005 1.75 3.141592653589793 flow_4_5 0 5.0 2.0,1.75 -11.289999999999964 1.5707963267948966 flow_2_6 0 5.0 2.0,179.06500000000006 -1.75 0.0 flow_6_4 0 5.0 2.0,299.0 1.75 3.141592653589793 flow_4_8 0 5.0 2.0,1.75 230.38379423494178 1.5707963267948966 flow_7_2 0 5.0 2.0,-1.75 11.289999999999964 -1.5707963267948966 flow_0_6 0 5.0 2.0,-36.294999999999848 -1.75 0.0 flow_6_7 0 5.0 2.0,1.75 -119.64499999999993 1.5707963267948966 flow_2_7 0 5.0 2.0,-179.06500000000006 1.75 3.141592653589793 flow_4_4 0 5.0 2.0,-1.75 119.64499999999993 -1.5707963267948966 flow_0_7 0 5.0 2.0,36.294999999999848 1.75 3.141592653589793 flow_4_7 0 5.0 2.0,;HHL_QHDD_N r r,HHL_QHDD_S r r,HHL_QHDD_E g g,HHL_QHDD_W g g,
-1.75 -247.0537942349418 -1.5707963267948966 flow_5_2 0 5.0 2.0,-130.72500000000009 1.75 3.141592653589793 flow_4_6 0 5.0 2.0,-296.0 -1.75 0.0 flow_6_8 0 5.0 2.0,165.74417968750005 -1.75 0.0 flow_6_5 0 5.0 2.0,130.72500000000009 -1.75 0.0 flow_6_6 0 5.0 2.0,-165.74417968750005 1.75 3.141592653589793 flow_4_5 0 5.0 2.0,1.75 -11.289999999999964 1.5707963267948966 flow_2_6 0 5.0 2.0,195.73500000000008 -1.75 0.0 flow_6_4 0 5.0 2.0,296.0 1.75 3.141592653589793 flow_4_8 0 5.0 2.0,1.75 247.0537942349418 1.5707963267948966 flow_7_2 0 5.0 2.0,-1.75 11.289999999999964 -1.5707963267948966 flow_0_6 0 5.0 2.0,-19.62499999999983 -1.75 0.0 flow_6_7 0 5.0 2.0,1.75 -102.97499999999991 1.5707963267948966 flow_2_7 0 5.0 2.0,-195.73500000000008 1.75 3.141592653589793 flow_4_4 0 5.0 2.0,-1.75 102.97499999999991 -1.5707963267948966 flow_0_7 0 5.0 2.0,19.62499999999983 1.75 3.141592653589793 flow_4_7 0 5.0 2.0,;HHL_QHDD_N r r,HHL_QHDD_S r r,HHL_QHDD_E g g,HHL_QHDD_W g g,
-1.75 -263.7237942349418 -1.5707963267948966 flow_5_2 0 5.0 2.0,-147.3950000000001 1.75 3.141592653589793 flow_4_6 0 5.0 2.0,-291.0 -1.75 0.0 flow_6_8 0 5.0 2.0,182.40708984375005 -1.75 0.0 flow_6_5 0 5.0 2.0,147.3950000000001 -1.75 0.0 flow_6_6 0 5.0 2.0,-182.40708984375005 1.75 3.141592653589793 flow_4_5 0 5.0 2.0,1.75 -11.289999999999964 1.5707963267948966 flow_2_6 0 5.0 2.0,212.4050000000001 -1.75 0.0 flow_6_4 0 5.0 2.0,291.0 1.75 3.141592653589793 flow_4_8 0 5.0 2.0,1.75 263.7237942349418 1.5707963267948966 flow_7_2 0 5.0 2.0,-1.75 11.289999999999964 -1.5707963267948966 flow_0_6 0 5.0 2.0,2.0450000000001866 -1.75 0.0 flow_6_7 0 5.0 2.0,1.75 -86.30499999999987 1.5707963267948966 flow_2_7 0 5.0 2.0,-212.4050000000001 1.75 3.141592653589793 flow_4_4 0 5.0 2.0,-1.75 86.30499999999987 -1.5707963267948966 flow_0_7 0 5.0 2.0,-2.0450000000001866 1.75 3.141592653589793 flow_4_7 0 5.0 2.0,;HHL_QHDD_N r r,HHL_QHDD_S r r,HHL_QHDD_E g g,HHL_QHDD_W g g,
-1.75 -280.3937942349418 -1.5707963267948966 flow_5_2 0 5.0 2.0,-164.0650000000001 1.75 3.141592653589793 flow_4_6 0 5.0 2.0,-284.0 -1.75 0.0 flow_6_8 0 5.0 2.0,199.07354492187506 -1.75 0.0 flow_6_5 0 5.0 2.0,164.0650000000001 -1.75 0.0 flow_6_6 0 5.0 2.0,-199.07354492187506 1.75 3.141592653589793 flow_4_5 0 5.0 2.0,1.75 -11.289999999999964 1.5707963267948966 flow_2_6 0 5.0 2.0,229.0750000000001 -1.75 0.0 flow_6_4 0 5.0 2.0,284.0 1.75 3.141592653589793 flow_4_8 0 5.0 2.0,1.75 280.3937942349418 1.5707963267948966 flow_7_2 0 5.0 2.0,-1.75 11.289999999999964 -1.5707963267948966 flow_0_6 0 5.0 2.0,23.715000000000189 -1.75 0.0 flow_6_7 0 5.0 2.0,1.75 -69.63499999999988 1.5707963267948966 flow_2_7 0 5.0 2.0,-229.0750000000001 1.75 3.141592653589793 flow_4_4 0 5.0 2.0,-1.75 69.63499999999988 -1.5707963267948966 flow_0_7 0 5.0 2.0,-23.715000000000189 1.75 3.141592653589793 flow_4_7 0 5.0 2.0,;HHL_QHDD_N r r,HHL_QHDD_S r r,HHL_QHDD_E g g,HHL_QHDD_W g g,
-1.75 -297.06379423494186 -1.5707963267948966 flow_5_2 0 5.0 2.0,-180.73500000000014 1.75 3.141592653589793 flow_4_6 0 5.0 2.0,-275.0 -1.75 0.0 flow_6_8 0 5.0 2.0,215.74177246093758 -1.75 0.0 flow_6_5 0 5.0 2.0,180.73500000000014 -1.75 0.0 flow_6_6 0 5.0 2.0,-215.74177246093758 1.75 3.141592653589793 flow_4_5 0 5.0 2.0,1.75 -11.289999999999964 1.5707963267948966 flow_2_6 0 5.0 2.0,245.74500000000013 -1.75 0.0 flow_6_4 0 5.0 2.0,275.0 1.75 3.141592653589793 flow_4_8 0 5.0 2.0,1.75 297.06379423494186 1.5707963267948966 flow_7_2 0 5.0 2.0,-1.75 11.289999999999964 -1.5707963267948966 flow_0_6 0 5.0 2.0,40.38500000000019 -1.75 0.0 flow_6_7 0 5.0 2.0,1.75 -52.96499999999986 1.5707963267948966 flow_2_7 0 5.0 2.0,-245.74500000000013 1.75 3.141592653589793 flow_4_4 0 5.0 2.0,-1.75 52.96499999999986 -1.5707963267948966 flow_0_7 0 5.0 2.0,-40.38500000000019 1.75 3.141592653589793 flow_4_7 0 5.0 2.0,;HHL_QHDD_N r r,HHL_QHDD_S r r,HHL_QHDD_E g g,HHL_QHDD_W g g,
-197.40500000000015 1.75 3.141592653589793 flow_4_6 0 5.0 2.0,-299.0 -5.25 0.0 flow_7_3 0 5.0 2.0,-264.0 -1.75 0.0 flow_6_8 0 5.0 2.0,232.41088623046887 -1.75 0.0 flow_6_5 0 5.0 2.0,197.40500000000015 -1.75 0.0 flow_6_6 0 5.0 2.0,299.0 5.25 3.141592653589793 flow_5_3 0 5.0 2.0,-232.41088623046887 1.75 3.141592653589793 flow_4_5 0 5.0 2.0,1.75 -11.289999999999964 1.5707963267948966 flow_2_6 0 5.0 2.0,262.41500000000016 -1.75 0.0 flow_6_4 0 5.0 2.0,264.0 1.75 3.141592653589793 flow_4_8 0 5.0 2.0,-1.75 11.289999999999964 -1.5707963267948966 flow_0_6 0 5.0 2.0,57.05500000000019 -1.75 0.0 flow_6_7 0 5.0 2.0,1.75 -38.04749554005957 1.5707963267948966 flow_2_7 0 5.0 2.0,-262.41500000000016 1.75 3.141592653589793 flow_4_4 0 5.0 2.0,-1.75 38.04749554005957 -1.5707963267948966 flow_0_7 0 5.0 2.0,-57.05500000000019 1.75 3.141592653589793 flow_4_7 0 5.0 2.0,;HHL_QHDD_N r r,HHL_QHDD_S r r,HHL_QHDD_E g g,HHL_QHDD_W g g,
-214.07500000000017 1.75 3.141592653589793 flow_4_6 0 5.0 2.0,-296.0 -5.25 0.0 flow_7_3 0 5.0 2.0,-251.0 -1.75 0.0 flow_6_8 0 5.0 2.0,1.75 -299.0 1.5707963267948966 flow_2_8 0 5.0 2.0,249.0804431152345 -1.75 0.0 flow_6_5 0 5.0 2.0,214.07500000000017 -1.75 0.0 flow_6_6 0 5.0 2.0,296.0 5.25 3.141592653589793 flow_5_3 0 5.0 2.0,-1.75 299.0 -1.5707963267948966 flow_0_8 0 5.0 2.0,-249.0804431152345 1.75 3.141592653589793 flow_4_5 0 5.0 2.0,1.75 -11.289999999999964 1.5707963267948966 flow_2_6 0 5.0 2.0,279.08500000000017 -1.75 0.0 flow_6_4 0 5.0 2.0,251.0 1.75 3.141592653589793 flow_4_8 0 5.0 2.0,-1.75 11.289999999999964 -1.5707963267948966 flow_0_6 0 5.0 2.0,73.7250000000002 -1.75 0.0 flow_6_7 0 5.0 2.0,1.75 -27.132486620178953 1.5707963267948966 flow_2_7 0 5.0 2.0,-279.08500000000017 1.75 3.141592653589793 flow_4_4 0 5.0 2.0,-1.75 27.132486620178953 -1.5707963267948966 flow_0_7 0 5.0 2.0,-73.7250000000002 1.75 3.141592653589793 flow_4_7 0 5.0 2.0,;HHL_QHDD_N r r,HHL_QHDD_S r r,HHL_QHDD_E g g,HHL_QHDD_W g g,
-230.74500000000018 1.75 3.141592653589793 flow_4_6 0 5.0 2.0,-291.0 -5.25 0.0 flow_7_3 0 5.0 2.0,-236.0 -1.75 0.0 flow_6_8 0 5.0 2.0,1.75 -296.0 1.5707963267948966 flow_2_8 0 5.0 2.0,265.75022155761737 -1.75 0.0 flow_6_5 0 5.0 2.0,230.74500000000018 -1.75 0.0 flow_6_6 0 5.0 2.0,291.0 5.25 3.141592653589793 flow_5_3 0 5.0 2.0,-1.75 296.0 -1.5707963267948966 flow_0_8 0 5.0 2.0,-265.75022155761737 1.75 3.141592653589793 flow_4_5 0 5.0 2.0,1.75 -11.289999999999964 1.5707963267948966 flow_2_6 0 5.0 2.0,295.75500000000019 -1.75 0.0 flow_6_4 0 5.0 2.0,236.0 1.75 3.141592653589793 flow_4_8 0 5.0 2.0,-1.75 11.289999999999964 -1.5707963267948966 flow_0_6 0 5.0 2.0,90.3950000000002 -1.75 0.0 flow_6_7 0 5.0 2.0,1.75 -20.717477700298333 1.5707963267948966 flow_2_7 0 5.0 2.0,-295.75500000000019 1.75 3.141592653589793 flow_4_4 0 5.0 2.0,-1.75 20.717477700298333 -1.5707963267948966 flow_0_7 0 5.0 2.0,-90.3950000000002 1.75 3.141592653589793 flow_4_7 0 5.0 2.0,;HHL_QHDD_N r r,HHL_QHDD_S r r,HHL_QHDD_E g g,HHL_QHDD_W g g,
-247.4150000000002 1.75 3.141592653589793 flow_4_6 0 5.0 2.0,-284.0 -5.25 0.0 flow_7_3 0 5.0 2.0,-219.665 -1.75 0.0 flow_6_8 0 5.0 2.0,1.75 -291.0 1.5707963267948966 flow_2_8 0 5.0 2.0,282.42011077880877 -1.75 0.0 flow_6_5 0 5.0 2.0,247.4150000000002 -1.75 0.0 flow_6_6 0 5.0 2.0,284.0 5.25 3.141592653589793 flow_5_3 0 5.0 2.0,-1.75 291.0 -1.5707963267948966 flow_0_8 0 5.0 2.0,-282.42011077880877 1.75 3.141592653589793 flow_4_5 0 5.0 2.0,1.75 -11.289999999999964 1.5707963267948966 flow_2_6 0 5.0 2.0,219.665 1.75 3.141592653589793 flow_4_8 0 5.0 2.0,-1.75 11.289999999999964 -1.5707963267948966 flow_0_6 0 5.0 2.0,107.0650000000002 -1.75 0.0 flow_6_7 0 5.0 2.0,1.75 -18.789999999999965 1.5707963267948966 flow_2_7 0 5.0 2.0,-1.75 18.789999999999965 -1.5707963267948966 flow_0_7 0 5.0 2.0,-107.0650000000002 1.75 3.141592653589793 flow_4_7 0 5.0 2.0,;HHL_QHDD_N r r,HHL_QHDD_S r r,HHL_QHDD_E g g,HHL_QHDD_W g g,
-264.0850000000002 1.75 3.141592653589793 flow_4_6 0 5.0 2.0,-275.0 -5.25 0.0 flow_7_3 0 5.0 2.0,-202.995 -1.75 0.0 flow_6_8 0 5.0 2.0,1.75 -284.0 1.5707963267948966 flow_2_8 0 5.0 2.0,299.0900738525392 -1.75 0.0 flow_6_5 0 5.0 2.0,264.0850000000002 -1.75 0.0 flow_6_6 0 5.0 2.0,275.0 5.25 3.141592653589793 flow_5_3 0 5.0 2.0,-1.75 284.0 -1.5707963267948966 flow_0_8 0 5.0 2.0,-299.0900738525392 1.75 3.141592653589793 flow_4_5 0 5.0 2.0,1.75 -11.289999999999964 1.5707963267948966 flow_2_6 0 5.0 2.0,202.995 1.75 3.141592653589793 flow_4_8 0 5.0 2.0,-1.75 11.289999999999964 -1.5707963267948966 flow_0_6 0 5.0 2.0,123.7350000000002 -1.75 0.0 flow_6_7 0 5.0 2.0,1.75 -18.789999999999965 1.5707963267948966 flow_2_7 0 5.0 2.0,-1.75 18.789999999999965 -1.5707963267948966 flow_0_7 0 5.0 2.0,-123.7350000000002 1.75 3.141592653589793 flow_4_7 0 5.0 2.0,;HHL_QHDD_N r r,HHL_QHDD_S r r,HHL_QHDD_E g g,HHL_QHDD_W g g,
-280.7550000000002 1.75 3.141592653589793 flow_4_6 0 5.0 2.0,-264.0 -5.25 0.0 flow_7_3 0 5.0 2.0,-186.325 -1.75 0.0 flow_6_8 0 5.0 2.0,1.75 -275.0 1.5707963267948966 flow_2_8 0 5.0 2.0,280.7550000000002 -1.75 0.0 flow_6_6 0 5.0 2.0,264.0 5.25 3.141592653589793 flow_5_3 0 5.0 2.0,-1.75 275.0 -1.5707963267948966 flow_0_8 0 5.0 2.0,1.75 -11.289999999999964 1.5707963267948966 flow_2_6 0 5.0 2.0,186.325 1.75 3.141592653589793 flow_4_8 0 5.0 2.0,-1.75 11.289999999999964 -1.5707963267948966 flow_0_6 0 5.0 2.0,140.4050000000002 -1.75 0.0 flow_6_7 0 5.0 2.0,1.75 -18.789999999999965 1.5707963267948966 flow_2_7 0 5.0 2.0,-1.75 18.789999999999965 -1.5707963267948966 flow_0_7 0 5.0 2.0,-140.4050000000002 1.75 3.141592653589793 flow_4_7 0 5.0 2.0,;HHL_QHDD_N r r,HHL_QHDD_S r r,HHL_QHDD_E g g,HHL_QHDD_W g g,
-297.42500000000026 1.75 3.141592653589793 flow_4_6 0 5.0 2.0,-5.25 299.0 -1.5707963267948966 flow_1_3 0 5.0 2.0,5.25 -299.0 1.5707963267948966 flow_3_3 0 5.0 2.0,-251.0 -5.25 0.0 flow_7_3 0 5.0 2.0,-169.65499999999998 -1.75 0.0 flow_6_8 0 5.0 2.0,1.75 -264.0 1.5707963267948966 flow_2_8 0 5.0 2.0,297.42500000000026 -1.75 0.0 flow_6_6 0 5.0 2.0,251.0 5.25 3.141592653589793 flow_5_3 0 5.0 2.0,-1.75 264.0 -1.5707963267948966 flow_0_8 0 5.0 2.0,1.75 -11.289999999999964 1.5707963267948966 flow_2_6 0 5.0 2.0,169.65499999999998 1.75 3.141592653589793 flow_4_8 0 5.0 2.0,-1.75 11.289999999999964 -1.5707963267948966 flow_0_6 0 5.0 2.0,157.07500000000023 -1.75 0.0 flow_6_7 0 5.0 2.0,1.75 -18.789999999999965 1.5707963267948966 flow_2_7 0 5.0 2.0,-1.75 18.789999999999965 -1.5707963267948966 flow_0_7 0 5.0 2.0,-157.07500000000023 1.75 3.141592653589793 flow_4_7 0 5.0 2.0,;HHL_QHDD_N r r,HHL_QHDD_S r r,HHL_QHDD_E g g,HHL_QHDD_W g g,
-5.25 296.0 -1.5707963267948966 flow_1_3 0 5.0 2.0,5.25 -296.0 1.5707963267948966 flow_3_3 0 5.0 2.0,-236.0 -5.25 0.0 flow_7_3 0 5.0 2.0,-152.98499999999997 -1.75 0.0 flow_6_8 0 5.0 2.0,1.75 -251.0 1.5707963267948966 flow_2_8 0 5.0 2.0,236.0 5.25 3.141592653589793 flow_5_3 0 5.0 2.0,-1.75 251.0 -1.5707963267948966 flow_0_8 0 5.0 2.0,1.75 -11.289999999999964 1.5707963267948966 flow_2_6 0 5.0 2.0,152.98499999999997 1.75 3.141592653589793 flow_4_8 0 5.0 2.0,-1.75 11.289999999999964 -1.5707963267948966 flow_0_6 0 5.0 2.0,173.74500000000024 -1.75 0.0 flow_6_7 0 5.0 2.0,1.75 -18.789999999999965 1.5707963267948966 flow_2_7 0 5.0 2.0,-1.75 18.789999999999965 -1.5707963267948966 flow_0_7 0 5.0 2.0,-173.74500000000024 1.75 3.141592653589793 flow_4_7 0 5.0 2.0,;HHL_QHDD_N r r,HHL_QHDD_S r r,HHL_QHDD_E g g,HHL_QHDD_W g g,
-5.25 291.0 -1.5707963267948966 flow_1_3 0 5.0 2.0,5.25 -291.0 1.5707963267948966 flow_3_3 0 5.0 2.0,-219.665 -5.25 0.0 flow_7_3 0 5.0 2.0,-136.31499999999995 -1.75 0.0 flow_6_8 0 5.0 2.0,1.75 -236.0 1.5707963267948966 flow_2_8 0 5.0 2.0,219.665 5.25 3.141592653589793 flow_5_3 0 5.0 2.0,-1.75 236.0 -1.5707963267948966 flow_0_8 0 5.0 2.0,1.75 -11.289999999999964 1.5707963267948966 flow_2_6 0 5.0 2.0,136.31499999999995 1.75 3.141592653589793 flow_4_8 0 5.0 2.0,-1.75 11.289999999999964 -1.5707963267948966 flow_0_6 0 5.0 2.0,190.41500000000026 -1.75 0.0 flow_6_7 0 5.0 2.0,1.75 -18.789999999999965 1.5707963267948966 flow_2_7 0 5.0 2.0,-1.75 18.789999999999965 -1.5707963267948966 flow_0_7 0 5.0 2.0,-190.41500000000026 1.75 3.141592653589793 flow_4_7 0 5.0 2.0,;HHL_QHDD_N r r,HHL_QHDD_S r r,HHL_QHDD_E g g,HHL_QHDD_W g g,
-5.25 284.0 -1.5707963267948966 flow_1_3 0 5.0 2.0,5.25 -284.0 1.5707963267948966 flow_3_3 0 5.0 2.0,-202.995 -5.25 0.0 flow_7_3 0 5.0 2.0,-119.64499999999993 -1.75 0.0 flow_6_8 0 5.0 2.0,1.75 -219.665 1.5707963267948966 flow_2_8 0 5.0 2.0,202.995 5.25 3.141592653589793 flow_5_3 0 5.0 2.0,-1.75 219.665 -1.5707963267948966 flow_0_8 0 5.0 2.0,1.75 -11.289999999999964 1.5707963267948966 flow_2_6 0 5.0 2.0,119.64499999999993 1.75 3.141592653589793 flow_4_8 0 5.0 2.0,-1.75 11.289999999999964 -1.5707963267948966 flow_0_6 0 5.0 2.0,207.08500000000027 -1.75 0.0 flow_6_7 0 5.0 2.0,1.75 -18.789999999999965 1.5707963267948966 flow_2_7 0 5.0 2.0,-1.75 18.789999999999965 -1.5707963267948966 flow_0_7 0 5.0 2.0,-207.08500000000027 1.75 3.141592653589793 flow_4_7 0 5.0 2.0,;HHL_QHDD_N r r,HHL_QHDD_S r r,HHL_QHDD_E g g,HHL_QHDD_W g g,
-5.25 275.0 -1.5707963267948966 flow_1_3 0 5.0 2.0,5.25 -275.0 1.5707963267948966 flow_3_3 0 5.0 2.0,-186.325 -5.25 0.0 flow_7_3 0 5.0 2.0,-102.97499999999991 -1.75 0.0 flow_6_8 0 5.0 2.0,1.75 -202.995 1.5707963267948966 flow_2_8 0 5.0 2.0,186.325 5.25 3.141592653589793 flow_5_3 0 5.0 2.0,-1.75 202.995 -1.5707963267948966 flow_0_8 0 5.0 2.0,1.75 -11.289999999999964 1.5707963267948966 flow_2_6 0 5.0 2.0,102.97499999999991 1.75 3.141592653589793 flow_4_8 0 5.0 2.0,-1.75 11.289999999999964 -1.5707963267948966 flow_0_6 0 5.0 2.0,223.75500000000029 -1.75 0.0 flow_6_7 0 5.0 2.0,1.75 -18.789999999999965 1.5707963267948966 flow_2_7 0 5.0 2.0,-1.75 18.789999999999965 -1.5707963267948966 flow_0_7 0 5.0 2.0,-223.75500000000029 1.75 3.141592653589793 flow_4_7 0 5.0 2.0,;HHL_QHDD_N r r,HHL_QHDD_S r r,HHL_QHDD_E g g,HHL_QHDD_W g g,
-5.25 264.0 -1.5707963267948966 flow_1_3 0 5.0 2.0,5.25 -264.0 1.5707963267948966 flow_3_3 0 5.0 2.0,-169.65499999999998 -5.25 0.0 flow_7_3 0 5.0 2.0,-86.30499999999987 -1.75 0.0 flow_6_8 0 5.0 2.0,1.75 -186.325 1.5707963267948966 flow_2_8 0 5.0 2.0,169.65499999999998 5.25 3.141592653589793 flow_5_3 0 5.0 2.0,-1.75 186.325 -1.5707963267948966 flow_0_8 0 5.0 2.0,1.75 -11.289999999999964 1.5707963267948966 flow_2_6 0 5.0 2.0,86.30499999999987 1.75 3.141592653589793 flow_4_8 0 5.0 2.0,-1.75 11.289999999999964 -1.5707963267948966 flow_0_6 0 5.0 2.0,240.4250000000003 -1.75 0.0 flow_6_7 0 5.0 2.0,1.75 -18.789999999999965 1.5707963267948966 flow_2_7 0 5.0 2.0,-1.75 18.789999999999965 -1.5707963267948966 flow_0_7 0 5.0 2.0,-240.4250000000003 1.75 3.141592653589793 flow_4_7 0 5.0 2.0,;HHL_QHDD_N r r,HHL_QHDD_S r r,HHL_QHDD_E g g,HHL_QHDD_W g g,
-5.25 251.0 -1.5707963267948966 flow_1_3 0 5.0 2.0,5.25 -251.0 1.5707963267948966 flow_3_3 0 5.0 2.0,-152.98499999999997 -5.25 0.0 flow_7_3 0 5.0 2.0,-69.63499999999988 -1.75 0.0 flow_6_8 0 5.0 2.0,1.75 -169.65499999999998 1.5707963267948966 flow_2_8 0 5.0 2.0,152.98499999999997 5.25 3.141592653589793 flow_5_3 0 5.0 2.0,-1.75 169.65499999999998 -1.5707963267948966 flow_0_8 0 5.0 2.0,1.75 -11.289999999999964 1.5707963267948966 flow_2_6 0 5.0 2.0,69.63499999999988 1.75 3.141592653589793 flow_4_8 0 5.0 2.0,-1.75 11.289999999999964 -1.5707963267948966 flow_0_6 0 5.0 2.0,257.0950000000003 -1.75 0.0 flow_6_7 0 5.0 2.0,1.75 -18.789999999999965 1.5707963267948966 flow_2_7 0 5.0 2.0,-1.75 18.789999999999965 -1.5707963267948966 flow_0_7 0 5.0 2.0,-257.0950000000003 1.75 3.141592653589793 flow_4_7 0 5.0 2.0,;HHL_QHDD_N r r,HHL_QHDD_S r r,HHL_QHDD_E g g,HHL_QHDD_W g g,
-5.25 236.0 -1.5707963267948966 flow_1_3 0 5.0 2.0,5.25 -236.0 1.5707963267948966 flow_3_3 0 5.0 2.0,-136.31499999999995 -5.25 0.0 flow_7_3 0 5.0 2.0,-52.96499999999986 -1.75 0.0 flow_6_8 0 5.0 2.0,1.75 -152.98499999999997 1.5707963267948966 flow_2_8 0 5.0 2.0,136.31499999999995 5.25 3.141592653589793 flow_5_3 0 5.0 2.0,-1.75 152.98499999999997 -1.5707963267948966 flow_0_8 0 5.0 2.0,1.75 -11.289999999999964 1.5707963267948966 flow_2_6 0 5.0 2.0,52.96499999999986 1.75 3.141592653589793 flow_4_8 0 5.0 2.0,-1.75 11.289999999999964 -1.5707963267948966 flow_0_6 0 5.0 2.0,273.7650000000003 -1.75 0.0 flow_6_7 0 5.0 2.0,1.75 -18.789999999999965 1.5707963267948966 flow_2_7 0 5.0 2.0,-1.75 18.789999999999965 -1.5707963267948966 flow_0_7 0 5.0 2.0,-273.7650000000003 1.75 3.141592653589793 flow_4_7 0 5.0 2.0,;HHL_QHDD_N r r,HHL_QHDD_S r r,HHL_QHDD_E g g,HHL_QHDD_W g g,
-5.25 219.665 -1.5707963267948966 flow_1_3 0 5.0 2.0,5.25 -219.665 1.5707963267948966 flow_3_3 0 5.0 2.0,-119.64499999999993 -5.25 0.0 flow_7_3 0 5.0 2.0,-36.294999999999848 -1.75 0.0 flow_6_8 0 5.0 2.0,1.75 -136.31499999999995 1.5707963267948966 flow_2_8 0 5.0 2.0,119.64499999999993 5.25 3.141592653589793 flow_5_3 0 5.0 2.0,-1.75 136.31499999999995 -1.5707963267948966 flow_0_8 0 5.0 2.0,1.75 -11.289999999999964 1.5707963267948966 flow_2_6 0 5.0 2.0,36.294999999999848 1.75 3.141592653589793 flow_4_8 0 5.0 2.0,-1.75 11.289999999999964 -1.5707963267948966 flow_0_6 0 5.0 2.0,290.43500000000037 -1.75 0.0 flow_6_7 0 5.0 2.0,1.75 -18.789999999999965 1.5707963267948966 flow_2_7 0 5.0 2.0,-1.75 18.789999999999965 -1.5707963267948966 flow_0_7 0 5.0 2.0,-290.43500000000037 1.75 3.141592653589793 flow_4_7 0 5.0 2.0,;HHL_QHDD_N r r,HHL_QHDD_S r r,HHL_QHDD_E g g,HHL_QHDD_W g g,
-5.25 202.995 -1.5707963267948966 flow_1_3 0 5.0 2.0,5.25 -202.995 1.5707963267948966 flow_3_3 0 5.0 2.0,-102.97499999999991 -5.25 0.0 flow_7_3 0 5.0 2.0,-19.62499999999983 -1.75 0.0 flow_6_8 0 5.0 2.0,1.75 -119.64499999999993 1.5707963267948966 flow_2_8 0 5.0 2.0,102.97499999999991 5.25 3.141592653589793 flow_5_3 0 5.0 2.0,-1.75 119.64499999999993 -1.5707963267948966 flow_0_8 0 5.0 2.0,1.75 -11.289999999999964 1.5707963267948966 flow_2_6 0 5.0 2.0,-299.0 -1.75 0.0 flow_6_9 0 5.0 2.0,19.62499999999983 1.75 3.141592653589793 flow_4_8 0 5.0 2.0,-1.75 11.289999999999964 -1.5707963267948966 flow_0_6 0 5.0 2.0,1.75 -18.789999999999965 1.5707963267948966 flow_2_7 0 5.0 2.0,-1.75 18.789999999999965 -1.5707963267948966 flow_0_7 0 5.0 2.0,299.0 1.75 3.141592653589793 flow_4_9 0 5.0 2.0,;HHL_QHDD_N r r,HHL_QHDD_S r r,HHL_QHDD_E g g,HHL_QHDD_W g g,
-5.25 186.325 -1.5707963267948966 flow_1_3 0 5.0 2.0,5.25 -186.325 1.5707963267948966 flow_3_3 0 5.0 2.0,-86.30499999999987 -5.25 0.0 flow_7_3 0 5.0 2.0,2.0450000000001866 -1.75 0.0 flow_6_8 0 5.0 2.0,1.75 -102.97499999999991 1.5707963267948966 flow_2_8 0 5.0 2.0,86.30499999999987 5.25 3.141592653589793 flow_5_3 0 5.0 2.0,-1.75 102.97499999999991 -1.5707963267948966 flow_0_8 0 5.0 2.0,1.75 -11.289999999999964 1.5707963267948966 flow_2_6 0 5.0 2.0,-296.0 -1.75 0.0 flow_6_9 0 5.0 2.0,-2.0450000000001866 1.75 3.141592653589793 flow_4_8 0 5.0 2.0,-1.75 11.289999999999964 -1.5707963267948966 flow_0_6 0 5.0 2.0,1.75 -18.789999999999965 1.5707963267948966 flow_2_7 0 5.0 2.0,-1.75 18.789999999999965 -1.5707963267948966 flow_0_7 0 5.0 2.0,296.0 1.75 3.141592653589793 flow_4_9 0 5.0 2.0,;HHL_QHDD_N r r,HHL_QHDD_S r r,HHL_QHDD_E g g,HHL_QHDD_W g g,
-5.25 169.65499999999998 -1.5707963267948966 flow_1_3 0 5.0 2.0,5.25 -169.65499999999998 1.5707963267948966 flow_3_3 0 5.0 2.0,-69.63499999999988 -5.25 0.0 flow_7_3 0 5.0 2.0,23.715000000000189 -1.75 0.0 flow_6_8 0 5.0 2.0,1.75 -86.30499999999987 1.5707963267948966 flow_2_8 0 5.0 2.0,69.63499999999988 5.25 3.141592653589793 flow_5_3 0 5.0 2.0,-1.75 86.30499999999987 -1.5707963267948966 flow_0_8 0 5.0 2.0,1.75 -11.289999999999964 1.5707963267948966 flow_2_6 0 5.0 2.0,-291.0 -1.75 0.0 flow_6_9 0 5.0 2.0,-23.715000000000189 1.75 3.141592653589793 flow_4_8 0 5.0 2.0,-1.75 11.289999999999964 -1.5707963267948966 flow_0_6 0 5.0 2.0,1.75 -18.789999999999965 1.5707963267948966 flow_2_7 0 5.0 2.0,-1.75 18.789999999999965 -1.5707963267948966 flow_0_7 0 5.0 2.0,291.0 1.75 3.141592653589793 flow_4_9 0 5.0 2.0,;HHL_QHDD_N r r,HHL_QHDD_S r r,HHL_QHDD_E g g,HHL_QHDD_W g g,
-5.25 152.98499999999997 -1.5707963267948966 flow_1_3 0 5.0 2.0,5.25 -152.98499999999997 1.5707963267948966 flow_3_3 0 5.0 2.0,-55.21499999999986 -5.25 0.0 flow_7_3 0 5.0 2.0,40.38500000000019 -1.75 0.0 flow_6_8 0 5.0 2.0,1.75 -69.63499999999988 1.5707963267948966 flow_2_8 0 5.0 2.0,55.21499999999986 5.25 3.141592653589793 flow_5_3 0 5.0 2.0,-1.75 69.63499999999988 -1.5707963267948966 flow_0_8 0 5.0 2.0,1.75 -11.289999999999964 1.5707963267948966 flow_2_6 0 5.0 2.0,-284.0 -1.75 0.0 flow_6_9 0 5.0 2.0,-40.38500000000019 1.75 3.141592653589793 flow_4_8 0 5.0 2.0,-1.75 11.289999999999964 -1.5707963267948966 flow_0_6 0 5.0 2.0,1.75 -18.789999999999965 1.5707963267948966 flow_2_7 0 5.0 2.0,-1.75 18.789999999999965 -1.5707963267948966 flow_0_7 0 5.0 2.0,284.0 1.75 3.141592653589793 flow_4_9 0 5.0 2.0,;HHL_QHDD_N r r,HHL_QHDD_S r r,HHL_QHDD_E g g,HHL_QHDD_W g g,
-5.25 136.31499999999995 -1.5707963267948966 flow_1_3 0 5.0 2.0,5.25 -136.31499999999995 1.5707963267948966 flow_3_3 0 5.0 2.0,-44.96334999999988 -5.25 0.0 flow_7_3 0 5.0 2.0,57.05500000000019 -1.75 0.0 flow_6_8 0 5.0 2.0,1.75 -53.478597091567909 1.5707963267948966 flow_2_8 0 5.0 2.0,44.96334999999988 5.25 3.141592653589793 flow_5_3 0 5.0 2.0,-1.75 53.478597091567909 -1.5707963267948966 flow_0_8 0 5.0 2.0,1.75 -11.289999999999964 1.5707963267948966 flow_2_6 0 5.0 2.0,-275.0 -1.75 0.0 flow_6_9 0 5.0 2.0,-57.05500000000019 1.75 3.141592653589793 flow_4_8 0 5.0 2.0,-1.75 11.289999999999964 -1.5707963267948966 flow_0_6 0 5.0 2.0,1.75 -18.789999999999965 1.5707963267948966 flow_2_7 0 5.0 2.0,-1.75 18.789999999999965 -1.5707963267948966 flow_0_7 0 5.0 2.0,275.0 1.75 3.141592653589793 flow_4_9 0 5.0 2.0,;HHL_QHDD_N r r,HHL_QHDD_S r r,HHL_QHDD_E g g,HHL_QHDD_W g g,
-5.25 119.64499999999993 -1.5707963267948966 flow_1_3 0 5.0 2.0,5.25 -119.64499999999993 1.5707963267948966 flow_3_3 0 5.0 2.0,-36.63004999999987 -5.25 0.0 flow_7_3 0 5.0 2.0,73.7250000000002 -1.75 0.0 flow_6_8 0 5.0 2.0,1.75 -40.08579127470398 1.5707963267948966 flow_2_8 0 5.0 2.0,36.63004999999987 5.25 3.141592653589793 flow_5_3 0 5.0 2.0,-1.75 40.08579127470398 -1.5707963267948966 flow_0_8 0 5.0 2.0,1.75 -11.289999999999964 1.5707963267948966 flow_2_6 0 5.0 2.0,-264.0 -1.75 0.0 flow_6_9 0 5.0 2.0,-73.7250000000002 1.75 3.141592653589793 flow_4_8 0 5.0 2.0,-1.75 11.289999999999964 -1.5707963267948966 flow_0_6 0 5.0 2.0,1.75 -18.789999999999965 1.5707963267948966 flow_2_7 0 5.0 2.0,-1.75 18.789999999999965 -1.5707963267948966 flow_0_7 0 5.0 2.0,264.0 1.75 3.141592653589793 flow_4_9 0 5.0 2.0,;HHL_QHDD_N r r,HHL_QHDD_S r r,HHL_QHDD_E g g,HHL_QHDD_W g g,
-1.75 299.0 -1.5707963267948966 flow_0_9 0 5.0 2.0,-5.25 102.97499999999991 -1.5707963267948966 flow_1_3 0 5.0 2.0,5.25 -102.97499999999991 1.5707963267948966 flow_3_3 0 5.0 2.0,-28.29674999999986 -5.25 0.0 flow_7_3 0 5.0 2.0,90.3950000000002 -1.75 0.0 flow_6_8 0 5.0 2.0,1.75 -31.192985457840054 1.5707963267948966 flow_2_8 0 5.0 2.0,28.29674999999986 5.25 3.141592653589793 flow_5_3 0 5.0 2.0,-1.75 31.192985457840054 -1.5707963267948966 flow_0_8 0 5.0 2.0,1.75 -11.289999999999964 1.5707963267948966 flow_2_6 0 5.0 2.0,-251.0 -1.75 0.0 flow_6_9 0 5.0 2.0,-90.3950000000002 1.75 3.141592653589793 flow_4_8 0 5.0 2.0,-1.75 11.289999999999964 -1.5707963267948966 flow_0_6 0 5.0 2.0,1.75 -18.789999999999965 1.5707963267948966 flow_2_7 0 5.0 2.0,1.75 -299.0 1.5707963267948966 flow_2_9 0 5.0 2.0,-1.75 18.789999999999965 -1.5707963267948966 flow_0_7 0 5.0 2.0,251.0 1.75 3.141592653589793 flow_4_9 0 5.0 2.0,;HHL_QHDD_N r r,HHL_QHDD_S r r,HHL_QHDD_E g g,HHL_QHDD_W g g,
-1.75 296.0 -1.5707963267948966 flow_0_9 0 5.0 2.0,-5.25 86.30499999999987 -1.5707963267948966 flow_1_3 0 5.0 2.0,5.25 -86.30499999999987 1.5707963267948966 flow_3_3 0 5.0 2.0,-19.963449999999854 -5.25 0.0 flow_7_3 0 5.0 2.0,107.0650000000002 -1.75 0.0 flow_6_8 0 5.0 2.0,1.75 -26.800179640976127 1.5707963267948966 flow_2_8 0 5.0 2.0,19.963449999999854 5.25 3.141592653589793 flow_5_3 0 5.0 2.0,-1.75 26.800179640976127 -1.5707963267948966 flow_0_8 0 5.0 2.0,1.75 -11.289999999999964 1.5707963267948966 flow_2_6 0 5.0 2.0,-236.0 -1.75 0.0 flow_6_9 0 5.0 2.0,-107.0650000000002 1.75 3.141592653589793 flow_4_8 0 5.0 2.0,-1.75 11.289999999999964 -1.5707963267948966 flow_0_6 0 5.0 2.0,1.75 -18.789999999999965 1.5707963267948966 flow_2_7 0 5.0 2.0,1.75 -296.0 1.5707963267948966 flow_2_9 0 5.0 2.0,-1.75 18.789999999999965 -1.5707963267948966 flow_0_7 0 5.0 2.0,236.0 1.75 3.141592653589793 flow_4_9 0 5.0 2.0,;HHL_QHDD_N r r,HHL_QHDD_S r r,HHL_QHDD_E g g,HHL_QHDD_W g g,
-1.75 291.0 -1.5707963267948966 flow_0_9 0 5.0 2.0,-5.25 69.63499999999988 -1.5707963267948966 flow_1_3 0 5.0 2.0,5.25 -69.63499999999988 1.5707963267948966 flow_3_3 0 5.0 2.0,-11.630149999999844 -5.25 0.0 flow_7_3 0 5.0 2.0,123.7350000000002 -1.75 0.0 flow_6_8 0 5.0 2.0,1.75 -26.289999999999908 1.5707963267948966 flow_2_8 0 5.0 2.0,11.630149999999844 5.25 3.141592653589793 flow_5_3 0 5.0 2.0,-1.75 26.289999999999908 -1.5707963267948966 flow_0_8 0 5.0 2.0,1.75 -11.289999999999964 1.5707963267948966 flow_2_6 0 5.0 2.0,-219.665 -1.75 0.0 flow_6_9 0 5.0 2.0,-123.7350000000002 1.75 3.141592653589793 flow_4_8 0 5.0 2.0,-1.75 11.289999999999964 -1.5707963267948966 flow_0_6 0 5.0 2.0,1.75 -18.789999999999965 1.5707963267948966 flow_2_7 0 5.0 2.0,1.75 -291.0 1.5707963267948966 flow_2_9 0 5.0 2.0,-1.75 18.789999999999965 -1.5707963267948966 flow_0_7 0 5.0 2.0,219.665 1.75 3.141592653589793 flow_4_9 0 5.0 2.0,;HHL_QHDD_N r r,HHL_QHDD_S r r,HHL_QHDD_E g g,HHL_QHDD_W g g,
-1.75 284.0 -1.5707963267948966 flow_0_9 0 5.0 2.0,-5.25 52.96499999999986 -1.5707963267948966 flow_1_3 0 5.0 2.0,5.25 -52.96499999999986 1.5707963267948966 flow_3_3 0 5.0 2.0,0.8074631136021678 3.2495743538325976 1.0768549578753155 flow_7_3 0 5.0 2.0,140.4050000000002 -1.75 0.0 flow_6_8 0 5.0 2.0,1.75 -26.289999999999908 1.5707963267948966 flow_2_8 0 5.0 2.0,-0.8074631136021678 -3.2495743538325976 -2.0647376957144778 flow_5_3 0 5.0 2.0,-1.75 26.289999999999908 -1.5707963267948966 flow_0_8 0 5.0 2.0,1.75 -11.289999999999964 1.5707963267948966 flow_2_6 0 5.0 2.0,-202.995 -1.75 0.0 flow_6_9 0 5.0 2.0,-140.4050000000002 1.75 3.141592653589793 flow_4_8 0 5.0 2.0,-1.75 11.289999999999964 -1.5707963267948966 flow_0_6 0 5.0 2.0,1.75 -18.789999999999965 1.5707963267948966 flow_2_7 0 5.0 2.0,1.75 -284.0 1.5707963267948966 flow_2_9 0 5.0 2.0,-1.75 18.789999999999965 -1.5707963267948966 flow_0_7 0 5.0 2.0,202.995 1.75 3.141592653589793 flow_4_9 0 5.0 2.0,;HHL_QHDD_N r r,HHL_QHDD_S r r,HHL_QHDD_E g g,HHL_QHDD_W g g,
-1.75 275.0 -1.5707963267948966 flow_0_9 0 5.0 2.0,-5.25 37.961999999999878 -1.5707963267948966 flow_1_3 0 5.0 2.0,5.25 -37.961999999999878 1.5707963267948966 flow_3_3 0 5.0 2.0,1.75 17.345244234941818 1.5707963267948966 flow_7_3 0 5.0 2.0,157.07500000000023 -1.75 0.0 flow_6_8 0 5.0 2.0,1.75 -26.289999999999908 1.5707963267948966 flow_2_8 0 5.0 2.0,-1.75 -17.345244234941818 -1.5707963267948966 flow_5_3 0 5.0 2.0,-1.75 26.289999999999908 -1.5707963267948966 flow_0_8 0 5.0 2.0,1.75 -11.289999999999964 1.5707963267948966 flow_2_6 0 5.0 2.0,-186.325 -1.75 0.0 flow_6_9 0 5.0 2.0,-157.07500000000023 1.75 3.141592653589793 flow_4_8 0 5.0 2.0,-1.75 11.289999999999964 -1.5707963267948966 flow_0_6 0 5.0 2.0,1.75 -18.789999999999965 1.5707963267948966 flow_2_7 0 5.0 2.0,1.75 -275.0 1.5707963267948966 flow_2_9 0 5.0 2.0,-1.75 18.789999999999965 -1.5707963267948966 flow_0_7 0 5.0 2.0,186.325 1.75 3.141592653589793 flow_4_9 0 5.0 2.0,;HHL_QHDD_N r r,HHL_QHDD_S r r,HHL_QHDD_E g g,HHL_QHDD_W g g,
-1.75 264.0 -1.5707963267948966 flow_0_9 0 5.0 2.0,-5.25 26.292999999999894 -1.5707963267948966 flow_1_3 0 5.0 2.0,5.25 -26.292999999999894 1.5707963267948966 flow_3_3 0 5.0 2.0,1.75 28.678544234941819 1.5707963267948966 flow_7_3 0 5.0 2.0,173.74500000000024 -1.75 0.0 flow_6_8 0 5.0 2.0,1.75 -26.289999999999908 1.5707963267948966 flow_2_8 0 5.0 2.0,-1.75 -28.678544234941819 -1.5707963267948966 flow_5_3 0 5.0 2.0,-1.75 26.289999999999908 -1.5707963267948966 flow_0_8 0 5.0 2.0,1.75 -11.289999999999964 1.5707963267948966 flow_2_6 0 5.0 2.0,-169.65499999999998 -1.75 0.0 flow_6_9 0 5.0 2.0,-173.74500000000024 1.75 3.141592653589793 flow_4_8 0 5.0 2.0,-1.75 11.289999999999964 -1.5707963267948966 flow_0_6 0 5.0 2.0,1.75 -18.789999999999965 1.5707963267948966 flow_2_7 0 5.0 2.0,1.75 -264.0 1.5707963267948966 flow_2_9 0 5.0 2.0,-1.75 18.789999999999965 -1.5707963267948966 flow_0_7 0 5.0 2.0,169.65499999999998 1.75 3.141592653589793 flow_4_9 0 5.0 2.0,;HHL_QHDD_N r r,HHL_QHDD_S r r,HHL_QHDD_E g g,HHL_QHDD_W g g,
-1.75 251.0 -1.5707963267948966 flow_0_9 0 5.0 2.0,-5.25 17.957999999999914 -1.5707963267948966 flow_1_3 0 5.0 2.0,5.25 -17.957999999999914 1.5707963267948966 flow_3_3 0 5.0 2.0,1.75 42.01184423494182 1.5707963267948966 flow_7_3 0 5.0 2.0,190.41500000000026 -1.75 0.0 flow_6_8 0 5.0 2.0,1.75 -26.289999999999908 1.5707963267948966 flow_2_8 0 5.0 2.0,-1.75 -42.01184423494182 -1.5707963267948966 flow_5_3 0 5.0 2.0,-1.75 26.289999999999908 -1.5707963267948966 flow_0_8 0 5.0 2.0,1.75 -11.289999999999964 1.5707963267948966 flow_2_6 0 5.0 2.0,-152.98499999999997 -1.75 0.0 flow_6_9 0 5.0 2.0,-190.41500000000026 1.75 3.141592653589793 flow_4_8 0 5.0 2.0,-1.75 11.289999999999964 -1.5707963267948966 flow_0_6 0 5.0 2.0,1.75 -18.789999999999965 1.5707963267948966 flow_2_7 0 5.0 2.0,1.75 -251.0 1.5707963267948966 flow_2_9 0 5.0 2.0,-1.75 18.789999999999965 -1.5707963267948966 flow_0_7 0 5.0 2.0,152.98499999999997 1.75 3.141592653589793 flow_4_9 0 5.0 2.0,;HHL_QHDD_N r r,HHL_QHDD_S r r,HHL_QHDD_E g g,HHL_QHDD_W g g,
-1.75 236.0 -1.5707963267948966 flow_0_9 0 5.0 2.0,-5.25 12.956999999999937 -1.5707963267948966 flow_1_3 0 5.0 2.0,5.25 -12.956999999999937 1.5707963267948966 flow_3_3 0 5.0 2.0,1.75 57.34514423494182 1.5707963267948966 flow_7_3 0 5.0 2.0,207.08500000000027 -1.75 0.0 flow_6_8 0 5.0 2.0,1.75 -26.289999999999908 1.5707963267948966 flow_2_8 0 5.0 2.0,-1.75 -57.34514423494182 -1.5707963267948966 flow_5_3 0 5.0 2.0,-1.75 26.289999999999908 -1.5707963267948966 flow_0_8 0 5.0 2.0,1.75 -11.289999999999964 1.5707963267948966 flow_2_6 0 5.0 2.0,-136.31499999999995 -1.75 0.0 flow_6_9 0 5.0 2.0,-207.08500000000027 1.75 3.141592653589793 flow_4_8 0 5.0 2.0,-1.75 11.289999999999964 -1.5707963267948966 flow_0_6 0 5.0 2.0,1.75 -18.789999999999965 1.5707963267948966 flow_2_7 0 5.0 2.0,1.75 -236.0 1.5707963267948966 flow_2_9 0 5.0 2.0,-1.75 18.789999999999965 -1.5707963267948966 flow_0_7 0 5.0 2.0,136.31499999999995 1.75 3.141592653589793 flow_4_9 0 5.0 2.0,;HHL_QHDD_N r r,HHL_QHDD_S r r,HHL_QHDD_E r r,HHL_QHDD_W r r,
-1.75 219.665 -1.5707963267948966 flow_0_9 0 5.0 2.0,-5.25 11.289999999999964 -1.5707963267948966 flow_1_3 0 5.0 2.0,5.25 -11.289999999999964 1.5707963267948966 flow_3_3 0 5.0 2.0,1.75 73.84679423494183 1.5707963267948966 flow_7_3 0 5.0 2.0,223.75500000000029 -1.75 0.0 flow_6_8 0 5.0 2.0,1.75 -26.289999999999908 1.5707963267948966 flow_2_8 0 5.0 2.0,-1.75 -73.84679423494183 -1.5707963267948966 flow_5_3 0 5.0 2.0,-1.75 26.289999999999908 -1.5707963267948966 flow_0_8 0 5.0 2.0,1.75 -11.289999999999964 1.5707963267948966 flow_2_6 0 5.0 2.0,-119.64499999999993 -1.75 0.0 flow_6_9 0 5.0 2.0,-223.75500000000029 1.75 3.141592653589793 flow_4_8 0 5.0 2.0,-1.75 11.289999999999964 -1.5707963267948966 flow_0_6 0 5.0 2.0,1.75 -18.789999999999965 1.5707963267948966 flow_2_7 0 5.0 2.0,1.75 -219.665 1.5707963267948966 flow_2_9 0 5.0 2.0,-1.75 18.789999999999965 -1.5707963267948966 flow_0_7 0 5.0 2.0,119.64499999999993 1.75 3.141592653589793 flow_4_9 0 5.0 2.0,;HHL_QHDD_N r r,HHL_QHDD_S r r,HHL_QHDD_E r r,HHL_QHDD_W r r,
-1.75 202.995 -1.5707963267948966 flow_0_9 0 5.0 2.0,-5.25 11.289999999999964 -1.5707963267948966 flow_1_3 0 5.0 2.0,5.25 -11.289999999999964 1.5707963267948966 flow_3_3 0 5.0 2.0,1.75 90.51679423494183 1.5707963267948966 flow_7_3 0 5.0 2.0,240.4250000000003 -1.75 0.0 flow_6_8 0 5.0 2.0,1.75 -26.289999999999908 1.5707963267948966 flow_2_8 0 5.0 2.0,-1.75 -90.51679423494183 -1.5707963267948966 flow_5_3 0 5.0 2.0,-1.75 26.289999999999908 -1.5707963267948966 flow_0_8 0 5.0 2.0,1.75 -11.289999999999964 1.5707963267948966 flow_2_6 0 5.0 2.0,-102.97499999999991 -1.75 0.0 flow_6_9 0 5.0 2.0,-240.4250000000003 1.75 3.141592653589793 flow_4_8 0 5.0 2.0,-1.75 11.289999999999964 -1.5707963267948966 flow_0_6 0 5.0 2.0,1.75 -18.789999999999965 1.5707963267948966 flow_2_7 0 5.0 2.0,1.75 -202.995 1.5707963267948966 flow_2_9 0 5.0 2.0,-1.75 18.789999999999965 -1.5707963267948966 flow_0_7 0 5.0 2.0,102.97499999999991 1.75 3.141592653589793 flow_4_9 0 5.0 2.0,;HHL_QHDD_N r r,HHL_QHDD_S r r,HHL_QHDD_E r r,HHL_QHDD_W r r,
-1.75 186.325 -1.5707963267948966 flow_0_9 0 5.0 2.0,-5.25 10.289999999999964 -1.5707963267948966 flow_1_3 0 5.0 2.0,5.25 -10.289999999999964 1.5707963267948966 flow_3_3 0 5.0 2.0,1.75 107.18679423494183 1.5707963267948966 flow_7_3 0 5.0 2.0,257.0950000000003 -1.75 0.0 flow_6_8 0 5.0 2.0,1.75 -26.289999999999908 1.5707963267948966 flow_2_8 0 5.0 2.0,-1.75 -107.18679423494183 -1.5707963267948966 flow_5_3 0 5.0 2.0,-1.75 26.289999999999908 -1.5707963267948966 flow_0_8 0 5.0 2.0,1.75 -11.289999999999964 1.5707963267948966 flow_2_6 0 5.0 2.0,-86.30499999999987 -1.75 0.0 flow_6_9 0 5.0 2.0,-257.0950000000003 1.75 3.141592653589793 flow_4_8 0 5.0 2.0,-1.75 11.289999999999964 -1.5707963267948966 flow_0_6 0 5.0 2.0,1.75 -18.789999999999965 1.5707963267948966 flow_2_7 0 5.0 2.0,1.75 -186.325 1.5707963267948966 flow_2_9 0 5.0 2.0,-1.75 18.789999999999965 -1.5707963267948966 flow_0_7 0 5.0 2.0,86.30499999999987 1.75 3.141592653589793 flow_4_9 0 5.0 2.0,;HHL_QHDD_N g g,HHL_QHDD_S g g,HHL_QHDD_E r r,HHL_QHDD_W r r,
-1.75 169.65499999999998 -1.5707963267948966 flow_0_9 0 5.0 2.0,1.75 2.2899999999999638 -1.5707963267948966 flow_1_3 0 5.0 2.0,-1.75 -2.2899999999999638 1.5707963267948966 flow_3_3 0 5.0 2.0,1.75 123.85679423494183 1.5707963267948966 flow_7_3 0 5.0 2.0,273.7650000000003 -1.75 0.0 flow_6_8 0 5.0 2.0,1.75 -26.289999999999908 1.5707963267948966 flow_2_8 0 5.0 2.0,-1.75 -123.85679423494183 -1.5707963267948966 flow_5_3 0 5.0 2.0,-1.75 26.289999999999908 -1.5707963267948966 flow_0_8 0 5.0 2.0,1.75 -11.289999999999964 1.5707963267948966 flow_2_6 0 5.0 2.0,-69.63499999999988 -1.75 0.0 flow_6_9 0 5.0 2.0,-273.7650000000003 1.75 3.141592653589793 flow_4_8 0 5.0 2.0,-1.75 11.289999999999964 -1.5707963267948966 flow_0_6 0 5.0 2.0,1.75 -18.789999999999965 1.5707963267948966 flow_2_7 0 5.0 2.0,1.75 -169.65499999999998 1.5707963267948966 flow_2_9 0 5.0 2.0,-1.75 18.789999999999965 -1.5707963267948966 flow_0_7 0 5.0 2.0,69.63499999999988 1.75 3.141592653589793 flow_4_9 0 5.0 2.0,;HHL_QHDD_N g g,HHL_QHDD_S g g,HHL_QHDD_E r r,HHL_QHDD_W r r,
-1.75 152.98499999999997 -1.5707963267948966 flow_0_9 0 5.0 2.0,4.136076680789127 -1.2848105204249146 -0.4939413689195812 flow_1_3 0 5.0 2.0,-4.136076680789127 1.2848105204249146 2.647651284670212 flow_3_3 0 5.0 2.0,1.75 140.52679423494184 1.5707963267948966 flow_7_3 0 5.0 2.0,290.43500000000037 -1.75 0.0 flow_6_8 0 5.0 2.0,1.75 -26.289999999999908 1.5707963267948966 flow_2_8 0 5.0 2.0,-1.75 -140.52679423494184 -1.5707963267948966 flow_5_3 0 5.0 2.0,-1.75 26.289999999999908 -1.5707963267948966 flow_0_8 0 5.0 2.0,1.75 -11.289999999999964 1.5707963267948966 flow_2_6 0 5.0 2.0,-52.96499999999986 -1.75 0.0 flow_6_9 0 5.0 2.0,-290.43500000000037 1.75 3.141592653589793 flow_4_8 0 5.0 2.0,-1.75 11.289999999999964 -1.5707963267948966 flow_0_6 0 5.0 2.0,1.75 -18.789999999999965 1.5707963267948966 flow_2_7 0 5.0 2.0,1.75 -152.98499999999997 1.5707963267948966 flow_2_9 0 5.0 2.0,-1.75 18.789999999999965 -1.5707963267948966 flow_0_7 0 5.0 2.0,52.96499999999986 1.75 3.141592653589793 flow_4_9 0 5.0 2.0,;HHL_QHDD_N g g,HHL_QHDD_S g g,HHL_QHDD_E r r,HHL_QHDD_W r r,
-1.75 136.31499999999995 -1.5707963267948966 flow_0_9 0 5.0 2.0,16.018794234941688 -1.75 0.0 flow_1_3 0 5.0 2.0,-16.018794234941688 1.75 3.141592653589793 flow_3_3 0 5.0 2.0,1.75 157.19679423494183 1.5707963267948966 flow_7_3 0 5.0 2.0,1.75 -26.289999999999908 1.5707963267948966 flow_2_8 0 5.0 2.0,-1.75 -157.19679423494183 -1.5707963267948966 flow_5_3 0 5.0 2.0,-1.75 26.289999999999908 -1.5707963267948966 flow_0_8 0 5.0 2.0,1.75 -10.289999999999964 1.5707963267948966 flow_2_6 0 5.0 2.0,-37.961999999999878 -1.75 0.0 flow_6_9 0 5.0 2.0,-1.75 10.289999999999964 -1.5707963267948966 flow_0_6 0 5.0 2.0,1.75 -18.789999999999965 1.5707963267948966 flow_2_7 0 5.0 2.0,299.0 1.75 3.141592653589793 flow_4_10 0 5.0 2.0,-299.0 -1.75 0.0 flow_6_10 0 5.0 2.0,1.75 -136.31499999999995 1.5707963267948966 flow_2_9 0 5.0 2.0,-1.75 18.789999999999965 -1.5707963267948966 flow_0_7 0 5.0 2.0,37.961999999999878 1.75 3.141592653589793 flow_4_9 0 5.0 2.0,;HHL_QHDD_N g g,HHL_QHDD_S g g,HHL_QHDD_E r r,HHL_QHDD_W r r,
-1.75 119.64499999999993 -1.5707963267948966 flow_0_9 0 5.0 2.0,25.018794234941688 -1.75 0.0 flow_1_3 0 5.0 2.0,-25.018794234941688 1.75 3.141592653589793 flow_3_3 0 5.0 2.0,1.75 173.86679423494184 1.5707963267948966 flow_7_3 0 5.0 2.0,1.75 -26.289999999999908 1.5707963267948966 flow_2_8 0 5.0 2.0,-1.75 -173.86679423494184 -1.5707963267948966 flow_5_3 0 5.0 2.0,-1.75 26.289999999999908 -1.5707963267948966 flow_0_8 0 5.0 2.0,1.75 -2.2899999999999638 1.5707963267948966 flow_2_6 0 5.0 2.0,-26.292999999999894 -1.75 0.0 flow_6_9 0 5.0 2.0,-1.75 2.2899999999999638 -1.5707963267948966 flow_0_6 0 5.0 2.0,1.75 -18.039999999999965 1.5707963267948966 flow_2_7 0 5.0 2.0,296.0 1.75 3.141592653589793 flow_4_10 0 5.0 2.0,-296.0 -1.75 0.0 flow_6_10 0 5.0 2.0,1.75 -119.64499999999993 1.5707963267948966 flow_2_9 0 5.0 2.0,-1.75 18.039999999999965 -1.5707963267948966 flow_0_7 0 5.0 2.0,26.292999999999894 1.75 3.141592653589793 flow_4_9 0 5.0 2.0,;HHL_QHDD_N g g,HHL_QHDD_S g g,HHL_QHDD_E r r,HHL_QHDD_W r r,
-1.75 102.97499999999991 -1.5707963267948966 flow_0_9 0 5.0 2.0,36.01879423494169 -1.75 0.0 flow_1_3 0 5.0 2.0,-36.01879423494169 1.75 3.141592653589793 flow_3_3 0 5.0 2.0,1.75 190.53679423494186 1.5707963267948966 flow_7_3 0 5.0 2.0,1.75 -26.289999999999908 1.5707963267948966 flow_2_8 0 5.0 2.0,-1.75 -190.53679423494186 -1.5707963267948966 flow_5_3 0 5.0 2.0,-1.75 26.289999999999908 -1.5707963267948966 flow_0_8 0 5.0 2.0,1.75 2.7100000000000366 1.5707963267948966 flow_2_6 0 5.0 2.0,-17.957999999999914 -1.75 0.0 flow_6_9 0 5.0 2.0,-1.75 -2.7100000000000366 -1.5707963267948966 flow_0_6 0 5.0 2.0,1.75 -15.539999999999964 1.5707963267948966 flow_2_7 0 5.0 2.0,291.0 1.75 3.141592653589793 flow_4_10 0 5.0 2.0,-291.0 -1.75 0.0 flow_6_10 0 5.0 2.0,1.75 -102.97499999999991 1.5707963267948966 flow_2_9 0 5.0 2.0,-1.75 15.539999999999964 -1.5707963267948966 flow_0_7 0 5.0 2.0,17.957999999999914 1.75 3.141592653589793 flow_4_9 0 5.0 2.0,;HHL_QHDD_N g g,HHL_QHDD_S g g,HHL_QHDD_E r r,HHL_QHDD_W r r,
-1.75 86.30499999999987 -1.5707963267948966 flow_0_9 0 5.0 2.0,49.01879423494169 -1.75 0.0 flow_1_3 0 5.0 2.0,-49.01879423494169 1.75 3.141592653589793 flow_3_3 0 5.0 2.0,1.75 207.20679423494185 1.5707963267948966 flow_7_3 0 5.0 2.0,1.75 -25.289999999999908 1.5707963267948966 flow_2_8 0 5.0 2.0,-1.75 -207.20679423494185 -1.5707963267948966 flow_5_3 0 5.0 2.0,-1.75 25.289999999999908 -1.5707963267948966 flow_0_8 0 5.0 2.0,1.75 14.710000000000037 1.5707963267948966 flow_2_6 0 5.0 2.0,-12.956999999999937 -1.75 0.0 flow_6_9 0 5.0 2.0,-1.75 -14.710000000000037 -1.5707963267948966 flow_0_6 0 5.0 2.0,1.75 -11.039999999999964 1.5707963267948966 flow_2_7 0 5.0 2.0,284.0 1.75 3.141592653589793 flow_4_10 0 5.0 2.0,-284.0 -1.75 0.0 flow_6_10 0 5.0 2.0,1.75 -86.30499999999987 1.5707963267948966 flow_2_9 0 5.0 2.0,-1.75 11.039999999999964 -1.5707963267948966 flow_0_7 0 5.0 2.0,12.956999999999937 1.75 3.141592653589793 flow_4_9 0 5.0 2.0,;HHL_QHDD_N g g,HHL_QHDD_S g g,HHL_QHDD_E r r,HHL_QHDD_W r r,
-1.75 69.63499999999988 -1.5707963267948966 flow_0_9 0 5.0 2.0,64.01879423494168 -1.75 0.0 flow_1_3 0 5.0 2.0,-64.01879423494168 1.75 3.141592653589793 flow_3_3 0 5.0 2.0,1.75 223.87679423494189 1.5707963267948966 flow_7_3 0 5.0 2.0,1.75 -22.289999999999908 1.5707963267948966 flow_2_8 0 5.0 2.0,-1.75 -223.87679423494189 -1.5707963267948966 flow_5_3 0 5.0 2.0,-1.75 22.289999999999908 -1.5707963267948966 flow_0_8 0 5.0 2.0,1.75 23.710000000000038 1.5707963267948966 flow_2_6 0 5.0 2.0,-11.289999999999964 -1.75 0.0 flow_6_9 0 5.0 2.0,-1.75 -23.710000000000038 -1.5707963267948966 flow_0_6 0 5.0 2.0,1.75 0.4600000000000364 1.5707963267948966 flow_2_7 0 5.0 2.0,275.0 1.75 3.141592653589793 flow_4_10 0 5.0 2.0,-275.0 -1.75 0.0 flow_6_10 0 5.0 2.0,1.75 -69.63499999999988 1.5707963267948966 flow_2_9 0 5.0 2.0,-1.75 -0.4600000000000364 -1.5707963267948966 flow_0_7 0 5.0 2.0,11.289999999999964 1.75 3.141592653589793 flow_4_9 0 5.0 2.0,;HHL_QHDD_N g g,HHL_QHDD_S g g,HHL_QHDD_E r r,HHL_QHDD_W r r,
-1.75 53.69785126745268 -1.5707963267948966 flow_0_9 0 5.0 2.0,80.35379423494169 -1.75 0.0 flow_1_3 0 5.0 2.0,-80.35379423494169 1.75 3.141592653589793 flow_3_3 0 5.0 2.0,1.75 240.5467942349419 1.5707963267948966 flow_7_3 0 5.0 2.0,1.75 -17.289999999999908 1.5707963267948966 flow_2_8 0 5.0 2.0,-1.75 -240.5467942349419 -1.5707963267948966 flow_5_3 0 5.0 2.0,-1.75 17.289999999999908 -1.5707963267948966 flow_0_8 0 5.0 2.0,1.75 34.710000000000039 1.5707963267948966 flow_2_6 0 5.0 2.0,-11.289999999999964 -1.75 0.0 flow_6_9 0 5.0 2.0,-1.75 -34.710000000000039 -1.5707963267948966 flow_0_6 0 5.0 2.0,1.75 13.960000000000037 1.5707963267948966 flow_2_7 0 5.0 2.0,264.0 1.75 3.141592653589793 flow_4_10 0 5.0 2.0,-264.0 -1.75 0.0 flow_6_10 0 5.0 2.0,1.75 -53.69785126745268 1.5707963267948966 flow_2_9 0 5.0 2.0,-1.75 -13.960000000000037 -1.5707963267948966 flow_0_7 0 5.0 2.0,11.289999999999964 1.75 3.141592653589793 flow_4_9 0 5.0 2.0,;HHL_QHDD_N g g,HHL_QHDD_S g g,HHL_QHDD_E r r,HHL_QHDD_W r r,
-1.75 39.59158360127117 -1.5707963267948966 flow_0_9 0 5.0 2.0,97.02379423494169 -1.75 0.0 flow_1_3 0 5.0 2.0,-97.02379423494169 1.75 3.141592653589793 flow_3_3 0 5.0 2.0,1.75 257.216794234942 1.5707963267948966 flow_7_3 0 5.0 2.0,1.75 -10.289999999999907 1.5707963267948966 flow_2_8 0 5.0 2.0,-1.75 -257.216794234942 -1.5707963267948966 flow_5_3 0 5.0 2.0,-1.75 10.289999999999907 -1.5707963267948966 flow_0_8 0 5.0 2.0,1.75 47.710000000000039 1.5707963267948966 flow_2_6 0 5.0 2.0,-11.289999999999964 -1.75 0.0 flow_6_9 0 5.0 2.0,-1.75 -47.710000000000039 -1.5707963267948966 flow_0_6 0 5.0 2.0,1.75 24.460000000000038 1.5707963267948966 flow_2_7 0 5.0 2.0,251.0 1.75 3.141592653589793 flow_4_10 0 5.0 2.0,-251.0 -1.75 0.0 flow_6_10 0 5.0 2.0,1.75 -39.59158360127117 1.5707963267948966 flow_2_9 0 5.0 2.0,-1.75 -24.460000000000038 -1.5707963267948966 flow_0_7 0 5.0 2.0,11.289999999999964 1.75 3.141592653589793 flow_4_9 0 5.0 2.0,;HHL_QHDD_N g g,HHL_QHDD_S g g,HHL_QHDD_E r r,HHL_QHDD_W r r,
-1.75 27.023242143456458 -1.5707963267948966 flow_0_9 0 5.0 2.0,-1.75 299.0 -1.5707963267948966 flow_0_10 0 5.0 2.0,113.69379423494169 -1.75 0.0 flow_1_3 0 5.0 2.0,-113.69379423494169 1.75 3.141592653589793 flow_3_3 0 5.0 2.0,1.75 273.88679423494195 1.5707963267948966 flow_7_3 0 5.0 2.0,1.75 3.7100000000000934 1.5707963267948966 flow_2_8 0 5.0 2.0,1.75 -299.0 1.5707963267948966 flow_2_10 0 5.0 2.0,-1.75 -273.88679423494195 -1.5707963267948966 flow_5_3 0 5.0 2.0,-1.75 -3.7100000000000934 -1.5707963267948966 flow_0_8 0 5.0 2.0,1.75 62.710000000000039 1.5707963267948966 flow_2_6 0 5.0 2.0,-11.289999999999964 -1.75 0.0 flow_6_9 0 5.0 2.0,-1.75 -62.710000000000039 -1.5707963267948966 flow_0_6 0 5.0 2.0,1.75 36.835000000000039 1.5707963267948966 flow_2_7 0 5.0 2.0,236.0 1.75 3.141592653589793 flow_4_10 0 5.0 2.0,-236.0 -1.75 0.0 flow_6_10 0 5.0 2.0,1.75 -27.023242143456458 1.5707963267948966 flow_2_9 0 5.0 2.0,-1.75 -36.835000000000039 -1.5707963267948966 flow_0_7 0 5.0 2.0,11.289999999999964 1.75 3.141592653589793 flow_4_9 0 5.0 2.0,;HHL_QHDD_N g g,HHL_QHDD_S g g,HHL_QHDD_E r r,HHL_QHDD_W r r,
-1.75 14.759682165050493 -1.5707963267948966 flow_0_9 0 5.0 2.0,-1.75 296.0 -1.5707963267948966 flow_0_10 0 5.0 2.0,130.36379423494169 -1.75 0.0 flow_1_3 0 5.0 2.0,-130.36379423494169 1.75 3.141592653589793 flow_3_3 0 5.0 2.0,1.75 290.55679423494197 1.5707963267948966 flow_7_3 0 5.0 2.0,1.75 19.710000000000094 1.5707963267948966 flow_2_8 0 5.0 2.0,1.75 -296.0 1.5707963267948966 flow_2_10 0 5.0 2.0,-1.75 -290.55679423494197 -1.5707963267948966 flow_5_3 0 5.0 2.0,-1.75 -19.710000000000094 -1.5707963267948966 flow_0_8 0 5.0 2.0,1.75 79.04500000000005 1.5707963267948966 flow_2_6 0 5.0 2.0,-11.289999999999964 -1.75 0.0 flow_6_9 0 5.0 2.0,-1.75 -79.04500000000005 -1.5707963267948966 flow_0_6 0 5.0 2.0,1.75 51.02250000000004 1.5707963267948966 flow_2_7 0 5.0 2.0,219.665 1.75 3.141592653589793 flow_4_10 0 5.0 2.0,-219.665 -1.75 0.0 flow_6_10 0 5.0 2.0,1.75 -14.759682165050493 1.5707963267948966 flow_2_9 0 5.0 2.0,-1.75 -51.02250000000004 -1.5707963267948966 flow_0_7 0 5.0 2.0,11.289999999999964 1.75 3.141592653589793 flow_4_9 0 5.0 2.0,;HHL_QHDD_N g g,HHL_QHDD_S g g,HHL_QHDD_E r r,HHL_QHDD_W r r,
-1.75 -2.807075830437725 -1.5707963267948966 flow_0_9 0 5.0 2.0,-1.75 291.0 -1.5707963267948966 flow_0_10 0 5.0 2.0,147.0337942349417 -1.75 0.0 flow_1_3 0 5.0 2.0,-147.0337942349417 1.75 3.141592653589793 flow_3_3 0 5.0 2.0,1.75 32.71000000000009 1.5707963267948966 flow_2_8 0 5.0 2.0,1.75 -291.0 1.5707963267948966 flow_2_10 0 5.0 2.0,-1.75 -32.71000000000009 -1.5707963267948966 flow_0_8 0 5.0 2.0,1.75 95.71500000000005 1.5707963267948966 flow_2_6 0 5.0 2.0,-11.289999999999964 -1.75 0.0 flow_6_9 0 5.0 2.0,-1.75 -95.71500000000005 -1.5707963267948966 flow_0_6 0 5.0 2.0,1.75 66.61750000000004 1.5707963267948966 flow_2_7 0 5.0 2.0,202.995 1.75 3.141592653589793 flow_4_10 0 5.0 2.0,-202.995 -1.75 0.0 flow_6_10 0 5.0 2.0,1.75 2.807075830437725 1.5707963267948966 flow_2_9 0 5.0 2.0,-1.75 -66.61750000000004 -1.5707963267948966 flow_0_7 0 5.0 2.0,11.289999999999964 1.75 3.141592653589793 flow_4_9 0 5.0 2.0,;HHL_QHDD_N g g,HHL_QHDD_S g g,HHL_QHDD_E r r,HHL_QHDD_W r r,
-1.75 -21.058372278775303 -1.5707963267948966 flow_0_9 0 5.0 2.0,-1.75 284.0 -1.5707963267948966 flow_0_10 0 5.0 2.0,163.7037942349417 -1.75 0.0 flow_1_3 0 5.0 2.0,-163.7037942349417 1.75 3.141592653589793 flow_3_3 0 5.0 2.0,1.75 47.71000000000009 1.5707963267948966 flow_2_8 0 5.0 2.0,1.75 -284.0 1.5707963267948966 flow_2_10 0 5.0 2.0,-1.75 -47.71000000000009 -1.5707963267948966 flow_0_8 0 5.0 2.0,1.75 112.38500000000005 1.5707963267948966 flow_2_6 0 5.0 2.0,-11.289999999999964 -1.75 0.0 flow_6_9 0 5.0 2.0,-1.75 -112.38500000000005 -1.5707963267948966 flow_0_6 0 5.0 2.0,1.75 82.83375000000004 1.5707963267948966 flow_2_7 0 5.0 2.0,186.325 1.75 3.141592653589793 flow_4_10 0 5.0 2.0,-186.325 -1.75 0.0 flow_6_10 0 5.0 2.0,1.75 21.058372278775303 1.5707963267948966 flow_2_9 0 5.0 2.0,-1.75 -82.83375000000004 -1.5707963267948966 flow_0_7 0 5.0 2.0,11.289999999999964 1.75 3.141592653589793 flow_4_9 0 5.0 2.0,;HHL_QHDD_N g g,HHL_QHDD_S g g,HHL_QHDD_E r r,HHL_QHDD_W r r,
-1.75 -35.634186139387697 -1.5707963267948966 flow_0_9 0 5.0 2.0,-1.75 275.0 -1.5707963267948966 flow_0_10 0 5.0 2.0,180.37379423494174 -1.75 0.0 flow_1_3 0 5.0 2.0,-180.37379423494174 1.75 3.141592653589793 flow_3_3 0 5.0 2.0,1.75 64.0450000000001 1.5707963267948966 flow_2_8 0 5.0 2.0,1.75 -275.0 1.5707963267948966 flow_2_10 0 5.0 2.0,-1.75 -64.0450000000001 -1.5707963267948966 flow_0_8 0 5.0 2.0,1.75 129.05500000000007 1.5707963267948966 flow_2_6 0 5.0 2.0,-11.289999999999964 -1.75 0.0 flow_6_9 0 5.0 2.0,-1.75 -129.05500000000007 -1.5707963267948966 flow_0_6 0 5.0 2.0,1.75 99.27687500000005 1.5707963267948966 flow_2_7 0 5.0 2.0,169.65499999999998 1.75 3.141592653589793 flow_4_10 0 5.0 2.0,-169.65499999999998 -1.75 0.0 flow_6_10 0 5.0 2.0,1.75 35.634186139387697 1.5707963267948966 flow_2_9 0 5.0 2.0,-1.75 -99.27687500000005 -1.5707963267948966 flow_0_7 0 5.0 2.0,11.289999999999964 1.75 3.141592653589793 flow_4_9 0 5.0 2.0,;HHL_QHDD_N g g,HHL_QHDD_S g g,HHL_QHDD_E r r,HHL_QHDD_W r r,
-1.75 -51.4233430696939 -1.5707963267948966 flow_0_9 0 5.0 2.0,-1.75 264.0 -1.5707963267948966 flow_0_10 0 5.0 2.0,197.04379423494175 -1.75 0.0 flow_1_3 0 5.0 2.0,-197.04379423494175 1.75 3.141592653589793 flow_3_3 0 5.0 2.0,1.75 80.71500000000009 1.5707963267948966 flow_2_8 0 5.0 2.0,1.75 -264.0 1.5707963267948966 flow_2_10 0 5.0 2.0,-1.75 -80.71500000000009 -1.5707963267948966 flow_0_8 0 5.0 2.0,1.75 145.72500000000006 1.5707963267948966 flow_2_6 0 5.0 2.0,-11.289999999999964 -1.75 0.0 flow_6_9 0 5.0 2.0,-1.75 -145.72500000000006 -1.5707963267948966 flow_0_6 0 5.0 2.0,1.75 115.83343750000005 1.5707963267948966 flow_2_7 0 5.0 2.0,152.98499999999997 1.75 3.141592653589793 flow_4_10 0 5.0 2.0,-152.98499999999997 -1.75 0.0 flow_6_10 0 5.0 2.0,1.75 51.4233430696939 1.5707963267948966 flow_2_9 0 5.0 2.0,-1.75 -115.83343750000005 -1.5707963267948966 flow_0_7 0 5.0 2.0,11.289999999999964 1.75 3.141592653589793 flow_4_9 0 5.0 2.0,;HHL_QHDD_N g g,HHL_QHDD_S g g,HHL_QHDD_E r r,HHL_QHDD_W r r,
-1.75 -67.736671534847 -1.5707963267948966 flow_0_9 0 5.0 2.0,-1.75 251.0 -1.5707963267948966 flow_0_10 0 5.0 2.0,213.71379423494177 -1.75 0.0 flow_1_3 0 5.0 2.0,-213.71379423494177 1.75 3.141592653589793 flow_3_3 0 5.0 2.0,1.75 97.38500000000009 1.5707963267948966 flow_2_8 0 5.0 2.0,1.75 -251.0 1.5707963267948966 flow_2_10 0 5.0 2.0,-1.75 -97.38500000000009 -1.5707963267948966 flow_0_8 0 5.0 2.0,1.75 162.395 1.5707963267948966 flow_2_6 0 5.0 2.0,-11.289999999999964 -1.75 0.0 flow_6_9 0 5.0 2.0,-1.75 -162.395 -1.5707963267948966 flow_0_6 0 5.0 2.0,1.75 132.44671875000004 1.5707963267948966 flow_2_7 0 5.0 2.0,136.31499999999995 1.75 3.141592653589793 flow_4_10 0 5.0 2.0,-136.31499999999995 -1.75 0.0 flow_6_10 0 5.0 2.0,1.75 67.736671534847 1.5707963267948966 flow_2_9 0 5.0 2.0,-1.75 -132.44671875000004 -1.5707963267948966 flow_0_7 0 5.0 2.0,11.289999999999964 1.75 3.141592653589793 flow_4_9 0 5.0 2.0,;HHL_QHDD_N g g,HHL_QHDD_S g g,HHL_QHDD_E r r,HHL_QHDD_W r r,
-1.75 -84.22833576742355 -1.5707963267948966 flow_0_9 0 5.0 2.0,-1.75 236.0 -1.5707963267948966 flow_0_10 0 5.0 2.0,230.38379423494178 -1.75 0.0 flow_1_3 0 5.0 2.0,-230.38379423494178 1.75 3.141592653589793 flow_3_3 0 5.0 2.0,1.75 114.05500000000009 1.5707963267948966 flow_2_8 0 5.0 2.0,1.75 -236.0 1.5707963267948966 flow_2_10 0 5.0 2.0,-1.75 -114.05500000000009 -1.5707963267948966 flow_0_8 0 5.0 2.0,1.75 179.06500000000006 1.5707963267948966 flow_2_6 0 5.0 2.0,-11.289999999999964 -1.75 0.0 flow_6_9 0 5.0 2.0,-1.75 -179.06500000000006 -1.5707963267948966 flow_0_6 0 5.0 2.0,1.75 149.08835937500005 1.5707963267948966 flow_2_7 0 5.0 2.0,119.64499999999993 1.75 3.141592653589793 flow_4_10 0 5.0 2.0,-119.64499999999993 -1.75 0.0 flow_6_10 0 5.0 2.0,1.75 84.22833576742355 1.5707963267948966 flow_2_9 0 5.0 2.0,-1.75 -149.08835937500005 -1.5707963267948966 flow_0_7 0 5.0 2.0,11.289999999999964 1.75 3.141592653589793 flow_4_9 0 5.0 2.0,;HHL_QHDD_N g g,HHL_QHDD_S g g,HHL_QHDD_E r r,HHL_QHDD_W r r,
-1.75 -100.80916788371182 -1.5707963267948966 flow_0_9 0 5.0 2.0,-1.75 219.665 -1.5707963267948966 flow_0_10 0 5.0 2.0,247.0537942349418 -1.75 0.0 flow_1_3 0 5.0 2.0,-247.0537942349418 1.75 3.141592653589793 flow_3_3 0 5.0 2.0,1.75 130.72500000000009 1.5707963267948966 flow_2_8 0 5.0 2.0,1.75 -219.665 1.5707963267948966 flow_2_10 0 5.0 2.0,-1.75 -130.72500000000009 -1.5707963267948966 flow_0_8 0 5.0 2.0,1.75 195.73500000000008 1.5707963267948966 flow_2_6 0 5.0 2.0,-11.289999999999964 -1.75 0.0 flow_6_9 0 5.0 2.0,-1.75 -195.73500000000008 -1.5707963267948966 flow_0_6 0 5.0 2.0,1.75 165.74417968750005 1.5707963267948966 flow_2_7 0 5.0 2.0,102.97499999999991 1.75 3.141592653589793 flow_4_10 0 5.0 2.0,-102.97499999999991 -1.75 0.0 flow_6_10 0 5.0 2.0,1.75 100.80916788371182 1.5707963267948966 flow_2_9 0 5.0 2.0,-1.75 -165.74417968750005 -1.5707963267948966 flow_0_7 0 5.0 2.0,11.289999999999964 1.75 3.141592653589793 flow_4_9 0 5.0 2.0,;HHL_QHDD_N g g,HHL_QHDD_S g g,HHL_QHDD_E r r,HHL_QHDD_W r r,
-1.75 -117.43458394185596 -1.5707963267948966 flow_0_9 0 5.0 2.0,-1.75 202.995 -1.5707963267948966 flow_0_10 0 5.0 2.0,263.7237942349418 -1.75 0.0 flow_1_3 0 5.0 2.0,-263.7237942349418 1.75 3.141592653589793 flow_3_3 0 5.0 2.0,1.75 147.3950000000001 1.5707963267948966 flow_2_8 0 5.0 2.0,1.75 -202.995 1.5707963267948966 flow_2_10 0 5.0 2.0,-1.75 -147.3950000000001 -1.5707963267948966 flow_0_8 0 5.0 2.0,1.75 212.4050000000001 1.5707963267948966 flow_2_6 0 5.0 2.0,-11.289999999999964 -1.75 0.0 flow_6_9 0 5.0 2.0,-1.75 -212.4050000000001 -1.5707963267948966 flow_0_6 0 5.0 2.0,1.75 182.40708984375005 1.5707963267948966 flow_2_7 0 5.0 2.0,86.30499999999987 1.75 3.141592653589793 flow_4_10 0 5.0 2.0,-86.30499999999987 -1.75 0.0 flow_6_10 0 5.0 2.0,1.75 117.43458394185596 1.5707963267948966 flow_2_9 0 5.0 2.0,-1.75 -182.40708984375005 -1.5707963267948966 flow_0_7 0 5.0 2.0,11.289999999999964 1.75 3.141592653589793 flow_4_9 0 5.0 2.0,;HHL_QHDD_N g g,HHL_QHDD_S g g,HHL_QHDD_E r r,HHL_QHDD_W r r,
-1.75 -134.08229197092803 -1.5707963267948966 flow_0_9 0 5.0 2.0,-1.75 186.325 -1.5707963267948966 flow_0_10 0 5.0 2.0,280.3937942349418 -1.75 0.0 flow_1_3 0 5.0 2.0,-280.3937942349418 1.75 3.141592653589793 flow_3_3 0 5.0 2.0,1.75 164.0650000000001 1.5707963267948966 flow_2_8 0 5.0 2.0,1.75 -186.325 1.5707963267948966 flow_2_10 0 5.0 2.0,-1.75 -164.0650000000001 -1.5707963267948966 flow_0_8 0 5.0 2.0,1.75 229.0750000000001 1.5707963267948966 flow_2_6 0 5.0 2.0,-11.289999999999964 -1.75 0.0 flow_6_9 0 5.0 2.0,-1.75 -229.0750000000001 -1.5707963267948966 flow_0_6 0 5.0 2.0,1.75 199.07354492187506 1.5707963267948966 flow_2_7 0 5.0 2.0,69.63499999999988 1.75 3.141592653589793 flow_4_10 0 5.0 2.0,-69.63499999999988 -1.75 0.0 flow_6_10 0 5.0 2.0,1.75 134.08229197092803 1.5707963267948966 flow_2_9 0 5.0 2.0,-1.75 -199.07354492187506 -1.5707963267948966 flow_0_7 0 5.0 2.0,11.289999999999964 1.75 3.141592653589793 flow_4_9 0 5.0 2.0,;HHL_QHDD_N g g,HHL_QHDD_S g g,HHL_QHDD_E r r,HHL_QHDD_W r r,
-1.75 -150.74114598546408 -1.5707963267948966 flow_0_9 0 5.0 2.0,-1.75 169.65499999999998 -1.5707963267948966 flow_0_10 0 5.0 2.0,297.06379423494186 -1.75 0.0 flow_1_3 0 5.0 2.0,-297.06379423494186 1.75 3.141592653589793 flow_3_3 0 5.0 2.0,1.75 180.73500000000014 1.5707963267948966 flow_2_8 0 5.0 2.0,1.75 -169.65499999999998 1.5707963267948966 flow_2_10 0 5.0 2.0,-1.75 -180.73500000000014 -1.5707963267948966 flow_0_8 0 5.0 2.0,1.75 245.74500000000013 1.5707963267948966 flow_2_6 0 5.0 2.0,-11.289999999999964 -1.75 0.0 flow_6_9 0 5.0 2.0,-1.75 -245.74500000000013 -1.5707963267948966 flow_0_6 0 5.0 2.0,1.75 215.74177246093758 1.5707963267948966 flow_2_7 0 5.0 2.0,52.96499999999986 1.75 3.141592653589793 flow_4_10 0 5.0 2.0,-52.96499999999986 -1.75 0.0 flow_6_10 0 5.0 2.0,1.75 150.74114598546408 1.5707963267948966 flow_2_9 0 5.0 2.0,-1.75 -215.74177246093758 -1.5707963267948966 flow_0_7 0 5.0 2.0,11.289999999999964 1.75 3.141592653589793 flow_4_9 0 5.0 2.0,;HHL_QHDD_N g g,HHL_QHDD_S g g,HHL_QHDD_E r r,HHL_QHDD_W r r,
-299.0 -5.25 0.0 flow_7_4 0 5.0 2.0,-1.75 -167.40557299273207 -1.5707963267948966 flow_0_9 0 5.0 2.0,-1.75 152.98499999999997 -1.5707963267948966 flow_0_10 0 5.0 2.0,299.0 5.25 3.141592653589793 flow_5_4 0 5.0 2.0,-299.0 -1.75 0.0 flow_6_11 0 5.0 2.0,1.75 197.40500000000015 1.5707963267948966 flow_2_8 0 5.0 2.0,1.75 -152.98499999999997 1.5707963267948966 flow_2_10 0 5.0 2.0,-1.75 -197.40500000000015 -1.5707963267948966 flow_0_8 0 5.0 2.0,1.75 262.41500000000016 1.5707963267948966 flow_2_6 0 5.0 2.0,-11.289999999999964 -1.75 0.0 flow_6_9 0 5.0 2.0,299.0 1.75 3.141592653589793 flow_4_11 0 5.0 2.0,-1.75 -262.41500000000016 -1.5707963267948966 flow_0_6 0 5.0 2.0,1.75 232.41088623046887 1.5707963267948966 flow_2_7 0 5.0 2.0,38.04749554005957 1.75 3.141592653589793 flow_4_10 0 5.0 2.0,-38.04749554005957 -1.75 0.0 flow_6_10 0 5.0 2.0,1.75 167.40557299273207 1.5707963267948966 flow_2_9 0 5.0 2.0,-1.75 -232.41088623046887 -1.5707963267948966 flow_0_7 0 5.0 2.0,11.289999999999964 1.75 3.141592653589793 flow_4_9 0 5.0 2.0,;HHL_QHDD_N g g,HHL_QHDD_S g g,HHL_QHDD_E r r,HHL_QHDD_W r r,
-296.0 -5.25 0.0 flow_7_4 0 5.0 2.0,-1.75 -184.07278649636613 -1.5707963267948966 flow_0_9 0 5.0 2.0,-1.75 136.31499999999995 -1.5707963267948966 flow_0_10 0 5.0 2.0,296.0 5.25 3.141592653589793 flow_5_4 0 5.0 2.0,-296.0 -1.75 0.0 flow_6_11 0 5.0 2.0,1.75 214.07500000000017 1.5707963267948966 flow_2_8 0 5.0 2.0,1.75 -136.31499999999995 1.5707963267948966 flow_2_10 0 5.0 2.0,-1.75 -214.07500000000017 -1.5707963267948966 flow_0_8 0 5.0 2.0,1.75 279.08500000000017 1.5707963267948966 flow_2_6 0 5.0 2.0,-11.289999999999964 -1.75 0.0 flow_6_9 0 5.0 2.0,296.0 1.75 3.141592653589793 flow_4_11 0 5.0 2.0,-1.75 -279.08500000000017 -1.5707963267948966 flow_0_6 0 5.0 2.0,1.75 249.0804431152345 1.5707963267948966 flow_2_7 0 5.0 2.0,27.132486620178953 1.75 3.141592653589793 flow_4_10 0 5.0 2.0,-27.132486620178953 -1.75 0.0 flow_6_10 0 5.0 2.0,1.75 184.07278649636613 1.5707963267948966 flow_2_9 0 5.0 2.0,-1.75 -249.0804431152345 -1.5707963267948966 flow_0_7 0 5.0 2.0,11.289999999999964 1.75 3.141592653589793 flow_4_9 0 5.0 2.0,;HHL_QHDD_N g g,HHL_QHDD_S g g,HHL_QHDD_E r r,HHL_QHDD_W r r,
-291.0 -5.25 0.0 flow_7_4 0 5.0 2.0,-1.75 -200.74139324818314 -1.5707963267948966 flow_0_9 0 5.0 2.0,-1.75 119.64499999999993 -1.5707963267948966 flow_0_10 0 5.0 2.0,291.0 5.25 3.141592653589793 flow_5_4 0 5.0 2.0,-291.0 -1.75 0.0 flow_6_11 0 5.0 2.0,1.75 230.74500000000018 1.5707963267948966 flow_2_8 0 5.0 2.0,1.75 -119.64499999999993 1.5707963267948966 flow_2_10 0 5.0 2.0,-1.75 -230.74500000000018 -1.5707963267948966 flow_0_8 0 5.0 2.0,1.75 295.75500000000019 1.5707963267948966 flow_2_6 0 5.0 2.0,-11.289999999999964 -1.75 0.0 flow_6_9 0 5.0 2.0,291.0 1.75 3.141592653589793 flow_4_11 0 5.0 2.0,-1.75 -295.75500000000019 -1.5707963267948966 flow_0_6 0 5.0 2.0,1.75 265.75022155761737 1.5707963267948966 flow_2_7 0 5.0 2.0,20.717477700298333 1.75 3.141592653589793 flow_4_10 0 5.0 2.0,-20.717477700298333 -1.75 0.0 flow_6_10 0 5.0 2.0,1.75 200.74139324818314 1.5707963267948966 flow_2_9 0 5.0 2.0,-1.75 -265.75022155761737 -1.5707963267948966 flow_0_7 0 5.0 2.0,11.289999999999964 1.75 3.141592653589793 flow_4_9 0 5.0 2.0,;HHL_QHDD_N g g,HHL_QHDD_S g g,HHL_QHDD_E r r,HHL_QHDD_W r r,
-284.0 -5.25 0.0 flow_7_4 0 5.0 2.0,-1.75 -217.41069662409167 -1.5707963267948966 flow_0_9 0 5.0 2.0,-1.75 102.97499999999991 -1.5707963267948966 flow_0_10 0 5.0 2.0,284.0 5.25 3.141592653589793 flow_5_4 0 5.0 2.0,-284.0 -1.75 0.0 flow_6_11 0 5.0 2.0,1.75 247.4150000000002 1.5707963267948966 flow_2_8 0 5.0 2.0,1.75 -102.97499999999991 1.5707963267948966 flow_2_10 0 5.0 2.0,-1.75 -247.4150000000002 -1.5707963267948966 flow_0_8 0 5.0 2.0,-11.289999999999964 -1.75 0.0 flow_6_9 0 5.0 2.0,284.0 1.75 3.141592653589793 flow_4_11 0 5.0 2.0,1.75 282.42011077880877 1.5707963267948966 flow_2_7 0 5.0 2.0,18.789999999999965 1.75 3.141592653589793 flow_4_10 0 5.0 2.0,-18.789999999999965 -1.75 0.0 flow_6_10 0 5.0 2.0,1.75 217.41069662409167 1.5707963267948966 flow_2_9 0 5.0 2.0,-1.75 -282.42011077880877 -1.5707963267948966 flow_0_7 0 5.0 2.0,11.289999999999964 1.75 3.141592653589793 flow_4_9 0 5.0 2.0,;HHL_QHDD_N g g,HHL_QHDD_S g g,HHL_QHDD_E r r,HHL_QHDD_W r r,
-275.0 -5.25 0.0 flow_7_4 0 5.0 2.0,-1.75 -234.0803483120459 -1.5707963267948966 flow_0_9 0 5.0 2.0,-1.75 86.30499999999987 -1.5707963267948966 flow_0_10 0 5.0 2.0,275.0 5.25 3.141592653589793 flow_5_4 0 5.0 2.0,-275.0 -1.75 0.0 flow_6_11 0 5.0 2.0,1.75 264.0850000000002 1.5707963267948966 flow_2_8 0 5.0 2.0,1.75 -86.30499999999987 1.5707963267948966 flow_2_10 0 5.0 2.0,-1.75 -264.0850000000002 -1.5707963267948966 flow_0_8 0 5.0 2.0,-11.289999999999964 -1.75 0.0 flow_6_9 0 5.0 2.0,275.0 1.75 3.141592653589793 flow_4_11 0 5.0 2.0,1.75 299.0900738525392 1.5707963267948966 flow_2_7 0 5.0 2.0,18.789999999999965 1.75 3.141592653589793 flow_4_10 0 5.0 2.0,-18.789999999999965 -1.75 0.0 flow_6_10 0 5.0 2.0,1.75 234.0803483120459 1.5707963267948966 flow_2_9 0 5.0 2.0,-1.75 -299.0900738525392 -1.5707963267948966 flow_0_7 0 5.0 2.0,11.289999999999964 1.75 3.141592653589793 flow_4_9 0 5.0 2.0,;HHL_QHDD_N g g,HHL_QHDD_S g g,HHL_QHDD_E r r,HHL_QHDD_W r r,
-264.0 -5.25 0.0 flow_7_4 0 5.0 2.0,-1.75 -250.75017415602307 -1.5707963267948966 flow_0_9 0 5.0 2.0,-1.75 69.63499999999988 -1.5707963267948966 flow_0_10 0 5.0 2.0,264.0 5.25 3.141592653589793 flow_5_4 0 5.0 2.0,-264.0 -1.75 0.0 flow_6_11 0 5.0 2.0,1.75 280.7550000000002 1.5707963267948966 flow_2_8 0 5.0 2.0,1.75 -69.63499999999988 1.5707963267948966 flow_2_10 0 5.0 2.0,-1.75 -280.7550000000002 -1.5707963267948966 flow_0_8 0 5.0 2.0,-11.289999999999964 -1.75 0.0 flow_6_9 0 5.0 2.0,264.0 1.75 3.141592653589793 flow_4_11 0 5.0 2.0,18.789999999999965 1.75 3.141592653589793 flow_4_10 0 5.0 2.0,-18.789999999999965 -1.75 0.0 flow_6_10 0 5.0 2.0,1.75 250.75017415602307 1.5707963267948966 flow_2_9 0 5.0 2.0,11.289999999999964 1.75 3.141592653589793 flow_4_9 0 5.0 2.0,;HHL_QHDD_N g g,HHL_QHDD_S g g,HHL_QHDD_E r r,HHL_QHDD_W r r,
-251.0 -5.25 0.0 flow_7_4 0 5.0 2.0,-1.75 -267.42008707801167 -1.5707963267948966 flow_0_9 0 5.0 2.0,-1.75 52.96499999999986 -1.5707963267948966 flow_0_10 0 5.0 2.0,251.0 5.25 3.141592653589793 flow_5_4 0 5.0 2.0,-251.0 -1.75 0.0 flow_6_11 0 5.0 2.0,1.75 297.42500000000026 1.5707963267948966 flow_2_8 0 5.0 2.0,1.75 -52.96499999999986 1.5707963267948966 flow_2_10 0 5.0 2.0,-1.75 -297.42500000000026 -1.5707963267948966 flow_0_8 0 5.0 2.0,-11.289999999999964 -1.75 0.0 flow_6_9 0 5.0 2.0,251.0 1.75 3.141592653589793 flow_4_11 0 5.0 2.0,18.789999999999965 1.75 3.141592653589793 flow_4_10 0 5.0 2.0,-18.789999999999965 -1.75 0.0 flow_6_10 0 5.0 2.0,1.75 267.42008707801167 1.5707963267948966 flow_2_9 0 5.0 2.0,11.289999999999964 1.75 3.141592653589793 flow_4_9 0 5.0 2.0,;HHL_QHDD_N g g,HHL_QHDD_S g g,HHL_QHDD_E r r,HHL_QHDD_W r r,
-236.0 -5.25 0.0 flow_7_4 0 5.0 2.0,-1.75 -284.09004353900596 -1.5707963267948966 flow_0_9 0 5.0 2.0,-1.75 36.294999999999848 -1.5707963267948966 flow_0_10 0 5.0 2.0,236.0 5.25 3.141592653589793 flow_5_4 0 5.0 2.0,-236.0 -1.75 0.0 flow_6_11 0 5.0 2.0,1.75 -36.294999999999848 1.5707963267948966 flow_2_10 0 5.0 2.0,-11.289999999999964 -1.75 0.0 flow_6_9 0 5.0 2.0,236.0 1.75 3.141592653589793 flow_4_11 0 5.0 2.0,18.789999999999965 1.75 3.141592653589793 flow_4_10 0 5.0 2.0,-18.789999999999965 -1.75 0.0 flow_6_10 0 5.0 2.0,1.75 284.09004353900596 1.5707963267948966 flow_2_9 0 5.0 2.0,11.289999999999964 1.75 3.141592653589793 flow_4_9 0 5.0 2.0,;HHL_QHDD_N g g,HHL_QHDD_S g g,HHL_QHDD_E r r,HHL_QHDD_W r r,
-1.75 299.0 -1.5707963267948966 flow_0_11 0 5.0 2.0,-219.665 -5.25 0.0 flow_7_4 0 5.0 2.0,-1.75 19.62499999999983 -1.5707963267948966 flow_0_10 0 5.0 2.0,219.665 5.25 3.141592653589793 flow_5_4 0 5.0 2.0,-219.665 -1.75 0.0 flow_6_11 0 5.0 2.0,1.75 -19.62499999999983 1.5707963267948966 flow_2_10 0 5.0 2.0,1.75 -299.0 1.5707963267948966 flow_2_11 0 5.0 2.0,5.25 -299.0 1.5707963267948966 flow_3_4 0 5.0 2.0,-11.289999999999964 -1.75 0.0 flow_6_9 0 5.0 2.0,219.665 1.75 3.141592653589793 flow_4_11 0 5.0 2.0,18.789999999999965 1.75 3.141592653589793 flow_4_10 0 5.0 2.0,-18.789999999999965 -1.75 0.0 flow_6_10 0 5.0 2.0,11.289999999999964 1.75 3.141592653589793 flow_4_9 0 5.0 2.0,-5.25 299.0 -1.5707963267948966 flow_1_4 0 5.0 2.0,;HHL_QHDD_N r r,HHL_QHDD_S r r,HHL_QHDD_E r r,HHL_QHDD_W r r,
-1.75 296.0 -1.5707963267948966 flow_0_11 0 5.0 2.0,-202.995 -5.25 0.0 flow_7_4 0 5.0 2.0,-1.75 -2.0450000000001866 -1.5707963267948966 flow_0_10 0 5.0 2.0,202.995 5.25 3.141592653589793 flow_5_4 0 5.0 2.0,-202.995 -1.75 0.0 flow_6_11 0 5.0 2.0,1.75 2.0450000000001866 1.5707963267948966 flow_2_10 0 5.0 2.0,1.75 -296.0 1.5707963267948966 flow_2_11 0 5.0 2.0,5.25 -296.0 1.5707963267948966 flow_3_4 0 5.0 2.0,-11.289999999999964 -1.75 0.0 flow_6_9 0 5.0 2.0,202.995 1.75 3.141592653589793 flow_4_11 0 5.0 2.0,18.789999999999965 1.75 3.141592653589793 flow_4_10 0 5.0 2.0,-18.789999999999965 -1.75 0.0 flow_6_10 0 5.0 2.0,11.289999999999964 1.75 3.141592653589793 flow_4_9 0 5.0 2.0,-5.25 296.0 -1.5707963267948966 flow_1_4 0 5.0 2.0,;HHL_QHDD_N r r,HHL_QHDD_S r r,HHL_QHDD_E r r,HHL_QHDD_W r r,
-1.75 291.0 -1.5707963267948966 flow_0_11 0 5.0 2.0,-186.325 -5.25 0.0 flow_7_4 0 5.0 2.0,-1.75 -23.715000000000189 -1.5707963267948966 flow_0_10 0 5.0 2.0,186.325 5.25 3.141592653589793 flow_5_4 0 5.0 2.0,-186.325 -1.75 0.0 flow_6_11 0 5.0 2.0,1.75 23.715000000000189 1.5707963267948966 flow_2_10 0 5.0 2.0,1.75 -291.0 1.5707963267948966 flow_2_11 0 5.0 2.0,5.25 -291.0 1.5707963267948966 flow_3_4 0 5.0 2.0,-11.289999999999964 -1.75 0.0 flow_6_9 0 5.0 2.0,186.325 1.75 3.141592653589793 flow_4_11 0 5.0 2.0,18.789999999999965 1.75 3.141592653589793 flow_4_10 0 5.0 2.0,-18.789999999999965 -1.75 0.0 flow_6_10 0 5.0 2.0,11.289999999999964 1.75 3.141592653589793 flow_4_9 0 5.0 2.0,-5.25 291.0 -1.5707963267948966 flow_1_4 0 5.0 2.0,;HHL_QHDD_N r r,HHL_QHDD_S r r,HHL_QHDD_E r r,HHL_QHDD_W r r,
-1.75 284.0 -1.5707963267948966 flow_0_11 0 5.0 2.0,-169.65499999999998 -5.25 0.0 flow_7_4 0 5.0 2.0,-1.75 -40.38500000000019 -1.5707963267948966 flow_0_10 0 5.0 2.0,169.65499999999998 5.25 3.141592653589793 flow_5_4 0 5.0 2.0,-169.65499999999998 -1.75 0.0 flow_6_11 0 5.0 2.0,1.75 40.38500000000019 1.5707963267948966 flow_2_10 0 5.0 2.0,1.75 -284.0 1.5707963267948966 flow_2_11 0 5.0 2.0,5.25 -284.0 1.5707963267948966 flow_3_4 0 5.0 2.0,-10.289999999999964 -1.75 0.0 flow_6_9 0 5.0 2.0,169.65499999999998 1.75 3.141592653589793 flow_4_11 0 5.0 2.0,18.789999999999965 1.75 3.141592653589793 flow_4_10 0 5.0 2.0,-18.789999999999965 -1.75 0.0 flow_6_10 0 5.0 2.0,10.289999999999964 1.75 3.141592653589793 flow_4_9 0 5.0 2.0,-5.25 284.0 -1.5707963267948966 flow_1_4 0 5.0 2.0,;HHL_QHDD_N r r,HHL_QHDD_S r r,HHL_QHDD_E g g,HHL_QHDD_W g g,
-1.75 275.0 -1.5707963267948966 flow_0_11 0 5.0 2.0,-152.98499999999997 -5.25 0.0 flow_7_4 0 5.0 2.0,-1.75 -57.05500000000019 -1.5707963267948966 flow_0_10 0 5.0 2.0,152.98499999999997 5.25 3.141592653589793 flow_5_4 0 5.0 2.0,-152.98499999999997 -1.75 0.0 flow_6_11 0 5.0 2.0,1.75 57.05500000000019 1.5707963267948966 flow_2_10 0 5.0 2.0,1.75 -275.0 1.5707963267948966 flow_2_11 0 5.0 2.0,5.25 -275.0 1.5707963267948966 flow_3_4 0 5.0 2.0,-2.2899999999999638 -1.75 0.0 flow_6_9 0 5.0 2.0,152.98499999999997 1.75 3.141592653589793 flow_4_11 0 5.0 2.0,18.039999999999965 1.75 3.141592653589793 flow_4_10 0 5.0 2.0,-18.039999999999965 -1.75 0.0 flow_6_10 0 5.0 2.0,2.2899999999999638 1.75 3.141592653589793 flow_4_9 0 5.0 2.0,-5.25 275.0 -1.5707963267948966 flow_1_4 0 5.0 2.0,;HHL_QHDD_N r r,HHL_QHDD_S r r,HHL_QHDD_E g g,HHL_QHDD_W g g,
-1.75 264.0 -1.5707963267948966 flow_0_11 0 5.0 2.0,-136.31499999999995 -5.25 0.0 flow_7_4 0 5.0 2.0,-1.75 -73.7250000000002 -1.5707963267948966 flow_0_10 0 5.0 2.0,136.31499999999995 5.25 3.141592653589793 flow_5_4 0 5.0 2.0,-136.31499999999995 -1.75 0.0 flow_6_11 0 5.0 2.0,1.75 73.7250000000002 1.5707963267948966 flow_2_10 0 5.0 2.0,1.75 -264.0 1.5707963267948966 flow_2_11 0 5.0 2.0,5.25 -264.0 1.5707963267948966 flow_3_4 0 5.0 2.0,2.7100000000000366 -1.75 0.0 flow_6_9 0 5.0 2.0,136.31499999999995 1.75 3.141592653589793 flow_4_11 0 5.0 2.0,15.539999999999964 1.75 3.141592653589793 flow_4_10 0 5.0 2.0,-15.539999999999964 -1.75 0.0 flow_6_10 0 5.0 2.0,-2.7100000000000366 1.75 3.141592653589793 flow_4_9 0 5.0 2.0,-5.25 264.0 -1.5707963267948966 flow_1_4 0 5.0 2.0,;HHL_QHDD_N r r,HHL_QHDD_S r r,HHL_QHDD_E g g,HHL_QHDD_W g g,
-1.75 251.0 -1.5707963267948966 flow_0_11 0 5.0 2.0,-119.64499999999993 -5.25 0.0 flow_7_4 0 5.0 2.0,-1.75 -90.3950000000002 -1.5707963267948966 flow_0_10 0 5.0 2.0,119.64499999999993 5.25 3.141592653589793 flow_5_4 0 5.0 2.0,-119.64499999999993 -1.75 0.0 flow_6_11 0 5.0 2.0,1.75 90.3950000000002 1.5707963267948966 flow_2_10 0 5.0 2.0,1.75 -251.0 1.5707963267948966 flow_2_11 0 5.0 2.0,5.25 -251.0 1.5707963267948966 flow_3_4 0 5.0 2.0,14.710000000000037 -1.75 0.0 flow_6_9 0 5.0 2.0,119.64499999999993 1.75 3.141592653589793 flow_4_11 0 5.0 2.0,11.039999999999964 1.75 3.141592653589793 flow_4_10 0 5.0 2.0,-11.039999999999964 -1.75 0.0 flow_6_10 0 5.0 2.0,-14.710000000000037 1.75 3.141592653589793 flow_4_9 0 5.0 2.0,-5.25 251.0 -1.5707963267948966 flow_1_4 0 5.0 2.0,;HHL_QHDD_N r r,HHL_QHDD_S r r,HHL_QHDD_E g g,HHL_QHDD_W g g,
-1.75 236.0 -1.5707963267948966 flow_0_11 0 5.0 2.0,-102.97499999999991 -5.25 0.0 flow_7_4 0 5.0 2.0,-1.75 -107.0650000000002 -1.5707963267948966 flow_0_10 0 5.0 2.0,102.97499999999991 5.25 3.141592653589793 flow_5_4 0 5.0 2.0,-102.97499999999991 -1.75 0.0 flow_6_11 0 5.0 2.0,1.75 107.0650000000002 1.5707963267948966 flow_2_10 0 5.0 2.0,1.75 -236.0 1.5707963267948966 flow_2_11 0 5.0 2.0,5.25 -236.0 1.5707963267948966 flow_3_4 0 5.0 2.0,23.710000000000038 -1.75 0.0 flow_6_9 0 5.0 2.0,102.97499999999991 1.75 3.141592653589793 flow_4_11 0 5.0 2.0,-0.4600000000000364 1.75 3.141592653589793 flow_4_10 0 5.0 2.0,0.4600000000000364 -1.75 0.0 flow_6_10 0 5.0 2.0,-23.710000000000038 1.75 3.141592653589793 flow_4_9 0 5.0 2.0,-5.25 236.0 -1.5707963267948966 flow_1_4 0 5.0 2.0,;HHL_QHDD_N r r,HHL_QHDD_S r r,HHL_QHDD_E g g,HHL_QHDD_W g g,
-1.75 219.665 -1.5707963267948966 flow_0_11 0 5.0 2.0,-86.30499999999987 -5.25 0.0 flow_7_4 0 5.0 2.0,-1.75 -123.7350000000002 -1.5707963267948966 flow_0_10 0 5.0 2.0,86.30499999999987 5.25 3.141592653589793 flow_5_4 0 5.0 2.0,-86.30499999999987 -1.75 0.0 flow_6_11 0 5.0 2.0,1.75 123.7350000000002 1.5707963267948966 flow_2_10 0 5.0 2.0,1.75 -219.665 1.5707963267948966 flow_2_11 0 5.0 2.0,5.25 -219.665 1.5707963267948966 flow_3_4 0 5.0 2.0,34.710000000000039 -1.75 0.0 flow_6_9 0 5.0 2.0,86.30499999999987 1.75 3.141592653589793 flow_4_11 0 5.0 2.0,-13.960000000000037 1.75 3.141592653589793 flow_4_10 0 5.0 2.0,13.960000000000037 -1.75 0.0 flow_6_10 0 5.0 2.0,-34.710000000000039 1.75 3.141592653589793 flow_4_9 0 5.0 2.0,-5.25 219.665 -1.5707963267948966 flow_1_4 0 5.0 2.0,;HHL_QHDD_N r r,HHL_QHDD_S r r,HHL_QHDD_E g g,HHL_QHDD_W g g,
-1.75 202.995 -1.5707963267948966 flow_0_11 0 5.0 2.0,-69.63499999999988 -5.25 0.0 flow_7_4 0 5.0 2.0,-1.75 -140.4050000000002 -1.5707963267948966 flow_0_10 0 5.0 2.0,69.63499999999988 5.25 3.141592653589793 flow_5_4 0 5.0 2.0,-69.63499999999988 -1.75 0.0 flow_6_11 0 5.0 2.0,1.75 140.4050000000002 1.5707963267948966 flow_2_10 0 5.0 2.0,1.75 -202.995 1.5707963267948966 flow_2_11 0 5.0 2.0,5.25 -202.995 1.5707963267948966 flow_3_4 0 5.0 2.0,47.710000000000039 -1.75 0.0 flow_6_9 0 5.0 2.0,69.63499999999988 1.75 3.141592653589793 flow_4_11 0 5.0 2.0,-24.460000000000038 1.75 3.141592653589793 flow_4_10 0 5.0 2.0,24.460000000000038 -1.75 0.0 flow_6_10 0 5.0 2.0,-47.710000000000039 1.75 3.141592653589793 flow_4_9 0 5.0 2.0,-5.25 202.995 -1.5707963267948966 flow_1_4 0 5.0 2.0,;HHL_QHDD_N r r,HHL_QHDD_S r r,HHL_QHDD_E g g,HHL_QHDD_W g g,
-1.75 186.325 -1.5707963267948966 flow_0_11 0 5.0 2.0,-55.21499999999986 -5.25 0.0 flow_7_4 0 5.0 2.0,-1.75 -157.07500000000023 -1.5707963267948966 flow_0_10 0 5.0 2.0,55.21499999999986 5.25 3.141592653589793 flow_5_4 0 5.0 2.0,-52.96499999999986 -1.75 0.0 flow_6_11 0 5.0 2.0,1.75 157.07500000000023 1.5707963267948966 flow_2_10 0 5.0 2.0,1.75 -186.325 1.5707963267948966 flow_2_11 0 5.0 2.0,5.25 -186.325 1.5707963267948966 flow_3_4 0 5.0 2.0,62.710000000000039 -1.75 0.0 flow_6_9 0 5.0 2.0,52.96499999999986 1.75 3.141592653589793 flow_4_11 0 5.0 2.0,-36.835000000000039 1.75 3.141592653589793 flow_4_10 0 5.0 2.0,36.835000000000039 -1.75 0.0 flow_6_10 0 5.0 2.0,-62.710000000000039 1.75 3.141592653589793 flow_4_9 0 5.0 2.0,-5.25 186.325 -1.5707963267948966 flow_1_4 0 5.0 2.0,;HHL_QHDD_N r r,HHL_QHDD_S r r,HHL_QHDD_E g g,HHL_QHDD_W g g,
-1.75 169.65499999999998 -1.5707963267948966 flow_0_11 0 5.0 2.0,-44.96334999999988 -5.25 0.0 flow_7_4 0 5.0 2.0,-1.75 -173.74500000000024 -1.5707963267948966 flow_0_10 0 5.0 2.0,44.96334999999988 5.25 3.141592653589793 flow_5_4 0 5.0 2.0,-36.294999999999848 -1.75 0.0 flow_6_11 0 5.0 2.0,1.75 173.74500000000024 1.5707963267948966 flow_2_10 0 5.0 2.0,1.75 -169.65499999999998 1.5707963267948966 flow_2_11 0 5.0 2.0,5.25 -169.65499999999998 1.5707963267948966 flow_3_4 0 5.0 2.0,79.04500000000005 -1.75 0.0 flow_6_9 0 5.0 2.0,36.294999999999848 1.75 3.141592653589793 flow_4_11 0 5.0 2.0,-51.02250000000004 1.75 3.141592653589793 flow_4_10 0 5.0 2.0,51.02250000000004 -1.75 0.0 flow_6_10 0 5.0 2.0,-79.04500000000005 1.75 3.141592653589793 flow_4_9 0 5.0 2.0,-5.25 169.65499999999998 -1.5707963267948966 flow_1_4 0 5.0 2.0,;HHL_QHDD_N r r,HHL_QHDD_S r r,HHL_QHDD_E g g,HHL_QHDD_W g g,
-299.0 -1.75 0.0 flow_6_12 0 5.0 2.0,-1.75 152.98499999999997 -1.5707963267948966 flow_0_11 0 5.0 2.0,-36.63004999999987 -5.25 0.0 flow_7_4 0 5.0 2.0,-1.75 -190.41500000000026 -1.5707963267948966 flow_0_10 0 5.0 2.0,36.63004999999987 5.25 3.141592653589793 flow_5_4 0 5.0 2.0,-19.62499999999983 -1.75 0.0 flow_6_11 0 5.0 2.0,1.75 190.41500000000026 1.5707963267948966 flow_2_10 0 5.0 2.0,1.75 -152.98499999999997 1.5707963267948966 flow_2_11 0 5.0 2.0,5.25 -152.98499999999997 1.5707963267948966 flow_3_4 0 5.0 2.0,95.71500000000005 -1.75 0.0 flow_6_9 0 5.0 2.0,19.62499999999983 1.75 3.141592653589793 flow_4_11 0 5.0 2.0,-66.61750000000004 1.75 3.141592653589793 flow_4_10 0 5.0 2.0,299.0 1.75 3.141592653589793 flow_4_12 0 5.0 2.0,66.61750000000004 -1.75 0.0 flow_6_10 0 5.0 2.0,-95.71500000000005 1.75 3.141592653589793 flow_4_9 0 5.0 2.0,-5.25 152.98499999999997 -1.5707963267948966 flow_1_4 0 5.0 2.0,;HHL_QHDD_N r r,HHL_QHDD_S r r,HHL_QHDD_E g g,HHL_QHDD_W g g,
-296.0 -1.75 0.0 flow_6_12 0 5.0 2.0,-1.75 136.31499999999995 -1.5707963267948966 flow_0_11 0 5.0 2.0,-28.29674999999986 -5.25 0.0 flow_7_4 0 5.0 2.0,-1.75 -207.08500000000027 -1.5707963267948966 flow_0_10 0 5.0 2.0,28.29674999999986 5.25 3.141592653589793 flow_5_4 0 5.0 2.0,2.0450000000001866 -1.75 0.0 flow_6_11 0 5.0 2.0,1.75 207.08500000000027 1.5707963267948966 flow_2_10 0 5.0 2.0,1.75 -136.31499999999995 1.5707963267948966 flow_2_11 0 5.0 2.0,5.25 -136.31499999999995 1.5707963267948966 flow_3_4 0 5.0 2.0,112.38500000000005 -1.75 0.0 flow_6_9 0 5.0 2.0,-2.0450000000001866 1.75 3.141592653589793 flow_4_11 0 5.0 2.0,-82.83375000000004 1.75 3.141592653589793 flow_4_10 0 5.0 2.0,296.0 1.75 3.141592653589793 flow_4_12 0 5.0 2.0,82.83375000000004 -1.75 0.0 flow_6_10 0 5.0 2.0,-112.38500000000005 1.75 3.141592653589793 flow_4_9 0 5.0 2.0,-5.25 136.31499999999995 -1.5707963267948966 flow_1_4 0 5.0 2.0,;HHL_QHDD_N r r,HHL_QHDD_S r r,HHL_QHDD_E g g,HHL_QHDD_W g g,
-291.0 -1.75 0.0 flow_6_12 0 5.0 2.0,-1.75 119.64499999999993 -1.5707963267948966 flow_0_11 0 5.0 2.0,-21.352333333333207 -5.25 0.0 flow_7_4 0 5.0 2.0,-1.75 -223.75500000000029 -1.5707963267948966 flow_0_10 0 5.0 2.0,21.352333333333207 5.25 3.141592653589793 flow_5_4 0 5.0 2.0,23.715000000000189 -1.75 0.0 flow_6_11 0 5.0 2.0,1.75 223.75500000000029 1.5707963267948966 flow_2_10 0 5.0 2.0,1.75 -119.64499999999993 1.5707963267948966 flow_2_11 0 5.0 2.0,5.25 -119.64499999999993 1.5707963267948966 flow_3_4 0 5.0 2.0,129.05500000000007 -1.75 0.0 flow_6_9 0 5.0 2.0,-23.715000000000189 1.75 3.141592653589793 flow_4_11 0 5.0 2.0,-99.27687500000005 1.75 3.141592653589793 flow_4_10 0 5.0 2.0,291.0 1.75 3.141592653589793 flow_4_12 0 5.0 2.0,99.27687500000005 -1.75 0.0 flow_6_10 0 5.0 2.0,-129.05500000000007 1.75 3.141592653589793 flow_4_9 0 5.0 2.0,-5.25 119.64499999999993 -1.5707963267948966 flow_1_4 0 5.0 2.0,;HHL_QHDD_N r r,HHL_QHDD_S r r,HHL_QHDD_E g g,HHL_QHDD_W g g,
-284.0 -1.75 0.0 flow_6_12 0 5.0 2.0,-1.75 102.97499999999991 -1.5707963267948966 flow_0_11 0 5.0 2.0,-14.796799999999849 -5.25 0.0 flow_7_4 0 5.0 2.0,-1.75 -240.4250000000003 -1.5707963267948966 flow_0_10 0 5.0 2.0,14.796799999999849 5.25 3.141592653589793 flow_5_4 0 5.0 2.0,40.38500000000019 -1.75 0.0 flow_6_11 0 5.0 2.0,1.75 240.4250000000003 1.5707963267948966 flow_2_10 0 5.0 2.0,1.75 -102.97499999999991 1.5707963267948966 flow_2_11 0 5.0 2.0,5.25 -102.97499999999991 1.5707963267948966 flow_3_4 0 5.0 2.0,145.72500000000006 -1.75 0.0 flow_6_9 0 5.0 2.0,-40.38500000000019 1.75 3.141592653589793 flow_4_11 0 5.0 2.0,-115.83343750000005 1.75 3.141592653589793 flow_4_10 0 5.0 2.0,284.0 1.75 3.141592653589793 flow_4_12 0 5.0 2.0,115.83343750000005 -1.75 0.0 flow_6_10 0 5.0 2.0,-145.72500000000006 1.75 3.141592653589793 flow_4_9 0 5.0 2.0,-5.25 102.97499999999991 -1.5707963267948966 flow_1_4 0 5.0 2.0,;HHL_QHDD_N r r,HHL_QHDD_S r r,HHL_QHDD_E g g,HHL_QHDD_W g g,
-275.0 -1.75 0.0 flow_6_12 0 5.0 2.0,-1.75 86.30499999999987 -1.5707963267948966 flow_0_11 0 5.0 2.0,-1.8523833333331937 1.75 0.0 flow_7_4 0 5.0 2.0,-1.75 -257.0950000000003 -1.5707963267948966 flow_0_10 0 5.0 2.0,1.8523833333331937 -1.75 3.141592653589793 flow_5_4 0 5.0 2.0,57.05500000000019 -1.75 0.0 flow_6_11 0 5.0 2.0,1.75 257.0950000000003 1.5707963267948966 flow_2_10 0 5.0 2.0,1.75 -86.30499999999987 1.5707963267948966 flow_2_11 0 5.0 2.0,5.25 -86.30499999999987 1.5707963267948966 flow_3_4 0 5.0 2.0,162.395 -1.75 0.0 flow_6_9 0 5.0 2.0,-57.05500000000019 1.75 3.141592653589793 flow_4_11 0 5.0 2.0,-132.44671875000004 1.75 3.141592653589793 flow_4_10 0 5.0 2.0,275.0 1.75 3.141592653589793 flow_4_12 0 5.0 2.0,132.44671875000004 -1.75 0.0 flow_6_10 0 5.0 2.0,-162.395 1.75 3.141592653589793 flow_4_9 0 5.0 2.0,-5.25 86.30499999999987 -1.5707963267948966 flow_1_4 0 5.0 2.0,;HHL_QHDD_N r r,HHL_QHDD_S r r,HHL_QHDD_E g g,HHL_QHDD_W g g,
-264.0 -1.75 0.0 flow_6_12 0 5.0 2.0,-1.75 69.63499999999988 -1.5707963267948966 flow_0_11 0 5.0 2.0,1.75 13.789710901608457 1.5707963267948966 flow_7_4 0 5.0 2.0,-1.75 -273.7650000000003 -1.5707963267948966 flow_0_10 0 5.0 2.0,-1.75 -13.789710901608457 -1.5707963267948966 flow_5_4 0 5.0 2.0,73.7250000000002 -1.75 0.0 flow_6_11 0 5.0 2.0,1.75 273.7650000000003 1.5707963267948966 flow_2_10 0 5.0 2.0,1.75 -69.63499999999988 1.5707963267948966 flow_2_11 0 5.0 2.0,5.25 -69.63499999999988 1.5707963267948966 flow_3_4 0 5.0 2.0,179.06500000000006 -1.75 0.0 flow_6_9 0 5.0 2.0,-73.7250000000002 1.75 3.141592653589793 flow_4_11 0 5.0 2.0,-149.08835937500005 1.75 3.141592653589793 flow_4_10 0 5.0 2.0,264.0 1.75 3.141592653589793 flow_4_12 0 5.0 2.0,149.08835937500005 -1.75 0.0 flow_6_10 0 5.0 2.0,-179.06500000000006 1.75 3.141592653589793 flow_4_9 0 5.0 2.0,-5.25 69.63499999999988 -1.5707963267948966 flow_1_4 0 5.0 2.0,;HHL_QHDD_N r r,HHL_QHDD_S r r,HHL_QHDD_E g g,HHL_QHDD_W g g,
-251.0 -1.75 0.0 flow_6_12 0 5.0 2.0,-1.75 52.96499999999986 -1.5707963267948966 flow_0_11 0 5.0 2.0,1.75 25.123010901608454 1.5707963267948966 flow_7_4 0 5.0 2.0,-1.75 -290.43500000000037 -1.5707963267948966 flow_0_10 0 5.0 2.0,-1.75 -25.123010901608454 -1.5707963267948966 flow_5_4 0 5.0 2.0,90.3950000000002 -1.75 0.0 flow_6_11 0 5.0 2.0,1.75 290.43500000000037 1.5707963267948966 flow_2_10 0 5.0 2.0,1.75 -52.96499999999986 1.5707963267948966 flow_2_11 0 5.0 2.0,5.25 -52.96499999999986 1.5707963267948966 flow_3_4 0 5.0 2.0,195.73500000000008 -1.75 0.0 flow_6_9 0 5.0 2.0,-90.3950000000002 1.75 3.141592653589793 flow_4_11 0 5.0 2.0,-165.74417968750005 1.75 3.141592653589793 flow_4_10 0 5.0 2.0,251.0 1.75 3.141592653589793 flow_4_12 0 5.0 2.0,165.74417968750005 -1.75 0.0 flow_6_10 0 5.0 2.0,-195.73500000000008 1.75 3.141592653589793 flow_4_9 0 5.0 2.0,-5.25 52.96499999999986 -1.5707963267948966 flow_1_4 0 5.0 2.0,;HHL_QHDD_N r r,HHL_QHDD_S r r,HHL_QHDD_E g g,HHL_QHDD_W g g,
-236.0 -1.75 0.0 flow_6_12 0 5.0 2.0,-1.75 37.961999999999878 -1.5707963267948966 flow_0_11 0 5.0 2.0,1.75 38.456310901608457 1.5707963267948966 flow_7_4 0 5.0 2.0,-1.75 -38.456310901608457 -1.5707963267948966 flow_5_4 0 5.0 2.0,107.0650000000002 -1.75 0.0 flow_6_11 0 5.0 2.0,1.75 -37.961999999999878 1.5707963267948966 flow_2_11 0 5.0 2.0,5.25 -37.961999999999878 1.5707963267948966 flow_3_4 0 5.0 2.0,212.4050000000001 -1.75 0.0 flow_6_9 0 5.0 2.0,-107.0650000000002 1.75 3.141592653589793 flow_4_11 0 5.0 2.0,-182.40708984375005 1.75 3.141592653589793 flow_4_10 0 5.0 2.0,236.0 1.75 3.141592653589793 flow_4_12 0 5.0 2.0,182.40708984375005 -1.75 0.0 flow_6_10 0 5.0 2.0,-212.4050000000001 1.75 3.141592653589793 flow_4_9 0 5.0 2.0,-5.25 37.961999999999878 -1.5707963267948966 flow_1_4 0 5.0 2.0,;HHL_QHDD_N r r,HHL_QHDD_S r r,HHL_QHDD_E g g,HHL_QHDD_W g g,
-219.665 -1.75 0.0 flow_6_12 0 5.0 2.0,-1.75 26.292999999999894 -1.5707963267948966 flow_0_11 0 5.0 2.0,1.75 53.789610901608458 1.5707963267948966 flow_7_4 0 5.0 2.0,-1.75 -53.789610901608458 -1.5707963267948966 flow_5_4 0 5.0 2.0,123.7350000000002 -1.75 0.0 flow_6_11 0 5.0 2.0,1.75 -26.292999999999894 1.5707963267948966 flow_2_11 0 5.0 2.0,5.25 -26.292999999999894 1.5707963267948966 flow_3_4 0 5.0 2.0,229.0750000000001 -1.75 0.0 flow_6_9 0 5.0 2.0,-123.7350000000002 1.75 3.141592653589793 flow_4_11 0 5.0 2.0,-1.75 299.0 -1.5707963267948966 flow_0_12 0 5.0 2.0,-199.07354492187506 1.75 3.141592653589793 flow_4_10 0 5.0 2.0,219.665 1.75 3.141592653589793 flow_4_12 0 5.0 2.0,199.07354492187506 -1.75 0.0 flow_6_10 0 5.0 2.0,-229.0750000000001 1.75 3.141592653589793 flow_4_9 0 5.0 2.0,1.75 -299.0 1.5707963267948966 flow_2_12 0 5.0 2.0,-5.25 26.292999999999894 -1.5707963267948966 flow_1_4 0 5.0 2.0,;HHL_QHDD_N r r,HHL_QHDD_S r r,HHL_QHDD_E g g,HHL_QHDD_W g g,
-202.995 -1.75 0.0 flow_6_12 0 5.0 2.0,-1.75 17.957999999999914 -1.5707963267948966 flow_0_11 0 5.0 2.0,1.75 70.29126090160846 1.5707963267948966 flow_7_4 0 5.0 2.0,-1.75 -70.29126090160846 -1.5707963267948966 flow_5_4 0 5.0 2.0,140.4050000000002 -1.75 0.0 flow_6_11 0 5.0 2.0,1.75 -17.957999999999914 1.5707963267948966 flow_2_11 0 5.0 2.0,5.25 -17.957999999999914 1.5707963267948966 flow_3_4 0 5.0 2.0,245.74500000000013 -1.75 0.0 flow_6_9 0 5.0 2.0,-140.4050000000002 1.75 3.141592653589793 flow_4_11 0 5.0 2.0,-1.75 296.0 -1.5707963267948966 flow_0_12 0 5.0 2.0,-215.74177246093758 1.75 3.141592653589793 flow_4_10 0 5.0 2.0,202.995 1.75 3.141592653589793 flow_4_12 0 5.0 2.0,215.74177246093758 -1.75 0.0 flow_6_10 0 5.0 2.0,-245.74500000000013 1.75 3.141592653589793 flow_4_9 0 5.0 2.0,1.75 -296.0 1.5707963267948966 flow_2_12 0 5.0 2.0,-5.25 17.957999999999914 -1.5707963267948966 flow_1_4 0 5.0 2.0,;HHL_QHDD_N r r,HHL_QHDD_S r r,HHL_QHDD_E g g,HHL_QHDD_W g g,
-186.325 -1.75 0.0 flow_6_12 0 5.0 2.0,-1.75 12.956999999999937 -1.5707963267948966 flow_0_11 0 5.0 2.0,1.75 86.96126090160846 1.5707963267948966 flow_7_4 0 5.0 2.0,-1.75 -86.96126090160846 -1.5707963267948966 flow_5_4 0 5.0 2.0,157.07500000000023 -1.75 0.0 flow_6_11 0 5.0 2.0,1.75 -12.956999999999937 1.5707963267948966 flow_2_11 0 5.0 2.0,5.25 -12.956999999999937 1.5707963267948966 flow_3_4 0 5.0 2.0,262.41500000000016 -1.75 0.0 flow_6_9 0 5.0 2.0,-157.07500000000023 1.75 3.141592653589793 flow_4_11 0 5.0 2.0,-1.75 291.0 -1.5707963267948966 flow_0_12 0 5.0 2.0,-232.41088623046887 1.75 3.141592653589793 flow_4_10 0 5.0 2.0,186.325 1.75 3.141592653589793 flow_4_12 0 5.0 2.0,232.41088623046887 -1.75 0.0 flow_6_10 0 5.0 2.0,-262.41500000000016 1.75 3.141592653589793 flow_4_9 0 5.0 2.0,1.75 -291.0 1.5707963267948966 flow_2_12 0 5.0 2.0,-5.25 12.956999999999937 -1.5707963267948966 flow_1_4 0 5.0 2.0,;HHL_QHDD_N r r,HHL_QHDD_S r r,HHL_QHDD_E g g,HHL_QHDD_W g g,
-169.65499999999998 -1.75 0.0 flow_6_12 0 5.0 2.0,-1.75 11.289999999999964 -1.5707963267948966 flow_0_11 0 5.0 2.0,1.75 103.63126090160846 1.5707963267948966 flow_7_4 0 5.0 2.0,-1.75 -103.63126090160846 -1.5707963267948966 flow_5_4 0 5.0 2.0,173.74500000000024 -1.75 0.0 flow_6_11 0 5.0 2.0,1.75 -11.289999999999964 1.5707963267948966 flow_2_11 0 5.0 2.0,5.25 -11.289999999999964 1.5707963267948966 flow_3_4 0 5.0 2.0,279.08500000000017 -1.75 0.0 flow_6_9 0 5.0 2.0,-173.74500000000024 1.75 3.141592653589793 flow_4_11 0 5.0 2.0,-1.75 284.0 -1.5707963267948966 flow_0_12 0 5.0 2.0,-249.0804431152345 1.75 3.141592653589793 flow_4_10 0 5.0 2.0,169.65499999999998 1.75 3.141592653589793 flow_4_12 0 5.0 2.0,249.0804431152345 -1.75 0.0 flow_6_10 0 5.0 2.0,-279.08500000000017 1.75 3.141592653589793 flow_4_9 0 5.0 2.0,1.75 -284.0 1.5707963267948966 flow_2_12 0 5.0 2.0,-5.25 11.289999999999964 -1.5707963267948966 flow_1_4 0 5.0 2.0,;HHL_QHDD_N r r,HHL_QHDD_S r r,HHL_QHDD_E g g,HHL_QHDD_W g g,
-152.98499999999997 -1.75 0.0 flow_6_12 0 5.0 2.0,-1.75 11.289999999999964 -1.5707963267948966 flow_0_11 0 5.0 2.0,1.75 120.30126090160846 1.5707963267948966 flow_7_4 0 5.0 2.0,-1.75 -120.30126090160846 -1.5707963267948966 flow_5_4 0 5.0 2.0,190.41500000000026 -1.75 0.0 flow_6_11 0 5.0 2.0,1.75 -11.289999999999964 1.5707963267948966 flow_2_11 0 5.0 2.0,5.25 -11.289999999999964 1.5707963267948966 flow_3_4 0 5.0 2.0,295.75500000000019 -1.75 0.0 flow_6_9 0 5.0 2.0,-190.41500000000026 1.75 3.141592653589793 flow_4_11 0 5.0 2.0,-1.75 275.0 -1.5707963267948966 flow_0_12 0 5.0 2.0,-265.75022155761737 1.75 3.141592653589793 flow_4_10 0 5.0 2.0,152.98499999999997 1.75 3.141592653589793 flow_4_12 0 5.0 2.0,265.75022155761737 -1.75 0.0 flow_6_10 0 5.0 2.0,-295.75500000000019 1.75 3.141592653589793 flow_4_9 0 5.0 2.0,1.75 -275.0 1.5707963267948966 flow_2_12 0 5.0 2.0,-5.25 11.289999999999964 -1.5707963267948966 flow_1_4 0 5.0 2.0,;HHL_QHDD_N r r,HHL_QHDD_S r r,HHL_QHDD_E g g,HHL_QHDD_W g g,
-136.31499999999995 -1.75 0.0 flow_6_12 0 5.0 2.0,-1.75 11.289999999999964 -1.5707963267948966 flow_0_11 0 5.0 2.0,1.75 136.97126090160845 1.5707963267948966 flow_7_4 0 5.0 2.0,-1.75 -136.97126090160845 -1.5707963267948966 flow_5_4 0 5.0 2.0,207.08500000000027 -1.75 0.0 flow_6_11 0 5.0 2.0,1.75 -11.289999999999964 1.5707963267948966 flow_2_11 0 5.0 2.0,5.25 -11.289999999999964 1.5707963267948966 flow_3_4 0 5.0 2.0,-207.08500000000027 1.75 3.141592653589793 flow_4_11 0 5.0 2.0,-1.75 264.0 -1.5707963267948966 flow_0_12 0 5.0 2.0,-282.42011077880877 1.75 3.141592653589793 flow_4_10 0 5.0 2.0,136.31499999999995 1.75 3.141592653589793 flow_4_12 0 5.0 2.0,282.42011077880877 -1.75 0.0 flow_6_10 0 5.0 2.0,1.75 -264.0 1.5707963267948966 flow_2_12 0 5.0 2.0,-5.25 11.289999999999964 -1.5707963267948966 flow_1_4 0 5.0 2.0,;HHL_QHDD_N r r,HHL_QHDD_S r r,HHL_QHDD_E g g,HHL_QHDD_W g g,
-119.64499999999993 -1.75 0.0 flow_6_12 0 5.0 2.0,-1.75 11.289999999999964 -1.5707963267948966 flow_0_11 0 5.0 2.0,1.75 153.64126090160847 1.5707963267948966 flow_7_4 0 5.0 2.0,-1.75 -153.64126090160847 -1.5707963267948966 flow_5_4 0 5.0 2.0,223.75500000000029 -1.75 0.0 flow_6_11 0 5.0 2.0,1.75 -11.289999999999964 1.5707963267948966 flow_2_11 0 5.0 2.0,5.25 -11.289999999999964 1.5707963267948966 flow_3_4 0 5.0 2.0,-223.75500000000029 1.75 3.141592653589793 flow_4_11 0 5.0 2.0,-1.75 251.0 -1.5707963267948966 flow_0_12 0 5.0 2.0,-299.0900738525392 1.75 3.141592653589793 flow_4_10 0 5.0 2.0,119.64499999999993 1.75 3.141592653589793 flow_4_12 0 5.0 2.0,299.0900738525392 -1.75 0.0 flow_6_10 0 5.0 2.0,1.75 -251.0 1.5707963267948966 flow_2_12 0 5.0 2.0,-5.25 11.289999999999964 -1.5707963267948966 flow_1_4 0 5.0 2.0,;HHL_QHDD_N r r,HHL_QHDD_S r r,HHL_QHDD_E g g,HHL_QHDD_W g g,
-102.97499999999991 -1.75 0.0 flow_6_12 0 5.0 2.0,-1.75 11.289999999999964 -1.5707963267948966 flow_0_11 0 5.0 2.0,1.75 170.31126090160849 1.5707963267948966 flow_7_4 0 5.0 2.0,-1.75 -170.31126090160849 -1.5707963267948966 flow_5_4 0 5.0 2.0,240.4250000000003 -1.75 0.0 flow_6_11 0 5.0 2.0,1.75 -11.289999999999964 1.5707963267948966 flow_2_11 0 5.0 2.0,5.25 -11.289999999999964 1.5707963267948966 flow_3_4 0 5.0 2.0,-240.4250000000003 1.75 3.141592653589793 flow_4_11 0 5.0 2.0,-1.75 236.0 -1.5707963267948966 flow_0_12 0 5.0 2.0,102.97499999999991 1.75 3.141592653589793 flow_4_12 0 5.0 2.0,1.75 -236.0 1.5707963267948966 flow_2_12 0 5.0 2.0,-5.25 11.289999999999964 -1.5707963267948966 flow_1_4 0 5.0 2.0,;HHL_QHDD_N r r,HHL_QHDD_S r r,HHL_QHDD_E g g,HHL_QHDD_W g g,
-86.30499999999987 -1.75 0.0 flow_6_12 0 5.0 2.0,-1.75 11.289999999999964 -1.5707963267948966 flow_0_11 0 5.0 2.0,1.75 186.9812609016085 1.5707963267948966 flow_7_4 0 5.0 2.0,-1.75 -186.9812609016085 -1.5707963267948966 flow_5_4 0 5.0 2.0,257.0950000000003 -1.75 0.0 flow_6_11 0 5.0 2.0,1.75 -11.289999999999964 1.5707963267948966 flow_2_11 0 5.0 2.0,5.25 -11.289999999999964 1.5707963267948966 flow_3_4 0 5.0 2.0,-257.0950000000003 1.75 3.141592653589793 flow_4_11 0 5.0 2.0,-1.75 219.665 -1.5707963267948966 flow_0_12 0 5.0 2.0,86.30499999999987 1.75 3.141592653589793 flow_4_12 0 5.0 2.0,1.75 -219.665 1.5707963267948966 flow_2_12 0 5.0 2.0,-5.25 11.289999999999964 -1.5707963267948966 flow_1_4 0 5.0 2.0,;HHL_QHDD_N r r,HHL_QHDD_S r r,HHL_QHDD_E r r,HHL_QHDD_W r r,
-69.63499999999988 -1.75 0.0 flow_6_12 0 5.0 2.0,-1.75 11.289999999999964 -1.5707963267948966 flow_0_11 0 5.0 2.0,1.75 203.65126090160849 1.5707963267948966 flow_7_4 0 5.0 2.0,-1.75 -203.65126090160849 -1.5707963267948966 flow_5_4 0 5.0 2.0,273.7650000000003 -1.75 0.0 flow_6_11 0 5.0 2.0,1.75 -11.289999999999964 1.5707963267948966 flow_2_11 0 5.0 2.0,5.25 -11.289999999999964 1.5707963267948966 flow_3_4 0 5.0 2.0,-273.7650000000003 1.75 3.141592653589793 flow_4_11 0 5.0 2.0,-1.75 202.995 -1.5707963267948966 flow_0_12 0 5.0 2.0,69.63499999999988 1.75 3.141592653589793 flow_4_12 0 5.0 2.0,1.75 -202.995 1.5707963267948966 flow_2_12 0 5.0 2.0,-5.25 11.289999999999964 -1.5707963267948966 flow_1_4 0 5.0 2.0,;HHL_QHDD_N r r,HHL_QHDD_S r r,HHL_QHDD_E r r,HHL_QHDD_W r r,
-52.96499999999986 -1.75 0.0 flow_6_12 0 5.0 2.0,-1.75 11.289999999999964 -1.5707963267948966 flow_0_11 0 5.0 2.0,1.75 220.32126090160853 1.5707963267948966 flow_7_4 0 5.0 2.0,-1.75 -220.32126090160853 -1.5707963267948966 flow_5_4 0 5.0 2.0,290.43500000000037 -1.75 0.0 flow_6_11 0 5.0 2.0,1.75 -11.289999999999964 1.5707963267948966 flow_2_11 0 5.0 2.0,5.25 -11.289999999999964 1.5707963267948966 flow_3_4 0 5.0 2.0,-290.43500000000037 1.75 3.141592653589793 flow_4_11 0 5.0 2.0,-1.75 186.325 -1.5707963267948966 flow_0_12 0 5.0 2.0,52.96499999999986 1.75 3.141592653589793 flow_4_12 0 5.0 2.0,1.75 -186.325 1.5707963267948966 flow_2_12 0 5.0 2.0,-5.25 11.289999999999964 -1.5707963267948966 flow_1_4 0 5.0 2.0,;HHL_QHDD_N r r,HHL_QHDD_S r r,HHL_QHDD_E r r,HHL_QHDD_W r r,
-37.961999999999878 -1.75 0.0 flow_6_12 0 5.0 2.0,-1.75 11.289999999999964 -1.5707963267948966 flow_0_11 0 5.0 2.0,1.75 236.99126090160855 1.5707963267948966 flow_7_4 0 5.0 2.0,-1.75 -236.99126090160855 -1.5707963267948966 flow_5_4 0 5.0 2.0,1.75 -11.289999999999964 1.5707963267948966 flow_2_11 0 5.0 2.0,-299.0 -1.75 0.0 flow_6_13 0 5.0 2.0,5.25 -10.289999999999964 1.5707963267948966 flow_3_4 0 5.0 2.0,299.0 1.75 3.141592653589793 flow_4_13 0 5.0 2.0,-1.75 169.65499999999998 -1.5707963267948966 flow_0_12 0 5.0 2.0,37.961999999999878 1.75 3.141592653589793 flow_4_12 0 5.0 2.0,1.75 -169.65499999999998 1.5707963267948966 flow_2_12 0 5.0 2.0,-5.25 10.289999999999964 -1.5707963267948966 flow_1_4 0 5.0 2.0,;HHL_QHDD_N g g,HHL_QHDD_S g g,HHL_QHDD_E r r,HHL_QHDD_W r r,
-26.292999999999894 -1.75 0.0 flow_6_12 0 5.0 2.0,-1.75 11.289999999999964 -1.5707963267948966 flow_0_11 0 5.0 2.0,1.75 253.66126090160859 1.5707963267948966 flow_7_4 0 5.0 2.0,-1.75 -253.66126090160859 -1.5707963267948966 flow_5_4 0 5.0 2.0,1.75 -11.289999999999964 1.5707963267948966 flow_2_11 0 5.0 2.0,-296.0 -1.75 0.0 flow_6_13 0 5.0 2.0,-1.75 -2.2899999999999638 1.5707963267948966 flow_3_4 0 5.0 2.0,296.0 1.75 3.141592653589793 flow_4_13 0 5.0 2.0,-1.75 152.98499999999997 -1.5707963267948966 flow_0_12 0 5.0 2.0,26.292999999999894 1.75 3.141592653589793 flow_4_12 0 5.0 2.0,1.75 -152.98499999999997 1.5707963267948966 flow_2_12 0 5.0 2.0,1.75 2.2899999999999638 -1.5707963267948966 flow_1_4 0 5.0 2.0,;HHL_QHDD_N g g,HHL_QHDD_S g g,HHL_QHDD_E r r,HHL_QHDD_W r r,
-17.957999999999914 -1.75 0.0 flow_6_12 0 5.0 2.0,-1.75 11.289999999999964 -1.5707963267948966 flow_0_11 0 5.0 2.0,1.75 270.3312609016086 1.5707963267948966 flow_7_4 0 5.0 2.0,-1.75 -270.3312609016086 -1.5707963267948966 flow_5_4 0 5.0 2.0,1.75 -11.289999999999964 1.5707963267948966 flow_2_11 0 5.0 2.0,-291.0 -1.75 0.0 flow_6_13 0 5.0 2.0,-4.136076680789127 1.2848105204249146 2.647651284670212 flow_3_4 0 5.0 2.0,291.0 1.75 3.141592653589793 flow_4_13 0 5.0 2.0,-1.75 136.31499999999995 -1.5707963267948966 flow_0_12 0 5.0 2.0,17.957999999999914 1.75 3.141592653589793 flow_4_12 0 5.0 2.0,1.75 -136.31499999999995 1.5707963267948966 flow_2_12 0 5.0 2.0,4.136076680789127 -1.2848105204249146 -0.4939413689195812 flow_1_4 0 5.0 2.0,;HHL_QHDD_N g g,HHL_QHDD_S g g,HHL_QHDD_E r r,HHL_QHDD_W r r,
-12.956999999999937 -1.75 0.0 flow_6_12 0 5.0 2.0,-1.75 10.289999999999964 -1.5707963267948966 flow_0_11 0 5.0 2.0,1.75 287.0012609016086 1.5707963267948966 flow_7_4 0 5.0 2.0,-1.75 -287.0012609016086 -1.5707963267948966 flow_5_4 0 5.0 2.0,1.75 -10.289999999999964 1.5707963267948966 flow_2_11 0 5.0 2.0,-284.0 -1.75 0.0 flow_6_13 0 5.0 2.0,-16.018794234941688 1.75 3.141592653589793 flow_3_4 0 5.0 2.0,284.0 1.75 3.141592653589793 flow_4_13 0 5.0 2.0,-1.75 119.64499999999993 -1.5707963267948966 flow_0_12 0 5.0 2.0,12.956999999999937 1.75 3.141592653589793 flow_4_12 0 5.0 2.0,1.75 -119.64499999999993 1.5707963267948966 flow_2_12 0 5.0 2.0,16.018794234941688 -1.75 0.0 flow_1_4 0 5.0 2.0,;HHL_QHDD_N g g,HHL_QHDD_S g g,HHL_QHDD_E r r,HHL_QHDD_W r r,
-11.289999999999964 -1.75 0.0 flow_6_12 0 5.0 2.0,-1.75 2.2899999999999638 -1.5707963267948966 flow_0_11 0 5.0 2.0,1.75 -2.2899999999999638 1.5707963267948966 flow_2_11 0 5.0 2.0,-275.0 -1.75 0.0 flow_6_13 0 5.0 2.0,-25.018794234941688 1.75 3.141592653589793 flow_3_4 0 5.0 2.0,275.0 1.75 3.141592653589793 flow_4_13 0 5.0 2.0,-1.75 102.97499999999991 -1.5707963267948966 flow_0_12 0 5.0 2.0,11.289999999999964 1.75 3.141592653589793 flow_4_12 0 5.0 2.0,1.75 -102.97499999999991 1.5707963267948966 flow_2_12 0 5.0 2.0,25.018794234941688 -1.75 0.0 flow_1_4 0 5.0 2.0,;HHL_QHDD_N g g,HHL_QHDD_S g g,HHL_QHDD_E r r,HHL_QHDD_W r r,
-11.289999999999964 -1.75 0.0 flow_6_12 0 5.0 2.0,-1.75 -2.7100000000000366 -1.5707963267948966 flow_0_11 0 5.0 2.0,1.75 2.7100000000000366 1.5707963267948966 flow_2_11 0 5.0 2.0,-264.0 -1.75 0.0 flow_6_13 0 5.0 2.0,-36.01879423494169 1.75 3.141592653589793 flow_3_4 0 5.0 2.0,264.0 1.75 3.141592653589793 flow_4_13 0 5.0 2.0,-1.75 86.30499999999987 -1.5707963267948966 flow_0_12 0 5.0 2.0,11.289999999999964 1.75 3.141592653589793 flow_4_12 0 5.0 2.0,1.75 -86.30499999999987 1.5707963267948966 flow_2_12 0 5.0 2.0,36.01879423494169 -1.75 0.0 flow_1_4 0 5.0 2.0,;HHL_QHDD_N g g,HHL_QHDD_S g g,HHL_QHDD_E r r,HHL_QHDD_W r r,
-11.289999999999964 -1.75 0.0 flow_6_12 0 5.0 2.0,-1.75 -14.710000000000037 -1.5707963267948966 flow_0_11 0 5.0 2.0,1.75 14.710000000000037 1.5707963267948966 flow_2_11 0 5.0 2.0,-251.0 -1.75 0.0 flow_6_13 0 5.0 2.0,-49.01879423494169 1.75 3.141592653589793 flow_3_4 0 5.0 2.0,251.0 1.75 3.141592653589793 flow_4_13 0 5.0 2.0,-1.75 69.63499999999988 -1.5707963267948966 flow_0_12 0 5.0 2.0,11.289999999999964 1.75 3.141592653589793 flow_4_12 0 5.0 2.0,1.75 -69.63499999999988 1.5707963267948966 flow_2_12 0 5.0 2.0,49.01879423494169 -1.75 0.0 flow_1_4 0 5.0 2.0,;HHL_QHDD_N g g,HHL_QHDD_S g g,HHL_QHDD_E r r,HHL_QHDD_W r r,
-11.289999999999964 -1.75 0.0 flow_6_12 0 5.0 2.0,-1.75 -23.710000000000038 -1.5707963267948966 flow_0_11 0 5.0 2.0,1.75 23.710000000000038 1.5707963267948966 flow_2_11 0 5.0 2.0,-236.0 -1.75 0.0 flow_6_13 0 5.0 2.0,-64.01879423494168 1.75 3.141592653589793 flow_3_4 0 5.0 2.0,236.0 1.75 3.141592653589793 flow_4_13 0 5.0 2.0,-1.75 52.96499999999986 -1.5707963267948966 flow_0_12 0 5.0 2.0,11.289999999999964 1.75 3.141592653589793 flow_4_12 0 5.0 2.0,1.75 -52.96499999999986 1.5707963267948966 flow_2_12 0 5.0 2.0,64.01879423494168 -1.75 0.0 flow_1_4 0 5.0 2.0,;HHL_QHDD_N g g,HHL_QHDD_S g g,HHL_QHDD_E r r,HHL_QHDD_W r r,
-11.289999999999964 -1.75 0.0 flow_6_12 0 5.0 2.0,-1.75 -34.710000000000039 -1.5707963267948966 flow_0_11 0 5.0 2.0,1.75 34.710000000000039 1.5707963267948966 flow_2_11 0 5.0 2.0,-219.665 -1.75 0.0 flow_6_13 0 5.0 2.0,-80.35379423494169 1.75 3.141592653589793 flow_3_4 0 5.0 2.0,219.665 1.75 3.141592653589793 flow_4_13 0 5.0 2.0,-1.75 36.294999999999848 -1.5707963267948966 flow_0_12 0 5.0 2.0,11.289999999999964 1.75 3.141592653589793 flow_4_12 0 5.0 2.0,1.75 -36.294999999999848 1.5707963267948966 flow_2_12 0 5.0 2.0,80.35379423494169 -1.75 0.0 flow_1_4 0 5.0 2.0,;HHL_QHDD_N g g,HHL_QHDD_S g g,HHL_QHDD_E r r,HHL_QHDD_W r r,
-11.289999999999964 -1.75 0.0 flow_6_12 0 5.0 2.0,-1.75 -47.710000000000039 -1.5707963267948966 flow_0_11 0 5.0 2.0,1.75 -299.0 1.5707963267948966 flow_2_13 0 5.0 2.0,1.75 47.710000000000039 1.5707963267948966 flow_2_11 0 5.0 2.0,-202.995 -1.75 0.0 flow_6_13 0 5.0 2.0,-97.02379423494169 1.75 3.141592653589793 flow_3_4 0 5.0 2.0,-1.75 299.0 -1.5707963267948966 flow_0_13 0 5.0 2.0,202.995 1.75 3.141592653589793 flow_4_13 0 5.0 2.0,-1.75 19.62499999999983 -1.5707963267948966 flow_0_12 0 5.0 2.0,11.289999999999964 1.75 3.141592653589793 flow_4_12 0 5.0 2.0,1.75 -19.62499999999983 1.5707963267948966 flow_2_12 0 5.0 2.0,97.02379423494169 -1.75 0.0 flow_1_4 0 5.0 2.0,;HHL_QHDD_N g g,HHL_QHDD_S g g,HHL_QHDD_E r r,HHL_QHDD_W r r,
-11.289999999999964 -1.75 0.0 flow_6_12 0 5.0 2.0,-1.75 -62.710000000000039 -1.5707963267948966 flow_0_11 0 5.0 2.0,1.75 -296.0 1.5707963267948966 flow_2_13 0 5.0 2.0,1.75 62.710000000000039 1.5707963267948966 flow_2_11 0 5.0 2.0,-186.325 -1.75 0.0 flow_6_13 0 5.0 2.0,-113.69379423494169 1.75 3.141592653589793 flow_3_4 0 5.0 2.0,-1.75 296.0 -1.5707963267948966 flow_0_13 0 5.0 2.0,186.325 1.75 3.141592653589793 flow_4_13 0 5.0 2.0,-1.75 -2.0450000000001866 -1.5707963267948966 flow_0_12 0 5.0 2.0,11.289999999999964 1.75 3.141592653589793 flow_4_12 0 5.0 2.0,1.75 2.0450000000001866 1.5707963267948966 flow_2_12 0 5.0 2.0,113.69379423494169 -1.75 0.0 flow_1_4 0 5.0 2.0,;HHL_QHDD_N g g,HHL_QHDD_S g g,HHL_QHDD_E r r,HHL_QHDD_W r r,
-11.289999999999964 -1.75 0.0 flow_6_12 0 5.0 2.0,-1.75 -79.04500000000005 -1.5707963267948966 flow_0_11 0 5.0 2.0,1.75 -291.0 1.5707963267948966 flow_2_13 0 5.0 2.0,1.75 79.04500000000005 1.5707963267948966 flow_2_11 0 5.0 2.0,-169.65499999999998 -1.75 0.0 flow_6_13 0 5.0 2.0,-130.36379423494169 1.75 3.141592653589793 flow_3_4 0 5.0 2.0,-1.75 291.0 -1.5707963267948966 flow_0_13 0 5.0 2.0,169.65499999999998 1.75 3.141592653589793 flow_4_13 0 5.0 2.0,-1.75 -23.715000000000189 -1.5707963267948966 flow_0_12 0 5.0 2.0,11.289999999999964 1.75 3.141592653589793 flow_4_12 0 5.0 2.0,1.75 23.715000000000189 1.5707963267948966 flow_2_12 0 5.0 2.0,130.36379423494169 -1.75 0.0 flow_1_4 0 5.0 2.0,;HHL_QHDD_N g g,HHL_QHDD_S g g,HHL_QHDD_E r r,HHL_QHDD_W r r,
-11.289999999999964 -1.75 0.0 flow_6_12 0 5.0 2.0,-1.75 -95.71500000000005 -1.5707963267948966 flow_0_11 0 5.0 2.0,1.75 -284.0 1.5707963267948966 flow_2_13 0 5.0 2.0,1.75 95.71500000000005 1.5707963267948966 flow_2_11 0 5.0 2.0,-152.98499999999997 -1.75 0.0 flow_6_13 0 5.0 2.0,-147.0337942349417 1.75 3.141592653589793 flow_3_4 0 5.0 2.0,-1.75 284.0 -1.5707963267948966 flow_0_13 0 5.0 2.0,152.98499999999997 1.75 3.141592653589793 flow_4_13 0 5.0 2.0,-1.75 -40.38500000000019 -1.5707963267948966 flow_0_12 0 5.0 2.0,11.289999999999964 1.75 3.141592653589793 flow_4_12 0 5.0 2.0,1.75 40.38500000000019 1.5707963267948966 flow_2_12 0 5.0 2.0,147.0337942349417 -1.75 0.0 flow_1_4 0 5.0 2.0,;HHL_QHDD_N g g,HHL_QHDD_S g g,HHL_QHDD_E r r,HHL_QHDD_W r r,
-11.289999999999964 -1.75 0.0 flow_6_12 0 5.0 2.0,-1.75 -112.38500000000005 -1.5707963267948966 flow_0_11 0 5.0 2.0,1.75 -275.0 1.5707963267948966 flow_2_13 0 5.0 2.0,1.75 112.38500000000005 1.5707963267948966 flow_2_11 0 5.0 2.0,-136.31499999999995 -1.75 0.0 flow_6_13 0 5.0 2.0,-163.7037942349417 1.75 3.141592653589793 flow_3_4 0 5.0 2.0,-1.75 275.0 -1.5707963267948966 flow_0_13 0 5.0 2.0,136.31499999999995 1.75 3.141592653589793 flow_4_13 0 5.0 2.0,-1.75 -57.05500000000019 -1.5707963267948966 flow_0_12 0 5.0 2.0,11.289999999999964 1.75 3.141592653589793 flow_4_12 0 5.0 2.0,1.75 57.05500000000019 1.5707963267948966 flow_2_12 0 5.0 2.0,163.7037942349417 -1.75 0.0 flow_1_4 0 5.0 2.0,;HHL_QHDD_N g g,HHL_QHDD_S g g,HHL_QHDD_E r r,HHL_QHDD_W r r,
-11.289999999999964 -1.75 0.0 flow_6_12 0 5.0 2.0,-1.75 -129.05500000000007 -1.5707963267948966 flow_0_11 0 5.0 2.0,1.75 -264.0 1.5707963267948966 flow_2_13 0 5.0 2.0,1.75 129.05500000000007 1.5707963267948966 flow_2_11 0 5.0 2.0,-119.64499999999993 -1.75 0.0 flow_6_13 0 5.0 2.0,-180.37379423494174 1.75 3.141592653589793 flow_3_4 0 5.0 2.0,-1.75 264.0 -1.5707963267948966 flow_0_13 0 5.0 2.0,119.64499999999993 1.75 3.141592653589793 flow_4_13 0 5.0 2.0,-1.75 -73.7250000000002 -1.5707963267948966 flow_0_12 0 5.0 2.0,11.289999999999964 1.75 3.141592653589793 flow_4_12 0 5.0 2.0,1.75 73.7250000000002 1.5707963267948966 flow_2_12 0 5.0 2.0,180.37379423494174 -1.75 0.0 flow_1_4 0 5.0 2.0,;HHL_QHDD_N g g,HHL_QHDD_S g g,HHL_QHDD_E r r,HHL_QHDD_W r r,
-11.289999999999964 -1.75 0.0 flow_6_12 0 5.0 2.0,-1.75 -145.72500000000006 -1.5707963267948966 flow_0_11 0 5.0 2.0,299.0 5.25 3.141592653589793 flow_5_5 0 5.0 2.0,-299.0 -5.25 0.0 flow_7_5 0 5.0 2.0,1.75 -251.0 1.5707963267948966 flow_2_13 0 5.0 2.0,1.75 145.72500000000006 1.5707963267948966 flow_2_11 0 5.0 2.0,-102.97499999999991 -1.75 0.0 flow_6_13 0 5.0 2.0,-197.04379423494175 1.75 3.141592653589793 flow_3_4 0 5.0 2.0,-1.75 251.0 -1.5707963267948966 flow_0_13 0 5.0 2.0,102.97499999999991 1.75 3.141592653589793 flow_4_13 0 5.0 2.0,-1.75 -90.3950000000002 -1.5707963267948966 flow_0_12 0 5.0 2.0,11.289999999999964 1.75 3.141592653589793 flow_4_12 0 5.0 2.0,1.75 90.3950000000002 1.5707963267948966 flow_2_12 0 5.0 2.0,197.04379423494175 -1.75 0.0 flow_1_4 0 5.0 2.0,;HHL_QHDD_N g g,HHL_QHDD_S g g,HHL_QHDD_E r r,HHL_QHDD_W r r,
-11.289999999999964 -1.75 0.0 flow_6_12 0 5.0 2.0,-1.75 -162.395 -1.5707963267948966 flow_0_11 0 5.0 2.0,296.0 5.25 3.141592653589793 flow_5_5 0 5.0 2.0,-296.0 -5.25 0.0 flow_7_5 0 5.0 2.0,1.75 -236.0 1.5707963267948966 flow_2_13 0 5.0 2.0,1.75 162.395 1.5707963267948966 flow_2_11 0 5.0 2.0,-86.30499999999987 -1.75 0.0 flow_6_13 0 5.0 2.0,-213.71379423494177 1.75 3.141592653589793 flow_3_4 0 5.0 2.0,-1.75 236.0 -1.5707963267948966 flow_0_13 0 5.0 2.0,86.30499999999987 1.75 3.141592653589793 flow_4_13 0 5.0 2.0,-1.75 -107.0650000000002 -1.5707963267948966 flow_0_12 0 5.0 2.0,11.289999999999964 1.75 3.141592653589793 flow_4_12 0 5.0 2.0,1.75 107.0650000000002 1.5707963267948966 flow_2_12 0 5.0 2.0,213.71379423494177 -1.75 0.0 flow_1_4 0 5.0 2.0,;HHL_QHDD_N g g,HHL_QHDD_S g g,HHL_QHDD_E r r,HHL_QHDD_W r r,
-11.289999999999964 -1.75 0.0 flow_6_12 0 5.0 2.0,-1.75 -179.06500000000006 -1.5707963267948966 flow_0_11 0 5.0 2.0,291.0 5.25 3.141592653589793 flow_5_5 0 5.0 2.0,-291.0 -5.25 0.0 flow_7_5 0 5.0 2.0,1.75 -219.665 1.5707963267948966 flow_2_13 0 5.0 2.0,1.75 179.06500000000006 1.5707963267948966 flow_2_11 0 5.0 2.0,-69.63499999999988 -1.75 0.0 flow_6_13 0 5.0 2.0,-230.38379423494178 1.75 3.141592653589793 flow_3_4 0 5.0 2.0,-1.75 219.665 -1.5707963267948966 flow_0_13 0 5.0 2.0,69.63499999999988 1.75 3.141592653589793 flow_4_13 0 5.0 2.0,-1.75 -123.7350000000002 -1.5707963267948966 flow_0_12 0 5.0 2.0,11.289999999999964 1.75 3.141592653589793 flow_4_12 0 5.0 2.0,1.75 123.7350000000002 1.5707963267948966 flow_2_12 0 5.0 2.0,230.38379423494178 -1.75 0.0 flow_1_4 0 5.0 2.0,;HHL_QHDD_N g g,HHL_QHDD_S g g,HHL_QHDD_E r r,HHL_QHDD_W r r,
-11.289999999999964 -1.75 0.0 flow_6_12 0 5.0 2.0,-1.75 -195.73500000000008 -1.5707963267948966 flow_0_11 0 5.0 2.0,284.0 5.25 3.141592653589793 flow_5_5 0 5.0 2.0,-284.0 -5.25 0.0 flow_7_5 0 5.0 2.0,1.75 -202.995 1.5707963267948966 flow_2_13 0 5.0 2.0,1.75 195.73500000000008 1.5707963267948966 flow_2_11 0 5.0 2.0,-52.96499999999986 -1.75 0.0 flow_6_13 0 5.0 2.0,-247.0537942349418 1.75 3.141592653589793 flow_3_4 0 5.0 2.0,-1.75 202.995 -1.5707963267948966 flow_0_13 0 5.0 2.0,52.96499999999986 1.75 3.141592653589793 flow_4_13 0 5.0 2.0,-1.75 -140.4050000000002 -1.5707963267948966 flow_0_12 0 5.0 2.0,11.289999999999964 1.75 3.141592653589793 flow_4_12 0 5.0 2.0,1.75 140.4050000000002 1.5707963267948966 flow_2_12 0 5.0 2.0,247.0537942349418 -1.75 0.0 flow_1_4 0 5.0 2.0,;HHL_QHDD_N g g,HHL_QHDD_S g g,HHL_QHDD_E r r,HHL_QHDD_W r r,
-11.289999999999964 -1.75 0.0 flow_6_12 0 5.0 2.0,-1.75 -212.4050000000001 -1.5707963267948966 flow_0_11 0 5.0 2.0,275.0 5.25 3.141592653589793 flow_5_5 0 5.0 2.0,-275.0 -5.25 0.0 flow_7_5 0 5.0 2.0,-299.0 -1.75 0.0 flow_6_14 0 5.0 2.0,1.75 -186.325 1.5707963267948966 flow_2_13 0 5.0 2.0,1.75 212.4050000000001 1.5707963267948966 flow_2_11 0 5.0 2.0,-38.04749554005957 -1.75 0.0 flow_6_13 0 5.0 2.0,-263.7237942349418 1.75 3.141592653589793 flow_3_4 0 5.0 2.0,-1.75 186.325 -1.5707963267948966 flow_0_13 0 5.0 2.0,299.0 1.75 3.141592653589793 flow_4_14 0 5.0 2.0,38.04749554005957 1.75 3.141592653589793 flow_4_13 0 5.0 2.0,-1.75 -157.07500000000023 -1.5707963267948966 flow_0_12 0 5.0 2.0,11.289999999999964 1.75 3.141592653589793 flow_4_12 0 5.0 2.0,1.75 157.07500000000023 1.5707963267948966 flow_2_12 0 5.0 2.0,263.7237942349418 -1.75 0.0 flow_1_4 0 5.0 2.0,;HHL_QHDD_N g g,HHL_QHDD_S g g,HHL_QHDD_E r r,HHL_QHDD_W r r,
-11.289999999999964 -1.75 0.0 flow_6_12 0 5.0 2.0,-1.75 -229.0750000000001 -1.5707963267948966 flow_0_11 0 5.0 2.0,264.0 5.25 3.141592653589793 flow_5_5 0 5.0 2.0,-264.0 -5.25 0.0 flow_7_5 0 5.0 2.0,-296.0 -1.75 0.0 flow_6_14 0 5.0 2.0,1.75 -169.65499999999998 1.5707963267948966 flow_2_13 0 5.0 2.0,1.75 229.0750000000001 1.5707963267948966 flow_2_11 0 5.0 2.0,-27.132486620178953 -1.75 0.0 flow_6_13 0 5.0 2.0,-280.3937942349418 1.75 3.141592653589793 flow_3_4 0 5.0 2.0,-1.75 169.65499999999998 -1.5707963267948966 flow_0_13 0 5.0 2.0,296.0 1.75 3.141592653589793 flow_4_14 0 5.0 2.0,27.132486620178953 1.75 3.141592653589793 flow_4_13 0 5.0 2.0,-1.75 -173.74500000000024 -1.5707963267948966 flow_0_12 0 5.0 2.0,11.289999999999964 1.75 3.141592653589793 flow_4_12 0 5.0 2.0,1.75 173.74500000000024 1.5707963267948966 flow_2_12 0 5.0 2.0,280.3937942349418 -1.75 0.0 flow_1_4 0 5.0 2.0,;HHL_QHDD_N g g,HHL_QHDD_S g g,HHL_QHDD_E r r,HHL_QHDD_W r r,
-11.289999999999964 -1.75 0.0 flow_6_12 0 5.0 2.0,-1.75 -245.74500000000013 -1.5707963267948966 flow_0_11 0 5.0 2.0,251.0 5.25 3.141592653589793 flow_5_5 0 5.0 2.0,-251.0 -5.25 0.0 flow_7_5 0 5.0 2.0,-291.0 -1.75 0.0 flow_6_14 0 5.0 2.0,1.75 -152.98499999999997 1.5707963267948966 flow_2_13 0 5.0 2.0,1.75 245.74500000000013 1.5707963267948966 flow_2_11 0 5.0 2.0,-20.717477700298333 -1.75 0.0 flow_6_13 0 5.0 2.0,-297.06379423494186 1.75 3.141592653589793 flow_3_4 0 5.0 2.0,-1.75 152.98499999999997 -1.5707963267948966 flow_0_13 0 5.0 2.0,291.0 1.75 3.141592653589793 flow_4_14 0 5.0 2.0,20.717477700298333 1.75 3.141592653589793 flow_4_13 0 5.0 2.0,-1.75 -190.41500000000026 -1.5707963267948966 flow_0_12 0 5.0 2.0,11.289999999999964 1.75 3.141592653589793 flow_4_12 0 5.0 2.0,1.75 190.41500000000026 1.5707963267948966 flow_2_12 0 5.0 2.0,297.06379423494186 -1.75 0.0 flow_1_4 0 5.0 2.0,;HHL_QHDD_N g g,HHL_QHDD_S g g,HHL_QHDD_E r r,HHL_QHDD_W r r,
-11.289999999999964 -1.75 0.0 flow_6_12 0 5.0 2.0,-1.75 -262.41500000000016 -1.5707963267948966 flow_0_11 0 5.0 2.0,236.0 5.25 3.141592653589793 flow_5_5 0 5.0 2.0,-236.0 -5.25 0.0 flow_7_5 0 5.0 2.0,-284.0 -1.75 0.0 flow_6_14 0 5.0 2.0,1.75 -136.31499999999995 1.5707963267948966 flow_2_13 0 5.0 2.0,1.75 262.41500000000016 1.5707963267948966 flow_2_11 0 5.0 2.0,-18.789999999999965 -1.75 0.0 flow_6_13 0 5.0 2.0,-1.75 136.31499999999995 -1.5707963267948966 flow_0_13 0 5.0 2.0,284.0 1.75 3.141592653589793 flow_4_14 0 5.0 2.0,18.789999999999965 1.75 3.141592653589793 flow_4_13 0 5.0 2.0,-1.75 -207.08500000000027 -1.5707963267948966 flow_0_12 0 5.0 2.0,11.289999999999964 1.75 3.141592653589793 flow_4_12 0 5.0 2.0,1.75 207.08500000000027 1.5707963267948966 flow_2_12 0 5.0 2.0,;HHL_QHDD_N g g,HHL_QHDD_S g g,HHL_QHDD_E r r,HHL_QHDD_W r r,
-11.289999999999964 -1.75 0.0 flow_6_12 0 5.0 2.0,-1.75 -279.08500000000017 -1.5707963267948966 flow_0_11 0 5.0 2.0,219.665 5.25 3.141592653589793 flow_5_5 0 5.0 2.0,-219.665 -5.25 0.0 flow_7_5 0 5.0 2.0,-275.0 -1.75 0.0 flow_6_14 0 5.0 2.0,1.75 -119.64499999999993 1.5707963267948966 flow_2_13 0 5.0 2.0,1.75 279.08500000000017 1.5707963267948966 flow_2_11 0 5.0 2.0,-18.789999999999965 -1.75 0.0 flow_6_13 0 5.0 2.0,-1.75 119.64499999999993 -1.5707963267948966 flow_0_13 0 5.0 2.0,275.0 1.75 3.141592653589793 flow_4_14 0 5.0 2.0,18.789999999999965 1.75 3.141592653589793 flow_4_13 0 5.0 2.0,-1.75 -223.75500000000029 -1.5707963267948966 flow_0_12 0 5.0 2.0,11.289999999999964 1.75 3.141592653589793 flow_4_12 0 5.0 2.0,1.75 223.75500000000029 1.5707963267948966 flow_2_12 0 5.0 2.0,;HHL_QHDD_N g g,HHL_QHDD_S g g,HHL_QHDD_E r r,HHL_QHDD_W r r,
-11.289999999999964 -1.75 0.0 flow_6_12 0 5.0 2.0,-1.75 -295.75500000000019 -1.5707963267948966 flow_0_11 0 5.0 2.0,202.995 5.25 3.141592653589793 flow_5_5 0 5.0 2.0,-5.25 299.0 -1.5707963267948966 flow_1_5 0 5.0 2.0,-202.995 -5.25 0.0 flow_7_5 0 5.0 2.0,-264.0 -1.75 0.0 flow_6_14 0 5.0 2.0,5.25 -299.0 1.5707963267948966 flow_3_5 0 5.0 2.0,1.75 -102.97499999999991 1.5707963267948966 flow_2_13 0 5.0 2.0,1.75 295.75500000000019 1.5707963267948966 flow_2_11 0 5.0 2.0,-18.789999999999965 -1.75 0.0 flow_6_13 0 5.0 2.0,-1.75 102.97499999999991 -1.5707963267948966 flow_0_13 0 5.0 2.0,264.0 1.75 3.141592653589793 flow_4_14 0 5.0 2.0,18.789999999999965 1.75 3.141592653589793 flow_4_13 0 5.0 2.0,-1.75 -240.4250000000003 -1.5707963267948966 flow_0_12 0 5.0 2.0,11.289999999999964 1.75 3.141592653589793 flow_4_12 0 5.0 2.0,1.75 240.4250000000003 1.5707963267948966 flow_2_12 0 5.0 2.0,;HHL_QHDD_N g g,HHL_QHDD_S g g,HHL_QHDD_E r r,HHL_QHDD_W r r,
-11.289999999999964 -1.75 0.0 flow_6_12 0 5.0 2.0,186.325 5.25 3.141592653589793 flow_5_5 0 5.0 2.0,-5.25 296.0 -1.5707963267948966 flow_1_5 0 5.0 2.0,-186.325 -5.25 0.0 flow_7_5 0 5.0 2.0,-251.0 -1.75 0.0 flow_6_14 0 5.0 2.0,5.25 -296.0 1.5707963267948966 flow_3_5 0 5.0 2.0,1.75 -86.30499999999987 1.5707963267948966 flow_2_13 0 5.0 2.0,-18.789999999999965 -1.75 0.0 flow_6_13 0 5.0 2.0,-1.75 86.30499999999987 -1.5707963267948966 flow_0_13 0 5.0 2.0,251.0 1.75 3.141592653589793 flow_4_14 0 5.0 2.0,18.789999999999965 1.75 3.141592653589793 flow_4_13 0 5.0 2.0,-1.75 -257.0950000000003 -1.5707963267948966 flow_0_12 0 5.0 2.0,11.289999999999964 1.75 3.141592653589793 flow_4_12 0 5.0 2.0,1.75 257.0950000000003 1.5707963267948966 flow_2_12 0 5.0 2.0,;HHL_QHDD_N g g,HHL_QHDD_S g g,HHL_QHDD_E r r,HHL_QHDD_W r r,
-11.289999999999964 -1.75 0.0 flow_6_12 0 5.0 2.0,169.65499999999998 5.25 3.141592653589793 flow_5_5 0 5.0 2.0,-5.25 291.0 -1.5707963267948966 flow_1_5 0 5.0 2.0,-169.65499999999998 -5.25 0.0 flow_7_5 0 5.0 2.0,-236.0 -1.75 0.0 flow_6_14 0 5.0 2.0,5.25 -291.0 1.5707963267948966 flow_3_5 0 5.0 2.0,1.75 -69.63499999999988 1.5707963267948966 flow_2_13 0 5.0 2.0,-18.789999999999965 -1.75 0.0 flow_6_13 0 5.0 2.0,-1.75 69.63499999999988 -1.5707963267948966 flow_0_13 0 5.0 2.0,236.0 1.75 3.141592653589793 flow_4_14 0 5.0 2.0,18.789999999999965 1.75 3.141592653589793 flow_4_13 0 5.0 2.0,-1.75 -273.7650000000003 -1.5707963267948966 flow_0_12 0 5.0 2.0,11.289999999999964 1.75 3.141592653589793 flow_4_12 0 5.0 2.0,1.75 273.7650000000003 1.5707963267948966 flow_2_12 0 5.0 2.0,;HHL_QHDD_N g g,HHL_QHDD_S g g,HHL_QHDD_E r r,HHL_QHDD_W r r,
-11.289999999999964 -1.75 0.0 flow_6_12 0 5.0 2.0,152.98499999999997 5.25 3.141592653589793 flow_5_5 0 5.0 2.0,-5.25 284.0 -1.5707963267948966 flow_1_5 0 5.0 2.0,-152.98499999999997 -5.25 0.0 flow_7_5 0 5.0 2.0,-219.665 -1.75 0.0 flow_6_14 0 5.0 2.0,5.25 -284.0 1.5707963267948966 flow_3_5 0 5.0 2.0,1.75 -52.96499999999986 1.5707963267948966 flow_2_13 0 5.0 2.0,-18.789999999999965 -1.75 0.0 flow_6_13 0 5.0 2.0,-1.75 52.96499999999986 -1.5707963267948966 flow_0_13 0 5.0 2.0,219.665 1.75 3.141592653589793 flow_4_14 0 5.0 2.0,18.789999999999965 1.75 3.141592653589793 flow_4_13 0 5.0 2.0,-1.75 -290.43500000000037 -1.5707963267948966 flow_0_12 0 5.0 2.0,11.289999999999964 1.75 3.141592653589793 flow_4_12 0 5.0 2.0,1.75 290.43500000000037 1.5707963267948966 flow_2_12 0 5.0 2.0,;HHL_QHDD_N r r,HHL_QHDD_S r r,HHL_QHDD_E r r,HHL_QHDD_W r r,
-11.289999999999964 -1.75 0.0 flow_6_12 0 5.0 2.0,136.31499999999995 5.25 3.141592653589793 flow_5_5 0 5.0 2.0,-5.25 275.0 -1.5707963267948966 flow_1_5 0 5.0 2.0,-136.31499999999995 -5.25 0.0 flow_7_5 0 5.0 2.0,-202.995 -1.75 0.0 flow_6_14 0 5.0 2.0,5.25 -275.0 1.5707963267948966 flow_3_5 0 5.0 2.0,1.75 -37.961999999999878 1.5707963267948966 flow_2_13 0 5.0 2.0,-18.789999999999965 -1.75 0.0 flow_6_13 0 5.0 2.0,-1.75 37.961999999999878 -1.5707963267948966 flow_0_13 0 5.0 2.0,202.995 1.75 3.141592653589793 flow_4_14 0 5.0 2.0,18.789999999999965 1.75 3.141592653589793 flow_4_13 0 5.0 2.0,11.289999999999964 1.75 3.141592653589793 flow_4_12 0 5.0 2.0,;HHL_QHDD_N r r,HHL_QHDD_S r r,HHL_QHDD_E r r,HHL_QHDD_W r r,
-11.289999999999964 -1.75 0.0 flow_6_12 0 5.0 2.0,119.64499999999993 5.25 3.141592653589793 flow_5_5 0 5.0 2.0,-5.25 264.0 -1.5707963267948966 flow_1_5 0 5.0 2.0,-119.64499999999993 -5.25 0.0 flow_7_5 0 5.0 2.0,-186.325 -1.75 0.0 flow_6_14 0 5.0 2.0,5.25 -264.0 1.5707963267948966 flow_3_5 0 5.0 2.0,1.75 -26.292999999999894 1.5707963267948966 flow_2_13 0 5.0 2.0,-18.789999999999965 -1.75 0.0 flow_6_13 0 5.0 2.0,-1.75 299.0 -1.5707963267948966 flow_0_14 0 5.0 2.0,-1.75 26.292999999999894 -1.5707963267948966 flow_0_13 0 5.0 2.0,186.325 1.75 3.141592653589793 flow_4_14 0 5.0 2.0,1.75 -299.0 1.5707963267948966 flow_2_14 0 5.0 2.0,18.789999999999965 1.75 3.141592653589793 flow_4_13 0 5.0 2.0,11.289999999999964 1.75 3.141592653589793 flow_4_12 0 5.0 2.0,;HHL_QHDD_N r r,HHL_QHDD_S r r,HHL_QHDD_E r r,HHL_QHDD_W r r,
-10.289999999999964 -1.75 0.0 flow_6_12 0 5.0 2.0,102.97499999999991 5.25 3.141592653589793 flow_5_5 0 5.0 2.0,-5.25 251.0 -1.5707963267948966 flow_1_5 0 5.0 2.0,-102.97499999999991 -5.25 0.0 flow_7_5 0 5.0 2.0,-169.65499999999998 -1.75 0.0 flow_6_14 0 5.0 2.0,5.25 -251.0 1.5707963267948966 flow_3_5 0 5.0 2.0,1.75 -17.957999999999914 1.5707963267948966 flow_2_13 0 5.0 2.0,-18.789999999999965 -1.75 0.0 flow_6_13 0 5.0 2.0,-1.75 296.0 -1.5707963267948966 flow_0_14 0 5.0 2.0,-1.75 17.957999999999914 -1.5707963267948966 flow_0_13 0 5.0 2.0,169.65499999999998 1.75 3.141592653589793 flow_4_14 0 5.0 2.0,1.75 -296.0 1.5707963267948966 flow_2_14 0 5.0 2.0,18.789999999999965 1.75 3.141592653589793 flow_4_13 0 5.0 2.0,10.289999999999964 1.75 3.141592653589793 flow_4_12 0 5.0 2.0,;HHL_QHDD_N r r,HHL_QHDD_S r r,HHL_QHDD_E g g,HHL_QHDD_W g g,
-2.2899999999999638 -1.75 0.0 flow_6_12 0 5.0 2.0,86.30499999999987 5.25 3.141592653589793 flow_5_5 0 5.0 2.0,-5.25 236.0 -1.5707963267948966 flow_1_5 0 5.0 2.0,-86.30499999999987 -5.25 0.0 flow_7_5 0 5.0 2.0,-152.98499999999997 -1.75 0.0 flow_6_14 0 5.0 2.0,5.25 -236.0 1.5707963267948966 flow_3_5 0 5.0 2.0,1.75 -12.956999999999937 1.5707963267948966 flow_2_13 0 5.0 2.0,-18.039999999999965 -1.75 0.0 flow_6_13 0 5.0 2.0,-1.75 291.0 -1.5707963267948966 flow_0_14 0 5.0 2.0,-1.75 12.956999999999937 -1.5707963267948966 flow_0_13 0 5.0 2.0,152.98499999999997 1.75 3.141592653589793 flow_4_14 0 5.0 2.0,1.75 -291.0 1.5707963267948966 flow_2_14 0 5.0 2.0,18.039999999999965 1.75 3.141592653589793 flow_4_13 0 5.0 2.0,2.2899999999999638 1.75 3.141592653589793 flow_4_12 0 5.0 2.0,;HHL_QHDD_N r r,HHL_QHDD_S r r,HHL_QHDD_E g g,HHL_QHDD_W g g,
2.7100000000000366 -1.75 0.0 flow_6_12 0 5.0 2.0,69.63499999999988 5.25 3.141592653589793 flow_5_5 0 5.0 2.0,-5.25 219.665 -1.5707963267948966 flow_1_5 0 5.0 2.0,-69.63499999999988 -5.25 0.0 flow_7_5 0 5.0 2.0,-136.31499999999995 -1.75 0.0 flow_6_14 0 5.0 2.0,5.25 -219.665 1.5707963267948966 flow_3_5 0 5.0 2.0,1.75 -11.289999999999964 1.5707963267948966 flow_2_13 0 5.0 2.0,-15.539999999999964 -1.75 0.0 flow_6_13 0 5.0 2.0,-1.75 284.0 -1.5707963267948966 flow_0_14 0 5.0 2.0,-1.75 11.289999999999964 -1.5707963267948966 flow_0_13 0 5.0 2.0,136.31499999999995 1.75 3.141592653589793 flow_4_14 0 5.0 2.0,1.75 -284.0 1.5707963267948966 flow_2_14 0 5.0 2.0,15.539999999999964 1.75 3.141592653589793 flow_4_13 0 5.0 2.0,-2.7100000000000366 1.75 3.141592653589793 flow_4_12 0 5.0 2.0,;HHL_QHDD_N r r,HHL_QHDD_S r r,HHL_QHDD_E g g,HHL_QHDD_W g g,
14.710000000000037 -1.75 0.0 flow_6_12 0 5.0 2.0,55.21499999999986 5.25 3.141592653589793 flow_5_5 0 5.0 2.0,-5.25 202.995 -1.5707963267948966 flow_1_5 0 5.0 2.0,-55.21499999999986 -5.25 0.0 flow_7_5 0 5.0 2.0,-119.64499999999993 -1.75 0.0 flow_6_14 0 5.0 2.0,5.25 -202.995 1.5707963267948966 flow_3_5 0 5.0 2.0,1.75 -11.289999999999964 1.5707963267948966 flow_2_13 0 5.0 2.0,-11.039999999999964 -1.75 0.0 flow_6_13 0 5.0 2.0,-1.75 275.0 -1.5707963267948966 flow_0_14 0 5.0 2.0,-1.75 11.289999999999964 -1.5707963267948966 flow_0_13 0 5.0 2.0,119.64499999999993 1.75 3.141592653589793 flow_4_14 0 5.0 2.0,1.75 -275.0 1.5707963267948966 flow_2_14 0 5.0 2.0,11.039999999999964 1.75 3.141592653589793 flow_4_13 0 5.0 2.0,-14.710000000000037 1.75 3.141592653589793 flow_4_12 0 5.0 2.0,;HHL_QHDD_N r r,HHL_QHDD_S r r,HHL_QHDD_E g g,HHL_QHDD_W g g,
23.710000000000038 -1.75 0.0 flow_6_12 0 5.0 2.0,44.96334999999988 5.25 3.141592653589793 flow_5_5 0 5.0 2.0,-5.25 186.325 -1.5707963267948966 flow_1_5 0 5.0 2.0,-44.96334999999988 -5.25 0.0 flow_7_5 0 5.0 2.0,-102.97499999999991 -1.75 0.0 flow_6_14 0 5.0 2.0,5.25 -186.325 1.5707963267948966 flow_3_5 0 5.0 2.0,1.75 -11.289999999999964 1.5707963267948966 flow_2_13 0 5.0 2.0,0.4600000000000364 -1.75 0.0 flow_6_13 0 5.0 2.0,-1.75 264.0 -1.5707963267948966 flow_0_14 0 5.0 2.0,-1.75 11.289999999999964 -1.5707963267948966 flow_0_13 0 5.0 2.0,102.97499999999991 1.75 3.141592653589793 flow_4_14 0 5.0 2.0,1.75 -264.0 1.5707963267948966 flow_2_14 0 5.0 2.0,-0.4600000000000364 1.75 3.141592653589793 flow_4_13 0 5.0 2.0,-23.710000000000038 1.75 3.141592653589793 flow_4_12 0 5.0 2.0,;HHL_QHDD_N r r,HHL_QHDD_S r r,HHL_QHDD_E g g,HHL_QHDD_W g g,
34.710000000000039 -1.75 0.0 flow_6_12 0 5.0 2.0,36.63004999999987 5.25 3.141592653589793 flow_5_5 0 5.0 2.0,-5.25 169.65499999999998 -1.5707963267948966 flow_1_5 0 5.0 2.0,-36.63004999999987 -5.25 0.0 flow_7_5 0 5.0 2.0,-86.30499999999987 -1.75 0.0 flow_6_14 0 5.0 2.0,5.25 -169.65499999999998 1.5707963267948966 flow_3_5 0 5.0 2.0,1.75 -11.289999999999964 1.5707963267948966 flow_2_13 0 5.0 2.0,13.960000000000037 -1.75 0.0 flow_6_13 0 5.0 2.0,-1.75 251.0 -1.5707963267948966 flow_0_14 0 5.0 2.0,-1.75 11.289999999999964 -1.5707963267948966 flow_0_13 0 5.0 2.0,86.30499999999987 1.75 3.141592653589793 flow_4_14 0 5.0 2.0,1.75 -251.0 1.5707963267948966 flow_2_14 0 5.0 2.0,-13.960000000000037 1.75 3.141592653589793 flow_4_13 0 5.0 2.0,-34.710000000000039 1.75 3.141592653589793 flow_4_12 0 5.0 2.0,;HHL_QHDD_N r r,HHL_QHDD_S r r,HHL_QHDD_E g g,HHL_QHDD_W g g,
47.710000000000039 -1.75 0.0 flow_6_12 0 5.0 2.0,28.29674999999986 5.25 3.141592653589793 flow_5_5 0 5.0 2.0,-5.25 152.98499999999997 -1.5707963267948966 flow_1_5 0 5.0 2.0,-28.29674999999986 -5.25 0.0 flow_7_5 0 5.0 2.0,-69.63499999999988 -1.75 0.0 flow_6_14 0 5.0 2.0,5.25 -152.98499999999997 1.5707963267948966 flow_3_5 0 5.0 2.0,1.75 -11.289999999999964 1.5707963267948966 flow_2_13 0 5.0 2.0,24.460000000000038 -1.75 0.0 flow_6_13 0 5.0 2.0,-1.75 236.0 -1.5707963267948966 flow_0_14 0 5.0 2.0,-1.75 11.289999999999964 -1.5707963267948966 flow_0_13 0 5.0 2.0,69.63499999999988 1.75 3.141592653589793 flow_4_14 0 5.0 2.0,1.75 -236.0 1.5707963267948966 flow_2_14 0 5.0 2.0,-24.460000000000038 1.75 3.141592653589793 flow_4_13 0 5.0 2.0,-47.710000000000039 1.75 3.141592653589793 flow_4_12 0 5.0 2.0,;HHL_QHDD_N r r,HHL_QHDD_S r r,HHL_QHDD_E g g,HHL_QHDD_W g g,
62.710000000000039 -1.75 0.0 flow_6_12 0 5.0 2.0,19.963449999999854 5.25 3.141592653589793 flow_5_5 0 5.0 2.0,-5.25 136.31499999999995 -1.5707963267948966 flow_1_5 0 5.0 2.0,-19.963449999999854 -5.25 0.0 flow_7_5 0 5.0 2.0,-52.96499999999986 -1.75 0.0 flow_6_14 0 5.0 2.0,5.25 -136.31499999999995 1.5707963267948966 flow_3_5 0 5.0 2.0,1.75 -11.289999999999964 1.5707963267948966 flow_2_13 0 5.0 2.0,36.835000000000039 -1.75 0.0 flow_6_13 0 5.0 2.0,-1.75 219.665 -1.5707963267948966 flow_0_14 0 5.0 2.0,-1.75 11.289999999999964 -1.5707963267948966 flow_0_13 0 5.0 2.0,52.96499999999986 1.75 3.141592653589793 flow_4_14 0 5.0 2.0,1.75 -219.665 1.5707963267948966 flow_2_14 0 5.0 2.0,-36.835000000000039 1.75 3.141592653589793 flow_4_13 0 5.0 2.0,-62.710000000000039 1.75 3.141592653589793 flow_4_12 0 5.0 2.0,;HHL_QHDD_N r r,HHL_QHDD_S r r,HHL_QHDD_E g g,HHL_QHDD_W g g,
79.04500000000005 -1.75 0.0 flow_6_12 0 5.0 2.0,11.630149999999844 5.25 3.141592653589793 flow_5_5 0 5.0 2.0,-5.25 119.64499999999993 -1.5707963267948966 flow_1_5 0 5.0 2.0,-11.630149999999844 -5.25 0.0 flow_7_5 0 5.0 2.0,-37.961999999999878 -1.75 0.0 flow_6_14 0 5.0 2.0,5.25 -119.64499999999993 1.5707963267948966 flow_3_5 0 5.0 2.0,1.75 -11.289999999999964 1.5707963267948966 flow_2_13 0 5.0 2.0,51.02250000000004 -1.75 0.0 flow_6_13 0 5.0 2.0,-1.75 202.995 -1.5707963267948966 flow_0_14 0 5.0 2.0,-1.75 11.289999999999964 -1.5707963267948966 flow_0_13 0 5.0 2.0,37.961999999999878 1.75 3.141592653589793 flow_4_14 0 5.0 2.0,1.75 -202.995 1.5707963267948966 flow_2_14 0 5.0 2.0,-51.02250000000004 1.75 3.141592653589793 flow_4_13 0 5.0 2.0,-79.04500000000005 1.75 3.141592653589793 flow_4_12 0 5.0 2.0,;HHL_QHDD_N r r,HHL_QHDD_S r r,HHL_QHDD_E g g,HHL_QHDD_W g g,
95.71500000000005 -1.75 0.0 flow_6_12 0 5.0 2.0,-0.8074631136021678 -3.2495743538325976 -2.0647376957144778 flow_5_5 0 5.0 2.0,-5.25 102.97499999999991 -1.5707963267948966 flow_1_5 0 5.0 2.0,299.0 1.75 3.141592653589793 flow_4_15 0 5.0 2.0,-299.0 -1.75 0.0 flow_6_15 0 5.0 2.0,0.8074631136021678 3.2495743538325976 1.0768549578753155 flow_7_5 0 5.0 2.0,-26.292999999999894 -1.75 0.0 flow_6_14 0 5.0 2.0,5.25 -102.97499999999991 1.5707963267948966 flow_3_5 0 5.0 2.0,1.75 -11.289999999999964 1.5707963267948966 flow_2_13 0 5.0 2.0,66.61750000000004 -1.75 0.0 flow_6_13 0 5.0 2.0,-1.75 186.325 -1.5707963267948966 flow_0_14 0 5.0 2.0,-1.75 11.289999999999964 -1.5707963267948966 flow_0_13 0 5.0 2.0,26.292999999999894 1.75 3.141592653589793 flow_4_14 0 5.0 2.0,1.75 -186.325 1.5707963267948966 flow_2_14 0 5.0 2.0,-66.61750000000004 1.75 3.141592653589793 flow_4_13 0 5.0 2.0,-95.71500000000005 1.75 3.141592653589793 flow_4_12 0 5.0 2.0,;HHL_QHDD_N r r,HHL_QHDD_S r r,HHL_QHDD_E g g,HHL_QHDD_W g g,
112.38500000000005 -1.75 0.0 flow_6_12 0 5.0 2.0,-1.75 -17.345244234941818 -1.5707963267948966 flow_5_5 0 5.0 2.0,-5.25 86.30499999999987 -1.5707963267948966 flow_1_5 0 5.0 2.0,296.0 1.75 3.141592653589793 flow_4_15 0 5.0 2.0,-296.0 -1.75 0.0 flow_6_15 0 5.0 2.0,1.75 17.345244234941818 1.5707963267948966 flow_7_5 0 5.0 2.0,-15.290999999999884 -1.75 0.0 flow_6_14 0 5.0 2.0,5.25 -86.30499999999987 1.5707963267948966 flow_3_5 0 5.0 2.0,1.75 -11.289999999999964 1.5707963267948966 flow_2_13 0 5.0 2.0,82.83375000000004 -1.75 0.0 flow_6_13 0 5.0 2.0,-1.75 169.65499999999998 -1.5707963267948966 flow_0_14 0 5.0 2.0,-1.75 11.289999999999964 -1.5707963267948966 flow_0_13 0 5.0 2.0,15.290999999999884 1.75 3.141592653589793 flow_4_14 0 5.0 2.0,1.75 -169.65499999999998 1.5707963267948966 flow_2_14 0 5.0 2.0,-82.83375000000004 1.75 3.141592653589793 flow_4_13 0 5.0 2.0,-112.38500000000005 1.75 3.141592653589793 flow_4_12 0 5.0 2.0,;HHL_QHDD_N r r,HHL_QHDD_S r r,HHL_QHDD_E g g,HHL_QHDD_W g g,
129.05500000000007 -1.75 0.0 flow_6_12 0 5.0 2.0,-1.75 -28.678544234941819 -1.5707963267948966 flow_5_5 0 5.0 2.0,-5.25 69.63499999999988 -1.5707963267948966 flow_1_5 0 5.0 2.0,291.0 1.75 3.141592653589793 flow_4_15 0 5.0 2.0,-291.0 -1.75 0.0 flow_6_15 0 5.0 2.0,1.75 28.678544234941819 1.5707963267948966 flow_7_5 0 5.0 2.0,2.7110000000001266 -1.75 0.0 flow_6_14 0 5.0 2.0,5.25 -69.63499999999988 1.5707963267948966 flow_3_5 0 5.0 2.0,1.75 -11.289999999999964 1.5707963267948966 flow_2_13 0 5.0 2.0,99.27687500000005 -1.75 0.0 flow_6_13 0 5.0 2.0,-1.75 152.98499999999997 -1.5707963267948966 flow_0_14 0 5.0 2.0,-1.75 11.289999999999964 -1.5707963267948966 flow_0_13 0 5.0 2.0,-2.7110000000001266 1.75 3.141592653589793 flow_4_14 0 5.0 2.0,1.75 -152.98499999999997 1.5707963267948966 flow_2_14 0 5.0 2.0,-99.27687500000005 1.75 3.141592653589793 flow_4_13 0 5.0 2.0,-129.05500000000007 1.75 3.141592653589793 flow_4_12 0 5.0 2.0,;HHL_QHDD_N r r,HHL_QHDD_S r r,HHL_QHDD_E g g,HHL_QHDD_W g g,
145.72500000000006 -1.75 0.0 flow_6_12 0 5.0 2.0,-1.75 -42.01184423494182 -1.5707963267948966 flow_5_5 0 5.0 2.0,-5.25 52.96499999999986 -1.5707963267948966 flow_1_5 0 5.0 2.0,284.0 1.75 3.141592653589793 flow_4_15 0 5.0 2.0,-284.0 -1.75 0.0 flow_6_15 0 5.0 2.0,1.75 42.01184423494182 1.5707963267948966 flow_7_5 0 5.0 2.0,22.71300000000013 -1.75 0.0 flow_6_14 0 5.0 2.0,5.25 -52.96499999999986 1.5707963267948966 flow_3_5 0 5.0 2.0,1.75 -11.289999999999964 1.5707963267948966 flow_2_13 0 5.0 2.0,115.83343750000005 -1.75 0.0 flow_6_13 0 5.0 2.0,-1.75 136.31499999999995 -1.5707963267948966 flow_0_14 0 5.0 2.0,-1.75 11.289999999999964 -1.5707963267948966 flow_0_13 0 5.0 2.0,-22.71300000000013 1.75 3.141592653589793 flow_4_14 0 5.0 2.0,1.75 -136.31499999999995 1.5707963267948966 flow_2_14 0 5.0 2.0,-115.83343750000005 1.75 3.141592653589793 flow_4_13 0 5.0 2.0,-145.72500000000006 1.75 3.141592653589793 flow_4_12 0 5.0 2.0,;HHL_QHDD_N r r,HHL_QHDD_S r r,HHL_QHDD_E g g,HHL_QHDD_W g g,
162.395 -1.75 0.0 flow_6_12 0 5.0 2.0,-1.75 -57.34514423494182 -1.5707963267948966 flow_5_5 0 5.0 2.0,-5.25 37.961999999999878 -1.5707963267948966 flow_1_5 0 5.0 2.0,275.0 1.75 3.141592653589793 flow_4_15 0 5.0 2.0,-275.0 -1.75 0.0 flow_6_15 0 5.0 2.0,1.75 57.34514423494182 1.5707963267948966 flow_7_5 0 5.0 2.0,39.049000000000138 -1.75 0.0 flow_6_14 0 5.0 2.0,5.25 -37.961999999999878 1.5707963267948966 flow_3_5 0 5.0 2.0,1.75 -11.289999999999964 1.5707963267948966 flow_2_13 0 5.0 2.0,132.44671875000004 -1.75 0.0 flow_6_13 0 5.0 2.0,-1.75 119.64499999999993 -1.5707963267948966 flow_0_14 0 5.0 2.0,-1.75 11.289999999999964 -1.5707963267948966 flow_0_13 0 5.0 2.0,-39.049000000000138 1.75 3.141592653589793 flow_4_14 0 5.0 2.0,1.75 -119.64499999999993 1.5707963267948966 flow_2_14 0 5.0 2.0,-132.44671875000004 1.75 3.141592653589793 flow_4_13 0 5.0 2.0,-162.395 1.75 3.141592653589793 flow_4_12 0 5.0 2.0,;HHL_QHDD_N r r,HHL_QHDD_S r r,HHL_QHDD_E g g,HHL_QHDD_W g g,
179.06500000000006 -1.75 0.0 flow_6_12 0 5.0 2.0,-1.75 -73.84679423494183 -1.5707963267948966 flow_5_5 0 5.0 2.0,-5.25 26.292999999999894 -1.5707963267948966 flow_1_5 0 5.0 2.0,264.0 1.75 3.141592653589793 flow_4_15 0 5.0 2.0,-264.0 -1.75 0.0 flow_6_15 0 5.0 2.0,1.75 73.84679423494183 1.5707963267948966 flow_7_5 0 5.0 2.0,55.719000000000139 -1.75 0.0 flow_6_14 0 5.0 2.0,5.25 -26.292999999999894 1.5707963267948966 flow_3_5 0 5.0 2.0,1.75 -11.289999999999964 1.5707963267948966 flow_2_13 0 5.0 2.0,149.08835937500005 -1.75 0.0 flow_6_13 0 5.0 2.0,-1.75 102.97499999999991 -1.5707963267948966 flow_0_14 0 5.0 2.0,-1.75 11.289999999999964 -1.5707963267948966 flow_0_13 0 5.0 2.0,-55.719000000000139 1.75 3.141592653589793 flow_4_14 0 5.0 2.0,1.75 -102.97499999999991 1.5707963267948966 flow_2_14 0 5.0 2.0,-149.08835937500005 1.75 3.141592653589793 flow_4_13 0 5.0 2.0,-179.06500000000006 1.75 3.141592653589793 flow_4_12 0 5.0 2.0,;HHL_QHDD_N r r,HHL_QHDD_S r r,HHL_QHDD_E g g,HHL_QHDD_W g g,
195.73500000000008 -1.75 0.0 flow_6_12 0 5.0 2.0,-1.75 -90.51679423494183 -1.5707963267948966 flow_5_5 0 5.0 2.0,-5.25 17.957999999999914 -1.5707963267948966 flow_1_5 0 5.0 2.0,251.0 1.75 3.141592653589793 flow_4_15 0 5.0 2.0,-251.0 -1.75 0.0 flow_6_15 0 5.0 2.0,1.75 90.51679423494183 1.5707963267948966 flow_7_5 0 5.0 2.0,72.38900000000014 -1.75 0.0 flow_6_14 0 5.0 2.0,5.25 -17.957999999999914 1.5707963267948966 flow_3_5 0 5.0 2.0,1.75 -11.289999999999964 1.5707963267948966 flow_2_13 0 5.0 2.0,165.74417968750005 -1.75 0.0 flow_6_13 0 5.0 2.0,-1.75 86.30499999999987 -1.5707963267948966 flow_0_14 0 5.0 2.0,-1.75 11.289999999999964 -1.5707963267948966 flow_0_13 0 5.0 2.0,-72.38900000000014 1.75 3.141592653589793 flow_4_14 0 5.0 2.0,1.75 -86.30499999999987 1.5707963267948966 flow_2_14 0 5.0 2.0,-165.74417968750005 1.75 3.141592653589793 flow_4_13 0 5.0 2.0,-195.73500000000008 1.75 3.141592653589793 flow_4_12 0 5.0 2.0,;HHL_QHDD_N r r,HHL_QHDD_S r r,HHL_QHDD_E g g,HHL_QHDD_W g g,
212.4050000000001 -1.75 0.0 flow_6_12 0 5.0 2.0,-1.75 -107.18679423494183 -1.5707963267948966 flow_5_5 0 5.0 2.0,-5.25 12.956999999999937 -1.5707963267948966 flow_1_5 0 5.0 2.0,236.0 1.75 3.141592653589793 flow_4_15 0 5.0 2.0,-236.0 -1.75 0.0 flow_6_15 0 5.0 2.0,1.75 107.18679423494183 1.5707963267948966 flow_7_5 0 5.0 2.0,89.05900000000014 -1.75 0.0 flow_6_14 0 5.0 2.0,5.25 -12.956999999999937 1.5707963267948966 flow_3_5 0 5.0 2.0,1.75 -11.289999999999964 1.5707963267948966 flow_2_13 0 5.0 2.0,182.40708984375005 -1.75 0.0 flow_6_13 0 5.0 2.0,-1.75 69.63499999999988 -1.5707963267948966 flow_0_14 0 5.0 2.0,-1.75 11.289999999999964 -1.5707963267948966 flow_0_13 0 5.0 2.0,-89.05900000000014 1.75 3.141592653589793 flow_4_14 0 5.0 2.0,1.75 -69.63499999999988 1.5707963267948966 flow_2_14 0 5.0 2.0,-182.40708984375005 1.75 3.141592653589793 flow_4_13 0 5.0 2.0,-212.4050000000001 1.75 3.141592653589793 flow_4_12 0 5.0 2.0,;HHL_QHDD_N r r,HHL_QHDD_S r r,HHL_QHDD_E g g,HHL_QHDD_W g g,
229.0750000000001 -1.75 0.0 flow_6_12 0 5.0 2.0,-1.75 -123.85679423494183 -1.5707963267948966 flow_5_5 0 5.0 2.0,-5.25 11.289999999999964 -1.5707963267948966 flow_1_5 0 5.0 2.0,219.665 1.75 3.141592653589793 flow_4_15 0 5.0 2.0,-219.665 -1.75 0.0 flow_6_15 0 5.0 2.0,1.75 123.85679423494183 1.5707963267948966 flow_7_5 0 5.0 2.0,105.72900000000014 -1.75 0.0 flow_6_14 0 5.0 2.0,5.25 -11.289999999999964 1.5707963267948966 flow_3_5 0 5.0 2.0,1.75 -11.289999999999964 1.5707963267948966 flow_2_13 0 5.0 2.0,199.07354492187506 -1.75 0.0 flow_6_13 0 5.0 2.0,-1.75 52.96499999999986 -1.5707963267948966 flow_0_14 0 5.0 2.0,-1.75 11.289999999999964 -1.5707963267948966 flow_0_13 0 5.0 2.0,-105.72900000000014 1.75 3.141592653589793 flow_4_14 0 5.0 2.0,1.75 -52.96499999999986 1.5707963267948966 flow_2_14 0 5.0 2.0,-199.07354492187506 1.75 3.141592653589793 flow_4_13 0 5.0 2.0,-229.0750000000001 1.75 3.141592653589793 flow_4_12 0 5.0 2.0,;HHL_QHDD_N r r,HHL_QHDD_S r r,HHL_QHDD_E g g,HHL_QHDD_W g g,
245.74500000000013 -1.75 0.0 flow_6_12 0 5.0 2.0,-1.75 -140.52679423494184 -1.5707963267948966 flow_5_5 0 5.0 2.0,-5.25 11.289999999999964 -1.5707963267948966 flow_1_5 0 5.0 2.0,202.995 1.75 3.141592653589793 flow_4_15 0 5.0 2.0,-202.995 -1.75 0.0 flow_6_15 0 5.0 2.0,1.75 140.52679423494184 1.5707963267948966 flow_7_5 0 5.0 2.0,122.39900000000015 -1.75 0.0 flow_6_14 0 5.0 2.0,5.25 -11.289999999999964 1.5707963267948966 flow_3_5 0 5.0 2.0,1.75 -11.289999999999964 1.5707963267948966 flow_2_13 0 5.0 2.0,215.74177246093758 -1.75 0.0 flow_6_13 0 5.0 2.0,-1.75 38.04749554005957 -1.5707963267948966 flow_0_14 0 5.0 2.0,-1.75 11.289999999999964 -1.5707963267948966 flow_0_13 0 5.0 2.0,-122.39900000000015 1.75 3.141592653589793 flow_4_14 0 5.0 2.0,1.75 -38.04749554005957 1.5707963267948966 flow_2_14 0 5.0 2.0,-215.74177246093758 1.75 3.141592653589793 flow_4_13 0 5.0 2.0,-245.74500000000013 1.75 3.141592653589793 flow_4_12 0 5.0 2.0,;HHL_QHDD_N r r,HHL_QHDD_S r r,HHL_QHDD_E g g,HHL_QHDD_W g g,
262.41500000000016 -1.75 0.0 flow_6_12 0 5.0 2.0,-1.75 299.0 -1.5707963267948966 flow_0_15 0 5.0 2.0,-1.75 -157.19679423494183 -1.5707963267948966 flow_5_5 0 5.0 2.0,-5.25 11.289999999999964 -1.5707963267948966 flow_1_5 0 5.0 2.0,186.325 1.75 3.141592653589793 flow_4_15 0 5.0 2.0,-186.325 -1.75 0.0 flow_6_15 0 5.0 2.0,1.75 157.19679423494183 1.5707963267948966 flow_7_5 0 5.0 2.0,139.06900000000014 -1.75 0.0 flow_6_14 0 5.0 2.0,5.25 -11.289999999999964 1.5707963267948966 flow_3_5 0 5.0 2.0,1.75 -11.289999999999964 1.5707963267948966 flow_2_13 0 5.0 2.0,232.41088623046887 -1.75 0.0 flow_6_13 0 5.0 2.0,-1.75 27.132486620178953 -1.5707963267948966 flow_0_14 0 5.0 2.0,-1.75 11.289999999999964 -1.5707963267948966 flow_0_13 0 5.0 2.0,-139.06900000000014 1.75 3.141592653589793 flow_4_14 0 5.0 2.0,1.75 -27.132486620178953 1.5707963267948966 flow_2_14 0 5.0 2.0,-232.41088623046887 1.75 3.141592653589793 flow_4_13 0 5.0 2.0,-262.41500000000016 1.75 3.141592653589793 flow_4_12 0 5.0 2.0,1.75 -299.0 1.5707963267948966 flow_2_15 0 5.0 2.0,;HHL_QHDD_N r r,HHL_QHDD_S r r,HHL_QHDD_E g g,HHL_QHDD_W g g,
279.08500000000017 -1.75 0.0 flow_6_12 0 5.0 2.0,-1.75 296.0 -1.5707963267948966 flow_0_15 0 5.0 2.0,-1.75 -173.86679423494184 -1.5707963267948966 flow_5_5 0 5.0 2.0,-5.25 11.289999999999964 -1.5707963267948966 flow_1_5 0 5.0 2.0,169.65499999999998 1.75 3.141592653589793 flow_4_15 0 5.0 2.0,-169.65499999999998 -1.75 0.0 flow_6_15 0 5.0 2.0,1.75 173.86679423494184 1.5707963267948966 flow_7_5 0 5.0 2.0,155.73900000000016 -1.75 0.0 flow_6_14 0 5.0 2.0,5.25 -11.289999999999964 1.5707963267948966 flow_3_5 0 5.0 2.0,1.75 -11.289999999999964 1.5707963267948966 flow_2_13 0 5.0 2.0,249.0804431152345 -1.75 0.0 flow_6_13 0 5.0 2.0,-1.75 20.717477700298333 -1.5707963267948966 flow_0_14 0 5.0 2.0,-1.75 11.289999999999964 -1.5707963267948966 flow_0_13 0 5.0 2.0,-155.73900000000016 1.75 3.141592653589793 flow_4_14 0 5.0 2.0,1.75 -20.717477700298333 1.5707963267948966 flow_2_14 0 5.0 2.0,-249.0804431152345 1.75 3.141592653589793 flow_4_13 0 5.0 2.0,-279.08500000000017 1.75 3.141592653589793 flow_4_12 0 5.0 2.0,1.75 -296.0 1.5707963267948966 flow_2_15 0 5.0 2.0,;HHL_QHDD_N r r,HHL_QHDD_S r r,HHL_QHDD_E g g,HHL_QHDD_W g g,
295.75500000000019 -1.75 0.0 flow_6_12 0 5.0 2.0,-1.75 291.0 -1.5707963267948966 flow_0_15 0 5.0 2.0,-1.75 -190.53679423494186 -1.5707963267948966 flow_5_5 0 5.0 2.0,-5.25 11.289999999999964 -1.5707963267948966 flow_1_5 0 5.0 2.0,152.98499999999997 1.75 3.141592653589793 flow_4_15 0 5.0 2.0,-152.98499999999997 -1.75 0.0 flow_6_15 0 5.0 2.0,1.75 190.53679423494186 1.5707963267948966 flow_7_5 0 5.0 2.0,172.40900000000017 -1.75 0.0 flow_6_14 0 5.0 2.0,5.25 -11.289999999999964 1.5707963267948966 flow_3_5 0 5.0 2.0,1.75 -11.289999999999964 1.5707963267948966 flow_2_13 0 5.0 2.0,265.75022155761737 -1.75 0.0 flow_6_13 0 5.0 2.0,-1.75 18.789999999999965 -1.5707963267948966 flow_0_14 0 5.0 2.0,-1.75 11.289999999999964 -1.5707963267948966 flow_0_13 0 5.0 2.0,-172.40900000000017 1.75 3.141592653589793 flow_4_14 0 5.0 2.0,1.75 -18.789999999999965 1.5707963267948966 flow_2_14 0 5.0 2.0,-265.75022155761737 1.75 3.141592653589793 flow_4_13 0 5.0 2.0,-295.75500000000019 1.75 3.141592653589793 flow_4_12 0 5.0 2.0,1.75 -291.0 1.5707963267948966 flow_2_15 0 5.0 2.0,;HHL_QHDD_N r r,HHL_QHDD_S r r,HHL_QHDD_E g g,HHL_QHDD_W g g,
-1.75 284.0 -1.5707963267948966 flow_0_15 0 5.0 2.0,-1.75 -207.20679423494185 -1.5707963267948966 flow_5_5 0 5.0 2.0,-5.25 11.289999999999964 -1.5707963267948966 flow_1_5 0 5.0 2.0,136.31499999999995 1.75 3.141592653589793 flow_4_15 0 5.0 2.0,-136.31499999999995 -1.75 0.0 flow_6_15 0 5.0 2.0,1.75 207.20679423494185 1.5707963267948966 flow_7_5 0 5.0 2.0,189.07900000000019 -1.75 0.0 flow_6_14 0 5.0 2.0,5.25 -11.289999999999964 1.5707963267948966 flow_3_5 0 5.0 2.0,1.75 -11.289999999999964 1.5707963267948966 flow_2_13 0 5.0 2.0,282.42011077880877 -1.75 0.0 flow_6_13 0 5.0 2.0,-1.75 18.789999999999965 -1.5707963267948966 flow_0_14 0 5.0 2.0,-1.75 11.289999999999964 -1.5707963267948966 flow_0_13 0 5.0 2.0,-189.07900000000019 1.75 3.141592653589793 flow_4_14 0 5.0 2.0,1.75 -18.789999999999965 1.5707963267948966 flow_2_14 0 5.0 2.0,-282.42011077880877 1.75 3.141592653589793 flow_4_13 0 5.0 2.0,1.75 -284.0 1.5707963267948966 flow_2_15 0 5.0 2.0,;HHL_QHDD_N r r,HHL_QHDD_S r r,HHL_QHDD_E r r,HHL_QHDD_W r r,
-1.75 275.0 -1.5707963267948966 flow_0_15 0 5.0 2.0,-1.75 -223.87679423494189 -1.5707963267948966 flow_5_5 0 5.0 2.0,-5.25 11.289999999999964 -1.5707963267948966 flow_1_5 0 5.0 2.0,119.64499999999993 1.75 3.141592653589793 flow_4_15 0 5.0 2.0,-119.64499999999993 -1.75 0.0 flow_6_15 0 5.0 2.0,1.75 223.87679423494189 1.5707963267948966 flow_7_5 0 5.0 2.0,205.7490000000002 -1.75 0.0 flow_6_14 0 5.0 2.0,5.25 -11.289999999999964 1.5707963267948966 flow_3_5 0 5.0 2.0,1.75 -11.289999999999964 1.5707963267948966 flow_2_13 0 5.0 2.0,299.0900738525392 -1.75 0.0 flow_6_13 0 5.0 2.0,-1.75 18.789999999999965 -1.5707963267948966 flow_0_14 0 5.0 2.0,-1.75 11.289999999999964 -1.5707963267948966 flow_0_13 0 5.0 2.0,-205.7490000000002 1.75 3.141592653589793 flow_4_14 0 5.0 2.0,1.75 -18.789999999999965 1.5707963267948966 flow_2_14 0 5.0 2.0,-299.0900738525392 1.75 3.141592653589793 flow_4_13 0 5.0 2.0,1.75 -275.0 1.5707963267948966 flow_2_15 0 5.0 2.0,;HHL_QHDD_N r r,HHL_QHDD_S r r,HHL_QHDD_E r r,HHL_QHDD_W r r,
-1.75 264.0 -1.5707963267948966 flow_0_15 0 5.0 2.0,-1.75 -240.5467942349419 -1.5707963267948966 flow_5_5 0 5.0 2.0,-5.25 11.289999999999964 -1.5707963267948966 flow_1_5 0 5.0 2.0,102.97499999999991 1.75 3.141592653589793 flow_4_15 0 5.0 2.0,-102.97499999999991 -1.75 0.0 flow_6_15 0 5.0 2.0,1.75 240.5467942349419 1.5707963267948966 flow_7_5 0 5.0 2.0,222.4190000000002 -1.75 0.0 flow_6_14 0 5.0 2.0,5.25 -11.289999999999964 1.5707963267948966 flow_3_5 0 5.0 2.0,1.75 -11.289999999999964 1.5707963267948966 flow_2_13 0 5.0 2.0,-1.75 18.789999999999965 -1.5707963267948966 flow_0_14 0 5.0 2.0,-1.75 11.289999999999964 -1.5707963267948966 flow_0_13 0 5.0 2.0,-222.4190000000002 1.75 3.141592653589793 flow_4_14 0 5.0 2.0,1.75 -18.789999999999965 1.5707963267948966 flow_2_14 0 5.0 2.0,1.75 -264.0 1.5707963267948966 flow_2_15 0 5.0 2.0,;HHL_QHDD_N r r,HHL_QHDD_S r r,HHL_QHDD_E r r,HHL_QHDD_W r r,
-1.75 251.0 -1.5707963267948966 flow_0_15 0 5.0 2.0,-1.75 -257.216794234942 -1.5707963267948966 flow_5_5 0 5.0 2.0,-5.25 10.289999999999964 -1.5707963267948966 flow_1_5 0 5.0 2.0,86.30499999999987 1.75 3.141592653589793 flow_4_15 0 5.0 2.0,-86.30499999999987 -1.75 0.0 flow_6_15 0 5.0 2.0,1.75 257.216794234942 1.5707963267948966 flow_7_5 0 5.0 2.0,239.08900000000024 -1.75 0.0 flow_6_14 0 5.0 2.0,5.25 -10.289999999999964 1.5707963267948966 flow_3_5 0 5.0 2.0,1.75 -11.289999999999964 1.5707963267948966 flow_2_13 0 5.0 2.0,-1.75 18.789999999999965 -1.5707963267948966 flow_0_14 0 5.0 2.0,-1.75 11.289999999999964 -1.5707963267948966 flow_0_13 0 5.0 2.0,-239.08900000000024 1.75 3.141592653589793 flow_4_14 0 5.0 2.0,1.75 -18.789999999999965 1.5707963267948966 flow_2_14 0 5.0 2.0,1.75 -251.0 1.5707963267948966 flow_2_15 0 5.0 2.0,;HHL_QHDD_N g g,HHL_QHDD_S g g,HHL_QHDD_E r r,HHL_QHDD_W r r,
-1.75 236.0 -1.5707963267948966 flow_0_15 0 5.0 2.0,-1.75 -273.88679423494195 -1.5707963267948966 flow_5_5 0 5.0 2.0,1.75 2.2899999999999638 -1.5707963267948966 flow_1_5 0 5.0 2.0,69.63499999999988 1.75 3.141592653589793 flow_4_15 0 5.0 2.0,-69.63499999999988 -1.75 0.0 flow_6_15 0 5.0 2.0,1.75 273.88679423494195 1.5707963267948966 flow_7_5 0 5.0 2.0,255.75900000000025 -1.75 0.0 flow_6_14 0 5.0 2.0,-1.75 -2.2899999999999638 1.5707963267948966 flow_3_5 0 5.0 2.0,1.75 -11.289999999999964 1.5707963267948966 flow_2_13 0 5.0 2.0,-1.75 18.789999999999965 -1.5707963267948966 flow_0_14 0 5.0 2.0,-1.75 11.289999999999964 -1.5707963267948966 flow_0_13 0 5.0 2.0,-255.75900000000025 1.75 3.141592653589793 flow_4_14 0 5.0 2.0,1.75 -18.789999999999965 1.5707963267948966 flow_2_14 0 5.0 2.0,1.75 -236.0 1.5707963267948966 flow_2_15 0 5.0 2.0,;HHL_QHDD_N g g,HHL_QHDD_S g g,HHL_QHDD_E r r,HHL_QHDD_W r r,
-1.75 219.665 -1.5707963267948966 flow_0_15 0 5.0 2.0,-1.75 -290.55679423494197 -1.5707963267948966 flow_5_5 0 5.0 2.0,4.136076680789127 -1.2848105204249146 -0.4939413689195812 flow_1_5 0 5.0 2.0,52.96499999999986 1.75 3.141592653589793 flow_4_15 0 5.0 2.0,-52.96499999999986 -1.75 0.0 flow_6_15 0 5.0 2.0,1.75 290.55679423494197 1.5707963267948966 flow_7_5 0 5.0 2.0,272.42900000000028 -1.75 0.0 flow_6_14 0 5.0 2.0,-4.136076680789127 1.2848105204249146 2.647651284670212 flow_3_5 0 5.0 2.0,1.75 -11.289999999999964 1.5707963267948966 flow_2_13 0 5.0 2.0,-1.75 18.789999999999965 -1.5707963267948966 flow_0_14 0 5.0 2.0,-1.75 11.289999999999964 -1.5707963267948966 flow_0_13 0 5.0 2.0,-272.42900000000028 1.75 3.141592653589793 flow_4_14 0 5.0 2.0,1.75 -18.789999999999965 1.5707963267948966 flow_2_14 0 5.0 2.0,1.75 -219.665 1.5707963267948966 flow_2_15 0 5.0 2.0,;HHL_QHDD_N g g,HHL_QHDD_S g g,HHL_QHDD_E r r,HHL_QHDD_W r r,
-1.75 202.995 -1.5707963267948966 flow_0_15 0 5.0 2.0,16.018794234941688 -1.75 0.0 flow_1_5 0 5.0 2.0,37.961999999999878 1.75 3.141592653589793 flow_4_15 0 5.0 2.0,-37.961999999999878 -1.75 0.0 flow_6_15 0 5.0 2.0,289.0990000000003 -1.75 0.0 flow_6_14 0 5.0 2.0,-16.018794234941688 1.75 3.141592653589793 flow_3_5 0 5.0 2.0,1.75 -10.289999999999964 1.5707963267948966 flow_2_13 0 5.0 2.0,-1.75 18.789999999999965 -1.5707963267948966 flow_0_14 0 5.0 2.0,299.0 1.75 3.141592653589793 flow_4_16 0 5.0 2.0,-1.75 10.289999999999964 -1.5707963267948966 flow_0_13 0 5.0 2.0,-289.0990000000003 1.75 3.141592653589793 flow_4_14 0 5.0 2.0,1.75 -18.789999999999965 1.5707963267948966 flow_2_14 0 5.0 2.0,-299.0 -1.75 0.0 flow_6_16 0 5.0 2.0,1.75 -202.995 1.5707963267948966 flow_2_15 0 5.0 2.0,;HHL_QHDD_N g g,HHL_QHDD_S g g,HHL_QHDD_E r r,HHL_QHDD_W r r,
-1.75 186.325 -1.5707963267948966 flow_0_15 0 5.0 2.0,25.018794234941688 -1.75 0.0 flow_1_5 0 5.0 2.0,26.292999999999894 1.75 3.141592653589793 flow_4_15 0 5.0 2.0,-26.292999999999894 -1.75 0.0 flow_6_15 0 5.0 2.0,-25.018794234941688 1.75 3.141592653589793 flow_3_5 0 5.0 2.0,1.75 -2.2899999999999638 1.5707963267948966 flow_2_13 0 5.0 2.0,-1.75 18.039999999999965 -1.5707963267948966 flow_0_14 0 5.0 2.0,296.0 1.75 3.141592653589793 flow_4_16 0 5.0 2.0,-1.75 2.2899999999999638 -1.5707963267948966 flow_0_13 0 5.0 2.0,1.75 -18.039999999999965 1.5707963267948966 flow_2_14 0 5.0 2.0,-296.0 -1.75 0.0 flow_6_16 0 5.0 2.0,1.75 -186.325 1.5707963267948966 flow_2_15 0 5.0 2.0,;HHL_QHDD_N g g,HHL_QHDD_S g g,HHL_QHDD_E r r,HHL_QHDD_W r r,
-1.75 169.65499999999998 -1.5707963267948966 flow_0_15 0 5.0 2.0,36.01879423494169 -1.75 0.0 flow_1_5 0 5.0 2.0,17.957999999999914 1.75 3.141592653589793 flow_4_15 0 5.0 2.0,-17.957999999999914 -1.75 0.0 flow_6_15 0 5.0 2.0,-36.01879423494169 1.75 3.141592653589793 flow_3_5 0 5.0 2.0,1.75 2.7100000000000366 1.5707963267948966 flow_2_13 0 5.0 2.0,-1.75 15.539999999999964 -1.5707963267948966 flow_0_14 0 5.0 2.0,291.0 1.75 3.141592653589793 flow_4_16 0 5.0 2.0,-1.75 -2.7100000000000366 -1.5707963267948966 flow_0_13 0 5.0 2.0,1.75 -15.539999999999964 1.5707963267948966 flow_2_14 0 5.0 2.0,-291.0 -1.75 0.0 flow_6_16 0 5.0 2.0,1.75 -169.65499999999998 1.5707963267948966 flow_2_15 0 5.0 2.0,;HHL_QHDD_N g g,HHL_QHDD_S g g,HHL_QHDD_E r r,HHL_QHDD_W r r,
-1.75 152.98499999999997 -1.5707963267948966 flow_0_15 0 5.0 2.0,49.01879423494169 -1.75 0.0 flow_1_5 0 5.0 2.0,12.956999999999937 1.75 3.141592653589793 flow_4_15 0 5.0 2.0,-12.956999999999937 -1.75 0.0 flow_6_15 0 5.0 2.0,-49.01879423494169 1.75 3.141592653589793 flow_3_5 0 5.0 2.0,1.75 14.710000000000037 1.5707963267948966 flow_2_13 0 5.0 2.0,-1.75 11.039999999999964 -1.5707963267948966 flow_0_14 0 5.0 2.0,284.0 1.75 3.141592653589793 flow_4_16 0 5.0 2.0,-1.75 -14.710000000000037 -1.5707963267948966 flow_0_13 0 5.0 2.0,1.75 -11.039999999999964 1.5707963267948966 flow_2_14 0 5.0 2.0,-284.0 -1.75 0.0 flow_6_16 0 5.0 2.0,1.75 -152.98499999999997 1.5707963267948966 flow_2_15 0 5.0 2.0,;HHL_QHDD_N g g,HHL_QHDD_S g g,HHL_QHDD_E r r,HHL_QHDD_W r r,
-1.75 136.31499999999995 -1.5707963267948966 flow_0_15 0 5.0 2.0,64.01879423494168 -1.75 0.0 flow_1_5 0 5.0 2.0,11.289999999999964 1.75 3.141592653589793 flow_4_15 0 5.0 2.0,-11.289999999999964 -1.75 0.0 flow_6_15 0 5.0 2.0,-64.01879423494168 1.75 3.141592653589793 flow_3_5 0 5.0 2.0,1.75 23.710000000000038 1.5707963267948966 flow_2_13 0 5.0 2.0,-1.75 -0.4600000000000364 -1.5707963267948966 flow_0_14 0 5.0 2.0,275.0 1.75 3.141592653589793 flow_4_16 0 5.0 2.0,-1.75 -23.710000000000038 -1.5707963267948966 flow_0_13 0 5.0 2.0,1.75 0.4600000000000364 1.5707963267948966 flow_2_14 0 5.0 2.0,-275.0 -1.75 0.0 flow_6_16 0 5.0 2.0,1.75 -136.31499999999995 1.5707963267948966 flow_2_15 0 5.0 2.0,;HHL_QHDD_N g g,HHL_QHDD_S g g,HHL_QHDD_E r r,HHL_QHDD_W r r,
-1.75 119.64499999999993 -1.5707963267948966 flow_0_15 0 5.0 2.0,80.35379423494169 -1.75 0.0 flow_1_5 0 5.0 2.0,11.289999999999964 1.75 3.141592653589793 flow_4_15 0 5.0 2.0,-11.289999999999964 -1.75 0.0 flow_6_15 0 5.0 2.0,-80.35379423494169 1.75 3.141592653589793 flow_3_5 0 5.0 2.0,1.75 34.710000000000039 1.5707963267948966 flow_2_13 0 5.0 2.0,-1.75 -13.960000000000037 -1.5707963267948966 flow_0_14 0 5.0 2.0,264.0 1.75 3.141592653589793 flow_4_16 0 5.0 2.0,-1.75 -34.710000000000039 -1.5707963267948966 flow_0_13 0 5.0 2.0,1.75 13.960000000000037 1.5707963267948966 flow_2_14 0 5.0 2.0,-264.0 -1.75 0.0 flow_6_16 0 5.0 2.0,1.75 -119.64499999999993 1.5707963267948966 flow_2_15 0 5.0 2.0,;HHL_QHDD_N g g,HHL_QHDD_S g g,HHL_QHDD_E r r,HHL_QHDD_W r r,
-1.75 102.97499999999991 -1.5707963267948966 flow_0_15 0 5.0 2.0,97.02379423494169 -1.75 0.0 flow_1_5 0 5.0 2.0,11.289999999999964 1.75 3.141592653589793 flow_4_15 0 5.0 2.0,-11.289999999999964 -1.75 0.0 flow_6_15 0 5.0 2.0,-97.02379423494169 1.75 3.141592653589793 flow_3_5 0 5.0 2.0,1.75 47.710000000000039 1.5707963267948966 flow_2_13 0 5.0 2.0,-1.75 -24.460000000000038 -1.5707963267948966 flow_0_14 0 5.0 2.0,251.0 1.75 3.141592653589793 flow_4_16 0 5.0 2.0,-1.75 -47.710000000000039 -1.5707963267948966 flow_0_13 0 5.0 2.0,1.75 24.460000000000038 1.5707963267948966 flow_2_14 0 5.0 2.0,-251.0 -1.75 0.0 flow_6_16 0 5.0 2.0,1.75 -102.97499999999991 1.5707963267948966 flow_2_15 0 5.0 2.0,;HHL_QHDD_N g g,HHL_QHDD_S g g,HHL_QHDD_E r r,HHL_QHDD_W r r,
-1.75 86.30499999999987 -1.5707963267948966 flow_0_15 0 5.0 2.0,113.69379423494169 -1.75 0.0 flow_1_5 0 5.0 2.0,11.289999999999964 1.75 3.141592653589793 flow_4_15 0 5.0 2.0,-11.289999999999964 -1.75 0.0 flow_6_15 0 5.0 2.0,-113.69379423494169 1.75 3.141592653589793 flow_3_5 0 5.0 2.0,1.75 62.710000000000039 1.5707963267948966 flow_2_13 0 5.0 2.0,-1.75 -36.835000000000039 -1.5707963267948966 flow_0_14 0 5.0 2.0,236.0 1.75 3.141592653589793 flow_4_16 0 5.0 2.0,-1.75 -62.710000000000039 -1.5707963267948966 flow_0_13 0 5.0 2.0,1.75 36.835000000000039 1.5707963267948966 flow_2_14 0 5.0 2.0,-236.0 -1.75 0.0 flow_6_16 0 5.0 2.0,1.75 -86.30499999999987 1.5707963267948966 flow_2_15 0 5.0 2.0,;HHL_QHDD_N g g,HHL_QHDD_S g g,HHL_QHDD_E r r,HHL_QHDD_W r r,
-1.75 69.63499999999988 -1.5707963267948966 flow_0_15 0 5.0 2.0,130.36379423494169 -1.75 0.0 flow_1_5 0 5.0 2.0,11.289999999999964 1.75 3.141592653589793 flow_4_15 0 5.0 2.0,-11.289999999999964 -1.75 0.0 flow_6_15 0 5.0 2.0,-130.36379423494169 1.75 3.141592653589793 flow_3_5 0 5.0 2.0,1.75 79.04500000000005 1.5707963267948966 flow_2_13 0 5.0 2.0,-1.75 -51.02250000000004 -1.5707963267948966 flow_0_14 0 5.0 2.0,219.665 1.75 3.141592653589793 flow_4_16 0 5.0 2.0,-1.75 -79.04500000000005 -1.5707963267948966 flow_0_13 0 5.0 2.0,1.75 51.02250000000004 1.5707963267948966 flow_2_14 0 5.0 2.0,-219.665 -1.75 0.0 flow_6_16 0 5.0 2.0,1.75 -69.63499999999988 1.5707963267948966 flow_2_15 0 5.0 2.0,;HHL_QHDD_N g g,HHL_QHDD_S g g,HHL_QHDD_E r r,HHL_QHDD_W r r,
-1.75 52.96499999999986 -1.5707963267948966 flow_0_15 0 5.0 2.0,147.0337942349417 -1.75 0.0 flow_1_5 0 5.0 2.0,11.289999999999964 1.75 3.141592653589793 flow_4_15 0 5.0 2.0,-11.289999999999964 -1.75 0.0 flow_6_15 0 5.0 2.0,-147.0337942349417 1.75 3.141592653589793 flow_3_5 0 5.0 2.0,1.75 95.71500000000005 1.5707963267948966 flow_2_13 0 5.0 2.0,-1.75 -66.61750000000004 -1.5707963267948966 flow_0_14 0 5.0 2.0,202.995 1.75 3.141592653589793 flow_4_16 0 5.0 2.0,-1.75 -95.71500000000005 -1.5707963267948966 flow_0_13 0 5.0 2.0,1.75 66.61750000000004 1.5707963267948966 flow_2_14 0 5.0 2.0,-202.995 -1.75 0.0 flow_6_16 0 5.0 2.0,1.75 -52.96499999999986 1.5707963267948966 flow_2_15 0 5.0 2.0,;HHL_QHDD_N g g,HHL_QHDD_S g g,HHL_QHDD_E r r,HHL_QHDD_W r r,
-1.75 36.294999999999848 -1.5707963267948966 flow_0_15 0 5.0 2.0,-299.0 -5.25 0.0 flow_7_6 0 5.0 2.0,163.7037942349417 -1.75 0.0 flow_1_5 0 5.0 2.0,11.289999999999964 1.75 3.141592653589793 flow_4_15 0 5.0 2.0,-11.289999999999964 -1.75 0.0 flow_6_15 0 5.0 2.0,-163.7037942349417 1.75 3.141592653589793 flow_3_5 0 5.0 2.0,1.75 112.38500000000005 1.5707963267948966 flow_2_13 0 5.0 2.0,-1.75 -82.83375000000004 -1.5707963267948966 flow_0_14 0 5.0 2.0,186.325 1.75 3.141592653589793 flow_4_16 0 5.0 2.0,-1.75 -112.38500000000005 -1.5707963267948966 flow_0_13 0 5.0 2.0,1.75 82.83375000000004 1.5707963267948966 flow_2_14 0 5.0 2.0,299.0 5.25 3.141592653589793 flow_5_6 0 5.0 2.0,-186.325 -1.75 0.0 flow_6_16 0 5.0 2.0,1.75 -36.294999999999848 1.5707963267948966 flow_2_15 0 5.0 2.0,;HHL_QHDD_N g g,HHL_QHDD_S g g,HHL_QHDD_E r r,HHL_QHDD_W r r,
-1.75 19.62499999999983 -1.5707963267948966 flow_0_15 0 5.0 2.0,-296.0 -5.25 0.0 flow_7_6 0 5.0 2.0,180.37379423494174 -1.75 0.0 flow_1_5 0 5.0 2.0,11.289999999999964 1.75 3.141592653589793 flow_4_15 0 5.0 2.0,-11.289999999999964 -1.75 0.0 flow_6_15 0 5.0 2.0,-180.37379423494174 1.75 3.141592653589793 flow_3_5 0 5.0 2.0,1.75 129.05500000000007 1.5707963267948966 flow_2_13 0 5.0 2.0,1.75 -299.0 1.5707963267948966 flow_2_16 0 5.0 2.0,-1.75 -99.27687500000005 -1.5707963267948966 flow_0_14 0 5.0 2.0,169.65499999999998 1.75 3.141592653589793 flow_4_16 0 5.0 2.0,-1.75 -129.05500000000007 -1.5707963267948966 flow_0_13 0 5.0 2.0,1.75 99.27687500000005 1.5707963267948966 flow_2_14 0 5.0 2.0,296.0 5.25 3.141592653589793 flow_5_6 0 5.0 2.0,-169.65499999999998 -1.75 0.0 flow_6_16 0 5.0 2.0,-1.75 299.0 -1.5707963267948966 flow_0_16 0 5.0 2.0,1.75 -19.62499999999983 1.5707963267948966 flow_2_15 0 5.0 2.0,;HHL_QHDD_N g g,HHL_QHDD_S g g,HHL_QHDD_E r r,HHL_QHDD_W r r,
-1.75 -2.0450000000001866 -1.5707963267948966 flow_0_15 0 5.0 2.0,-291.0 -5.25 0.0 flow_7_6 0 5.0 2.0,197.04379423494175 -1.75 0.0 flow_1_5 0 5.0 2.0,11.289999999999964 1.75 3.141592653589793 flow_4_15 0 5.0 2.0,-11.289999999999964 -1.75 0.0 flow_6_15 0 5.0 2.0,-197.04379423494175 1.75 3.141592653589793 flow_3_5 0 5.0 2.0,1.75 145.72500000000006 1.5707963267948966 flow_2_13 0 5.0 2.0,1.75 -296.0 1.5707963267948966 flow_2_16 0 5.0 2.0,-1.75 -115.83343750000005 -1.5707963267948966 flow_0_14 0 5.0 2.0,152.98499999999997 1.75 3.141592653589793 flow_4_16 0 5.0 2.0,-1.75 -145.72500000000006 -1.5707963267948966 flow_0_13 0 5.0 2.0,1.75 115.83343750000005 1.5707963267948966 flow_2_14 0 5.0 2.0,291.0 5.25 3.141592653589793 flow_5_6 0 5.0 2.0,-152.98499999999997 -1.75 0.0 flow_6_16 0 5.0 2.0,-1.75 296.0 -1.5707963267948966 flow_0_16 0 5.0 2.0,1.75 2.0450000000001866 1.5707963267948966 flow_2_15 0 5.0 2.0,;HHL_QHDD_N g g,HHL_QHDD_S g g,HHL_QHDD_E r r,HHL_QHDD_W r r,
-1.75 -23.715000000000189 -1.5707963267948966 flow_0_15 0 5.0 2.0,-284.0 -5.25 0.0 flow_7_6 0 5.0 2.0,213.71379423494177 -1.75 0.0 flow_1_5 0 5.0 2.0,11.289999999999964 1.75 3.141592653589793 flow_4_15 0 5.0 2.0,-11.289999999999964 -1.75 0.0 flow_6_15 0 5.0 2.0,-213.71379423494177 1.75 3.141592653589793 flow_3_5 0 5.0 2.0,1.75 162.395 1.5707963267948966 flow_2_13 0 5.0 2.0,1.75 -291.0 1.5707963267948966 flow_2_16 0 5.0 2.0,-1.75 -132.44671875000004 -1.5707963267948966 flow_0_14 0 5.0 2.0,136.31499999999995 1.75 3.141592653589793 flow_4_16 0 5.0 2.0,-1.75 -162.395 -1.5707963267948966 flow_0_13 0 5.0 2.0,1.75 132.44671875000004 1.5707963267948966 flow_2_14 0 5.0 2.0,284.0 5.25 3.141592653589793 flow_5_6 0 5.0 2.0,-136.31499999999995 -1.75 0.0 flow_6_16 0 5.0 2.0,-1.75 291.0 -1.5707963267948966 flow_0_16 0 5.0 2.0,1.75 23.715000000000189 1.5707963267948966 flow_2_15 0 5.0 2.0,;HHL_QHDD_N g g,HHL_QHDD_S g g,HHL_QHDD_E r r,HHL_QHDD_W r r,
-1.75 -40.38500000000019 -1.5707963267948966 flow_0_15 0 5.0 2.0,-275.0 -5.25 0.0 flow_7_6 0 5.0 2.0,230.38379423494178 -1.75 0.0 flow_1_5 0 5.0 2.0,11.289999999999964 1.75 3.141592653589793 flow_4_15 0 5.0 2.0,-11.289999999999964 -1.75 0.0 flow_6_15 0 5.0 2.0,-230.38379423494178 1.75 3.141592653589793 flow_3_5 0 5.0 2.0,1.75 179.06500000000006 1.5707963267948966 flow_2_13 0 5.0 2.0,1.75 -284.0 1.5707963267948966 flow_2_16 0 5.0 2.0,-1.75 -149.08835937500005 -1.5707963267948966 flow_0_14 0 5.0 2.0,119.64499999999993 1.75 3.141592653589793 flow_4_16 0 5.0 2.0,-1.75 -179.06500000000006 -1.5707963267948966 flow_0_13 0 5.0 2.0,1.75 149.08835937500005 1.5707963267948966 flow_2_14 0 5.0 2.0,275.0 5.25 3.141592653589793 flow_5_6 0 5.0 2.0,-119.64499999999993 -1.75 0.0 flow_6_16 0 5.0 2.0,-1.75 284.0 -1.5707963267948966 flow_0_16 0 5.0 2.0,1.75 40.38500000000019 1.5707963267948966 flow_2_15 0 5.0 2.0,;HHL_QHDD_N g g,HHL_QHDD_S g g,HHL_QHDD_E r r,HHL_QHDD_W r r,
-1.75 -57.05500000000019 -1.5707963267948966 flow_0_15 0 5.0 2.0,-264.0 -5.25 0.0 flow_7_6 0 5.0 2.0,247.0537942349418 -1.75 0.0 flow_1_5 0 5.0 2.0,11.289999999999964 1.75 3.141592653589793 flow_4_15 0 5.0 2.0,-11.289999999999964 -1.75 0.0 flow_6_15 0 5.0 2.0,-247.0537942349418 1.75 3.141592653589793 flow_3_5 0 5.0 2.0,1.75 195.73500000000008 1.5707963267948966 flow_2_13 0 5.0 2.0,1.75 -275.0 1.5707963267948966 flow_2_16 0 5.0 2.0,-1.75 -165.74417968750005 -1.5707963267948966 flow_0_14 0 5.0 2.0,102.97499999999991 1.75 3.141592653589793 flow_4_16 0 5.0 2.0,-1.75 -195.73500000000008 -1.5707963267948966 flow_0_13 0 5.0 2.0,1.75 165.74417968750005 1.5707963267948966 flow_2_14 0 5.0 2.0,264.0 5.25 3.141592653589793 flow_5_6 0 5.0 2.0,-102.97499999999991 -1.75 0.0 flow_6_16 0 5.0 2.0,-1.75 275.0 -1.5707963267948966 flow_0_16 0 5.0 2.0,1.75 57.05500000000019 1.5707963267948966 flow_2_15 0 5.0 2.0,;HHL_QHDD_N g g,HHL_QHDD_S g g,HHL_QHDD_E r r,HHL_QHDD_W r r,
-1.75 -73.7250000000002 -1.5707963267948966 flow_0_15 0 5.0 2.0,-251.0 -5.25 0.0 flow_7_6 0 5.0 2.0,263.7237942349418 -1.75 0.0 flow_1_5 0 5.0 2.0,11.289999999999964 1.75 3.141592653589793 flow_4_15 0 5.0 2.0,-11.289999999999964 -1.75 0.0 flow_6_15 0 5.0 2.0,-263.7237942349418 1.75 3.141592653589793 flow_3_5 0 5.0 2.0,1.75 212.4050000000001 1.5707963267948966 flow_2_13 0 5.0 2.0,1.75 -264.0 1.5707963267948966 flow_2_16 0 5.0 2.0,-1.75 -182.40708984375005 -1.5707963267948966 flow_0_14 0 5.0 2.0,86.30499999999987 1.75 3.141592653589793 flow_4_16 0 5.0 2.0,-1.75 -212.4050000000001 -1.5707963267948966 flow_0_13 0 5.0 2.0,1.75 182.40708984375005 1.5707963267948966 flow_2_14 0 5.0 2.0,251.0 5.25 3.141592653589793 flow_5_6 0 5.0 2.0,-86.30499999999987 -1.75 0.0 flow_6_16 0 5.0 2.0,-1.75 264.0 -1.5707963267948966 flow_0_16 0 5.0 2.0,1.75 73.7250000000002 1.5707963267948966 flow_2_15 0 5.0 2.0,;HHL_QHDD_N g g,HHL_QHDD_S g g,HHL_QHDD_E r r,HHL_QHDD_W r r,
-1.75 -90.3950000000002 -1.5707963267948966 flow_0_15 0 5.0 2.0,-236.0 -5.25 0.0 flow_7_6 0 5.0 2.0,280.3937942349418 -1.75 0.0 flow_1_5 0 5.0 2.0,11.289999999999964 1.75 3.141592653589793 flow_4_15 0 5.0 2.0,-11.289999999999964 -1.75 0.0 flow_6_15 0 5.0 2.0,-280.3937942349418 1.75 3.141592653589793 flow_3_5 0 5.0 2.0,1.75 229.0750000000001 1.5707963267948966 flow_2_13 0 5.0 2.0,1.75 -251.0 1.5707963267948966 flow_2_16 0 5.0 2.0,-1.75 -199.07354492187506 -1.5707963267948966 flow_0_14 0 5.0 2.0,69.63499999999988 1.75 3.141592653589793 flow_4_16 0 5.0 2.0,-1.75 -229.0750000000001 -1.5707963267948966 flow_0_13 0 5.0 2.0,1.75 199.07354492187506 1.5707963267948966 flow_2_14 0 5.0 2.0,236.0 5.25 3.141592653589793 flow_5_6 0 5.0 2.0,-69.63499999999988 -1.75 0.0 flow_6_16 0 5.0 2.0,-1.75 251.0 -1.5707963267948966 flow_0_16 0 5.0 2.0,1.75 90.3950000000002 1.5707963267948966 flow_2_15 0 5.0 2.0,;HHL_QHDD_N g g,HHL_QHDD_S g g,HHL_QHDD_E r r,HHL_QHDD_W r r,
-1.75 -107.0650000000002 -1.5707963267948966 flow_0_15 0 5.0 2.0,-219.665 -5.25 0.0 flow_7_6 0 5.0 2.0,297.06379423494186 -1.75 0.0 flow_1_5 0 5.0 2.0,11.289999999999964 1.75 3.141592653589793 flow_4_15 0 5.0 2.0,-11.289999999999964 -1.75 0.0 flow_6_15 0 5.0 2.0,-297.06379423494186 1.75 3.141592653589793 flow_3_5 0 5.0 2.0,1.75 245.74500000000013 1.5707963267948966 flow_2_13 0 5.0 2.0,1.75 -236.0 1.5707963267948966 flow_2_16 0 5.0 2.0,-1.75 -215.74177246093758 -1.5707963267948966 flow_0_14 0 5.0 2.0,52.96499999999986 1.75 3.141592653589793 flow_4_16 0 5.0 2.0,-1.75 -245.74500000000013 -1.5707963267948966 flow_0_13 0 5.0 2.0,1.75 215.74177246093758 1.5707963267948966 flow_2_14 0 5.0 2.0,219.665 5.25 3.141592653589793 flow_5_6 0 5.0 2.0,-52.96499999999986 -1.75 0.0 flow_6_16 0 5.0 2.0,-1.75 236.0 -1.5707963267948966 flow_0_16 0 5.0 2.0,1.75 107.0650000000002 1.5707963267948966 flow_2_15 0 5.0 2.0,;HHL_QHDD_N g g,HHL_QHDD_S g g,HHL_QHDD_E r r,HHL_QHDD_W r r,
-1.75 -123.7350000000002 -1.5707963267948966 flow_0_15 0 5.0 2.0,-202.995 -5.25 0.0 flow_7_6 0 5.0 2.0,11.289999999999964 1.75 3.141592653589793 flow_4_15 0 5.0 2.0,-11.289999999999964 -1.75 0.0 flow_6_15 0 5.0 2.0,1.75 262.41500000000016 1.5707963267948966 flow_2_13 0 5.0 2.0,1.75 -219.665 1.5707963267948966 flow_2_16 0 5.0 2.0,-1.75 -232.41088623046887 -1.5707963267948966 flow_0_14 0 5.0 2.0,38.04749554005957 1.75 3.141592653589793 flow_4_16 0 5.0 2.0,-1.75 -262.41500000000016 -1.5707963267948966 flow_0_13 0 5.0 2.0,1.75 232.41088623046887 1.5707963267948966 flow_2_14 0 5.0 2.0,299.0 1.75 3.141592653589793 flow_4_17 0 5.0 2.0,202.995 5.25 3.141592653589793 flow_5_6 0 5.0 2.0,-38.04749554005957 -1.75 0.0 flow_6_16 0 5.0 2.0,-1.75 219.665 -1.5707963267948966 flow_0_16 0 5.0 2.0,1.75 123.7350000000002 1.5707963267948966 flow_2_15 0 5.0 2.0,-299.0 -1.75 0.0 flow_6_17 0 5.0 2.0,;HHL_QHDD_N g g,HHL_QHDD_S g g,HHL_QHDD_E r r,HHL_QHDD_W r r,
-1.75 -140.4050000000002 -1.5707963267948966 flow_0_15 0 5.0 2.0,-186.325 -5.25 0.0 flow_7_6 0 5.0 2.0,11.289999999999964 1.75 3.141592653589793 flow_4_15 0 5.0 2.0,-11.289999999999964 -1.75 0.0 flow_6_15 0 5.0 2.0,1.75 279.08500000000017 1.5707963267948966 flow_2_13 0 5.0 2.0,1.75 -202.995 1.5707963267948966 flow_2_16 0 5.0 2.0,-1.75 -249.0804431152345 -1.5707963267948966 flow_0_14 0 5.0 2.0,27.132486620178953 1.75 3.141592653589793 flow_4_16 0 5.0 2.0,-1.75 -279.08500000000017 -1.5707963267948966 flow_0_13 0 5.0 2.0,1.75 249.0804431152345 1.5707963267948966 flow_2_14 0 5.0 2.0,296.0 1.75 3.141592653589793 flow_4_17 0 5.0 2.0,186.325 5.25 3.141592653589793 flow_5_6 0 5.0 2.0,-27.132486620178953 -1.75 0.0 flow_6_16 0 5.0 2.0,-1.75 202.995 -1.5707963267948966 flow_0_16 0 5.0 2.0,1.75 140.4050000000002 1.5707963267948966 flow_2_15 0 5.0 2.0,-296.0 -1.75 0.0 flow_6_17 0 5.0 2.0,;HHL_QHDD_N g g,HHL_QHDD_S g g,HHL_QHDD_E r r,HHL_QHDD_W r r,
-1.75 -157.07500000000023 -1.5707963267948966 flow_0_15 0 5.0 2.0,-169.65499999999998 -5.25 0.0 flow_7_6 0 5.0 2.0,11.289999999999964 1.75 3.141592653589793 flow_4_15 0 5.0 2.0,-11.289999999999964 -1.75 0.0 flow_6_15 0 5.0 2.0,1.75 295.75500000000019 1.5707963267948966 flow_2_13 0 5.0 2.0,1.75 -186.325 1.5707963267948966 flow_2_16 0 5.0 2.0,5.25 -299.0 1.5707963267948966 flow_3_6 0 5.0 2.0,-1.75 -265.75022155761737 -1.5707963267948966 flow_0_14 0 5.0 2.0,20.717477700298333 1.75 3.141592653589793 flow_4_16 0 5.0 2.0,-1.75 -295.75500000000019 -1.5707963267948966 flow_0_13 0 5.0 2.0,1.75 265.75022155761737 1.5707963267948966 flow_2_14 0 5.0 2.0,291.0 1.75 3.141592653589793 flow_4_17 0 5.0 2.0,-5.25 299.0 -1.5707963267948966 flow_1_6 0 5.0 2.0,169.65499999999998 5.25 3.141592653589793 flow_5_6 0 5.0 2.0,-20.717477700298333 -1.75 0.0 flow_6_16 0 5.0 2.0,-1.75 186.325 -1.5707963267948966 flow_0_16 0 5.0 2.0,1.75 157.07500000000023 1.5707963267948966 flow_2_15 0 5.0 2.0,-291.0 -1.75 0.0 flow_6_17 0 5.0 2.0,;HHL_QHDD_N g g,HHL_QHDD_S g g,HHL_QHDD_E r r,HHL_QHDD_W r r,
-1.75 -173.74500000000024 -1.5707963267948966 flow_0_15 0 5.0 2.0,-152.98499999999997 -5.25 0.0 flow_7_6 0 5.0 2.0,11.289999999999964 1.75 3.141592653589793 flow_4_15 0 5.0 2.0,-11.289999999999964 -1.75 0.0 flow_6_15 0 5.0 2.0,1.75 -169.65499999999998 1.5707963267948966 flow_2_16 0 5.0 2.0,5.25 -296.0 1.5707963267948966 flow_3_6 0 5.0 2.0,-1.75 -282.42011077880877 -1.5707963267948966 flow_0_14 0 5.0 2.0,18.789999999999965 1.75 3.141592653589793 flow_4_16 0 5.0 2.0,1.75 282.42011077880877 1.5707963267948966 flow_2_14 0 5.0 2.0,284.0 1.75 3.141592653589793 flow_4_17 0 5.0 2.0,-5.25 296.0 -1.5707963267948966 flow_1_6 0 5.0 2.0,152.98499999999997 5.25 3.141592653589793 flow_5_6 0 5.0 2.0,-18.789999999999965 -1.75 0.0 flow_6_16 0 5.0 2.0,-1.75 169.65499999999998 -1.5707963267948966 flow_0_16 0 5.0 2.0,1.75 173.74500000000024 1.5707963267948966 flow_2_15 0 5.0 2.0,-284.0 -1.75 0.0 flow_6_17 0 5.0 2.0,;HHL_QHDD_N g g,HHL_QHDD_S g g,HHL_QHDD_E r r,HHL_QHDD_W r r,
-1.75 -190.41500000000026 -1.5707963267948966 flow_0_15 0 5.0 2.0,-136.31499999999995 -5.25 0.0 flow_7_6 0 5.0 2.0,11.289999999999964 1.75 3.141592653589793 flow_4_15 0 5.0 2.0,-11.289999999999964 -1.75 0.0 flow_6_15 0 5.0 2.0,1.75 -152.98499999999997 1.5707963267948966 flow_2_16 0 5.0 2.0,5.25 -291.0 1.5707963267948966 flow_3_6 0 5.0 2.0,-1.75 -299.0900738525392 -1.5707963267948966 flow_0_14 0 5.0 2.0,18.789999999999965 1.75 3.141592653589793 flow_4_16 0 5.0 2.0,1.75 299.0900738525392 1.5707963267948966 flow_2_14 0 5.0 2.0,275.0 1.75 3.141592653589793 flow_4_17 0 5.0 2.0,-5.25 291.0 -1.5707963267948966 flow_1_6 0 5.0 2.0,136.31499999999995 5.25 3.141592653589793 flow_5_6 0 5.0 2.0,-18.789999999999965 -1.75 0.0 flow_6_16 0 5.0 2.0,-1.75 152.98499999999997 -1.5707963267948966 flow_0_16 0 5.0 2.0,1.75 190.41500000000026 1.5707963267948966 flow_2_15 0 5.0 2.0,-275.0 -1.75 0.0 flow_6_17 0 5.0 2.0,;HHL_QHDD_N g g,HHL_QHDD_S g g,HHL_QHDD_E r r,HHL_QHDD_W r r,
-1.75 -207.08500000000027 -1.5707963267948966 flow_0_15 0 5.0 2.0,-119.64499999999993 -5.25 0.0 flow_7_6 0 5.0 2.0,11.289999999999964 1.75 3.141592653589793 flow_4_15 0 5.0 2.0,-11.289999999999964 -1.75 0.0 flow_6_15 0 5.0 2.0,1.75 -136.31499999999995 1.5707963267948966 flow_2_16 0 5.0 2.0,5.25 -284.0 1.5707963267948966 flow_3_6 0 5.0 2.0,18.789999999999965 1.75 3.141592653589793 flow_4_16 0 5.0 2.0,264.0 1.75 3.141592653589793 flow_4_17 0 5.0 2.0,-5.25 284.0 -1.5707963267948966 flow_1_6 0 5.0 2.0,119.64499999999993 5.25 3.141592653589793 flow_5_6 0 5.0 2.0,-18.789999999999965 -1.75 0.0 flow_6_16 0 5.0 2.0,-1.75 136.31499999999995 -1.5707963267948966 flow_0_16 0 5.0 2.0,1.75 207.08500000000027 1.5707963267948966 flow_2_15 0 5.0 2.0,-264.0 -1.75 0.0 flow_6_17 0 5.0 2.0,;HHL_QHDD_N g g,HHL_QHDD_S g g,HHL_QHDD_E r r,HHL_QHDD_W r r,
-1.75 -223.75500000000029 -1.5707963267948966 flow_0_15 0 5.0 2.0,-102.97499999999991 -5.25 0.0 flow_7_6 0 5.0 2.0,11.289999999999964 1.75 3.141592653589793 flow_4_15 0 5.0 2.0,-11.289999999999964 -1.75 0.0 flow_6_15 0 5.0 2.0,1.75 -119.64499999999993 1.5707963267948966 flow_2_16 0 5.0 2.0,5.25 -275.0 1.5707963267948966 flow_3_6 0 5.0 2.0,18.789999999999965 1.75 3.141592653589793 flow_4_16 0 5.0 2.0,251.0 1.75 3.141592653589793 flow_4_17 0 5.0 2.0,-5.25 275.0 -1.5707963267948966 flow_1_6 0 5.0 2.0,102.97499999999991 5.25 3.141592653589793 flow_5_6 0 5.0 2.0,-18.789999999999965 -1.75 0.0 flow_6_16 0 5.0 2.0,-1.75 119.64499999999993 -1.5707963267948966 flow_0_16 0 5.0 2.0,1.75 223.75500000000029 1.5707963267948966 flow_2_15 0 5.0 2.0,-251.0 -1.75 0.0 flow_6_17 0 5.0 2.0,;HHL_QHDD_N g g,HHL_QHDD_S g g,HHL_QHDD_E r r,HHL_QHDD_W r r,
-1.75 -240.4250000000003 -1.5707963267948966 flow_0_15 0 5.0 2.0,-86.30499999999987 -5.25 0.0 flow_7_6 0 5.0 2.0,11.289999999999964 1.75 3.141592653589793 flow_4_15 0 5.0 2.0,-11.289999999999964 -1.75 0.0 flow_6_15 0 5.0 2.0,1.75 -102.97499999999991 1.5707963267948966 flow_2_16 0 5.0 2.0,5.25 -264.0 1.5707963267948966 flow_3_6 0 5.0 2.0,18.789999999999965 1.75 3.141592653589793 flow_4_16 0 5.0 2.0,236.0 1.75 3.141592653589793 flow_4_17 0 5.0 2.0,-5.25 264.0 -1.5707963267948966 flow_1_6 0 5.0 2.0,86.30499999999987 5.25 3.141592653589793 flow_5_6 0 5.0 2.0,-18.789999999999965 -1.75 0.0 flow_6_16 0 5.0 2.0,-1.75 102.97499999999991 -1.5707963267948966 flow_0_16 0 5.0 2.0,1.75 240.4250000000003 1.5707963267948966 flow_2_15 0 5.0 2.0,-236.0 -1.75 0.0 flow_6_17 0 5.0 2.0,;HHL_QHDD_N g g,HHL_QHDD_S g g,HHL_QHDD_E r r,HHL_QHDD_W r r,
-1.75 -257.0950000000003 -1.5707963267948966 flow_0_15 0 5.0 2.0,-69.63499999999988 -5.25 0.0 flow_7_6 0 5.0 2.0,11.289999999999964 1.75 3.141592653589793 flow_4_15 0 5.0 2.0,-11.289999999999964 -1.75 0.0 flow_6_15 0 5.0 2.0,1.75 -86.30499999999987 1.5707963267948966 flow_2_16 0 5.0 2.0,5.25 -251.0 1.5707963267948966 flow_3_6 0 5.0 2.0,18.789999999999965 1.75 3.141592653589793 flow_4_16 0 5.0 2.0,219.665 1.75 3.141592653589793 flow_4_17 0 5.0 2.0,-5.25 251.0 -1.5707963267948966 flow_1_6 0 5.0 2.0,69.63499999999988 5.25 3.141592653589793 flow_5_6 0 5.0 2.0,-18.789999999999965 -1.75 0.0 flow_6_16 0 5.0 2.0,-1.75 86.30499999999987 -1.5707963267948966 flow_0_16 0 5.0 2.0,1.75 257.0950000000003 1.5707963267948966 flow_2_15 0 5.0 2.0,-219.665 -1.75 0.0 flow_6_17 0 5.0 2.0,;HHL_QHDD_N g g,HHL_QHDD_S g g,HHL_QHDD_E r r,HHL_QHDD_W r r,
-1.75 -273.7650000000003 -1.5707963267948966 flow_0_15 0 5.0 2.0,-52.96499999999986 -5.25 0.0 flow_7_6 0 5.0 2.0,11.289999999999964 1.75 3.141592653589793 flow_4_15 0 5.0 2.0,-11.289999999999964 -1.75 0.0 flow_6_15 0 5.0 2.0,1.75 -69.63499999999988 1.5707963267948966 flow_2_16 0 5.0 2.0,5.25 -236.0 1.5707963267948966 flow_3_6 0 5.0 2.0,18.789999999999965 1.75 3.141592653589793 flow_4_16 0 5.0 2.0,202.995 1.75 3.141592653589793 flow_4_17 0 5.0 2.0,-5.25 236.0 -1.5707963267948966 flow_1_6 0 5.0 2.0,52.96499999999986 5.25 3.141592653589793 flow_5_6 0 5.0 2.0,-18.789999999999965 -1.75 0.0 flow_6_16 0 5.0 2.0,-1.75 69.63499999999988 -1.5707963267948966 flow_0_16 0 5.0 2.0,1.75 273.7650000000003 1.5707963267948966 flow_2_15 0 5.0 2.0,-202.995 -1.75 0.0 flow_6_17 0 5.0 2.0,;HHL_QHDD_N g g,HHL_QHDD_S g g,HHL_QHDD_E r r,HHL_QHDD_W r r,
-1.75 -290.43500000000037 -1.5707963267948966 flow_0_15 0 5.0 2.0,-37.961999999999878 -5.25 0.0 flow_7_6 0 5.0 2.0,11.289999999999964 1.75 3.141592653589793 flow_4_15 0 5.0 2.0,-11.289999999999964 -1.75 0.0 flow_6_15 0 5.0 2.0,1.75 -52.96499999999986 1.5707963267948966 flow_2_16 0 5.0 2.0,5.25 -219.665 1.5707963267948966 flow_3_6 0 5.0 2.0,18.789999999999965 1.75 3.141592653589793 flow_4_16 0 5.0 2.0,186.325 1.75 3.141592653589793 flow_4_17 0 5.0 2.0,-5.25 219.665 -1.5707963267948966 flow_1_6 0 5.0 2.0,37.961999999999878 5.25 3.141592653589793 flow_5_6 0 5.0 2.0,-18.789999999999965 -1.75 0.0 flow_6_16 0 5.0 2.0,-1.75 52.96499999999986 -1.5707963267948966 flow_0_16 0 5.0 2.0,1.75 290.43500000000037 1.5707963267948966 flow_2_15 0 5.0 2.0,-186.325 -1.75 0.0 flow_6_17 0 5.0 2.0,;HHL_QHDD_N g g,HHL_QHDD_S g g,HHL_QHDD_E r r,HHL_QHDD_W r r,
-26.292999999999894 -5.25 0.0 flow_7_6 0 5.0 2.0,11.289999999999964 1.75 3.141592653589793 flow_4_15 0 5.0 2.0,-11.289999999999964 -1.75 0.0 flow_6_15 0 5.0 2.0,1.75 -36.294999999999848 1.5707963267948966 flow_2_16 0 5.0 2.0,5.25 -202.995 1.5707963267948966 flow_3_6 0 5.0 2.0,18.789999999999965 1.75 3.141592653589793 flow_4_16 0 5.0 2.0,169.65499999999998 1.75 3.141592653589793 flow_4_17 0 5.0 2.0,-5.25 202.995 -1.5707963267948966 flow_1_6 0 5.0 2.0,26.292999999999894 5.25 3.141592653589793 flow_5_6 0 5.0 2.0,-18.789999999999965 -1.75 0.0 flow_6_16 0 5.0 2.0,-1.75 36.294999999999848 -1.5707963267948966 flow_0_16 0 5.0 2.0,-169.65499999999998 -1.75 0.0 flow_6_17 0 5.0 2.0,;HHL_QHDD_N g g,HHL_QHDD_S g g,HHL_QHDD_E r r,HHL_QHDD_W r r,
-1.75 299.0 -1.5707963267948966 flow_0_17 0 5.0 2.0,-17.957999999999914 -5.25 0.0 flow_7_6 0 5.0 2.0,11.289999999999964 1.75 3.141592653589793 flow_4_15 0 5.0 2.0,-11.289999999999964 -1.75 0.0 flow_6_15 0 5.0 2.0,1.75 -19.62499999999983 1.5707963267948966 flow_2_16 0 5.0 2.0,5.25 -186.325 1.5707963267948966 flow_3_6 0 5.0 2.0,1.75 -299.0 1.5707963267948966 flow_2_17 0 5.0 2.0,18.789999999999965 1.75 3.141592653589793 flow_4_16 0 5.0 2.0,152.98499999999997 1.75 3.141592653589793 flow_4_17 0 5.0 2.0,-5.25 186.325 -1.5707963267948966 flow_1_6 0 5.0 2.0,17.957999999999914 5.25 3.141592653589793 flow_5_6 0 5.0 2.0,-18.789999999999965 -1.75 0.0 flow_6_16 0 5.0 2.0,-1.75 19.62499999999983 -1.5707963267948966 flow_0_16 0 5.0 2.0,-152.98499999999997 -1.75 0.0 flow_6_17 0 5.0 2.0,;HHL_QHDD_N g g,HHL_QHDD_S g g,HHL_QHDD_E r r,HHL_QHDD_W r r,
-1.75 296.0 -1.5707963267948966 flow_0_17 0 5.0 2.0,-12.956999999999937 -5.25 0.0 flow_7_6 0 5.0 2.0,11.289999999999964 1.75 3.141592653589793 flow_4_15 0 5.0 2.0,-11.289999999999964 -1.75 0.0 flow_6_15 0 5.0 2.0,1.75 2.0450000000001866 1.5707963267948966 flow_2_16 0 5.0 2.0,5.25 -169.65499999999998 1.5707963267948966 flow_3_6 0 5.0 2.0,1.75 -296.0 1.5707963267948966 flow_2_17 0 5.0 2.0,18.789999999999965 1.75 3.141592653589793 flow_4_16 0 5.0 2.0,136.31499999999995 1.75 3.141592653589793 flow_4_17 0 5.0 2.0,-5.25 169.65499999999998 -1.5707963267948966 flow_1_6 0 5.0 2.0,12.956999999999937 5.25 3.141592653589793 flow_5_6 0 5.0 2.0,-18.789999999999965 -1.75 0.0 flow_6_16 0 5.0 2.0,-1.75 -2.0450000000001866 -1.5707963267948966 flow_0_16 0 5.0 2.0,-136.31499999999995 -1.75 0.0 flow_6_17 0 5.0 2.0,;HHL_QHDD_N g g,HHL_QHDD_S g g,HHL_QHDD_E r r,HHL_QHDD_W r r,
-1.75 291.0 -1.5707963267948966 flow_0_17 0 5.0 2.0,-11.289999999999964 -5.25 0.0 flow_7_6 0 5.0 2.0,11.289999999999964 1.75 3.141592653589793 flow_4_15 0 5.0 2.0,-11.289999999999964 -1.75 0.0 flow_6_15 0 5.0 2.0,1.75 23.715000000000189 1.5707963267948966 flow_2_16 0 5.0 2.0,5.25 -152.98499999999997 1.5707963267948966 flow_3_6 0 5.0 2.0,1.75 -291.0 1.5707963267948966 flow_2_17 0 5.0 2.0,18.789999999999965 1.75 3.141592653589793 flow_4_16 0 5.0 2.0,119.64499999999993 1.75 3.141592653589793 flow_4_17 0 5.0 2.0,-5.25 152.98499999999997 -1.5707963267948966 flow_1_6 0 5.0 2.0,11.289999999999964 5.25 3.141592653589793 flow_5_6 0 5.0 2.0,-18.789999999999965 -1.75 0.0 flow_6_16 0 5.0 2.0,-1.75 -23.715000000000189 -1.5707963267948966 flow_0_16 0 5.0 2.0,-119.64499999999993 -1.75 0.0 flow_6_17 0 5.0 2.0,;HHL_QHDD_N g g,HHL_QHDD_S g g,HHL_QHDD_E r r,HHL_QHDD_W r r,
-1.75 284.0 -1.5707963267948966 flow_0_17 0 5.0 2.0,-11.289999999999964 -5.25 0.0 flow_7_6 0 5.0 2.0,11.289999999999964 1.75 3.141592653589793 flow_4_15 0 5.0 2.0,-11.289999999999964 -1.75 0.0 flow_6_15 0 5.0 2.0,1.75 40.38500000000019 1.5707963267948966 flow_2_16 0 5.0 2.0,5.25 -136.31499999999995 1.5707963267948966 flow_3_6 0 5.0 2.0,1.75 -284.0 1.5707963267948966 flow_2_17 0 5.0 2.0,18.789999999999965 1.75 3.141592653589793 flow_4_16 0 5.0 2.0,102.97499999999991 1.75 3.141592653589793 flow_4_17 0 5.0 2.0,-5.25 136.31499999999995 -1.5707963267948966 flow_1_6 0 5.0 2.0,11.289999999999964 5.25 3.141592653589793 flow_5_6 0 5.0 2.0,-18.789999999999965 -1.75 0.0 flow_6_16 0 5.0 2.0,-1.75 -40.38500000000019 -1.5707963267948966 flow_0_16 0 5.0 2.0,-102.97499999999991 -1.75 0.0 flow_6_17 0 5.0 2.0,;HHL_QHDD_N g g,HHL_QHDD_S g g,HHL_QHDD_E r r,HHL_QHDD_W r r,
-1.75 275.0 -1.5707963267948966 flow_0_17 0 5.0 2.0,-11.289999999999964 -5.25 0.0 flow_7_6 0 5.0 2.0,11.289999999999964 1.75 3.141592653589793 flow_4_15 0 5.0 2.0,-11.289999999999964 -1.75 0.0 flow_6_15 0 5.0 2.0,1.75 57.05500000000019 1.5707963267948966 flow_2_16 0 5.0 2.0,5.25 -119.64499999999993 1.5707963267948966 flow_3_6 0 5.0 2.0,1.75 -275.0 1.5707963267948966 flow_2_17 0 5.0 2.0,18.789999999999965 1.75 3.141592653589793 flow_4_16 0 5.0 2.0,86.30499999999987 1.75 3.141592653589793 flow_4_17 0 5.0 2.0,-5.25 119.64499999999993 -1.5707963267948966 flow_1_6 0 5.0 2.0,11.289999999999964 5.25 3.141592653589793 flow_5_6 0 5.0 2.0,-18.789999999999965 -1.75 0.0 flow_6_16 0 5.0 2.0,-1.75 -57.05500000000019 -1.5707963267948966 flow_0_16 0 5.0 2.0,-86.30499999999987 -1.75 0.0 flow_6_17 0 5.0 2.0,;HHL_QHDD_N g g,HHL_QHDD_S g g,HHL_QHDD_E r r,HHL_QHDD_W r r,
-1.75 264.0 -1.5707963267948966 flow_0_17 0 5.0 2.0,-11.289999999999964 -5.25 0.0 flow_7_6 0 5.0 2.0,11.289999999999964 1.75 3.141592653589793 flow_4_15 0 5.0 2.0,-11.289999999999964 -1.75 0.0 flow_6_15 0 5.0 2.0,1.75 73.7250000000002 1.5707963267948966 flow_2_16 0 5.0 2.0,5.25 -102.97499999999991 1.5707963267948966 flow_3_6 0 5.0 2.0,1.75 -264.0 1.5707963267948966 flow_2_17 0 5.0 2.0,18.789999999999965 1.75 3.141592653589793 flow_4_16 0 5.0 2.0,69.63499999999988 1.75 3.141592653589793 flow_4_17 0 5.0 2.0,-5.25 102.97499999999991 -1.5707963267948966 flow_1_6 0 5.0 2.0,11.289999999999964 5.25 3.141592653589793 flow_5_6 0 5.0 2.0,-18.789999999999965 -1.75 0.0 flow_6_16 0 5.0 2.0,-1.75 -73.7250000000002 -1.5707963267948966 flow_0_16 0 5.0 2.0,-69.63499999999988 -1.75 0.0 flow_6_17 0 5.0 2.0,;HHL_QHDD_N g g,HHL_QHDD_S g g,HHL_QHDD_E r r,HHL_QHDD_W r r,
-1.75 251.0 -1.5707963267948966 flow_0_17 0 5.0 2.0,-11.289999999999964 -5.25 0.0 flow_7_6 0 5.0 2.0,11.289999999999964 1.75 3.141592653589793 flow_4_15 0 5.0 2.0,-11.289999999999964 -1.75 0.0 flow_6_15 0 5.0 2.0,1.75 90.3950000000002 1.5707963267948966 flow_2_16 0 5.0 2.0,5.25 -86.30499999999987 1.5707963267948966 flow_3_6 0 5.0 2.0,1.75 -251.0 1.5707963267948966 flow_2_17 0 5.0 2.0,18.789999999999965 1.75 3.141592653589793 flow_4_16 0 5.0 2.0,53.478597091567909 1.75 3.141592653589793 flow_4_17 0 5.0 2.0,-5.25 86.30499999999987 -1.5707963267948966 flow_1_6 0 5.0 2.0,11.289999999999964 5.25 3.141592653589793 flow_5_6 0 5.0 2.0,-18.789999999999965 -1.75 0.0 flow_6_16 0 5.0 2.0,-1.75 -90.3950000000002 -1.5707963267948966 flow_0_16 0 5.0 2.0,-53.478597091567909 -1.75 0.0 flow_6_17 0 5.0 2.0,;HHL_QHDD_N g g,HHL_QHDD_S g g,HHL_QHDD_E r r,HHL_QHDD_W r r,
-1.75 236.0 -1.5707963267948966 flow_0_17 0 5.0 2.0,-11.289999999999964 -5.25 0.0 flow_7_6 0 5.0 2.0,11.289999999999964 1.75 3.141592653589793 flow_4_15 0 5.0 2.0,-11.289999999999964 -1.75 0.0 flow_6_15 0 5.0 2.0,1.75 107.0650000000002 1.5707963267948966 flow_2_16 0 5.0 2.0,5.25 -69.63499999999988 1.5707963267948966 flow_3_6 0 5.0 2.0,1.75 -236.0 1.5707963267948966 flow_2_17 0 5.0 2.0,18.789999999999965 1.75 3.141592653589793 flow_4_16 0 5.0 2.0,40.08579127470398 1.75 3.141592653589793 flow_4_17 0 5.0 2.0,-5.25 69.63499999999988 -1.5707963267948966 flow_1_6 0 5.0 2.0,11.289999999999964 5.25 3.141592653589793 flow_5_6 0 5.0 2.0,-18.789999999999965 -1.75 0.0 flow_6_16 0 5.0 2.0,-1.75 -107.0650000000002 -1.5707963267948966 flow_0_16 0 5.0 2.0,-40.08579127470398 -1.75 0.0 flow_6_17 0 5.0 2.0,;HHL_QHDD_N r r,HHL_QHDD_S r r,HHL_QHDD_E r r,HHL_QHDD_W r r,
-1.75 219.665 -1.5707963267948966 flow_0_17 0 5.0 2.0,-11.289999999999964 -5.25 0.0 flow_7_6 0 5.0 2.0,11.289999999999964 1.75 3.141592653589793 flow_4_15 0 5.0 2.0,-11.289999999999964 -1.75 0.0 flow_6_15 0 5.0 2.0,299.0 1.75 3.141592653589793 flow_4_18 0 5.0 2.0,1.75 123.7350000000002 1.5707963267948966 flow_2_16 0 5.0 2.0,5.25 -52.96499999999986 1.5707963267948966 flow_3_6 0 5.0 2.0,1.75 -219.665 1.5707963267948966 flow_2_17 0 5.0 2.0,18.789999999999965 1.75 3.141592653589793 flow_4_16 0 5.0 2.0,-299.0 -1.75 0.0 flow_6_18 0 5.0 2.0,31.192985457840054 1.75 3.141592653589793 flow_4_17 0 5.0 2.0,-5.25 52.96499999999986 -1.5707963267948966 flow_1_6 0 5.0 2.0,11.289999999999964 5.25 3.141592653589793 flow_5_6 0 5.0 2.0,-18.789999999999965 -1.75 0.0 flow_6_16 0 5.0 2.0,-1.75 -123.7350000000002 -1.5707963267948966 flow_0_16 0 5.0 2.0,-31.192985457840054 -1.75 0.0 flow_6_17 0 5.0 2.0,;HHL_QHDD_N r r,HHL_QHDD_S r r,HHL_QHDD_E r r,HHL_QHDD_W r r,
-1.75 202.995 -1.5707963267948966 flow_0_17 0 5.0 2.0,-11.289999999999964 -5.25 0.0 flow_7_6 0 5.0 2.0,11.289999999999964 1.75 3.141592653589793 flow_4_15 0 5.0 2.0,-11.289999999999964 -1.75 0.0 flow_6_15 0 5.0 2.0,296.0 1.75 3.141592653589793 flow_4_18 0 5.0 2.0,1.75 140.4050000000002 1.5707963267948966 flow_2_16 0 5.0 2.0,5.25 -37.961999999999878 1.5707963267948966 flow_3_6 0 5.0 2.0,1.75 -202.995 1.5707963267948966 flow_2_17 0 5.0 2.0,18.789999999999965 1.75 3.141592653589793 flow_4_16 0 5.0 2.0,-296.0 -1.75 0.0 flow_6_18 0 5.0 2.0,26.800179640976127 1.75 3.141592653589793 flow_4_17 0 5.0 2.0,-5.25 37.961999999999878 -1.5707963267948966 flow_1_6 0 5.0 2.0,11.289999999999964 5.25 3.141592653589793 flow_5_6 0 5.0 2.0,-18.789999999999965 -1.75 0.0 flow_6_16 0 5.0 2.0,-1.75 -140.4050000000002 -1.5707963267948966 flow_0_16 0 5.0 2.0,-26.800179640976127 -1.75 0.0 flow_6_17 0 5.0 2.0,;HHL_QHDD_N r r,HHL_QHDD_S r r,HHL_QHDD_E r r,HHL_QHDD_W r r,
-1.75 186.325 -1.5707963267948966 flow_0_17 0 5.0 2.0,-10.289999999999964 -5.25 0.0 flow_7_6 0 5.0 2.0,11.289999999999964 1.75 3.141592653589793 flow_4_15 0 5.0 2.0,-11.289999999999964 -1.75 0.0 flow_6_15 0 5.0 2.0,291.0 1.75 3.141592653589793 flow_4_18 0 5.0 2.0,1.75 157.07500000000023 1.5707963267948966 flow_2_16 0 5.0 2.0,5.25 -26.292999999999894 1.5707963267948966 flow_3_6 0 5.0 2.0,1.75 -186.325 1.5707963267948966 flow_2_17 0 5.0 2.0,18.789999999999965 1.75 3.141592653589793 flow_4_16 0 5.0 2.0,-291.0 -1.75 0.0 flow_6_18 0 5.0 2.0,26.289999999999908 1.75 3.141592653589793 flow_4_17 0 5.0 2.0,-5.25 26.292999999999894 -1.5707963267948966 flow_1_6 0 5.0 2.0,10.289999999999964 5.25 3.141592653589793 flow_5_6 0 5.0 2.0,-18.789999999999965 -1.75 0.0 flow_6_16 0 5.0 2.0,-1.75 -157.07500000000023 -1.5707963267948966 flow_0_16 0 5.0 2.0,-26.289999999999908 -1.75 0.0 flow_6_17 0 5.0 2.0,;HHL_QHDD_N r r,HHL_QHDD_S r r,HHL_QHDD_E g g,HHL_QHDD_W g g,
-1.75 169.65499999999998 -1.5707963267948966 flow_0_17 0 5.0 2.0,-2.2899999999999638 1.75 0.0 flow_7_6 0 5.0 2.0,11.289999999999964 1.75 3.141592653589793 flow_4_15 0 5.0 2.0,-11.289999999999964 -1.75 0.0 flow_6_15 0 5.0 2.0,284.0 1.75 3.141592653589793 flow_4_18 0 5.0 2.0,1.75 173.74500000000024 1.5707963267948966 flow_2_16 0 5.0 2.0,5.25 -17.957999999999914 1.5707963267948966 flow_3_6 0 5.0 2.0,1.75 -169.65499999999998 1.5707963267948966 flow_2_17 0 5.0 2.0,18.789999999999965 1.75 3.141592653589793 flow_4_16 0 5.0 2.0,-284.0 -1.75 0.0 flow_6_18 0 5.0 2.0,26.289999999999908 1.75 3.141592653589793 flow_4_17 0 5.0 2.0,-5.25 17.957999999999914 -1.5707963267948966 flow_1_6 0 5.0 2.0,2.2899999999999638 -1.75 3.141592653589793 flow_5_6 0 5.0 2.0,-18.789999999999965 -1.75 0.0 flow_6_16 0 5.0 2.0,-1.75 -173.74500000000024 -1.5707963267948966 flow_0_16 0 5.0 2.0,-26.289999999999908 -1.75 0.0 flow_6_17 0 5.0 2.0,;HHL_QHDD_N r r,HHL_QHDD_S r r,HHL_QHDD_E g g,HHL_QHDD_W g g,
-1.75 152.98499999999997 -1.5707963267948966 flow_0_17 0 5.0 2.0,1.2848105204249146 4.136076680789127 1.0768549578753155 flow_7_6 0 5.0 2.0,11.289999999999964 1.75 3.141592653589793 flow_4_15 0 5.0 2.0,-11.289999999999964 -1.75 0.0 flow_6_15 0 5.0 2.0,275.0 1.75 3.141592653589793 flow_4_18 0 5.0 2.0,1.75 190.41500000000026 1.5707963267948966 flow_2_16 0 5.0 2.0,5.25 -12.956999999999937 1.5707963267948966 flow_3_6 0 5.0 2.0,1.75 -152.98499999999997 1.5707963267948966 flow_2_17 0 5.0 2.0,18.789999999999965 1.75 3.141592653589793 flow_4_16 0 5.0 2.0,-275.0 -1.75 0.0 flow_6_18 0 5.0 2.0,26.289999999999908 1.75 3.141592653589793 flow_4_17 0 5.0 2.0,-5.25 12.956999999999937 -1.5707963267948966 flow_1_6 0 5.0 2.0,-1.2848105204249146 -4.136076680789127 -2.0647376957144778 flow_5_6 0 5.0 2.0,-18.789999999999965 -1.75 0.0 flow_6_16 0 5.0 2.0,-1.75 -190.41500000000026 -1.5707963267948966 flow_0_16 0 5.0 2.0,-26.289999999999908 -1.75 0.0 flow_6_17 0 5.0 2.0,;HHL_QHDD_N r r,HHL_QHDD_S r r,HHL_QHDD_E g g,HHL_QHDD_W g g,
-1.75 136.31499999999995 -1.5707963267948966 flow_0_17 0 5.0 2.0,1.75 16.018794234941688 1.5707963267948966 flow_7_6 0 5.0 2.0,10.289999999999964 1.75 3.141592653589793 flow_4_15 0 5.0 2.0,-10.289999999999964 -1.75 0.0 flow_6_15 0 5.0 2.0,264.0 1.75 3.141592653589793 flow_4_18 0 5.0 2.0,1.75 207.08500000000027 1.5707963267948966 flow_2_16 0 5.0 2.0,5.25 -11.289999999999964 1.5707963267948966 flow_3_6 0 5.0 2.0,1.75 -136.31499999999995 1.5707963267948966 flow_2_17 0 5.0 2.0,18.789999999999965 1.75 3.141592653589793 flow_4_16 0 5.0 2.0,-264.0 -1.75 0.0 flow_6_18 0 5.0 2.0,26.289999999999908 1.75 3.141592653589793 flow_4_17 0 5.0 2.0,-5.25 11.289999999999964 -1.5707963267948966 flow_1_6 0 5.0 2.0,-1.75 -16.018794234941688 -1.5707963267948966 flow_5_6 0 5.0 2.0,-18.789999999999965 -1.75 0.0 flow_6_16 0 5.0 2.0,-1.75 -207.08500000000027 -1.5707963267948966 flow_0_16 0 5.0 2.0,-26.289999999999908 -1.75 0.0 flow_6_17 0 5.0 2.0,;HHL_QHDD_N r r,HHL_QHDD_S r r,HHL_QHDD_E g g,HHL_QHDD_W g g,
-1.75 119.64499999999993 -1.5707963267948966 flow_0_17 0 5.0 2.0,1.75 25.018794234941688 1.5707963267948966 flow_7_6 0 5.0 2.0,2.2899999999999638 1.75 3.141592653589793 flow_4_15 0 5.0 2.0,-2.2899999999999638 -1.75 0.0 flow_6_15 0 5.0 2.0,251.0 1.75 3.141592653589793 flow_4_18 0 5.0 2.0,1.75 223.75500000000029 1.5707963267948966 flow_2_16 0 5.0 2.0,5.25 -11.289999999999964 1.5707963267948966 flow_3_6 0 5.0 2.0,1.75 -119.64499999999993 1.5707963267948966 flow_2_17 0 5.0 2.0,18.039999999999965 1.75 3.141592653589793 flow_4_16 0 5.0 2.0,-251.0 -1.75 0.0 flow_6_18 0 5.0 2.0,26.289999999999908 1.75 3.141592653589793 flow_4_17 0 5.0 2.0,-5.25 11.289999999999964 -1.5707963267948966 flow_1_6 0 5.0 2.0,-1.75 -25.018794234941688 -1.5707963267948966 flow_5_6 0 5.0 2.0,-18.039999999999965 -1.75 0.0 flow_6_16 0 5.0 2.0,-1.75 -223.75500000000029 -1.5707963267948966 flow_0_16 0 5.0 2.0,-26.289999999999908 -1.75 0.0 flow_6_17 0 5.0 2.0,;HHL_QHDD_N r r,HHL_QHDD_S r r,HHL_QHDD_E g g,HHL_QHDD_W g g,
-1.75 102.97499999999991 -1.5707963267948966 flow_0_17 0 5.0 2.0,1.75 36.01879423494169 1.5707963267948966 flow_7_6 0 5.0 2.0,-2.7100000000000366 1.75 3.141592653589793 flow_4_15 0 5.0 2.0,2.7100000000000366 -1.75 0.0 flow_6_15 0 5.0 2.0,236.0 1.75 3.141592653589793 flow_4_18 0 5.0 2.0,1.75 240.4250000000003 1.5707963267948966 flow_2_16 0 5.0 2.0,5.25 -11.289999999999964 1.5707963267948966 flow_3_6 0 5.0 2.0,1.75 -102.97499999999991 1.5707963267948966 flow_2_17 0 5.0 2.0,15.539999999999964 1.75 3.141592653589793 flow_4_16 0 5.0 2.0,-236.0 -1.75 0.0 flow_6_18 0 5.0 2.0,26.289999999999908 1.75 3.141592653589793 flow_4_17 0 5.0 2.0,-5.25 11.289999999999964 -1.5707963267948966 flow_1_6 0 5.0 2.0,-1.75 -36.01879423494169 -1.5707963267948966 flow_5_6 0 5.0 2.0,-15.539999999999964 -1.75 0.0 flow_6_16 0 5.0 2.0,-1.75 -240.4250000000003 -1.5707963267948966 flow_0_16 0 5.0 2.0,-26.289999999999908 -1.75 0.0 flow_6_17 0 5.0 2.0,;HHL_QHDD_N r r,HHL_QHDD_S r r,HHL_QHDD_E g g,HHL_QHDD_W g g,
-1.75 86.30499999999987 -1.5707963267948966 flow_0_17 0 5.0 2.0,1.75 49.01879423494169 1.5707963267948966 flow_7_6 0 5.0 2.0,-14.710000000000037 1.75 3.141592653589793 flow_4_15 0 5.0 2.0,14.710000000000037 -1.75 0.0 flow_6_15 0 5.0 2.0,219.665 1.75 3.141592653589793 flow_4_18 0 5.0 2.0,1.75 257.0950000000003 1.5707963267948966 flow_2_16 0 5.0 2.0,5.25 -11.289999999999964 1.5707963267948966 flow_3_6 0 5.0 2.0,1.75 -86.30499999999987 1.5707963267948966 flow_2_17 0 5.0 2.0,11.039999999999964 1.75 3.141592653589793 flow_4_16 0 5.0 2.0,-219.665 -1.75 0.0 flow_6_18 0 5.0 2.0,25.289999999999908 1.75 3.141592653589793 flow_4_17 0 5.0 2.0,-5.25 11.289999999999964 -1.5707963267948966 flow_1_6 0 5.0 2.0,-1.75 -49.01879423494169 -1.5707963267948966 flow_5_6 0 5.0 2.0,-11.039999999999964 -1.75 0.0 flow_6_16 0 5.0 2.0,-1.75 -257.0950000000003 -1.5707963267948966 flow_0_16 0 5.0 2.0,-25.289999999999908 -1.75 0.0 flow_6_17 0 5.0 2.0,;HHL_QHDD_N r r,HHL_QHDD_S r r,HHL_QHDD_E g g,HHL_QHDD_W g g,
-1.75 69.63499999999988 -1.5707963267948966 flow_0_17 0 5.0 2.0,1.75 64.01879423494168 1.5707963267948966 flow_7_6 0 5.0 2.0,-23.710000000000038 1.75 3.141592653589793 flow_4_15 0 5.0 2.0,23.710000000000038 -1.75 0.0 flow_6_15 0 5.0 2.0,202.995 1.75 3.141592653589793 flow_4_18 0 5.0 2.0,1.75 273.7650000000003 1.5707963267948966 flow_2_16 0 5.0 2.0,5.25 -11.289999999999964 1.5707963267948966 flow_3_6 0 5.0 2.0,1.75 -69.63499999999988 1.5707963267948966 flow_2_17 0 5.0 2.0,-0.4600000000000364 1.75 3.141592653589793 flow_4_16 0 5.0 2.0,-202.995 -1.75 0.0 flow_6_18 0 5.0 2.0,22.289999999999908 1.75 3.141592653589793 flow_4_17 0 5.0 2.0,-5.25 11.289999999999964 -1.5707963267948966 flow_1_6 0 5.0 2.0,-1.75 -64.01879423494168 -1.5707963267948966 flow_5_6 0 5.0 2.0,0.4600000000000364 -1.75 0.0 flow_6_16 0 5.0 2.0,-1.75 -273.7650000000003 -1.5707963267948966 flow_0_16 0 5.0 2.0,-22.289999999999908 -1.75 0.0 flow_6_17 0 5.0 2.0,;HHL_QHDD_N r r,HHL_QHDD_S r r,HHL_QHDD_E g g,HHL_QHDD_W g g,
-1.75 52.96499999999986 -1.5707963267948966 flow_0_17 0 5.0 2.0,1.75 80.35379423494169 1.5707963267948966 flow_7_6 0 5.0 2.0,-34.710000000000039 1.75 3.141592653589793 flow_4_15 0 5.0 2.0,34.710000000000039 -1.75 0.0 flow_6_15 0 5.0 2.0,186.325 1.75 3.141592653589793 flow_4_18 0 5.0 2.0,1.75 290.43500000000037 1.5707963267948966 flow_2_16 0 5.0 2.0,5.25 -11.289999999999964 1.5707963267948966 flow_3_6 0 5.0 2.0,1.75 -52.96499999999986 1.5707963267948966 flow_2_17 0 5.0 2.0,-13.960000000000037 1.75 3.141592653589793 flow_4_16 0 5.0 2.0,-186.325 -1.75 0.0 flow_6_18 0 5.0 2.0,17.289999999999908 1.75 3.141592653589793 flow_4_17 0 5.0 2.0,-5.25 11.289999999999964 -1.5707963267948966 flow_1_6 0 5.0 2.0,-1.75 -80.35379423494169 -1.5707963267948966 flow_5_6 0 5.0 2.0,13.960000000000037 -1.75 0.0 flow_6_16 0 5.0 2.0,-1.75 -290.43500000000037 -1.5707963267948966 flow_0_16 0 5.0 2.0,-17.289999999999908 -1.75 0.0 flow_6_17 0 5.0 2.0,;HHL_QHDD_N r r,HHL_QHDD_S r r,HHL_QHDD_E g g,HHL_QHDD_W g g,
-1.75 37.961999999999878 -1.5707963267948966 flow_0_17 0 5.0 2.0,1.75 97.02379423494169 1.5707963267948966 flow_7_6 0 5.0 2.0,-47.710000000000039 1.75 3.141592653589793 flow_4_15 0 5.0 2.0,47.710000000000039 -1.75 0.0 flow_6_15 0 5.0 2.0,169.65499999999998 1.75 3.141592653589793 flow_4_18 0 5.0 2.0,5.25 -11.289999999999964 1.5707963267948966 flow_3_6 0 5.0 2.0,1.75 -37.961999999999878 1.5707963267948966 flow_2_17 0 5.0 2.0,-24.460000000000038 1.75 3.141592653589793 flow_4_16 0 5.0 2.0,-169.65499999999998 -1.75 0.0 flow_6_18 0 5.0 2.0,10.289999999999907 1.75 3.141592653589793 flow_4_17 0 5.0 2.0,-5.25 11.289999999999964 -1.5707963267948966 flow_1_6 0 5.0 2.0,-1.75 -97.02379423494169 -1.5707963267948966 flow_5_6 0 5.0 2.0,24.460000000000038 -1.75 0.0 flow_6_16 0 5.0 2.0,-10.289999999999907 -1.75 0.0 flow_6_17 0 5.0 2.0,;HHL_QHDD_N r r,HHL_QHDD_S r r,HHL_QHDD_E g g,HHL_QHDD_W g g,
-1.75 26.292999999999894 -1.5707963267948966 flow_0_17 0 5.0 2.0,1.75 113.69379423494169 1.5707963267948966 flow_7_6 0 5.0 2.0,-62.710000000000039 1.75 3.141592653589793 flow_4_15 0 5.0 2.0,62.710000000000039 -1.75 0.0 flow_6_15 0 5.0 2.0,152.98499999999997 1.75 3.141592653589793 flow_4_18 0 5.0 2.0,1.75 -299.0 1.5707963267948966 flow_2_18 0 5.0 2.0,5.25 -11.289999999999964 1.5707963267948966 flow_3_6 0 5.0 2.0,1.75 -26.292999999999894 1.5707963267948966 flow_2_17 0 5.0 2.0,-36.835000000000039 1.75 3.141592653589793 flow_4_16 0 5.0 2.0,-152.98499999999997 -1.75 0.0 flow_6_18 0 5.0 2.0,-3.7100000000000934 1.75 3.141592653589793 flow_4_17 0 5.0 2.0,-5.25 11.289999999999964 -1.5707963267948966 flow_1_6 0 5.0 2.0,-1.75 -113.69379423494169 -1.5707963267948966 flow_5_6 0 5.0 2.0,36.835000000000039 -1.75 0.0 flow_6_16 0 5.0 2.0,-1.75 299.0 -1.5707963267948966 flow_0_18 0 5.0 2.0,3.7100000000000934 -1.75 0.0 flow_6_17 0 5.0 2.0,;HHL_QHDD_N r r,HHL_QHDD_S r r,HHL_QHDD_E g g,HHL_QHDD_W g g,
-1.75 17.957999999999914 -1.5707963267948966 flow_0_17 0 5.0 2.0,1.75 130.36379423494169 1.5707963267948966 flow_7_6 0 5.0 2.0,-79.04500000000005 1.75 3.141592653589793 flow_4_15 0 5.0 2.0,79.04500000000005 -1.75 0.0 flow_6_15 0 5.0 2.0,136.31499999999995 1.75 3.141592653589793 flow_4_18 0 5.0 2.0,1.75 -296.0 1.5707963267948966 flow_2_18 0 5.0 2.0,5.25 -11.289999999999964 1.5707963267948966 flow_3_6 0 5.0 2.0,1.75 -17.957999999999914 1.5707963267948966 flow_2_17 0 5.0 2.0,-51.02250000000004 1.75 3.141592653589793 flow_4_16 0 5.0 2.0,-136.31499999999995 -1.75 0.0 flow_6_18 0 5.0 2.0,-19.710000000000094 1.75 3.141592653589793 flow_4_17 0 5.0 2.0,-5.25 11.289999999999964 -1.5707963267948966 flow_1_6 0 5.0 2.0,-1.75 -130.36379423494169 -1.5707963267948966 flow_5_6 0 5.0 2.0,51.02250000000004 -1.75 0.0 flow_6_16 0 5.0 2.0,-1.75 296.0 -1.5707963267948966 flow_0_18 0 5.0 2.0,19.710000000000094 -1.75 0.0 flow_6_17 0 5.0 2.0,;HHL_QHDD_N r r,HHL_QHDD_S r r,HHL_QHDD_E g g,HHL_QHDD_W g g,
-1.75 12.956999999999937 -1.5707963267948966 flow_0_17 0 5.0 2.0,1.75 147.0337942349417 1.5707963267948966 flow_7_6 0 5.0 2.0,-95.71500000000005 1.75 3.141592653589793 flow_4_15 0 5.0 2.0,95.71500000000005 -1.75 0.0 flow_6_15 0 5.0 2.0,119.64499999999993 1.75 3.141592653589793 flow_4_18 0 5.0 2.0,1.75 -291.0 1.5707963267948966 flow_2_18 0 5.0 2.0,5.25 -11.289999999999964 1.5707963267948966 flow_3_6 0 5.0 2.0,1.75 -12.956999999999937 1.5707963267948966 flow_2_17 0 5.0 2.0,-66.61750000000004 1.75 3.141592653589793 flow_4_16 0 5.0 2.0,-119.64499999999993 -1.75 0.0 flow_6_18 0 5.0 2.0,-32.71000000000009 1.75 3.141592653589793 flow_4_17 0 5.0 2.0,-5.25 11.289999999999964 -1.5707963267948966 flow_1_6 0 5.0 2.0,-1.75 -147.0337942349417 -1.5707963267948966 flow_5_6 0 5.0 2.0,66.61750000000004 -1.75 0.0 flow_6_16 0 5.0 2.0,-1.75 291.0 -1.5707963267948966 flow_0_18 0 5.0 2.0,32.71000000000009 -1.75 0.0 flow_6_17 0 5.0 2.0,;HHL_QHDD_N r r,HHL_QHDD_S r r,HHL_QHDD_E g g,HHL_QHDD_W g g,
-1.75 11.289999999999964 -1.5707963267948966 flow_0_17 0 5.0 2.0,1.75 163.7037942349417 1.5707963267948966 flow_7_6 0 5.0 2.0,-112.38500000000005 1.75 3.141592653589793 flow_4_15 0 5.0 2.0,112.38500000000005 -1.75 0.0 flow_6_15 0 5.0 2.0,102.97499999999991 1.75 3.141592653589793 flow_4_18 0 5.0 2.0,1.75 -284.0 1.5707963267948966 flow_2_18 0 5.0 2.0,5.25 -11.289999999999964 1.5707963267948966 flow_3_6 0 5.0 2.0,1.75 -11.289999999999964 1.5707963267948966 flow_2_17 0 5.0 2.0,-82.83375000000004 1.75 3.141592653589793 flow_4_16 0 5.0 2.0,-102.97499999999991 -1.75 0.0 flow_6_18 0 5.0 2.0,-47.71000000000009 1.75 3.141592653589793 flow_4_17 0 5.0 2.0,-5.25 11.289999999999964 -1.5707963267948966 flow_1_6 0 5.0 2.0,-1.75 -163.7037942349417 -1.5707963267948966 flow_5_6 0 5.0 2.0,82.83375000000004 -1.75 0.0 flow_6_16 0 5.0 2.0,-1.75 284.0 -1.5707963267948966 flow_0_18 0 5.0 2.0,47.71000000000009 -1.75 0.0 flow_6_17 0 5.0 2.0,;HHL_QHDD_N r r,HHL_QHDD_S r r,HHL_QHDD_E g g,HHL_QHDD_W g g,
-1.75 11.289999999999964 -1.5707963267948966 flow_0_17 0 5.0 2.0,1.75 180.37379423494174 1.5707963267948966 flow_7_6 0 5.0 2.0,-129.05500000000007 1.75 3.141592653589793 flow_4_15 0 5.0 2.0,129.05500000000007 -1.75 0.0 flow_6_15 0 5.0 2.0,86.30499999999987 1.75 3.141592653589793 flow_4_18 0 5.0 2.0,1.75 -275.0 1.5707963267948966 flow_2_18 0 5.0 2.0,5.25 -11.289999999999964 1.5707963267948966 flow_3_6 0 5.0 2.0,1.75 -11.289999999999964 1.5707963267948966 flow_2_17 0 5.0 2.0,-99.27687500000005 1.75 3.141592653589793 flow_4_16 0 5.0 2.0,-86.30499999999987 -1.75 0.0 flow_6_18 0 5.0 2.0,-64.0450000000001 1.75 3.141592653589793 flow_4_17 0 5.0 2.0,-5.25 11.289999999999964 -1.5707963267948966 flow_1_6 0 5.0 2.0,-1.75 -180.37379423494174 -1.5707963267948966 flow_5_6 0 5.0 2.0,99.27687500000005 -1.75 0.0 flow_6_16 0 5.0 2.0,-1.75 275.0 -1.5707963267948966 flow_0_18 0 5.0 2.0,64.0450000000001 -1.75 0.0 flow_6_17 0 5.0 2.0,;HHL_QHDD_N r r,HHL_QHDD_S r r,HHL_QHDD_E g g,HHL_QHDD_W g g,
-1.75 11.289999999999964 -1.5707963267948966 flow_0_17 0 5.0 2.0,1.75 197.04379423494175 1.5707963267948966 flow_7_6 0 5.0 2.0,-145.72500000000006 1.75 3.141592653589793 flow_4_15 0 5.0 2.0,145.72500000000006 -1.75 0.0 flow_6_15 0 5.0 2.0,69.63499999999988 1.75 3.141592653589793 flow_4_18 0 5.0 2.0,1.75 -264.0 1.5707963267948966 flow_2_18 0 5.0 2.0,5.25 -11.289999999999964 1.5707963267948966 flow_3_6 0 5.0 2.0,1.75 -11.289999999999964 1.5707963267948966 flow_2_17 0 5.0 2.0,-115.83343750000005 1.75 3.141592653589793 flow_4_16 0 5.0 2.0,-69.63499999999988 -1.75 0.0 flow_6_18 0 5.0 2.0,-80.71500000000009 1.75 3.141592653589793 flow_4_17 0 5.0 2.0,-5.25 11.289999999999964 -1.5707963267948966 flow_1_6 0 5.0 2.0,-1.75 -197.04379423494175 -1.5707963267948966 flow_5_6 0 5.0 2.0,115.83343750000005 -1.75 0.0 flow_6_16 0 5.0 2.0,-1.75 264.0 -1.5707963267948966 flow_0_18 0 5.0 2.0,80.71500000000009 -1.75 0.0 flow_6_17 0 5.0 2.0,;HHL_QHDD_N r r,HHL_QHDD_S r r,HHL_QHDD_E g g,HHL_QHDD_W g g,
-1.75 11.289999999999964 -1.5707963267948966 flow_0_17 0 5.0 2.0,1.75 213.71379423494177 1.5707963267948966 flow_7_6 0 5.0 2.0,-162.395 1.75 3.141592653589793 flow_4_15 0 5.0 2.0,162.395 -1.75 0.0 flow_6_15 0 5.0 2.0,52.96499999999986 1.75 3.141592653589793 flow_4_18 0 5.0 2.0,1.75 -251.0 1.5707963267948966 flow_2_18 0 5.0 2.0,5.25 -11.289999999999964 1.5707963267948966 flow_3_6 0 5.0 2.0,1.75 -11.289999999999964 1.5707963267948966 flow_2_17 0 5.0 2.0,-132.44671875000004 1.75 3.141592653589793 flow_4_16 0 5.0 2.0,-52.96499999999986 -1.75 0.0 flow_6_18 0 5.0 2.0,-97.38500000000009 1.75 3.141592653589793 flow_4_17 0 5.0 2.0,-5.25 11.289999999999964 -1.5707963267948966 flow_1_6 0 5.0 2.0,-1.75 -213.71379423494177 -1.5707963267948966 flow_5_6 0 5.0 2.0,132.44671875000004 -1.75 0.0 flow_6_16 0 5.0 2.0,-1.75 251.0 -1.5707963267948966 flow_0_18 0 5.0 2.0,97.38500000000009 -1.75 0.0 flow_6_17 0 5.0 2.0,;HHL_QHDD_N r r,HHL_QHDD_S r r,HHL_QHDD_E g g,HHL_QHDD_W g g,
-1.75 11.289999999999964 -1.5707963267948966 flow_0_17 0 5.0 2.0,1.75 230.38379423494178 1.5707963267948966 flow_7_6 0 5.0 2.0,299.0 1.75 3.141592653589793 flow_4_19 0 5.0 2.0,-299.0 -1.75 0.0 flow_6_19 0 5.0 2.0,-179.06500000000006 1.75 3.141592653589793 flow_4_15 0 5.0 2.0,179.06500000000006 -1.75 0.0 flow_6_15 0 5.0 2.0,36.294999999999848 1.75 3.141592653589793 flow_4_18 0 5.0 2.0,1.75 -236.0 1.5707963267948966 flow_2_18 0 5.0 2.0,5.25 -11.289999999999964 1.5707963267948966 flow_3_6 0 5.0 2.0,1.75 -11.289999999999964 1.5707963267948966 flow_2_17 0 5.0 2.0,-149.08835937500005 1.75 3.141592653589793 flow_4_16 0 5.0 2.0,-36.294999999999848 -1.75 0.0 flow_6_18 0 5.0 2.0,-114.05500000000009 1.75 3.141592653589793 flow_4_17 0 5.0 2.0,-5.25 11.289999999999964 -1.5707963267948966 flow_1_6 0 5.0 2.0,-1.75 -230.38379423494178 -1.5707963267948966 flow_5_6 0 5.0 2.0,149.08835937500005 -1.75 0.0 flow_6_16 0 5.0 2.0,-1.75 236.0 -1.5707963267948966 flow_0_18 0 5.0 2.0,114.05500000000009 -1.75 0.0 flow_6_17 0 5.0 2.0,;HHL_QHDD_N r r,HHL_QHDD_S r r,HHL_QHDD_E g g,HHL_QHDD_W g g,
-1.75 11.289999999999964 -1.5707963267948966 flow_0_17 0 5.0 2.0,1.75 247.0537942349418 1.5707963267948966 flow_7_6 0 5.0 2.0,296.0 1.75 3.141592653589793 flow_4_19 0 5.0 2.0,-296.0 -1.75 0.0 flow_6_19 0 5.0 2.0,-195.73500000000008 1.75 3.141592653589793 flow_4_15 0 5.0 2.0,195.73500000000008 -1.75 0.0 flow_6_15 0 5.0 2.0,19.62499999999983 1.75 3.141592653589793 flow_4_18 0 5.0 2.0,1.75 -219.665 1.5707963267948966 flow_2_18 0 5.0 2.0,5.25 -11.289999999999964 1.5707963267948966 flow_3_6 0 5.0 2.0,1.75 -11.289999999999964 1.5707963267948966 flow_2_17 0 5.0 2.0,-165.74417968750005 1.75 3.141592653589793 flow_4_16 0 5.0 2.0,-19.62499999999983 -1.75 0.0 flow_6_18 0 5.0 2.0,-130.72500000000009 1.75 3.141592653589793 flow_4_17 0 5.0 2.0,-5.25 11.289999999999964 -1.5707963267948966 flow_1_6 0 5.0 2.0,-1.75 -247.0537942349418 -1.5707963267948966 flow_5_6 0 5.0 2.0,165.74417968750005 -1.75 0.0 flow_6_16 0 5.0 2.0,-1.75 219.665 -1.5707963267948966 flow_0_18 0 5.0 2.0,130.72500000000009 -1.75 0.0 flow_6_17 0 5.0 2.0,;HHL_QHDD_N r r,HHL_QHDD_S r r,HHL_QHDD_E g g,HHL_QHDD_W g g,
-1.75 11.289999999999964 -1.5707963267948966 flow_0_17 0 5.0 2.0,1.75 263.7237942349418 1.5707963267948966 flow_7_6 0 5.0 2.0,291.0 1.75 3.141592653589793 flow_4_19 0 5.0 2.0,-291.0 -1.75 0.0 flow_6_19 0 5.0 2.0,-212.4050000000001 1.75 3.141592653589793 flow_4_15 0 5.0 2.0,212.4050000000001 -1.75 0.0 flow_6_15 0 5.0 2.0,-2.0450000000001866 1.75 3.141592653589793 flow_4_18 0 5.0 2.0,1.75 -202.995 1.5707963267948966 flow_2_18 0 5.0 2.0,5.25 -11.289999999999964 1.5707963267948966 flow_3_6 0 5.0 2.0,1.75 -11.289999999999964 1.5707963267948966 flow_2_17 0 5.0 2.0,-182.40708984375005 1.75 3.141592653589793 flow_4_16 0 5.0 2.0,2.0450000000001866 -1.75 0.0 flow_6_18 0 5.0 2.0,-147.3950000000001 1.75 3.141592653589793 flow_4_17 0 5.0 2.0,-5.25 11.289999999999964 -1.5707963267948966 flow_1_6 0 5.0 2.0,-1.75 -263.7237942349418 -1.5707963267948966 flow_5_6 0 5.0 2.0,182.40708984375005 -1.75 0.0 flow_6_16 0 5.0 2.0,-1.75 202.995 -1.5707963267948966 flow_0_18 0 5.0 2.0,147.3950000000001 -1.75 0.0 flow_6_17 0 5.0 2.0,;HHL_QHDD_N r r,HHL_QHDD_S r r,HHL_QHDD_E r r,HHL_QHDD_W r r,
-1.75 11.289999999999964 -1.5707963267948966 flow_0_17 0 5.0 2.0,1.75 280.3937942349418 1.5707963267948966 flow_7_6 0 5.0 2.0,284.0 1.75 3.141592653589793 flow_4_19 0 5.0 2.0,-284.0 -1.75 0.0 flow_6_19 0 5.0 2.0,-229.0750000000001 1.75 3.141592653589793 flow_4_15 0 5.0 2.0,229.0750000000001 -1.75 0.0 flow_6_15 0 5.0 2.0,-23.715000000000189 1.75 3.141592653589793 flow_4_18 0 5.0 2.0,1.75 -186.325 1.5707963267948966 flow_2_18 0 5.0 2.0,5.25 -11.289999999999964 1.5707963267948966 flow_3_6 0 5.0 2.0,1.75 -11.289999999999964 1.5707963267948966 flow_2_17 0 5.0 2.0,-199.07354492187506 1.75 3.141592653589793 flow_4_16 0 5.0 2.0,23.715000000000189 -1.75 0.0 flow_6_18 0 5.0 2.0,-164.0650000000001 1.75 3.141592653589793 flow_4_17 0 5.0 2.0,-5.25 11.289999999999964 -1.5707963267948966 flow_1_6 0 5.0 2.0,-1.75 -280.3937942349418 -1.5707963267948966 flow_5_6 0 5.0 2.0,199.07354492187506 -1.75 0.0 flow_6_16 0 5.0 2.0,-1.75 186.325 -1.5707963267948966 flow_0_18 0 5.0 2.0,164.0650000000001 -1.75 0.0 flow_6_17 0 5.0 2.0,;HHL_QHDD_N r r,HHL_QHDD_S r r,HHL_QHDD_E r r,HHL_QHDD_W r r,
-1.75 11.289999999999964 -1.5707963267948966 flow_0_17 0 5.0 2.0,1.75 297.06379423494186 1.5707963267948966 flow_7_6 0 5.0 2.0,275.0 1.75 3.141592653589793 flow_4_19 0 5.0 2.0,-275.0 -1.75 0.0 flow_6_19 0 5.0 2.0,-245.74500000000013 1.75 3.141592653589793 flow_4_15 0 5.0 2.0,245.74500000000013 -1.75 0.0 flow_6_15 0 5.0 2.0,-40.38500000000019 1.75 3.141592653589793 flow_4_18 0 5.0 2.0,1.75 -169.65499999999998 1.5707963267948966 flow_2_18 0 5.0 2.0,5.25 -11.289999999999964 1.5707963267948966 flow_3_6 0 5.0 2.0,1.75 -11.289999999999964 1.5707963267948966 flow_2_17 0 5.0 2.0,-215.74177246093758 1.75 3.141592653589793 flow_4_16 0 5.0 2.0,40.38500000000019 -1.75 0.0 flow_6_18 0 5.0 2.0,-180.73500000000014 1.75 3.141592653589793 flow_4_17 0 5.0 2.0,-5.25 11.289999999999964 -1.5707963267948966 flow_1_6 0 5.0 2.0,-1.75 -297.06379423494186 -1.5707963267948966 flow_5_6 0 5.0 2.0,215.74177246093758 -1.75 0.0 flow_6_16 0 5.0 2.0,-1.75 169.65499999999998 -1.5707963267948966 flow_0_18 0 5.0 2.0,180.73500000000014 -1.75 0.0 flow_6_17 0 5.0 2.0,;HHL_QHDD_N r r,HHL_QHDD_S r r,HHL_QHDD_E r r,HHL_QHDD_W r r,
-1.75 11.289999999999964 -1.5707963267948966 flow_0_17 0 5.0 2.0,264.0 1.75 3.141592653589793 flow_4_19 0 5.0 2.0,299.0 5.25 3.141592653589793 flow_5_7 0 5.0 2.0,-264.0 -1.75 0.0 flow_6_19 0 5.0 2.0,-262.41500000000016 1.75 3.141592653589793 flow_4_15 0 5.0 2.0,262.41500000000016 -1.75 0.0 flow_6_15 0 5.0 2.0,-57.05500000000019 1.75 3.141592653589793 flow_4_18 0 5.0 2.0,1.75 -152.98499999999997 1.5707963267948966 flow_2_18 0 5.0 2.0,5.25 -10.289999999999964 1.5707963267948966 flow_3_6 0 5.0 2.0,1.75 -11.289999999999964 1.5707963267948966 flow_2_17 0 5.0 2.0,-232.41088623046887 1.75 3.141592653589793 flow_4_16 0 5.0 2.0,57.05500000000019 -1.75 0.0 flow_6_18 0 5.0 2.0,-197.40500000000015 1.75 3.141592653589793 flow_4_17 0 5.0 2.0,-5.25 10.289999999999964 -1.5707963267948966 flow_1_6 0 5.0 2.0,232.41088623046887 -1.75 0.0 flow_6_16 0 5.0 2.0,-299.0 -5.25 0.0 flow_7_7 0 5.0 2.0,-1.75 152.98499999999997 -1.5707963267948966 flow_0_18 0 5.0 2.0,197.40500000000015 -1.75 0.0 flow_6_17 0 5.0 2.0,;HHL_QHDD_N g g,HHL_QHDD_S g g,HHL_QHDD_E r r,HHL_QHDD_W r r,
-1.75 11.289999999999964 -1.5707963267948966 flow_0_17 0 5.0 2.0,251.0 1.75 3.141592653589793 flow_4_19 0 5.0 2.0,296.0 5.25 3.141592653589793 flow_5_7 0 5.0 2.0,-251.0 -1.75 0.0 flow_6_19 0 5.0 2.0,-279.08500000000017 1.75 3.141592653589793 flow_4_15 0 5.0 2.0,279.08500000000017 -1.75 0.0 flow_6_15 0 5.0 2.0,-73.7250000000002 1.75 3.141592653589793 flow_4_18 0 5.0 2.0,1.75 -136.31499999999995 1.5707963267948966 flow_2_18 0 5.0 2.0,-1.75 -2.2899999999999638 1.5707963267948966 flow_3_6 0 5.0 2.0,1.75 -11.289999999999964 1.5707963267948966 flow_2_17 0 5.0 2.0,-249.0804431152345 1.75 3.141592653589793 flow_4_16 0 5.0 2.0,73.7250000000002 -1.75 0.0 flow_6_18 0 5.0 2.0,-214.07500000000017 1.75 3.141592653589793 flow_4_17 0 5.0 2.0,1.75 2.2899999999999638 -1.5707963267948966 flow_1_6 0 5.0 2.0,249.0804431152345 -1.75 0.0 flow_6_16 0 5.0 2.0,-296.0 -5.25 0.0 flow_7_7 0 5.0 2.0,-1.75 136.31499999999995 -1.5707963267948966 flow_0_18 0 5.0 2.0,214.07500000000017 -1.75 0.0 flow_6_17 0 5.0 2.0,;HHL_QHDD_N g g,HHL_QHDD_S g g,HHL_QHDD_E r r,HHL_QHDD_W r r,
-1.75 11.289999999999964 -1.5707963267948966 flow_0_17 0 5.0 2.0,236.0 1.75 3.141592653589793 flow_4_19 0 5.0 2.0,291.0 5.25 3.141592653589793 flow_5_7 0 5.0 2.0,-236.0 -1.75 0.0 flow_6_19 0 5.0 2.0,-295.75500000000019 1.75 3.141592653589793 flow_4_15 0 5.0 2.0,295.75500000000019 -1.75 0.0 flow_6_15 0 5.0 2.0,-90.3950000000002 1.75 3.141592653589793 flow_4_18 0 5.0 2.0,1.75 -119.64499999999993 1.5707963267948966 flow_2_18 0 5.0 2.0,-4.136076680789127 1.2848105204249146 2.647651284670212 flow_3_6 0 5.0 2.0,1.75 -11.289999999999964 1.5707963267948966 flow_2_17 0 5.0 2.0,-265.75022155761737 1.75 3.141592653589793 flow_4_16 0 5.0 2.0,90.3950000000002 -1.75 0.0 flow_6_18 0 5.0 2.0,-230.74500000000018 1.75 3.141592653589793 flow_4_17 0 5.0 2.0,4.136076680789127 -1.2848105204249146 -0.4939413689195812 flow_1_6 0 5.0 2.0,265.75022155761737 -1.75 0.0 flow_6_16 0 5.0 2.0,-291.0 -5.25 0.0 flow_7_7 0 5.0 2.0,-1.75 119.64499999999993 -1.5707963267948966 flow_0_18 0 5.0 2.0,230.74500000000018 -1.75 0.0 flow_6_17 0 5.0 2.0,;HHL_QHDD_N g g,HHL_QHDD_S g g,HHL_QHDD_E r r,HHL_QHDD_W r r,
-1.75 10.289999999999964 -1.5707963267948966 flow_0_17 0 5.0 2.0,219.665 1.75 3.141592653589793 flow_4_19 0 5.0 2.0,284.0 5.25 3.141592653589793 flow_5_7 0 5.0 2.0,-219.665 -1.75 0.0 flow_6_19 0 5.0 2.0,-107.0650000000002 1.75 3.141592653589793 flow_4_18 0 5.0 2.0,1.75 -102.97499999999991 1.5707963267948966 flow_2_18 0 5.0 2.0,-16.018794234941688 1.75 3.141592653589793 flow_3_6 0 5.0 2.0,1.75 -10.289999999999964 1.5707963267948966 flow_2_17 0 5.0 2.0,-282.42011077880877 1.75 3.141592653589793 flow_4_16 0 5.0 2.0,107.0650000000002 -1.75 0.0 flow_6_18 0 5.0 2.0,-247.4150000000002 1.75 3.141592653589793 flow_4_17 0 5.0 2.0,16.018794234941688 -1.75 0.0 flow_1_6 0 5.0 2.0,282.42011077880877 -1.75 0.0 flow_6_16 0 5.0 2.0,-284.0 -5.25 0.0 flow_7_7 0 5.0 2.0,-1.75 102.97499999999991 -1.5707963267948966 flow_0_18 0 5.0 2.0,247.4150000000002 -1.75 0.0 flow_6_17 0 5.0 2.0,;HHL_QHDD_N g g,HHL_QHDD_S g g,HHL_QHDD_E r r,HHL_QHDD_W r r,
-1.75 2.2899999999999638 -1.5707963267948966 flow_0_17 0 5.0 2.0,202.995 1.75 3.141592653589793 flow_4_19 0 5.0 2.0,275.0 5.25 3.141592653589793 flow_5_7 0 5.0 2.0,-202.995 -1.75 0.0 flow_6_19 0 5.0 2.0,-123.7350000000002 1.75 3.141592653589793 flow_4_18 0 5.0 2.0,1.75 -86.30499999999987 1.5707963267948966 flow_2_18 0 5.0 2.0,-25.018794234941688 1.75 3.141592653589793 flow_3_6 0 5.0 2.0,1.75 -2.2899999999999638 1.5707963267948966 flow_2_17 0 5.0 2.0,-299.0900738525392 1.75 3.141592653589793 flow_4_16 0 5.0 2.0,123.7350000000002 -1.75 0.0 flow_6_18 0 5.0 2.0,-264.0850000000002 1.75 3.141592653589793 flow_4_17 0 5.0 2.0,25.018794234941688 -1.75 0.0 flow_1_6 0 5.0 2.0,299.0900738525392 -1.75 0.0 flow_6_16 0 5.0 2.0,-275.0 -5.25 0.0 flow_7_7 0 5.0 2.0,-1.75 86.30499999999987 -1.5707963267948966 flow_0_18 0 5.0 2.0,264.0850000000002 -1.75 0.0 flow_6_17 0 5.0 2.0,;HHL_QHDD_N g g,HHL_QHDD_S g g,HHL_QHDD_E r r,HHL_QHDD_W r r,
-1.75 -2.7100000000000366 -1.5707963267948966 flow_0_17 0 5.0 2.0,186.325 1.75 3.141592653589793 flow_4_19 0 5.0 2.0,264.0 5.25 3.141592653589793 flow_5_7 0 5.0 2.0,-186.325 -1.75 0.0 flow_6_19 0 5.0 2.0,-140.4050000000002 1.75 3.141592653589793 flow_4_18 0 5.0 2.0,1.75 -69.63499999999988 1.5707963267948966 flow_2_18 0 5.0 2.0,-36.01879423494169 1.75 3.141592653589793 flow_3_6 0 5.0 2.0,1.75 2.7100000000000366 1.5707963267948966 flow_2_17 0 5.0 2.0,140.4050000000002 -1.75 0.0 flow_6_18 0 5.0 2.0,-280.7550000000002 1.75 3.141592653589793 flow_4_17 0 5.0 2.0,36.01879423494169 -1.75 0.0 flow_1_6 0 5.0 2.0,-264.0 -5.25 0.0 flow_7_7 0 5.0 2.0,-1.75 69.63499999999988 -1.5707963267948966 flow_0_18 0 5.0 2.0,280.7550000000002 -1.75 0.0 flow_6_17 0 5.0 2.0,;HHL_QHDD_N g g,HHL_QHDD_S g g,HHL_QHDD_E r r,HHL_QHDD_W r r,
-1.75 -14.710000000000037 -1.5707963267948966 flow_0_17 0 5.0 2.0,169.65499999999998 1.75 3.141592653589793 flow_4_19 0 5.0 2.0,251.0 5.25 3.141592653589793 flow_5_7 0 5.0 2.0,-169.65499999999998 -1.75 0.0 flow_6_19 0 5.0 2.0,-157.07500000000023 1.75 3.141592653589793 flow_4_18 0 5.0 2.0,1.75 -52.96499999999986 1.5707963267948966 flow_2_18 0 5.0 2.0,-49.01879423494169 1.75 3.141592653589793 flow_3_6 0 5.0 2.0,1.75 14.710000000000037 1.5707963267948966 flow_2_17 0 5.0 2.0,157.07500000000023 -1.75 0.0 flow_6_18 0 5.0 2.0,-297.42500000000026 1.75 3.141592653589793 flow_4_17 0 5.0 2.0,49.01879423494169 -1.75 0.0 flow_1_6 0 5.0 2.0,-251.0 -5.25 0.0 flow_7_7 0 5.0 2.0,-1.75 52.96499999999986 -1.5707963267948966 flow_0_18 0 5.0 2.0,297.42500000000026 -1.75 0.0 flow_6_17 0 5.0 2.0,;HHL_QHDD_N g g,HHL_QHDD_S g g,HHL_QHDD_E r r,HHL_QHDD_W r r,
-1.75 -23.710000000000038 -1.5707963267948966 flow_0_17 0 5.0 2.0,152.98499999999997 1.75 3.141592653589793 flow_4_19 0 5.0 2.0,236.0 5.25 3.141592653589793 flow_5_7 0 5.0 2.0,-152.98499999999997 -1.75 0.0 flow_6_19 0 5.0 2.0,-173.74500000000024 1.75 3.141592653589793 flow_4_18 0 5.0 2.0,1.75 -36.294999999999848 1.5707963267948966 flow_2_18 0 5.0 2.0,-64.01879423494168 1.75 3.141592653589793 flow_3_6 0 5.0 2.0,1.75 23.710000000000038 1.5707963267948966 flow_2_17 0 5.0 2.0,173.74500000000024 -1.75 0.0 flow_6_18 0 5.0 2.0,64.01879423494168 -1.75 0.0 flow_1_6 0 5.0 2.0,-236.0 -5.25 0.0 flow_7_7 0 5.0 2.0,-1.75 36.294999999999848 -1.5707963267948966 flow_0_18 0 5.0 2.0,;HHL_QHDD_N g g,HHL_QHDD_S g g,HHL_QHDD_E r r,HHL_QHDD_W r r,
-1.75 -34.710000000000039 -1.5707963267948966 flow_0_17 0 5.0 2.0,1.75 -299.0 1.5707963267948966 flow_2_19 0 5.0 2.0,-1.75 299.0 -1.5707963267948966 flow_0_19 0 5.0 2.0,136.31499999999995 1.75 3.141592653589793 flow_4_19 0 5.0 2.0,219.665 5.25 3.141592653589793 flow_5_7 0 5.0 2.0,-136.31499999999995 -1.75 0.0 flow_6_19 0 5.0 2.0,-190.41500000000026 1.75 3.141592653589793 flow_4_18 0 5.0 2.0,1.75 -19.62499999999983 1.5707963267948966 flow_2_18 0 5.0 2.0,-80.35379423494169 1.75 3.141592653589793 flow_3_6 0 5.0 2.0,1.75 34.710000000000039 1.5707963267948966 flow_2_17 0 5.0 2.0,190.41500000000026 -1.75 0.0 flow_6_18 0 5.0 2.0,80.35379423494169 -1.75 0.0 flow_1_6 0 5.0 2.0,-219.665 -5.25 0.0 flow_7_7 0 5.0 2.0,-1.75 19.62499999999983 -1.5707963267948966 flow_0_18 0 5.0 2.0,;HHL_QHDD_N g g,HHL_QHDD_S g g,HHL_QHDD_E r r,HHL_QHDD_W r r,
-1.75 -47.710000000000039 -1.5707963267948966 flow_0_17 0 5.0 2.0,1.75 -296.0 1.5707963267948966 flow_2_19 0 5.0 2.0,-1.75 296.0 -1.5707963267948966 flow_0_19 0 5.0 2.0,119.64499999999993 1.75 3.141592653589793 flow_4_19 0 5.0 2.0,202.995 5.25 3.141592653589793 flow_5_7 0 5.0 2.0,-119.64499999999993 -1.75 0.0 flow_6_19 0 5.0 2.0,-207.08500000000027 1.75 3.141592653589793 flow_4_18 0 5.0 2.0,1.75 2.0450000000001866 1.5707963267948966 flow_2_18 0 5.0 2.0,-97.02379423494169 1.75 3.141592653589793 flow_3_6 0 5.0 2.0,1.75 47.710000000000039 1.5707963267948966 flow_2_17 0 5.0 2.0,207.08500000000027 -1.75 0.0 flow_6_18 0 5.0 2.0,97.02379423494169 -1.75 0.0 flow_1_6 0 5.0 2.0,-202.995 -5.25 0.0 flow_7_7 0 5.0 2.0,-1.75 -2.0450000000001866 -1.5707963267948966 flow_0_18 0 5.0 2.0,;HHL_QHDD_N g g,HHL_QHDD_S g g,HHL_QHDD_E r r,HHL_QHDD_W r r,
-1.75 -62.710000000000039 -1.5707963267948966 flow_0_17 0 5.0 2.0,1.75 -291.0 1.5707963267948966 flow_2_19 0 5.0 2.0,-1.75 291.0 -1.5707963267948966 flow_0_19 0 5.0 2.0,102.97499999999991 1.75 3.141592653589793 flow_4_19 0 5.0 2.0,186.325 5.25 3.141592653589793 flow_5_7 0 5.0 2.0,-102.97499999999991 -1.75 0.0 flow_6_19 0 5.0 2.0,-223.75500000000029 1.75 3.141592653589793 flow_4_18 0 5.0 2.0,1.75 23.715000000000189 1.5707963267948966 flow_2_18 0 5.0 2.0,-113.69379423494169 1.75 3.141592653589793 flow_3_6 0 5.0 2.0,1.75 62.710000000000039 1.5707963267948966 flow_2_17 0 5.0 2.0,223.75500000000029 -1.75 0.0 flow_6_18 0 5.0 2.0,113.69379423494169 -1.75 0.0 flow_1_6 0 5.0 2.0,-186.325 -5.25 0.0 flow_7_7 0 5.0 2.0,-1.75 -23.715000000000189 -1.5707963267948966 flow_0_18 0 5.0 2.0,;HHL_QHDD_N g g,HHL_QHDD_S g g,HHL_QHDD_E r r,HHL_QHDD_W r r,
-1.75 -79.04500000000005 -1.5707963267948966 flow_0_17 0 5.0 2.0,1.75 -284.0 1.5707963267948966 flow_2_19 0 5.0 2.0,-1.75 284.0 -1.5707963267948966 flow_0_19 0 5.0 2.0,86.30499999999987 1.75 3.141592653589793 flow_4_19 0 5.0 2.0,169.65499999999998 5.25 3.141592653589793 flow_5_7 0 5.0 2.0,-86.30499999999987 -1.75 0.0 flow_6_19 0 5.0 2.0,-240.4250000000003 1.75 3.141592653589793 flow_4_18 0 5.0 2.0,1.75 40.38500000000019 1.5707963267948966 flow_2_18 0 5.0 2.0,-130.36379423494169 1.75 3.141592653589793 flow_3_6 0 5.0 2.0,1.75 79.04500000000005 1.5707963267948966 flow_2_17 0 5.0 2.0,240.4250000000003 -1.75 0.0 flow_6_18 0 5.0 2.0,130.36379423494169 -1.75 0.0 flow_1_6 0 5.0 2.0,-169.65499999999998 -5.25 0.0 flow_7_7 0 5.0 2.0,-1.75 -40.38500000000019 -1.5707963267948966 flow_0_18 0 5.0 2.0,;HHL_QHDD_N g g,HHL_QHDD_S g g,HHL_QHDD_E r r,HHL_QHDD_W r r,
-1.75 -95.71500000000005 -1.5707963267948966 flow_0_17 0 5.0 2.0,1.75 -275.0 1.5707963267948966 flow_2_19 0 5.0 2.0,-1.75 275.0 -1.5707963267948966 flow_0_19 0 5.0 2.0,69.63499999999988 1.75 3.141592653589793 flow_4_19 0 5.0 2.0,152.98499999999997 5.25 3.141592653589793 flow_5_7 0 5.0 2.0,-69.63499999999988 -1.75 0.0 flow_6_19 0 5.0 2.0,-257.0950000000003 1.75 3.141592653589793 flow_4_18 0 5.0 2.0,1.75 57.05500000000019 1.5707963267948966 flow_2_18 0 5.0 2.0,-147.0337942349417 1.75 3.141592653589793 flow_3_6 0 5.0 2.0,1.75 95.71500000000005 1.5707963267948966 flow_2_17 0 5.0 2.0,257.0950000000003 -1.75 0.0 flow_6_18 0 5.0 2.0,147.0337942349417 -1.75 0.0 flow_1_6 0 5.0 2.0,-152.98499999999997 -5.25 0.0 flow_7_7 0 5.0 2.0,-1.75 -57.05500000000019 -1.5707963267948966 flow_0_18 0 5.0 2.0,;HHL_QHDD_N g g,HHL_QHDD_S g g,HHL_QHDD_E r r,HHL_QHDD_W r r,
-1.75 -112.38500000000005 -1.5707963267948966 flow_0_17 0 5.0 2.0,1.75 -264.0 1.5707963267948966 flow_2_19 0 5.0 2.0,-1.75 264.0 -1.5707963267948966 flow_0_19 0 5.0 2.0,52.96499999999986 1.75 3.141592653589793 flow_4_19 0 5.0 2.0,136.31499999999995 5.25 3.141592653589793 flow_5_7 0 5.0 2.0,-52.96499999999986 -1.75 0.0 flow_6_19 0 5.0 2.0,-5.25 299.0 -1.5707963267948966 flow_1_7 0 5.0 2.0,-273.7650000000003 1.75 3.141592653589793 flow_4_18 0 5.0 2.0,1.75 73.7250000000002 1.5707963267948966 flow_2_18 0 5.0 2.0,-163.7037942349417 1.75 3.141592653589793 flow_3_6 0 5.0 2.0,1.75 112.38500000000005 1.5707963267948966 flow_2_17 0 5.0 2.0,273.7650000000003 -1.75 0.0 flow_6_18 0 5.0 2.0,163.7037942349417 -1.75 0.0 flow_1_6 0 5.0 2.0,5.25 -299.0 1.5707963267948966 flow_3_7 0 5.0 2.0,-136.31499999999995 -5.25 0.0 flow_7_7 0 5.0 2.0,-1.75 -73.7250000000002 -1.5707963267948966 flow_0_18 0 5.0 2.0,;HHL_QHDD_N g g,HHL_QHDD_S g g,HHL_QHDD_E r r,HHL_QHDD_W r r,
-1.75 -129.05500000000007 -1.5707963267948966 flow_0_17 0 5.0 2.0,1.75 -251.0 1.5707963267948966 flow_2_19 0 5.0 2.0,-1.75 251.0 -1.5707963267948966 flow_0_19 0 5.0 2.0,37.961999999999878 1.75 3.141592653589793 flow_4_19 0 5.0 2.0,119.64499999999993 5.25 3.141592653589793 flow_5_7 0 5.0 2.0,-37.961999999999878 -1.75 0.0 flow_6_19 0 5.0 2.0,-5.25 296.0 -1.5707963267948966 flow_1_7 0 5.0 2.0,-290.43500000000037 1.75 3.141592653589793 flow_4_18 0 5.0 2.0,1.75 90.3950000000002 1.5707963267948966 flow_2_18 0 5.0 2.0,-180.37379423494174 1.75 3.141592653589793 flow_3_6 0 5.0 2.0,1.75 129.05500000000007 1.5707963267948966 flow_2_17 0 5.0 2.0,290.43500000000037 -1.75 0.0 flow_6_18 0 5.0 2.0,180.37379423494174 -1.75 0.0 flow_1_6 0 5.0 2.0,5.25 -296.0 1.5707963267948966 flow_3_7 0 5.0 2.0,-119.64499999999993 -5.25 0.0 flow_7_7 0 5.0 2.0,-1.75 -90.3950000000002 -1.5707963267948966 flow_0_18 0 5.0 2.0,;HHL_QHDD_N g g,HHL_QHDD_S g g,HHL_QHDD_E r r,HHL_QHDD_W r r,
-1.75 -145.72500000000006 -1.5707963267948966 flow_0_17 0 5.0 2.0,1.75 -236.0 1.5707963267948966 flow_2_19 0 5.0 2.0,-299.0 -1.75 0.0 flow_6_20 0 5.0 2.0,-1.75 236.0 -1.5707963267948966 flow_0_19 0 5.0 2.0,26.292999999999894 1.75 3.141592653589793 flow_4_19 0 5.0 2.0,102.97499999999991 5.25 3.141592653589793 flow_5_7 0 5.0 2.0,-26.292999999999894 -1.75 0.0 flow_6_19 0 5.0 2.0,-5.25 291.0 -1.5707963267948966 flow_1_7 0 5.0 2.0,1.75 107.0650000000002 1.5707963267948966 flow_2_18 0 5.0 2.0,-197.04379423494175 1.75 3.141592653589793 flow_3_6 0 5.0 2.0,299.0 1.75 3.141592653589793 flow_4_20 0 5.0 2.0,1.75 145.72500000000006 1.5707963267948966 flow_2_17 0 5.0 2.0,197.04379423494175 -1.75 0.0 flow_1_6 0 5.0 2.0,5.25 -291.0 1.5707963267948966 flow_3_7 0 5.0 2.0,-102.97499999999991 -5.25 0.0 flow_7_7 0 5.0 2.0,-1.75 -107.0650000000002 -1.5707963267948966 flow_0_18 0 5.0 2.0,;HHL_QHDD_N g g,HHL_QHDD_S g g,HHL_QHDD_E r r,HHL_QHDD_W r r,
-1.75 -162.395 -1.5707963267948966 flow_0_17 0 5.0 2.0,1.75 -219.665 1.5707963267948966 flow_2_19 0 5.0 2.0,-296.0 -1.75 0.0 flow_6_20 0 5.0 2.0,-1.75 219.665 -1.5707963267948966 flow_0_19 0 5.0 2.0,17.957999999999914 1.75 3.141592653589793 flow_4_19 0 5.0 2.0,86.30499999999987 5.25 3.141592653589793 flow_5_7 0 5.0 2.0,-17.957999999999914 -1.75 0.0 flow_6_19 0 5.0 2.0,-5.25 284.0 -1.5707963267948966 flow_1_7 0 5.0 2.0,1.75 123.7350000000002 1.5707963267948966 flow_2_18 0 5.0 2.0,-213.71379423494177 1.75 3.141592653589793 flow_3_6 0 5.0 2.0,296.0 1.75 3.141592653589793 flow_4_20 0 5.0 2.0,1.75 162.395 1.5707963267948966 flow_2_17 0 5.0 2.0,213.71379423494177 -1.75 0.0 flow_1_6 0 5.0 2.0,5.25 -284.0 1.5707963267948966 flow_3_7 0 5.0 2.0,-86.30499999999987 -5.25 0.0 flow_7_7 0 5.0 2.0,-1.75 -123.7350000000002 -1.5707963267948966 flow_0_18 0 5.0 2.0,;HHL_QHDD_N g g,HHL_QHDD_S g g,HHL_QHDD_E r r,HHL_QHDD_W r r,
-1.75 -179.06500000000006 -1.5707963267948966 flow_0_17 0 5.0 2.0,1.75 -202.995 1.5707963267948966 flow_2_19 0 5.0 2.0,-291.0 -1.75 0.0 flow_6_20 0 5.0 2.0,-1.75 202.995 -1.5707963267948966 flow_0_19 0 5.0 2.0,12.956999999999937 1.75 3.141592653589793 flow_4_19 0 5.0 2.0,69.63499999999988 5.25 3.141592653589793 flow_5_7 0 5.0 2.0,-12.956999999999937 -1.75 0.0 flow_6_19 0 5.0 2.0,-5.25 275.0 -1.5707963267948966 flow_1_7 0 5.0 2.0,1.75 140.4050000000002 1.5707963267948966 flow_2_18 0 5.0 2.0,-230.38379423494178 1.75 3.141592653589793 flow_3_6 0 5.0 2.0,291.0 1.75 3.141592653589793 flow_4_20 0 5.0 2.0,1.75 179.06500000000006 1.5707963267948966 flow_2_17 0 5.0 2.0,230.38379423494178 -1.75 0.0 flow_1_6 0 5.0 2.0,5.25 -275.0 1.5707963267948966 flow_3_7 0 5.0 2.0,-69.63499999999988 -5.25 0.0 flow_7_7 0 5.0 2.0,-1.75 -140.4050000000002 -1.5707963267948966 flow_0_18 0 5.0 2.0,;HHL_QHDD_N g g,HHL_QHDD_S g g,HHL_QHDD_E r r,HHL_QHDD_W r r,
-1.75 -195.73500000000008 -1.5707963267948966 flow_0_17 0 5.0 2.0,1.75 -186.325 1.5707963267948966 flow_2_19 0 5.0 2.0,-284.0 -1.75 0.0 flow_6_20 0 5.0 2.0,-1.75 186.325 -1.5707963267948966 flow_0_19 0 5.0 2.0,11.289999999999964 1.75 3.141592653589793 flow_4_19 0 5.0 2.0,52.96499999999986 5.25 3.141592653589793 flow_5_7 0 5.0 2.0,-11.289999999999964 -1.75 0.0 flow_6_19 0 5.0 2.0,-5.25 264.0 -1.5707963267948966 flow_1_7 0 5.0 2.0,1.75 157.07500000000023 1.5707963267948966 flow_2_18 0 5.0 2.0,-247.0537942349418 1.75 3.141592653589793 flow_3_6 0 5.0 2.0,284.0 1.75 3.141592653589793 flow_4_20 0 5.0 2.0,1.75 195.73500000000008 1.5707963267948966 flow_2_17 0 5.0 2.0,247.0537942349418 -1.75 0.0 flow_1_6 0 5.0 2.0,5.25 -264.0 1.5707963267948966 flow_3_7 0 5.0 2.0,-52.96499999999986 -5.25 0.0 flow_7_7 0 5.0 2.0,-1.75 -157.07500000000023 -1.5707963267948966 flow_0_18 0 5.0 2.0,;HHL_QHDD_N g g,HHL_QHDD_S g g,HHL_QHDD_E r r,HHL_QHDD_W r r,
-1.75 -212.4050000000001 -1.5707963267948966 flow_0_17 0 5.0 2.0,1.75 -169.65499999999998 1.5707963267948966 flow_2_19 0 5.0 2.0,-275.0 -1.75 0.0 flow_6_20 0 5.0 2.0,-1.75 169.65499999999998 -1.5707963267948966 flow_0_19 0 5.0 2.0,11.289999999999964 1.75 3.141592653589793 flow_4_19 0 5.0 2.0,37.961999999999878 5.25 3.141592653589793 flow_5_7 0 5.0 2.0,-11.289999999999964 -1.75 0.0 flow_6_19 0 5.0 2.0,-5.25 251.0 -1.5707963267948966 flow_1_7 0 5.0 2.0,1.75 173.74500000000024 1.5707963267948966 flow_2_18 0 5.0 2.0,-263.7237942349418 1.75 3.141592653589793 flow_3_6 0 5.0 2.0,275.0 1.75 3.141592653589793 flow_4_20 0 5.0 2.0,1.75 212.4050000000001 1.5707963267948966 flow_2_17 0 5.0 2.0,263.7237942349418 -1.75 0.0 flow_1_6 0 5.0 2.0,5.25 -251.0 1.5707963267948966 flow_3_7 0 5.0 2.0,-37.961999999999878 -5.25 0.0 flow_7_7 0 5.0 2.0,-1.75 -173.74500000000024 -1.5707963267948966 flow_0_18 0 5.0 2.0,;HHL_QHDD_N g g,HHL_QHDD_S g g,HHL_QHDD_E r r,HHL_QHDD_W r r,
-1.75 -229.0750000000001 -1.5707963267948966 flow_0_17 0 5.0 2.0,1.75 -152.98499999999997 1.5707963267948966 flow_2_19 0 5.0 2.0,-264.0 -1.75 0.0 flow_6_20 0 5.0 2.0,-1.75 152.98499999999997 -1.5707963267948966 flow_0_19 0 5.0 2.0,11.289999999999964 1.75 3.141592653589793 flow_4_19 0 5.0 2.0,26.292999999999894 5.25 3.141592653589793 flow_5_7 0 5.0 2.0,-11.289999999999964 -1.75 0.0 flow_6_19 0 5.0 2.0,-5.25 236.0 -1.5707963267948966 flow_1_7 0 5.0 2.0,1.75 190.41500000000026 1.5707963267948966 flow_2_18 0 5.0 2.0,-280.3937942349418 1.75 3.141592653589793 flow_3_6 0 5.0 2.0,264.0 1.75 3.141592653589793 flow_4_20 0 5.0 2.0,1.75 229.0750000000001 1.5707963267948966 flow_2_17 0 5.0 2.0,280.3937942349418 -1.75 0.0 flow_1_6 0 5.0 2.0,5.25 -236.0 1.5707963267948966 flow_3_7 0 5.0 2.0,-26.292999999999894 -5.25 0.0 flow_7_7 0 5.0 2.0,-1.75 -190.41500000000026 -1.5707963267948966 flow_0_18 0 5.0 2.0,;HHL_QHDD_N g g,HHL_QHDD_S g g,HHL_QHDD_E r r,HHL_QHDD_W r r,
-1.75 -245.74500000000013 -1.5707963267948966 flow_0_17 0 5.0 2.0,1.75 -136.31499999999995 1.5707963267948966 flow_2_19 0 5.0 2.0,-251.0 -1.75 0.0 flow_6_20 0 5.0 2.0,-1.75 136.31499999999995 -1.5707963267948966 flow_0_19 0 5.0 2.0,11.289999999999964 1.75 3.141592653589793 flow_4_19 0 5.0 2.0,17.957999999999914 5.25 3.141592653589793 flow_5_7 0 5.0 2.0,-11.289999999999964 -1.75 0.0 flow_6_19 0 5.0 2.0,-5.25 219.665 -1.5707963267948966 flow_1_7 0 5.0 2.0,1.75 207.08500000000027 1.5707963267948966 flow_2_18 0 5.0 2.0,-297.06379423494186 1.75 3.141592653589793 flow_3_6 0 5.0 2.0,251.0 1.75 3.141592653589793 flow_4_20 0 5.0 2.0,1.75 245.74500000000013 1.5707963267948966 flow_2_17 0 5.0 2.0,297.06379423494186 -1.75 0.0 flow_1_6 0 5.0 2.0,5.25 -219.665 1.5707963267948966 flow_3_7 0 5.0 2.0,-17.957999999999914 -5.25 0.0 flow_7_7 0 5.0 2.0,-1.75 -207.08500000000027 -1.5707963267948966 flow_0_18 0 5.0 2.0,;HHL_QHDD_N g g,HHL_QHDD_S g g,HHL_QHDD_E r r,HHL_QHDD_W r r,
-1.75 -262.41500000000016 -1.5707963267948966 flow_0_17 0 5.0 2.0,1.75 -119.64499999999993 1.5707963267948966 flow_2_19 0 5.0 2.0,-236.0 -1.75 0.0 flow_6_20 0 5.0 2.0,-1.75 119.64499999999993 -1.5707963267948966 flow_0_19 0 5.0 2.0,11.289999999999964 1.75 3.141592653589793 flow_4_19 0 5.0 2.0,12.956999999999937 5.25 3.141592653589793 flow_5_7 0 5.0 2.0,-11.289999999999964 -1.75 0.0 flow_6_19 0 5.0 2.0,-5.25 202.995 -1.5707963267948966 flow_1_7 0 5.0 2.0,1.75 223.75500000000029 1.5707963267948966 flow_2_18 0 5.0 2.0,236.0 1.75 3.141592653589793 flow_4_20 0 5.0 2.0,1.75 262.41500000000016 1.5707963267948966 flow_2_17 0 5.0 2.0,5.25 -202.995 1.5707963267948966 flow_3_7 0 5.0 2.0,-12.956999999999937 -5.25 0.0 flow_7_7 0 5.0 2.0,-1.75 -223.75500000000029 -1.5707963267948966 flow_0_18 0 5.0 2.0,;HHL_QHDD_N g g,HHL_QHDD_S g g,HHL_QHDD_E r r,HHL_QHDD_W r r,
-1.75 -279.08500000000017 -1.5707963267948966 flow_0_17 0 5.0 2.0,1.75 -102.97499999999991 1.5707963267948966 flow_2_19 0 5.0 2.0,-219.665 -1.75 0.0 flow_6_20 0 5.0 2.0,-1.75 102.97499999999991 -1.5707963267948966 flow_0_19 0 5.0 2.0,11.289999999999964 1.75 3.141592653589793 flow_4_19 0 5.0 2.0,11.289999999999964 5.25 3.141592653589793 flow_5_7 0 5.0 2.0,-11.289999999999964 -1.75 0.0 flow_6_19 0 5.0 2.0,-5.25 186.325 -1.5707963267948966 flow_1_7 0 5.0 2.0,1.75 240.4250000000003 1.5707963267948966 flow_2_18 0 5.0 2.0,219.665 1.75 3.141592653589793 flow_4_20 0 5.0 2.0,1.75 279.08500000000017 1.5707963267948966 flow_2_17 0 5.0 2.0,5.25 -186.325 1.5707963267948966 flow_3_7 0 5.0 2.0,-11.289999999999964 -5.25 0.0 flow_7_7 0 5.0 2.0,-1.75 -240.4250000000003 -1.5707963267948966 flow_0_18 0 5.0 2.0,;HHL_QHDD_N g g,HHL_QHDD_S g g,HHL_QHDD_E r r,HHL_QHDD_W r r,
-1.75 -295.75500000000019 -1.5707963267948966 flow_0_17 0 5.0 2.0,1.75 -86.30499999999987 1.5707963267948966 flow_2_19 0 5.0 2.0,-202.995 -1.75 0.0 flow_6_20 0 5.0 2.0,-1.75 86.30499999999987 -1.5707963267948966 flow_0_19 0 5.0 2.0,11.289999999999964 1.75 3.141592653589793 flow_4_19 0 5.0 2.0,11.289999999999964 5.25 3.141592653589793 flow_5_7 0 5.0 2.0,-11.289999999999964 -1.75 0.0 flow_6_19 0 5.0 2.0,-5.25 169.65499999999998 -1.5707963267948966 flow_1_7 0 5.0 2.0,1.75 257.0950000000003 1.5707963267948966 flow_2_18 0 5.0 2.0,202.995 1.75 3.141592653589793 flow_4_20 0 5.0 2.0,1.75 295.75500000000019 1.5707963267948966 flow_2_17 0 5.0 2.0,5.25 -169.65499999999998 1.5707963267948966 flow_3_7 0 5.0 2.0,-11.289999999999964 -5.25 0.0 flow_7_7 0 5.0 2.0,-1.75 -257.0950000000003 -1.5707963267948966 flow_0_18 0 5.0 2.0,;HHL_QHDD_N g g,HHL_QHDD_S g g,HHL_QHDD_E r r,HHL_QHDD_W r r,
1.75 -69.63499999999988 1.5707963267948966 flow_2_19 0 5.0 2.0,-186.325 -1.75 0.0 flow_6_20 0 5.0 2.0,-1.75 69.63499999999988 -1.5707963267948966 flow_0_19 0 5.0 2.0,11.289999999999964 1.75 3.141592653589793 flow_4_19 0 5.0 2.0,11.289999999999964 5.25 3.141592653589793 flow_5_7 0 5.0 2.0,-11.289999999999964 -1.75 0.0 flow_6_19 0 5.0 2.0,-5.25 152.98499999999997 -1.5707963267948966 flow_1_7 0 5.0 2.0,1.75 273.7650000000003 1.5707963267948966 flow_2_18 0 5.0 2.0,186.325 1.75 3.141592653589793 flow_4_20 0 5.0 2.0,5.25 -152.98499999999997 1.5707963267948966 flow_3_7 0 5.0 2.0,-11.289999999999964 -5.25 0.0 flow_7_7 0 5.0 2.0,-1.75 -273.7650000000003 -1.5707963267948966 flow_0_18 0 5.0 2.0,;HHL_QHDD_N g g,HHL_QHDD_S g g,HHL_QHDD_E r r,HHL_QHDD_W r r,
1.75 -52.96499999999986 1.5707963267948966 flow_2_19 0 5.0 2.0,-169.65499999999998 -1.75 0.0 flow_6_20 0 5.0 2.0,-1.75 52.96499999999986 -1.5707963267948966 flow_0_19 0 5.0 2.0,11.289999999999964 1.75 3.141592653589793 flow_4_19 0 5.0 2.0,11.289999999999964 5.25 3.141592653589793 flow_5_7 0 5.0 2.0,-11.289999999999964 -1.75 0.0 flow_6_19 0 5.0 2.0,-5.25 136.31499999999995 -1.5707963267948966 flow_1_7 0 5.0 2.0,1.75 290.43500000000037 1.5707963267948966 flow_2_18 0 5.0 2.0,169.65499999999998 1.75 3.141592653589793 flow_4_20 0 5.0 2.0,5.25 -136.31499999999995 1.5707963267948966 flow_3_7 0 5.0 2.0,-11.289999999999964 -5.25 0.0 flow_7_7 0 5.0 2.0,-1.75 -290.43500000000037 -1.5707963267948966 flow_0_18 0 5.0 2.0,;HHL_QHDD_N g g,HHL_QHDD_S g g,HHL_QHDD_E r r,HHL_QHDD_W r r,
1.75 -36.294999999999848 1.5707963267948966 flow_2_19 0 5.0 2.0,-152.98499999999997 -1.75 0.0 flow_6_20 0 5.0 2.0,-1.75 36.294999999999848 -1.5707963267948966 flow_0_19 0 5.0 2.0,11.289999999999964 1.75 3.141592653589793 flow_4_19 0 5.0 2.0,11.289999999999964 5.25 3.141592653589793 flow_5_7 0 5.0 2.0,-11.289999999999964 -1.75 0.0 flow_6_19 0 5.0 2.0,-5.25 119.64499999999993 -1.5707963267948966 flow_1_7 0 5.0 2.0,152.98499999999997 1.75 3.141592653589793 flow_4_20 0 5.0 2.0,5.25 -119.64499999999993 1.5707963267948966 flow_3_7 0 5.0 2.0,-11.289999999999964 -5.25 0.0 flow_7_7 0 5.0 2.0,;HHL_QHDD_N g g,HHL_QHDD_S g g,HHL_QHDD_E r r,HHL_QHDD_W r r,
1.75 -299.0 1.5707963267948966 flow_2_20 0 5.0 2.0,1.75 -19.62499999999983 1.5707963267948966 flow_2_19 0 5.0 2.0,-136.31499999999995 -1.75 0.0 flow_6_20 0 5.0 2.0,-1.75 19.62499999999983 -1.5707963267948966 flow_0_19 0 5.0 2.0,11.289999999999964 1.75 3.141592653589793 flow_4_19 0 5.0 2.0,11.289999999999964 5.25 3.141592653589793 flow_5_7 0 5.0 2.0,-11.289999999999964 -1.75 0.0 flow_6_19 0 5.0 2.0,-5.25 102.97499999999991 -1.5707963267948966 flow_1_7 0 5.0 2.0,-1.75 299.0 -1.5707963267948966 flow_0_20 0 5.0 2.0,136.31499999999995 1.75 3.141592653589793 flow_4_20 0 5.0 2.0,5.25 -102.97499999999991 1.5707963267948966 flow_3_7 0 5.0 2.0,-11.289999999999964 -5.25 0.0 flow_7_7 0 5.0 2.0,;HHL_QHDD_N g g,HHL_QHDD_S g g,HHL_QHDD_E r r,HHL_QHDD_W r r,
1.75 -296.0 1.5707963267948966 flow_2_20 0 5.0 2.0,1.75 2.0450000000001866 1.5707963267948966 flow_2_19 0 5.0 2.0,-119.64499999999993 -1.75 0.0 flow_6_20 0 5.0 2.0,-1.75 -2.0450000000001866 -1.5707963267948966 flow_0_19 0 5.0 2.0,11.289999999999964 1.75 3.141592653589793 flow_4_19 0 5.0 2.0,11.289999999999964 5.25 3.141592653589793 flow_5_7 0 5.0 2.0,-11.289999999999964 -1.75 0.0 flow_6_19 0 5.0 2.0,-5.25 86.30499999999987 -1.5707963267948966 flow_1_7 0 5.0 2.0,-1.75 296.0 -1.5707963267948966 flow_0_20 0 5.0 2.0,119.64499999999993 1.75 3.141592653589793 flow_4_20 0 5.0 2.0,5.25 -86.30499999999987 1.5707963267948966 flow_3_7 0 5.0 2.0,-11.289999999999964 -5.25 0.0 flow_7_7 0 5.0 2.0,;HHL_QHDD_N g g,HHL_QHDD_S g g,HHL_QHDD_E r r,HHL_QHDD_W r r,
1.75 -291.0 1.5707963267948966 flow_2_20 0 5.0 2.0,1.75 23.715000000000189 1.5707963267948966 flow_2_19 0 5.0 2.0,-102.97499999999991 -1.75 0.0 flow_6_20 0 5.0 2.0,-1.75 -23.715000000000189 -1.5707963267948966 flow_0_19 0 5.0 2.0,11.289999999999964 1.75 3.141592653589793 flow_4_19 0 5.0 2.0,11.289999999999964 5.25 3.141592653589793 flow_5_7 0 5.0 2.0,-11.289999999999964 -1.75 0.0 flow_6_19 0 5.0 2.0,-5.25 69.63499999999988 -1.5707963267948966 flow_1_7 0 5.0 2.0,-1.75 291.0 -1.5707963267948966 flow_0_20 0 5.0 2.0,102.97499999999991 1.75 3.141592653589793 flow_4_20 0 5.0 2.0,5.25 -69.63499999999988 1.5707963267948966 flow_3_7 0 5.0 2.0,-11.289999999999964 -5.25 0.0 flow_7_7 0 5.0 2.0,;HHL_QHDD_N g g,HHL_QHDD_S g g,HHL_QHDD_E r r,HHL_QHDD_W r r,
1.75 -284.0 1.5707963267948966 flow_2_20 0 5.0 2.0,1.75 40.38500000000019 1.5707963267948966 flow_2_19 0 5.0 2.0,-86.30499999999987 -1.75 0.0 flow_6_20 0 5.0 2.0,-1.75 -40.38500000000019 -1.5707963267948966 flow_0_19 0 5.0 2.0,11.289999999999964 1.75 3.141592653589793 flow_4_19 0 5.0 2.0,11.289999999999964 5.25 3.141592653589793 flow_5_7 0 5.0 2.0,-11.289999999999964 -1.75 0.0 flow_6_19 0 5.0 2.0,-5.25 55.21499999999986 -1.5707963267948966 flow_1_7 0 5.0 2.0,-1.75 284.0 -1.5707963267948966 flow_0_20 0 5.0 2.0,86.30499999999987 1.75 3.141592653589793 flow_4_20 0 5.0 2.0,5.25 -55.21499999999986 1.5707963267948966 flow_3_7 0 5.0 2.0,-11.289999999999964 -5.25 0.0 flow_7_7 0 5.0 2.0,;HHL_QHDD_N g g,HHL_QHDD_S g g,HHL_QHDD_E r r,HHL_QHDD_W r r,
1.75 -275.0 1.5707963267948966 flow_2_20 0 5.0 2.0,1.75 57.05500000000019 1.5707963267948966 flow_2_19 0 5.0 2.0,-69.63499999999988 -1.75 0.0 flow_6_20 0 5.0 2.0,-1.75 -57.05500000000019 -1.5707963267948966 flow_0_19 0 5.0 2.0,11.289999999999964 1.75 3.141592653589793 flow_4_19 0 5.0 2.0,11.289999999999964 5.25 3.141592653589793 flow_5_7 0 5.0 2.0,-11.289999999999964 -1.75 0.0 flow_6_19 0 5.0 2.0,-5.25 44.96334999999988 -1.5707963267948966 flow_1_7 0 5.0 2.0,-1.75 275.0 -1.5707963267948966 flow_0_20 0 5.0 2.0,69.63499999999988 1.75 3.141592653589793 flow_4_20 0 5.0 2.0,5.25 -44.96334999999988 1.5707963267948966 flow_3_7 0 5.0 2.0,-11.289999999999964 -5.25 0.0 flow_7_7 0 5.0 2.0,;HHL_QHDD_N g g,HHL_QHDD_S g g,HHL_QHDD_E r r,HHL_QHDD_W r r,
1.75 -264.0 1.5707963267948966 flow_2_20 0 5.0 2.0,1.75 73.7250000000002 1.5707963267948966 flow_2_19 0 5.0 2.0,-52.96499999999986 -1.75 0.0 flow_6_20 0 5.0 2.0,-1.75 -73.7250000000002 -1.5707963267948966 flow_0_19 0 5.0 2.0,11.289999999999964 1.75 3.141592653589793 flow_4_19 0 5.0 2.0,11.289999999999964 5.25 3.141592653589793 flow_5_7 0 5.0 2.0,-11.289999999999964 -1.75 0.0 flow_6_19 0 5.0 2.0,-5.25 36.63004999999987 -1.5707963267948966 flow_1_7 0 5.0 2.0,-1.75 264.0 -1.5707963267948966 flow_0_20 0 5.0 2.0,52.96499999999986 1.75 3.141592653589793 flow_4_20 0 5.0 2.0,5.25 -36.63004999999987 1.5707963267948966 flow_3_7 0 5.0 2.0,-11.289999999999964 -5.25 0.0 flow_7_7 0 5.0 2.0,;HHL_QHDD_N g g,HHL_QHDD_S g g,HHL_QHDD_E r r,HHL_QHDD_W r r,
1.75 -251.0 1.5707963267948966 flow_2_20 0 5.0 2.0,1.75 90.3950000000002 1.5707963267948966 flow_2_19 0 5.0 2.0,-38.04749554005957 -1.75 0.0 flow_6_20 0 5.0 2.0,-1.75 -90.3950000000002 -1.5707963267948966 flow_0_19 0 5.0 2.0,299.0 1.75 3.141592653589793 flow_4_21 0 5.0 2.0,11.289999999999964 1.75 3.141592653589793 flow_4_19 0 5.0 2.0,11.289999999999964 5.25 3.141592653589793 flow_5_7 0 5.0 2.0,-11.289999999999964 -1.75 0.0 flow_6_19 0 5.0 2.0,-5.25 28.29674999999986 -1.5707963267948966 flow_1_7 0 5.0 2.0,-1.75 251.0 -1.5707963267948966 flow_0_20 0 5.0 2.0,38.04749554005957 1.75 3.141592653589793 flow_4_20 0 5.0 2.0,-299.0 -1.75 0.0 flow_6_21 0 5.0 2.0,5.25 -28.29674999999986 1.5707963267948966 flow_3_7 0 5.0 2.0,-11.289999999999964 -5.25 0.0 flow_7_7 0 5.0 2.0,;HHL_QHDD_N g g,HHL_QHDD_S g g,HHL_QHDD_E r r,HHL_QHDD_W r r,
1.75 -236.0 1.5707963267948966 flow_2_20 0 5.0 2.0,1.75 107.0650000000002 1.5707963267948966 flow_2_19 0 5.0 2.0,-27.132486620178953 -1.75 0.0 flow_6_20 0 5.0 2.0,-1.75 -107.0650000000002 -1.5707963267948966 flow_0_19 0 5.0 2.0,296.0 1.75 3.141592653589793 flow_4_21 0 5.0 2.0,11.289999999999964 1.75 3.141592653589793 flow_4_19 0 5.0 2.0,11.289999999999964 5.25 3.141592653589793 flow_5_7 0 5.0 2.0,-11.289999999999964 -1.75 0.0 flow_6_19 0 5.0 2.0,-5.25 19.963449999999854 -1.5707963267948966 flow_1_7 0 5.0 2.0,-1.75 236.0 -1.5707963267948966 flow_0_20 0 5.0 2.0,27.132486620178953 1.75 3.141592653589793 flow_4_20 0 5.0 2.0,-296.0 -1.75 0.0 flow_6_21 0 5.0 2.0,5.25 -19.963449999999854 1.5707963267948966 flow_3_7 0 5.0 2.0,-11.289999999999964 -5.25 0.0 flow_7_7 0 5.0 2.0,;HHL_QHDD_N g g,HHL_QHDD_S g g,HHL_QHDD_E r r,HHL_QHDD_W r r,
1.75 -219.665 1.5707963267948966 flow_2_20 0 5.0 2.0,1.75 123.7350000000002 1.5707963267948966 flow_2_19 0 5.0 2.0,-20.717477700298333 -1.75 0.0 flow_6_20 0 5.0 2.0,-1.75 -123.7350000000002 -1.5707963267948966 flow_0_19 0 5.0 2.0,291.0 1.75 3.141592653589793 flow_4_21 0 5.0 2.0,11.289999999999964 1.75 3.141592653589793 flow_4_19 0 5.0 2.0,11.289999999999964 5.25 3.141592653589793 flow_5_7 0 5.0 2.0,-11.289999999999964 -1.75 0.0 flow_6_19 0 5.0 2.0,-5.25 11.630149999999844 -1.5707963267948966 flow_1_7 0 5.0 2.0,-1.75 219.665 -1.5707963267948966 flow_0_20 0 5.0 2.0,20.717477700298333 1.75 3.141592653589793 flow_4_20 0 5.0 2.0,-291.0 -1.75 0.0 flow_6_21 0 5.0 2.0,5.25 -11.630149999999844 1.5707963267948966 flow_3_7 0 5.0 2.0,-11.289999999999964 -5.25 0.0 flow_7_7 0 5.0 2.0,;HHL_QHDD_N g g,HHL_QHDD_S g g,HHL_QHDD_E r r,HHL_QHDD_W r r,
1.75 -202.995 1.5707963267948966 flow_2_20 0 5.0 2.0,1.75 140.4050000000002 1.5707963267948966 flow_2_19 0 5.0 2.0,-18.789999999999965 -1.75 0.0 flow_6_20 0 5.0 2.0,-1.75 -140.4050000000002 -1.5707963267948966 flow_0_19 0 5.0 2.0,284.0 1.75 3.141592653589793 flow_4_21 0 5.0 2.0,11.289999999999964 1.75 3.141592653589793 flow_4_19 0 5.0 2.0,11.289999999999964 5.25 3.141592653589793 flow_5_7 0 5.0 2.0,-11.289999999999964 -1.75 0.0 flow_6_19 0 5.0 2.0,3.2495743538325976 -0.8074631136021678 -0.4939413689195812 flow_1_7 0 5.0 2.0,-1.75 202.995 -1.5707963267948966 flow_0_20 0 5.0 2.0,18.789999999999965 1.75 3.141592653589793 flow_4_20 0 5.0 2.0,-284.0 -1.75 0.0 flow_6_21 0 5.0 2.0,-3.2495743538325976 0.8074631136021678 2.647651284670212 flow_3_7 0 5.0 2.0,-11.289999999999964 -5.25 0.0 flow_7_7 0 5.0 2.0,;HHL_QHDD_N g g,HHL_QHDD_S g g,HHL_QHDD_E r r,HHL_QHDD_W r r,
1.75 -186.325 1.5707963267948966 flow_2_20 0 5.0 2.0,1.75 157.07500000000023 1.5707963267948966 flow_2_19 0 5.0 2.0,-18.789999999999965 -1.75 0.0 flow_6_20 0 5.0 2.0,-1.75 -157.07500000000023 -1.5707963267948966 flow_0_19 0 5.0 2.0,275.0 1.75 3.141592653589793 flow_4_21 0 5.0 2.0,11.289999999999964 1.75 3.141592653589793 flow_4_19 0 5.0 2.0,11.289999999999964 5.25 3.141592653589793 flow_5_7 0 5.0 2.0,-11.289999999999964 -1.75 0.0 flow_6_19 0 5.0 2.0,17.345244234941818 -1.75 0.0 flow_1_7 0 5.0 2.0,-1.75 186.325 -1.5707963267948966 flow_0_20 0 5.0 2.0,18.789999999999965 1.75 3.141592653589793 flow_4_20 0 5.0 2.0,-275.0 -1.75 0.0 flow_6_21 0 5.0 2.0,-17.345244234941818 1.75 3.141592653589793 flow_3_7 0 5.0 2.0,-11.289999999999964 -5.25 0.0 flow_7_7 0 5.0 2.0,;HHL_QHDD_N g g,HHL_QHDD_S g g,HHL_QHDD_E r r,HHL_QHDD_W r r,
1.75 -169.65499999999998 1.5707963267948966 flow_2_20 0 5.0 2.0,1.75 173.74500000000024 1.5707963267948966 flow_2_19 0 5.0 2.0,-18.789999999999965 -1.75 0.0 flow_6_20 0 5.0 2.0,-1.75 -173.74500000000024 -1.5707963267948966 flow_0_19 0 5.0 2.0,264.0 1.75 3.141592653589793 flow_4_21 0 5.0 2.0,11.289999999999964 1.75 3.141592653589793 flow_4_19 0 5.0 2.0,11.289999999999964 5.25 3.141592653589793 flow_5_7 0 5.0 2.0,-11.289999999999964 -1.75 0.0 flow_6_19 0 5.0 2.0,28.678544234941819 -1.75 0.0 flow_1_7 0 5.0 2.0,-1.75 169.65499999999998 -1.5707963267948966 flow_0_20 0 5.0 2.0,18.789999999999965 1.75 3.141592653589793 flow_4_20 0 5.0 2.0,-264.0 -1.75 0.0 flow_6_21 0 5.0 2.0,-28.678544234941819 1.75 3.141592653589793 flow_3_7 0 5.0 2.0,-11.289999999999964 -5.25 0.0 flow_7_7 0 5.0 2.0,;HHL_QHDD_N g g,HHL_QHDD_S g g,HHL_QHDD_E r r,HHL_QHDD_W r r,
1.75 -152.98499999999997 1.5707963267948966 flow_2_20 0 5.0 2.0,1.75 190.41500000000026 1.5707963267948966 flow_2_19 0 5.0 2.0,-18.789999999999965 -1.75 0.0 flow_6_20 0 5.0 2.0,-1.75 -190.41500000000026 -1.5707963267948966 flow_0_19 0 5.0 2.0,251.0 1.75 3.141592653589793 flow_4_21 0 5.0 2.0,11.289999999999964 1.75 3.141592653589793 flow_4_19 0 5.0 2.0,11.289999999999964 5.25 3.141592653589793 flow_5_7 0 5.0 2.0,-11.289999999999964 -1.75 0.0 flow_6_19 0 5.0 2.0,42.01184423494182 -1.75 0.0 flow_1_7 0 5.0 2.0,-1.75 152.98499999999997 -1.5707963267948966 flow_0_20 0 5.0 2.0,18.789999999999965 1.75 3.141592653589793 flow_4_20 0 5.0 2.0,-251.0 -1.75 0.0 flow_6_21 0 5.0 2.0,-42.01184423494182 1.75 3.141592653589793 flow_3_7 0 5.0 2.0,-11.289999999999964 -5.25 0.0 flow_7_7 0 5.0 2.0,;HHL_QHDD_N g g,HHL_QHDD_S g g,HHL_QHDD_E r r,HHL_QHDD_W r r,
1.75 -136.31499999999995 1.5707963267948966 flow_2_20 0 5.0 2.0,1.75 207.08500000000027 1.5707963267948966 flow_2_19 0 5.0 2.0,-18.789999999999965 -1.75 0.0 flow_6_20 0 5.0 2.0,-1.75 -207.08500000000027 -1.5707963267948966 flow_0_19 0 5.0 2.0,236.0 1.75 3.141592653589793 flow_4_21 0 5.0 2.0,11.289999999999964 1.75 3.141592653589793 flow_4_19 0 5.0 2.0,11.289999999999964 5.25 3.141592653589793 flow_5_7 0 5.0 2.0,-11.289999999999964 -1.75 0.0 flow_6_19 0 5.0 2.0,57.34514423494182 -1.75 0.0 flow_1_7 0 5.0 2.0,-1.75 136.31499999999995 -1.5707963267948966 flow_0_20 0 5.0 2.0,18.789999999999965 1.75 3.141592653589793 flow_4_20 0 5.0 2.0,-236.0 -1.75 0.0 flow_6_21 0 5.0 2.0,-57.34514423494182 1.75 3.141592653589793 flow_3_7 0 5.0 2.0,-11.289999999999964 -5.25 0.0 flow_7_7 0 5.0 2.0,;HHL_QHDD_N g g,HHL_QHDD_S g g,HHL_QHDD_E r r,HHL_QHDD_W r r,
1.75 -119.64499999999993 1.5707963267948966 flow_2_20 0 5.0 2.0,1.75 223.75500000000029 1.5707963267948966 flow_2_19 0 5.0 2.0,-18.789999999999965 -1.75 0.0 flow_6_20 0 5.0 2.0,-1.75 -223.75500000000029 -1.5707963267948966 flow_0_19 0 5.0 2.0,219.665 1.75 3.141592653589793 flow_4_21 0 5.0 2.0,11.289999999999964 1.75 3.141592653589793 flow_4_19 0 5.0 2.0,11.289999999999964 5.25 3.141592653589793 flow_5_7 0 5.0 2.0,-11.289999999999964 -1.75 0.0 flow_6_19 0 5.0 2.0,73.84679423494183 -1.75 0.0 flow_1_7 0 5.0 2.0,-1.75 119.64499999999993 -1.5707963267948966 flow_0_20 0 5.0 2.0,18.789999999999965 1.75 3.141592653589793 flow_4_20 0 5.0 2.0,-219.665 -1.75 0.0 flow_6_21 0 5.0 2.0,-73.84679423494183 1.75 3.141592653589793 flow_3_7 0 5.0 2.0,-11.289999999999964 -5.25 0.0 flow_7_7 0 5.0 2.0,;HHL_QHDD_N r r,HHL_QHDD_S r r,HHL_QHDD_E r r,HHL_QHDD_W r r,
1.75 -102.97499999999991 1.5707963267948966 flow_2_20 0 5.0 2.0,1.75 240.4250000000003 1.5707963267948966 flow_2_19 0 5.0 2.0,-18.789999999999965 -1.75 0.0 flow_6_20 0 5.0 2.0,-1.75 -240.4250000000003 -1.5707963267948966 flow_0_19 0 5.0 2.0,202.995 1.75 3.141592653589793 flow_4_21 0 5.0 2.0,11.289999999999964 1.75 3.141592653589793 flow_4_19 0 5.0 2.0,11.289999999999964 5.25 3.141592653589793 flow_5_7 0 5.0 2.0,-11.289999999999964 -1.75 0.0 flow_6_19 0 5.0 2.0,90.51679423494183 -1.75 0.0 flow_1_7 0 5.0 2.0,-1.75 102.97499999999991 -1.5707963267948966 flow_0_20 0 5.0 2.0,18.789999999999965 1.75 3.141592653589793 flow_4_20 0 5.0 2.0,-202.995 -1.75 0.0 flow_6_21 0 5.0 2.0,-90.51679423494183 1.75 3.141592653589793 flow_3_7 0 5.0 2.0,-11.289999999999964 -5.25 0.0 flow_7_7 0 5.0 2.0,;HHL_QHDD_N r r,HHL_QHDD_S r r,HHL_QHDD_E r r,HHL_QHDD_W r r,
1.75 -86.30499999999987 1.5707963267948966 flow_2_20 0 5.0 2.0,1.75 257.0950000000003 1.5707963267948966 flow_2_19 0 5.0 2.0,-18.789999999999965 -1.75 0.0 flow_6_20 0 5.0 2.0,-1.75 -257.0950000000003 -1.5707963267948966 flow_0_19 0 5.0 2.0,186.325 1.75 3.141592653589793 flow_4_21 0 5.0 2.0,11.289999999999964 1.75 3.141592653589793 flow_4_19 0 5.0 2.0,11.289999999999964 5.25 3.141592653589793 flow_5_7 0 5.0 2.0,-11.289999999999964 -1.75 0.0 flow_6_19 0 5.0 2.0,107.18679423494183 -1.75 0.0 flow_1_7 0 5.0 2.0,-1.75 86.30499999999987 -1.5707963267948966 flow_0_20 0 5.0 2.0,18.789999999999965 1.75 3.141592653589793 flow_4_20 0 5.0 2.0,-186.325 -1.75 0.0 flow_6_21 0 5.0 2.0,-107.18679423494183 1.75 3.141592653589793 flow_3_7 0 5.0 2.0,-11.289999999999964 -5.25 0.0 flow_7_7 0 5.0 2.0,;HHL_QHDD_N r r,HHL_QHDD_S r r,HHL_QHDD_E r r,HHL_QHDD_W r r,
1.75 -69.63499999999988 1.5707963267948966 flow_2_20 0 5.0 2.0,1.75 273.7650000000003 1.5707963267948966 flow_2_19 0 5.0 2.0,-18.789999999999965 -1.75 0.0 flow_6_20 0 5.0 2.0,-1.75 -273.7650000000003 -1.5707963267948966 flow_0_19 0 5.0 2.0,169.65499999999998 1.75 3.141592653589793 flow_4_21 0 5.0 2.0,11.289999999999964 1.75 3.141592653589793 flow_4_19 0 5.0 2.0,10.289999999999964 5.25 3.141592653589793 flow_5_7 0 5.0 2.0,-11.289999999999964 -1.75 0.0 flow_6_19 0 5.0 2.0,123.85679423494183 -1.75 0.0 flow_1_7 0 5.0 2.0,-1.75 69.63499999999988 -1.5707963267948966 flow_0_20 0 5.0 2.0,18.789999999999965 1.75 3.141592653589793 flow_4_20 0 5.0 2.0,-169.65499999999998 -1.75 0.0 flow_6_21 0 5.0 2.0,-123.85679423494183 1.75 3.141592653589793 flow_3_7 0 5.0 2.0,-10.289999999999964 -5.25 0.0 flow_7_7 0 5.0 2.0,;HHL_QHDD_N r r,HHL_QHDD_S r r,HHL_QHDD_E g g,HHL_QHDD_W g g,
1.75 -52.96499999999986 1.5707963267948966 flow_2_20 0 5.0 2.0,1.75 290.43500000000037 1.5707963267948966 flow_2_19 0 5.0 2.0,-18.789999999999965 -1.75 0.0 flow_6_20 0 5.0 2.0,-1.75 -290.43500000000037 -1.5707963267948966 flow_0_19 0 5.0 2.0,152.98499999999997 1.75 3.141592653589793 flow_4_21 0 5.0 2.0,11.289999999999964 1.75 3.141592653589793 flow_4_19 0 5.0 2.0,2.2899999999999638 -1.75 3.141592653589793 flow_5_7 0 5.0 2.0,-11.289999999999964 -1.75 0.0 flow_6_19 0 5.0 2.0,140.52679423494184 -1.75 0.0 flow_1_7 0 5.0 2.0,-1.75 52.96499999999986 -1.5707963267948966 flow_0_20 0 5.0 2.0,18.789999999999965 1.75 3.141592653589793 flow_4_20 0 5.0 2.0,-152.98499999999997 -1.75 0.0 flow_6_21 0 5.0 2.0,-140.52679423494184 1.75 3.141592653589793 flow_3_7 0 5.0 2.0,-2.2899999999999638 1.75 0.0 flow_7_7 0 5.0 2.0,;HHL_QHDD_N r r,HHL_QHDD_S r r,HHL_QHDD_E g g,HHL_QHDD_W g g,
1.75 -37.961999999999878 1.5707963267948966 flow_2_20 0 5.0 2.0,-18.789999999999965 -1.75 0.0 flow_6_20 0 5.0 2.0,136.31499999999995 1.75 3.141592653589793 flow_4_21 0 5.0 2.0,11.289999999999964 1.75 3.141592653589793 flow_4_19 0 5.0 2.0,-1.2848105204249146 -4.136076680789127 -2.0647376957144778 flow_5_7 0 5.0 2.0,-11.289999999999964 -1.75 0.0 flow_6_19 0 5.0 2.0,157.19679423494183 -1.75 0.0 flow_1_7 0 5.0 2.0,-1.75 37.961999999999878 -1.5707963267948966 flow_0_20 0 5.0 2.0,18.789999999999965 1.75 3.141592653589793 flow_4_20 0 5.0 2.0,-136.31499999999995 -1.75 0.0 flow_6_21 0 5.0 2.0,-157.19679423494183 1.75 3.141592653589793 flow_3_7 0 5.0 2.0,1.2848105204249146 4.136076680789127 1.0768549578753155 flow_7_7 0 5.0 2.0,;HHL_QHDD_N r r,HHL_QHDD_S r r,HHL_QHDD_E g g,HHL_QHDD_W g g,
1.75 -26.292999999999894 1.5707963267948966 flow_2_20 0 5.0 2.0,-18.789999999999965 -1.75 0.0 flow_6_20 0 5.0 2.0,119.64499999999993 1.75 3.141592653589793 flow_4_21 0 5.0 2.0,10.289999999999964 1.75 3.141592653589793 flow_4_19 0 5.0 2.0,-1.75 -16.018794234941688 -1.5707963267948966 flow_5_7 0 5.0 2.0,-10.289999999999964 -1.75 0.0 flow_6_19 0 5.0 2.0,173.86679423494184 -1.75 0.0 flow_1_7 0 5.0 2.0,1.75 -299.0 1.5707963267948966 flow_2_21 0 5.0 2.0,-1.75 26.292999999999894 -1.5707963267948966 flow_0_20 0 5.0 2.0,18.789999999999965 1.75 3.141592653589793 flow_4_20 0 5.0 2.0,-119.64499999999993 -1.75 0.0 flow_6_21 0 5.0 2.0,-173.86679423494184 1.75 3.141592653589793 flow_3_7 0 5.0 2.0,1.75 16.018794234941688 1.5707963267948966 flow_7_7 0 5.0 2.0,-1.75 299.0 -1.5707963267948966 flow_0_21 0 5.0 2.0,;HHL_QHDD_N r r,HHL_QHDD_S r r,HHL_QHDD_E g g,HHL_QHDD_W g g,
1.75 -17.957999999999914 1.5707963267948966 flow_2_20 0 5.0 2.0,-18.039999999999965 -1.75 0.0 flow_6_20 0 5.0 2.0,102.97499999999991 1.75 3.141592653589793 flow_4_21 0 5.0 2.0,2.2899999999999638 1.75 3.141592653589793 flow_4_19 0 5.0 2.0,-1.75 -25.018794234941688 -1.5707963267948966 flow_5_7 0 5.0 2.0,-2.2899999999999638 -1.75 0.0 flow_6_19 0 5.0 2.0,190.53679423494186 -1.75 0.0 flow_1_7 0 5.0 2.0,1.75 -296.0 1.5707963267948966 flow_2_21 0 5.0 2.0,-1.75 17.957999999999914 -1.5707963267948966 flow_0_20 0 5.0 2.0,18.039999999999965 1.75 3.141592653589793 flow_4_20 0 5.0 2.0,-102.97499999999991 -1.75 0.0 flow_6_21 0 5.0 2.0,-190.53679423494186 1.75 3.141592653589793 flow_3_7 0 5.0 2.0,1.75 25.018794234941688 1.5707963267948966 flow_7_7 0 5.0 2.0,-1.75 296.0 -1.5707963267948966 flow_0_21 0 5.0 2.0,;HHL_QHDD_N r r,HHL_QHDD_S r r,HHL_QHDD_E g g,HHL_QHDD_W g g,
1.75 -12.956999999999937 1.5707963267948966 flow_2_20 0 5.0 2.0,-15.539999999999964 -1.75 0.0 flow_6_20 0 5.0 2.0,86.30499999999987 1.75 3.141592653589793 flow_4_21 0 5.0 2.0,-2.7100000000000366 1.75 3.141592653589793 flow_4_19 0 5.0 2.0,-1.75 -36.01879423494169 -1.5707963267948966 flow_5_7 0 5.0 2.0,2.7100000000000366 -1.75 0.0 flow_6_19 0 5.0 2.0,207.20679423494185 -1.75 0.0 flow_1_7 0 5.0 2.0,1.75 -291.0 1.5707963267948966 flow_2_21 0 5.0 2.0,-1.75 12.956999999999937 -1.5707963267948966 flow_0_20 0 5.0 2.0,15.539999999999964 1.75 3.141592653589793 flow_4_20 0 5.0 2.0,-86.30499999999987 -1.75 0.0 flow_6_21 0 5.0 2.0,-207.20679423494185 1.75 3.141592653589793 flow_3_7 0 5.0 2.0,1.75 36.01879423494169 1.5707963267948966 flow_7_7 0 5.0 2.0,-1.75 291.0 -1.5707963267948966 flow_0_21 0 5.0 2.0,;HHL_QHDD_N r r,HHL_QHDD_S r r,HHL_QHDD_E g g,HHL_QHDD_W g g,
1.75 -11.289999999999964 1.5707963267948966 flow_2_20 0 5.0 2.0,-11.039999999999964 -1.75 0.0 flow_6_20 0 5.0 2.0,69.63499999999988 1.75 3.141592653589793 flow_4_21 0 5.0 2.0,-14.710000000000037 1.75 3.141592653589793 flow_4_19 0 5.0 2.0,-1.75 -49.01879423494169 -1.5707963267948966 flow_5_7 0 5.0 2.0,14.710000000000037 -1.75 0.0 flow_6_19 0 5.0 2.0,223.87679423494189 -1.75 0.0 flow_1_7 0 5.0 2.0,1.75 -284.0 1.5707963267948966 flow_2_21 0 5.0 2.0,-1.75 11.289999999999964 -1.5707963267948966 flow_0_20 0 5.0 2.0,11.039999999999964 1.75 3.141592653589793 flow_4_20 0 5.0 2.0,-69.63499999999988 -1.75 0.0 flow_6_21 0 5.0 2.0,-223.87679423494189 1.75 3.141592653589793 flow_3_7 0 5.0 2.0,1.75 49.01879423494169 1.5707963267948966 flow_7_7 0 5.0 2.0,-1.75 284.0 -1.5707963267948966 flow_0_21 0 5.0 2.0,;HHL_QHDD_N r r,HHL_QHDD_S r r,HHL_QHDD_E g g,HHL_QHDD_W g g,
1.75 -11.289999999999964 1.5707963267948966 flow_2_20 0 5.0 2.0,0.4600000000000364 -1.75 0.0 flow_6_20 0 5.0 2.0,52.96499999999986 1.75 3.141592653589793 flow_4_21 0 5.0 2.0,-23.710000000000038 1.75 3.141592653589793 flow_4_19 0 5.0 2.0,-1.75 -64.01879423494168 -1.5707963267948966 flow_5_7 0 5.0 2.0,23.710000000000038 -1.75 0.0 flow_6_19 0 5.0 2.0,240.5467942349419 -1.75 0.0 flow_1_7 0 5.0 2.0,1.75 -275.0 1.5707963267948966 flow_2_21 0 5.0 2.0,-1.75 11.289999999999964 -1.5707963267948966 flow_0_20 0 5.0 2.0,-0.4600000000000364 1.75 3.141592653589793 flow_4_20 0 5.0 2.0,-52.96499999999986 -1.75 0.0 flow_6_21 0 5.0 2.0,-240.5467942349419 1.75 3.141592653589793 flow_3_7 0 5.0 2.0,1.75 64.01879423494168 1.5707963267948966 flow_7_7 0 5.0 2.0,-1.75 275.0 -1.5707963267948966 flow_0_21 0 5.0 2.0,;HHL_QHDD_N r r,HHL_QHDD_S r r,HHL_QHDD_E g g,HHL_QHDD_W g g,
1.75 -11.289999999999964 1.5707963267948966 flow_2_20 0 5.0 2.0,13.960000000000037 -1.75 0.0 flow_6_20 0 5.0 2.0,36.339288396514977 1.75 3.141592653589793 flow_4_21 0 5.0 2.0,-34.710000000000039 1.75 3.141592653589793 flow_4_19 0 5.0 2.0,-1.75 -80.35379423494169 -1.5707963267948966 flow_5_7 0 5.0 2.0,34.710000000000039 -1.75 0.0 flow_6_19 0 5.0 2.0,257.216794234942 -1.75 0.0 flow_1_7 0 5.0 2.0,-299.0 -5.25 0.0 flow_7_8 0 5.0 2.0,-299.0 -1.75 0.0 flow_6_22 0 5.0 2.0,1.75 -264.0 1.5707963267948966 flow_2_21 0 5.0 2.0,-1.75 11.289999999999964 -1.5707963267948966 flow_0_20 0 5.0 2.0,-13.960000000000037 1.75 3.141592653589793 flow_4_20 0 5.0 2.0,299.0 5.25 3.141592653589793 flow_5_8 0 5.0 2.0,-36.339288396514977 -1.75 0.0 flow_6_21 0 5.0 2.0,-257.216794234942 1.75 3.141592653589793 flow_3_7 0 5.0 2.0,299.0 1.75 3.141592653589793 flow_4_22 0 5.0 2.0,1.75 80.35379423494169 1.5707963267948966 flow_7_7 0 5.0 2.0,-1.75 264.0 -1.5707963267948966 flow_0_21 0 5.0 2.0,;HHL_QHDD_N r r,HHL_QHDD_S r r,HHL_QHDD_E g g,HHL_QHDD_W g g,
1.75 -11.289999999999964 1.5707963267948966 flow_2_20 0 5.0 2.0,24.460000000000038 -1.75 0.0 flow_6_20 0 5.0 2.0,20.286933850708296 1.75 3.141592653589793 flow_4_21 0 5.0 2.0,-47.710000000000039 1.75 3.141592653589793 flow_4_19 0 5.0 2.0,-1.75 -97.02379423494169 -1.5707963267948966 flow_5_7 0 5.0 2.0,47.710000000000039 -1.75 0.0 flow_6_19 0 5.0 2.0,273.88679423494195 -1.75 0.0 flow_1_7 0 5.0 2.0,-296.0 -5.25 0.0 flow_7_8 0 5.0 2.0,-296.0 -1.75 0.0 flow_6_22 0 5.0 2.0,1.75 -251.0 1.5707963267948966 flow_2_21 0 5.0 2.0,-1.75 11.289999999999964 -1.5707963267948966 flow_0_20 0 5.0 2.0,-24.460000000000038 1.75 3.141592653589793 flow_4_20 0 5.0 2.0,296.0 5.25 3.141592653589793 flow_5_8 0 5.0 2.0,-20.286933850708296 -1.75 0.0 flow_6_21 0 5.0 2.0,-273.88679423494195 1.75 3.141592653589793 flow_3_7 0 5.0 2.0,296.0 1.75 3.141592653589793 flow_4_22 0 5.0 2.0,1.75 97.02379423494169 1.5707963267948966 flow_7_7 0 5.0 2.0,-1.75 251.0 -1.5707963267948966 flow_0_21 0 5.0 2.0,;HHL_QHDD_N r r,HHL_QHDD_S r r,HHL_QHDD_E g g,HHL_QHDD_W g g,
1.75 -11.289999999999964 1.5707963267948966 flow_2_20 0 5.0 2.0,36.835000000000039 -1.75 0.0 flow_6_20 0 5.0 2.0,-0.1910907451713797 1.75 3.141592653589793 flow_4_21 0 5.0 2.0,-62.710000000000039 1.75 3.141592653589793 flow_4_19 0 5.0 2.0,-1.75 -113.69379423494169 -1.5707963267948966 flow_5_7 0 5.0 2.0,62.710000000000039 -1.75 0.0 flow_6_19 0 5.0 2.0,290.55679423494197 -1.75 0.0 flow_1_7 0 5.0 2.0,-291.0 -5.25 0.0 flow_7_8 0 5.0 2.0,-291.0 -1.75 0.0 flow_6_22 0 5.0 2.0,1.75 -236.0 1.5707963267948966 flow_2_21 0 5.0 2.0,-1.75 11.289999999999964 -1.5707963267948966 flow_0_20 0 5.0 2.0,-36.835000000000039 1.75 3.141592653589793 flow_4_20 0 5.0 2.0,291.0 5.25 3.141592653589793 flow_5_8 0 5.0 2.0,0.1910907451713797 -1.75 0.0 flow_6_21 0 5.0 2.0,-290.55679423494197 1.75 3.141592653589793 flow_3_7 0 5.0 2.0,291.0 1.75 3.141592653589793 flow_4_22 0 5.0 2.0,1.75 113.69379423494169 1.5707963267948966 flow_7_7 0 5.0 2.0,-1.75 236.0 -1.5707963267948966 flow_0_21 0 5.0 2.0,;HHL_QHDD_N r r,HHL_QHDD_S r r,HHL_QHDD_E g g,HHL_QHDD_W g g,
1.75 -11.289999999999964 1.5707963267948966 flow_2_20 0 5.0 2.0,51.02250000000004 -1.75 0.0 flow_6_20 0 5.0 2.0,-20.844380978209583 1.75 3.141592653589793 flow_4_21 0 5.0 2.0,-79.04500000000005 1.75 3.141592653589793 flow_4_19 0 5.0 2.0,-1.75 -130.36379423494169 -1.5707963267948966 flow_5_7 0 5.0 2.0,79.04500000000005 -1.75 0.0 flow_6_19 0 5.0 2.0,-284.0 -5.25 0.0 flow_7_8 0 5.0 2.0,-284.0 -1.75 0.0 flow_6_22 0 5.0 2.0,1.75 -219.665 1.5707963267948966 flow_2_21 0 5.0 2.0,-1.75 11.289999999999964 -1.5707963267948966 flow_0_20 0 5.0 2.0,-51.02250000000004 1.75 3.141592653589793 flow_4_20 0 5.0 2.0,284.0 5.25 3.141592653589793 flow_5_8 0 5.0 2.0,20.844380978209583 -1.75 0.0 flow_6_21 0 5.0 2.0,284.0 1.75 3.141592653589793 flow_4_22 0 5.0 2.0,1.75 130.36379423494169 1.5707963267948966 flow_7_7 0 5.0 2.0,-1.75 219.665 -1.5707963267948966 flow_0_21 0 5.0 2.0,;HHL_QHDD_N r r,HHL_QHDD_S r r,HHL_QHDD_E g g,HHL_QHDD_W g g,
1.75 -11.289999999999964 1.5707963267948966 flow_2_20 0 5.0 2.0,66.61750000000004 -1.75 0.0 flow_6_20 0 5.0 2.0,-36.96644431313753 1.75 3.141592653589793 flow_4_21 0 5.0 2.0,-95.71500000000005 1.75 3.141592653589793 flow_4_19 0 5.0 2.0,-1.75 -147.0337942349417 -1.5707963267948966 flow_5_7 0 5.0 2.0,95.71500000000005 -1.75 0.0 flow_6_19 0 5.0 2.0,-275.0 -5.25 0.0 flow_7_8 0 5.0 2.0,-275.0 -1.75 0.0 flow_6_22 0 5.0 2.0,1.75 -202.995 1.5707963267948966 flow_2_21 0 5.0 2.0,-1.75 11.289999999999964 -1.5707963267948966 flow_0_20 0 5.0 2.0,-66.61750000000004 1.75 3.141592653589793 flow_4_20 0 5.0 2.0,275.0 5.25 3.141592653589793 flow_5_8 0 5.0 2.0,36.96644431313753 -1.75 0.0 flow_6_21 0 5.0 2.0,275.0 1.75 3.141592653589793 flow_4_22 0 5.0 2.0,1.75 147.0337942349417 1.5707963267948966 flow_7_7 0 5.0 2.0,-1.75 202.995 -1.5707963267948966 flow_0_21 0 5.0 2.0,;HHL_QHDD_N r r,HHL_QHDD_S r r,HHL_QHDD_E g g,HHL_QHDD_W g g,
1.75 -11.289999999999964 1.5707963267948966 flow_2_20 0 5.0 2.0,82.83375000000004 -1.75 0.0 flow_6_20 0 5.0 2.0,-53.32248799030077 1.75 3.141592653589793 flow_4_21 0 5.0 2.0,-112.38500000000005 1.75 3.141592653589793 flow_4_19 0 5.0 2.0,-1.75 -163.7037942349417 -1.5707963267948966 flow_5_7 0 5.0 2.0,112.38500000000005 -1.75 0.0 flow_6_19 0 5.0 2.0,-264.0 -5.25 0.0 flow_7_8 0 5.0 2.0,-264.0 -1.75 0.0 flow_6_22 0 5.0 2.0,1.75 -186.325 1.5707963267948966 flow_2_21 0 5.0 2.0,-1.75 11.289999999999964 -1.5707963267948966 flow_0_20 0 5.0 2.0,-82.83375000000004 1.75 3.141592653589793 flow_4_20 0 5.0 2.0,264.0 5.25 3.141592653589793 flow_5_8 0 5.0 2.0,53.32248799030077 -1.75 0.0 flow_6_21 0 5.0 2.0,264.0 1.75 3.141592653589793 flow_4_22 0 5.0 2.0,1.75 163.7037942349417 1.5707963267948966 flow_7_7 0 5.0 2.0,-1.75 186.325 -1.5707963267948966 flow_0_21 0 5.0 2.0,;HHL_QHDD_N r r,HHL_QHDD_S r r,HHL_QHDD_E g g,HHL_QHDD_W g g,
1.75 -11.289999999999964 1.5707963267948966 flow_2_20 0 5.0 2.0,99.27687500000005 -1.75 0.0 flow_6_20 0 5.0 2.0,-69.67034518401232 1.75 3.141592653589793 flow_4_21 0 5.0 2.0,-129.05500000000007 1.75 3.141592653589793 flow_4_19 0 5.0 2.0,-1.75 -180.37379423494174 -1.5707963267948966 flow_5_7 0 5.0 2.0,129.05500000000007 -1.75 0.0 flow_6_19 0 5.0 2.0,-251.0 -5.25 0.0 flow_7_8 0 5.0 2.0,-251.0 -1.75 0.0 flow_6_22 0 5.0 2.0,1.75 -169.65499999999998 1.5707963267948966 flow_2_21 0 5.0 2.0,-1.75 11.289999999999964 -1.5707963267948966 flow_0_20 0 5.0 2.0,-99.27687500000005 1.75 3.141592653589793 flow_4_20 0 5.0 2.0,251.0 5.25 3.141592653589793 flow_5_8 0 5.0 2.0,69.67034518401232 -1.75 0.0 flow_6_21 0 5.0 2.0,251.0 1.75 3.141592653589793 flow_4_22 0 5.0 2.0,1.75 180.37379423494174 1.5707963267948966 flow_7_7 0 5.0 2.0,-1.75 169.65499999999998 -1.5707963267948966 flow_0_21 0 5.0 2.0,;HHL_QHDD_N r r,HHL_QHDD_S r r,HHL_QHDD_E g g,HHL_QHDD_W g g,
1.75 -11.289999999999964 1.5707963267948966 flow_2_20 0 5.0 2.0,115.83343750000005 -1.75 0.0 flow_6_20 0 5.0 2.0,-86.08439134200617 1.75 3.141592653589793 flow_4_21 0 5.0 2.0,-145.72500000000006 1.75 3.141592653589793 flow_4_19 0 5.0 2.0,-1.75 -197.04379423494175 -1.5707963267948966 flow_5_7 0 5.0 2.0,145.72500000000006 -1.75 0.0 flow_6_19 0 5.0 2.0,-236.0 -5.25 0.0 flow_7_8 0 5.0 2.0,-236.0 -1.75 0.0 flow_6_22 0 5.0 2.0,1.75 -152.98499999999997 1.5707963267948966 flow_2_21 0 5.0 2.0,-1.75 11.289999999999964 -1.5707963267948966 flow_0_20 0 5.0 2.0,-115.83343750000005 1.75 3.141592653589793 flow_4_20 0 5.0 2.0,236.0 5.25 3.141592653589793 flow_5_8 0 5.0 2.0,86.08439134200617 -1.75 0.0 flow_6_21 0 5.0 2.0,236.0 1.75 3.141592653589793 flow_4_22 0 5.0 2.0,1.75 197.04379423494175 1.5707963267948966 flow_7_7 0 5.0 2.0,-1.75 152.98499999999997 -1.5707963267948966 flow_0_21 0 5.0 2.0,;HHL_QHDD_N r r,HHL_QHDD_S r r,HHL_QHDD_E g g,HHL_QHDD_W g g,
1.75 -11.289999999999964 1.5707963267948966 flow_2_20 0 5.0 2.0,132.44671875000004 -1.75 0.0 flow_6_20 0 5.0 2.0,-102.59805504600311 1.75 3.141592653589793 flow_4_21 0 5.0 2.0,-162.395 1.75 3.141592653589793 flow_4_19 0 5.0 2.0,-1.75 -213.71379423494177 -1.5707963267948966 flow_5_7 0 5.0 2.0,162.395 -1.75 0.0 flow_6_19 0 5.0 2.0,-219.665 -5.25 0.0 flow_7_8 0 5.0 2.0,-219.665 -1.75 0.0 flow_6_22 0 5.0 2.0,1.75 -136.31499999999995 1.5707963267948966 flow_2_21 0 5.0 2.0,-1.75 11.289999999999964 -1.5707963267948966 flow_0_20 0 5.0 2.0,-132.44671875000004 1.75 3.141592653589793 flow_4_20 0 5.0 2.0,219.665 5.25 3.141592653589793 flow_5_8 0 5.0 2.0,102.59805504600311 -1.75 0.0 flow_6_21 0 5.0 2.0,219.665 1.75 3.141592653589793 flow_4_22 0 5.0 2.0,1.75 213.71379423494177 1.5707963267948966 flow_7_7 0 5.0 2.0,-1.75 136.31499999999995 -1.5707963267948966 flow_0_21 0 5.0 2.0,;HHL_QHDD_N r r,HHL_QHDD_S r r,HHL_QHDD_E g g,HHL_QHDD_W g g,
1.75 -11.289999999999964 1.5707963267948966 flow_2_20 0 5.0 2.0,149.08835937500005 -1.75 0.0 flow_6_20 0 5.0 2.0,-119.17570721050157 1.75 3.141592653589793 flow_4_21 0 5.0 2.0,-179.06500000000006 1.75 3.141592653589793 flow_4_19 0 5.0 2.0,-1.75 -230.38379423494178 -1.5707963267948966 flow_5_7 0 5.0 2.0,179.06500000000006 -1.75 0.0 flow_6_19 0 5.0 2.0,-202.995 -5.25 0.0 flow_7_8 0 5.0 2.0,-202.995 -1.75 0.0 flow_6_22 0 5.0 2.0,1.75 -119.64499999999993 1.5707963267948966 flow_2_21 0 5.0 2.0,-1.75 11.289999999999964 -1.5707963267948966 flow_0_20 0 5.0 2.0,-149.08835937500005 1.75 3.141592653589793 flow_4_20 0 5.0 2.0,202.995 5.25 3.141592653589793 flow_5_8 0 5.0 2.0,119.17570721050157 -1.75 0.0 flow_6_21 0 5.0 2.0,202.995 1.75 3.141592653589793 flow_4_22 0 5.0 2.0,1.75 230.38379423494178 1.5707963267948966 flow_7_7 0 5.0 2.0,-1.75 119.64499999999993 -1.5707963267948966 flow_0_21 0 5.0 2.0,;HHL_QHDD_N r r,HHL_QHDD_S r r,HHL_QHDD_E g g,HHL_QHDD_W g g,
1.75 -11.289999999999964 1.5707963267948966 flow_2_20 0 5.0 2.0,165.74417968750005 -1.75 0.0 flow_6_20 0 5.0 2.0,-135.7924434490008 1.75 3.141592653589793 flow_4_21 0 5.0 2.0,-195.73500000000008 1.75 3.141592653589793 flow_4_19 0 5.0 2.0,-1.75 -247.0537942349418 -1.5707963267948966 flow_5_7 0 5.0 2.0,195.73500000000008 -1.75 0.0 flow_6_19 0 5.0 2.0,-186.325 -5.25 0.0 flow_7_8 0 5.0 2.0,-186.325 -1.75 0.0 flow_6_22 0 5.0 2.0,1.75 -102.97499999999991 1.5707963267948966 flow_2_21 0 5.0 2.0,-1.75 11.289999999999964 -1.5707963267948966 flow_0_20 0 5.0 2.0,-165.74417968750005 1.75 3.141592653589793 flow_4_20 0 5.0 2.0,186.325 5.25 3.141592653589793 flow_5_8 0 5.0 2.0,135.7924434490008 -1.75 0.0 flow_6_21 0 5.0 2.0,186.325 1.75 3.141592653589793 flow_4_22 0 5.0 2.0,1.75 247.0537942349418 1.5707963267948966 flow_7_7 0 5.0 2.0,-1.75 102.97499999999991 -1.5707963267948966 flow_0_21 0 5.0 2.0,;HHL_QHDD_N r r,HHL_QHDD_S r r,HHL_QHDD_E g g,HHL_QHDD_W g g,
1.75 -11.289999999999964 1.5707963267948966 flow_2_20 0 5.0 2.0,182.40708984375005 -1.75 0.0 flow_6_20 0 5.0 2.0,-152.43226664637545 1.75 3.141592653589793 flow_4_21 0 5.0 2.0,-212.4050000000001 1.75 3.141592653589793 flow_4_19 0 5.0 2.0,-1.75 -263.7237942349418 -1.5707963267948966 flow_5_7 0 5.0 2.0,212.4050000000001 -1.75 0.0 flow_6_19 0 5.0 2.0,-169.65499999999998 -5.25 0.0 flow_7_8 0 5.0 2.0,-169.65499999999998 -1.75 0.0 flow_6_22 0 5.0 2.0,1.75 -86.30499999999987 1.5707963267948966 flow_2_21 0 5.0 2.0,-1.75 11.289999999999964 -1.5707963267948966 flow_0_20 0 5.0 2.0,-182.40708984375005 1.75 3.141592653589793 flow_4_20 0 5.0 2.0,169.65499999999998 5.25 3.141592653589793 flow_5_8 0 5.0 2.0,152.43226664637545 -1.75 0.0 flow_6_21 0 5.0 2.0,169.65499999999998 1.75 3.141592653589793 flow_4_22 0 5.0 2.0,1.75 263.7237942349418 1.5707963267948966 flow_7_7 0 5.0 2.0,-1.75 86.30499999999987 -1.5707963267948966 flow_0_21 0 5.0 2.0,;HHL_QHDD_N r r,HHL_QHDD_S r r,HHL_QHDD_E g g,HHL_QHDD_W g g,
1.75 -11.289999999999964 1.5707963267948966 flow_2_20 0 5.0 2.0,199.07354492187506 -1.75 0.0 flow_6_20 0 5.0 2.0,-169.08540578412525 1.75 3.141592653589793 flow_4_21 0 5.0 2.0,-229.0750000000001 1.75 3.141592653589793 flow_4_19 0 5.0 2.0,-1.75 -280.3937942349418 -1.5707963267948966 flow_5_7 0 5.0 2.0,229.0750000000001 -1.75 0.0 flow_6_19 0 5.0 2.0,-152.98499999999997 -5.25 0.0 flow_7_8 0 5.0 2.0,-152.98499999999997 -1.75 0.0 flow_6_22 0 5.0 2.0,1.75 -69.63499999999988 1.5707963267948966 flow_2_21 0 5.0 2.0,-1.75 11.289999999999964 -1.5707963267948966 flow_0_20 0 5.0 2.0,-199.07354492187506 1.75 3.141592653589793 flow_4_20 0 5.0 2.0,152.98499999999997 5.25 3.141592653589793 flow_5_8 0 5.0 2.0,169.08540578412525 -1.75 0.0 flow_6_21 0 5.0 2.0,152.98499999999997 1.75 3.141592653589793 flow_4_22 0 5.0 2.0,1.75 280.3937942349418 1.5707963267948966 flow_7_7 0 5.0 2.0,-1.75 69.63499999999988 -1.5707963267948966 flow_0_21 0 5.0 2.0,;HHL_QHDD_N r r,HHL_QHDD_S r r,HHL_QHDD_E g g,HHL_QHDD_W g g,
1.75 -11.289999999999964 1.5707963267948966 flow_2_20 0 5.0 2.0,215.74177246093758 -1.75 0.0 flow_6_20 0 5.0 2.0,-185.74608912253138 1.75 3.141592653589793 flow_4_21 0 5.0 2.0,-245.74500000000013 1.75 3.141592653589793 flow_4_19 0 5.0 2.0,-1.75 -297.06379423494186 -1.5707963267948966 flow_5_7 0 5.0 2.0,245.74500000000013 -1.75 0.0 flow_6_19 0 5.0 2.0,-136.31499999999995 -5.25 0.0 flow_7_8 0 5.0 2.0,-136.31499999999995 -1.75 0.0 flow_6_22 0 5.0 2.0,1.75 -52.96499999999986 1.5707963267948966 flow_2_21 0 5.0 2.0,-1.75 11.289999999999964 -1.5707963267948966 flow_0_20 0 5.0 2.0,-215.74177246093758 1.75 3.141592653589793 flow_4_20 0 5.0 2.0,136.31499999999995 5.25 3.141592653589793 flow_5_8 0 5.0 2.0,185.74608912253138 -1.75 0.0 flow_6_21 0 5.0 2.0,136.31499999999995 1.75 3.141592653589793 flow_4_22 0 5.0 2.0,1.75 297.06379423494186 1.5707963267948966 flow_7_7 0 5.0 2.0,-1.75 52.96499999999986 -1.5707963267948966 flow_0_21 0 5.0 2.0,;HHL_QHDD_N r r,HHL_QHDD_S r r,HHL_QHDD_E g g,HHL_QHDD_W g g,
1.75 -11.289999999999964 1.5707963267948966 flow_2_20 0 5.0 2.0,232.41088623046887 -1.75 0.0 flow_6_20 0 5.0 2.0,-202.41098767650014 1.75 3.141592653589793 flow_4_21 0 5.0 2.0,-262.41500000000016 1.75 3.141592653589793 flow_4_19 0 5.0 2.0,262.41500000000016 -1.75 0.0 flow_6_19 0 5.0 2.0,-119.64499999999993 -5.25 0.0 flow_7_8 0 5.0 2.0,-119.64499999999993 -1.75 0.0 flow_6_22 0 5.0 2.0,1.75 -38.04749554005957 1.5707963267948966 flow_2_21 0 5.0 2.0,-1.75 11.289999999999964 -1.5707963267948966 flow_0_20 0 5.0 2.0,-232.41088623046887 1.75 3.141592653589793 flow_4_20 0 5.0 2.0,119.64499999999993 5.25 3.141592653589793 flow_5_8 0 5.0 2.0,202.41098767650014 -1.75 0.0 flow_6_21 0 5.0 2.0,119.64499999999993 1.75 3.141592653589793 flow_4_22 0 5.0 2.0,-1.75 38.04749554005957 -1.5707963267948966 flow_0_21 0 5.0 2.0,;HHL_QHDD_N r r,HHL_QHDD_S r r,HHL_QHDD_E g g,HHL_QHDD_W g g,
1.75 -11.289999999999964 1.5707963267948966 flow_2_20 0 5.0 2.0,1.75 -299.0 1.5707963267948966 flow_2_22 0 5.0 2.0,-5.25 299.0 -1.5707963267948966 flow_1_8 0 5.0 2.0,249.0804431152345 -1.75 0.0 flow_6_20 0 5.0 2.0,-219.0782153958673 1.75 3.141592653589793 flow_4_21 0 5.0 2.0,-279.08500000000017 1.75 3.141592653589793 flow_4_19 0 5.0 2.0,279.08500000000017 -1.75 0.0 flow_6_19 0 5.0 2.0,-1.75 299.0 -1.5707963267948966 flow_0_22 0 5.0 2.0,-102.97499999999991 -5.25 0.0 flow_7_8 0 5.0 2.0,-102.97499999999991 -1.75 0.0 flow_6_22 0 5.0 2.0,1.75 -27.132486620178953 1.5707963267948966 flow_2_21 0 5.0 2.0,-1.75 11.289999999999964 -1.5707963267948966 flow_0_20 0 5.0 2.0,-249.0804431152345 1.75 3.141592653589793 flow_4_20 0 5.0 2.0,102.97499999999991 5.25 3.141592653589793 flow_5_8 0 5.0 2.0,219.0782153958673 -1.75 0.0 flow_6_21 0 5.0 2.0,5.25 -299.0 1.5707963267948966 flow_3_8 0 5.0 2.0,102.97499999999991 1.75 3.141592653589793 flow_4_22 0 5.0 2.0,-1.75 27.132486620178953 -1.5707963267948966 flow_0_21 0 5.0 2.0,;HHL_QHDD_N r r,HHL_QHDD_S r r,HHL_QHDD_E g g,HHL_QHDD_W g g,
1.75 -11.289999999999964 1.5707963267948966 flow_2_20 0 5.0 2.0,1.75 -296.0 1.5707963267948966 flow_2_22 0 5.0 2.0,-5.25 296.0 -1.5707963267948966 flow_1_8 0 5.0 2.0,265.75022155761737 -1.75 0.0 flow_6_20 0 5.0 2.0,-235.7467184767423 1.75 3.141592653589793 flow_4_21 0 5.0 2.0,-295.75500000000019 1.75 3.141592653589793 flow_4_19 0 5.0 2.0,295.75500000000019 -1.75 0.0 flow_6_19 0 5.0 2.0,-1.75 296.0 -1.5707963267948966 flow_0_22 0 5.0 2.0,-86.30499999999987 -5.25 0.0 flow_7_8 0 5.0 2.0,-86.30499999999987 -1.75 0.0 flow_6_22 0 5.0 2.0,1.75 -20.717477700298333 1.5707963267948966 flow_2_21 0 5.0 2.0,-1.75 11.289999999999964 -1.5707963267948966 flow_0_20 0 5.0 2.0,-265.75022155761737 1.75 3.141592653589793 flow_4_20 0 5.0 2.0,86.30499999999987 5.25 3.141592653589793 flow_5_8 0 5.0 2.0,235.7467184767423 -1.75 0.0 flow_6_21 0 5.0 2.0,5.25 -296.0 1.5707963267948966 flow_3_8 0 5.0 2.0,86.30499999999987 1.75 3.141592653589793 flow_4_22 0 5.0 2.0,-1.75 20.717477700298333 -1.5707963267948966 flow_0_21 0 5.0 2.0,;HHL_QHDD_N r r,HHL_QHDD_S r r,HHL_QHDD_E g g,HHL_QHDD_W g g,
1.75 -11.289999999999964 1.5707963267948966 flow_2_20 0 5.0 2.0,1.75 -291.0 1.5707963267948966 flow_2_22 0 5.0 2.0,-5.25 291.0 -1.5707963267948966 flow_1_8 0 5.0 2.0,282.42011077880877 -1.75 0.0 flow_6_20 0 5.0 2.0,-252.41591462777556 1.75 3.141592653589793 flow_4_21 0 5.0 2.0,-1.75 291.0 -1.5707963267948966 flow_0_22 0 5.0 2.0,-69.63499999999988 -5.25 0.0 flow_7_8 0 5.0 2.0,-69.63499999999988 -1.75 0.0 flow_6_22 0 5.0 2.0,1.75 -18.789999999999965 1.5707963267948966 flow_2_21 0 5.0 2.0,-1.75 11.289999999999964 -1.5707963267948966 flow_0_20 0 5.0 2.0,-282.42011077880877 1.75 3.141592653589793 flow_4_20 0 5.0 2.0,69.63499999999988 5.25 3.141592653589793 flow_5_8 0 5.0 2.0,252.41591462777556 -1.75 0.0 flow_6_21 0 5.0 2.0,5.25 -291.0 1.5707963267948966 flow_3_8 0 5.0 2.0,69.63499999999988 1.75 3.141592653589793 flow_4_22 0 5.0 2.0,-1.75 18.789999999999965 -1.5707963267948966 flow_0_21 0 5.0 2.0,;HHL_QHDD_N r r,HHL_QHDD_S r r,HHL_QHDD_E g g,HHL_QHDD_W g g,
1.75 -11.289999999999964 1.5707963267948966 flow_2_20 0 5.0 2.0,1.75 -284.0 1.5707963267948966 flow_2_22 0 5.0 2.0,-5.25 284.0 -1.5707963267948966 flow_1_8 0 5.0 2.0,299.0900738525392 -1.75 0.0 flow_6_20 0 5.0 2.0,-269.08548500859 1.75 3.141592653589793 flow_4_21 0 5.0 2.0,-1.75 284.0 -1.5707963267948966 flow_0_22 0 5.0 2.0,-55.21499999999986 -5.25 0.0 flow_7_8 0 5.0 2.0,-52.96499999999986 -1.75 0.0 flow_6_22 0 5.0 2.0,1.75 -18.789999999999965 1.5707963267948966 flow_2_21 0 5.0 2.0,-1.75 11.289999999999964 -1.5707963267948966 flow_0_20 0 5.0 2.0,-299.0900738525392 1.75 3.141592653589793 flow_4_20 0 5.0 2.0,55.21499999999986 5.25 3.141592653589793 flow_5_8 0 5.0 2.0,269.08548500859 -1.75 0.0 flow_6_21 0 5.0 2.0,5.25 -284.0 1.5707963267948966 flow_3_8 0 5.0 2.0,52.96499999999986 1.75 3.141592653589793 flow_4_22 0 5.0 2.0,-1.75 18.789999999999965 -1.5707963267948966 flow_0_21 0 5.0 2.0,;HHL_QHDD_N r r,HHL_QHDD_S r r,HHL_QHDD_E g g,HHL_QHDD_W g g,
1.75 -11.289999999999964 1.5707963267948966 flow_2_20 0 5.0 2.0,1.75 -275.0 1.5707963267948966 flow_2_22 0 5.0 2.0,-5.25 275.0 -1.5707963267948966 flow_1_8 0 5.0 2.0,-285.7552701989972 1.75 3.141592653589793 flow_4_21 0 5.0 2.0,-1.75 275.0 -1.5707963267948966 flow_0_22 0 5.0 2.0,-44.96334999999988 -5.25 0.0 flow_7_8 0 5.0 2.0,-36.294999999999848 -1.75 0.0 flow_6_22 0 5.0 2.0,1.75 -18.789999999999965 1.5707963267948966 flow_2_21 0 5.0 2.0,-1.75 11.289999999999964 -1.5707963267948966 flow_0_20 0 5.0 2.0,44.96334999999988 5.25 3.141592653589793 flow_5_8 0 5.0 2.0,285.7552701989972 -1.75 0.0 flow_6_21 0 5.0 2.0,5.25 -275.0 1.5707963267948966 flow_3_8 0 5.0 2.0,36.294999999999848 1.75 3.141592653589793 flow_4_22 0 5.0 2.0,-1.75 18.789999999999965 -1.5707963267948966 flow_0_21 0 5.0 2.0,;HHL_QHDD_N r r,HHL_QHDD_S r r,HHL_QHDD_E g g,HHL_QHDD_W g g,
1.75 -11.289999999999964 1.5707963267948966 flow_2_20 0 5.0 2.0,1.75 -264.0 1.5707963267948966 flow_2_22 0 5.0 2.0,-5.25 264.0 -1.5707963267948966 flow_1_8 0 5.0 2.0,-299.0 -1.75 0.0 flow_6_23 0 5.0 2.0,-1.75 264.0 -1.5707963267948966 flow_0_22 0 5.0 2.0,-36.63004999999987 -5.25 0.0 flow_7_8 0 5.0 2.0,299.0 1.75 3.141592653589793 flow_4_23 0 5.0 2.0,-19.62499999999983 -1.75 0.0 flow_6_22 0 5.0 2.0,1.75 -18.789999999999965 1.5707963267948966 flow_2_21 0 5.0 2.0,-1.75 11.289999999999964 -1.5707963267948966 flow_0_20 0 5.0 2.0,36.63004999999987 5.25 3.141592653589793 flow_5_8 0 5.0 2.0,5.25 -264.0 1.5707963267948966 flow_3_8 0 5.0 2.0,19.62499999999983 1.75 3.141592653589793 flow_4_22 0 5.0 2.0,-1.75 18.789999999999965 -1.5707963267948966 flow_0_21 0 5.0 2.0,;HHL_QHDD_N r r,HHL_QHDD_S r r,HHL_QHDD_E g g,HHL_QHDD_W g g,
1.75 -11.289999999999964 1.5707963267948966 flow_2_20 0 5.0 2.0,1.75 -251.0 1.5707963267948966 flow_2_22 0 5.0 2.0,-5.25 251.0 -1.5707963267948966 flow_1_8 0 5.0 2.0,-296.0 -1.75 0.0 flow_6_23 0 5.0 2.0,-1.75 251.0 -1.5707963267948966 flow_0_22 0 5.0 2.0,-28.29674999999986 -5.25 0.0 flow_7_8 0 5.0 2.0,296.0 1.75 3.141592653589793 flow_4_23 0 5.0 2.0,2.0450000000001866 -1.75 0.0 flow_6_22 0 5.0 2.0,1.75 -18.789999999999965 1.5707963267948966 flow_2_21 0 5.0 2.0,-1.75 11.289999999999964 -1.5707963267948966 flow_0_20 0 5.0 2.0,28.29674999999986 5.25 3.141592653589793 flow_5_8 0 5.0 2.0,5.25 -251.0 1.5707963267948966 flow_3_8 0 5.0 2.0,-2.0450000000001866 1.75 3.141592653589793 flow_4_22 0 5.0 2.0,-1.75 18.789999999999965 -1.5707963267948966 flow_0_21 0 5.0 2.0,;HHL_QHDD_N r r,HHL_QHDD_S r r,HHL_QHDD_E g g,HHL_QHDD_W g g,
1.75 -11.289999999999964 1.5707963267948966 flow_2_20 0 5.0 2.0,1.75 -236.0 1.5707963267948966 flow_2_22 0 5.0 2.0,-5.25 236.0 -1.5707963267948966 flow_1_8 0 5.0 2.0,-291.0 -1.75 0.0 flow_6_23 0 5.0 2.0,-1.75 236.0 -1.5707963267948966 flow_0_22 0 5.0 2.0,-21.352333333333207 -5.25 0.0 flow_7_8 0 5.0 2.0,291.0 1.75 3.141592653589793 flow_4_23 0 5.0 2.0,23.715000000000189 -1.75 0.0 flow_6_22 0 5.0 2.0,1.75 -18.789999999999965 1.5707963267948966 flow_2_21 0 5.0 2.0,-1.75 11.289999999999964 -1.5707963267948966 flow_0_20 0 5.0 2.0,21.352333333333207 5.25 3.141592653589793 flow_5_8 0 5.0 2.0,5.25 -236.0 1.5707963267948966 flow_3_8 0 5.0 2.0,-23.715000000000189 1.75 3.141592653589793 flow_4_22 0 5.0 2.0,-1.75 18.789999999999965 -1.5707963267948966 flow_0_21 0 5.0 2.0,;HHL_QHDD_N r r,HHL_QHDD_S r r,HHL_QHDD_E g g,HHL_QHDD_W g g,
1.75 -11.289999999999964 1.5707963267948966 flow_2_20 0 5.0 2.0,1.75 -219.665 1.5707963267948966 flow_2_22 0 5.0 2.0,-5.25 219.665 -1.5707963267948966 flow_1_8 0 5.0 2.0,-284.0 -1.75 0.0 flow_6_23 0 5.0 2.0,-1.75 219.665 -1.5707963267948966 flow_0_22 0 5.0 2.0,-14.796799999999849 -5.25 0.0 flow_7_8 0 5.0 2.0,284.0 1.75 3.141592653589793 flow_4_23 0 5.0 2.0,40.38500000000019 -1.75 0.0 flow_6_22 0 5.0 2.0,1.75 -18.789999999999965 1.5707963267948966 flow_2_21 0 5.0 2.0,-1.75 11.289999999999964 -1.5707963267948966 flow_0_20 0 5.0 2.0,14.796799999999849 5.25 3.141592653589793 flow_5_8 0 5.0 2.0,5.25 -219.665 1.5707963267948966 flow_3_8 0 5.0 2.0,-40.38500000000019 1.75 3.141592653589793 flow_4_22 0 5.0 2.0,-1.75 18.789999999999965 -1.5707963267948966 flow_0_21 0 5.0 2.0,;HHL_QHDD_N r r,HHL_QHDD_S r r,HHL_QHDD_E g g,HHL_QHDD_W g g,
1.75 -11.289999999999964 1.5707963267948966 flow_2_20 0 5.0 2.0,1.75 -202.995 1.5707963267948966 flow_2_22 0 5.0 2.0,-5.25 202.995 -1.5707963267948966 flow_1_8 0 5.0 2.0,-275.0 -1.75 0.0 flow_6_23 0 5.0 2.0,-1.75 202.995 -1.5707963267948966 flow_0_22 0 5.0 2.0,-1.8523833333331937 1.75 0.0 flow_7_8 0 5.0 2.0,275.0 1.75 3.141592653589793 flow_4_23 0 5.0 2.0,57.05500000000019 -1.75 0.0 flow_6_22 0 5.0 2.0,1.75 -18.789999999999965 1.5707963267948966 flow_2_21 0 5.0 2.0,-1.75 11.289999999999964 -1.5707963267948966 flow_0_20 0 5.0 2.0,1.8523833333331937 -1.75 3.141592653589793 flow_5_8 0 5.0 2.0,5.25 -202.995 1.5707963267948966 flow_3_8 0 5.0 2.0,-57.05500000000019 1.75 3.141592653589793 flow_4_22 0 5.0 2.0,-1.75 18.789999999999965 -1.5707963267948966 flow_0_21 0 5.0 2.0,;HHL_QHDD_N r r,HHL_QHDD_S r r,HHL_QHDD_E g g,HHL_QHDD_W g g,
1.75 -11.289999999999964 1.5707963267948966 flow_2_20 0 5.0 2.0,1.75 -186.325 1.5707963267948966 flow_2_22 0 5.0 2.0,-5.25 186.325 -1.5707963267948966 flow_1_8 0 5.0 2.0,-264.0 -1.75 0.0 flow_6_23 0 5.0 2.0,-1.75 186.325 -1.5707963267948966 flow_0_22 0 5.0 2.0,1.75 13.789710901608457 1.5707963267948966 flow_7_8 0 5.0 2.0,264.0 1.75 3.141592653589793 flow_4_23 0 5.0 2.0,73.7250000000002 -1.75 0.0 flow_6_22 0 5.0 2.0,1.75 -18.789999999999965 1.5707963267948966 flow_2_21 0 5.0 2.0,-1.75 11.289999999999964 -1.5707963267948966 flow_0_20 0 5.0 2.0,-1.75 -13.789710901608457 -1.5707963267948966 flow_5_8 0 5.0 2.0,5.25 -186.325 1.5707963267948966 flow_3_8 0 5.0 2.0,-73.7250000000002 1.75 3.141592653589793 flow_4_22 0 5.0 2.0,-1.75 18.789999999999965 -1.5707963267948966 flow_0_21 0 5.0 2.0,;HHL_QHDD_N r r,HHL_QHDD_S r r,HHL_QHDD_E g g,HHL_QHDD_W g g,
1.75 -11.289999999999964 1.5707963267948966 flow_2_20 0 5.0 2.0,1.75 -169.65499999999998 1.5707963267948966 flow_2_22 0 5.0 2.0,-5.25 169.65499999999998 -1.5707963267948966 flow_1_8 0 5.0 2.0,-251.0 -1.75 0.0 flow_6_23 0 5.0 2.0,-1.75 169.65499999999998 -1.5707963267948966 flow_0_22 0 5.0 2.0,1.75 25.123010901608454 1.5707963267948966 flow_7_8 0 5.0 2.0,251.0 1.75 3.141592653589793 flow_4_23 0 5.0 2.0,90.3950000000002 -1.75 0.0 flow_6_22 0 5.0 2.0,1.75 -18.789999999999965 1.5707963267948966 flow_2_21 0 5.0 2.0,-1.75 11.289999999999964 -1.5707963267948966 flow_0_20 0 5.0 2.0,-1.75 -25.123010901608454 -1.5707963267948966 flow_5_8 0 5.0 2.0,5.25 -169.65499999999998 1.5707963267948966 flow_3_8 0 5.0 2.0,-90.3950000000002 1.75 3.141592653589793 flow_4_22 0 5.0 2.0,-1.75 18.789999999999965 -1.5707963267948966 flow_0_21 0 5.0 2.0,;HHL_QHDD_N r r,HHL_QHDD_S r r,HHL_QHDD_E g g,HHL_QHDD_W g g,
1.75 -11.289999999999964 1.5707963267948966 flow_2_20 0 5.0 2.0,1.75 -152.98499999999997 1.5707963267948966 flow_2_22 0 5.0 2.0,-5.25 152.98499999999997 -1.5707963267948966 flow_1_8 0 5.0 2.0,-236.0 -1.75 0.0 flow_6_23 0 5.0 2.0,-1.75 152.98499999999997 -1.5707963267948966 flow_0_22 0 5.0 2.0,1.75 38.456310901608457 1.5707963267948966 flow_7_8 0 5.0 2.0,236.0 1.75 3.141592653589793 flow_4_23 0 5.0 2.0,107.0650000000002 -1.75 0.0 flow_6_22 0 5.0 2.0,1.75 -18.789999999999965 1.5707963267948966 flow_2_21 0 5.0 2.0,-1.75 11.289999999999964 -1.5707963267948966 flow_0_20 0 5.0 2.0,-1.75 -38.456310901608457 -1.5707963267948966 flow_5_8 0 5.0 2.0,5.25 -152.98499999999997 1.5707963267948966 flow_3_8 0 5.0 2.0,-107.0650000000002 1.75 3.141592653589793 flow_4_22 0 5.0 2.0,-1.75 18.789999999999965 -1.5707963267948966 flow_0_21 0 5.0 2.0,;HHL_QHDD_N r r,HHL_QHDD_S r r,HHL_QHDD_E g g,HHL_QHDD_W g g,
1.75 -11.289999999999964 1.5707963267948966 flow_2_20 0 5.0 2.0,1.75 -136.31499999999995 1.5707963267948966 flow_2_22 0 5.0 2.0,-5.25 136.31499999999995 -1.5707963267948966 flow_1_8 0 5.0 2.0,-219.665 -1.75 0.0 flow_6_23 0 5.0 2.0,-1.75 136.31499999999995 -1.5707963267948966 flow_0_22 0 5.0 2.0,1.75 53.789610901608458 1.5707963267948966 flow_7_8 0 5.0 2.0,219.665 1.75 3.141592653589793 flow_4_23 0 5.0 2.0,123.7350000000002 -1.75 0.0 flow_6_22 0 5.0 2.0,1.75 -18.789999999999965 1.5707963267948966 flow_2_21 0 5.0 2.0,-1.75 11.289999999999964 -1.5707963267948966 flow_0_20 0 5.0 2.0,-1.75 -53.789610901608458 -1.5707963267948966 flow_5_8 0 5.0 2.0,5.25 -136.31499999999995 1.5707963267948966 flow_3_8 0 5.0 2.0,-123.7350000000002 1.75 3.141592653589793 flow_4_22 0 5.0 2.0,-1.75 18.789999999999965 -1.5707963267948966 flow_0_21 0 5.0 2.0,;HHL_QHDD_N r r,HHL_QHDD_S r r,HHL_QHDD_E g g,HHL_QHDD_W g g,
1.75 -11.289999999999964 1.5707963267948966 flow_2_20 0 5.0 2.0,1.75 -119.64499999999993 1.5707963267948966 flow_2_22 0 5.0 2.0,-5.25 119.64499999999993 -1.5707963267948966 flow_1_8 0 5.0 2.0,-202.995 -1.75 0.0 flow_6_23 0 5.0 2.0,-1.75 119.64499999999993 -1.5707963267948966 flow_0_22 0 5.0 2.0,1.75 70.29126090160846 1.5707963267948966 flow_7_8 0 5.0 2.0,202.995 1.75 3.141592653589793 flow_4_23 0 5.0 2.0,140.4050000000002 -1.75 0.0 flow_6_22 0 5.0 2.0,1.75 -18.789999999999965 1.5707963267948966 flow_2_21 0 5.0 2.0,-1.75 11.289999999999964 -1.5707963267948966 flow_0_20 0 5.0 2.0,-1.75 -70.29126090160846 -1.5707963267948966 flow_5_8 0 5.0 2.0,5.25 -119.64499999999993 1.5707963267948966 flow_3_8 0 5.0 2.0,-140.4050000000002 1.75 3.141592653589793 flow_4_22 0 5.0 2.0,-1.75 18.789999999999965 -1.5707963267948966 flow_0_21 0 5.0 2.0,;HHL_QHDD_N r r,HHL_QHDD_S r r,HHL_QHDD_E r r,HHL_QHDD_W r r,
1.75 -11.289999999999964 1.5707963267948966 flow_2_20 0 5.0 2.0,1.75 -102.97499999999991 1.5707963267948966 flow_2_22 0 5.0 2.0,-5.25 102.97499999999991 -1.5707963267948966 flow_1_8 0 5.0 2.0,-186.325 -1.75 0.0 flow_6_23 0 5.0 2.0,-1.75 102.97499999999991 -1.5707963267948966 flow_0_22 0 5.0 2.0,1.75 86.96126090160846 1.5707963267948966 flow_7_8 0 5.0 2.0,186.325 1.75 3.141592653589793 flow_4_23 0 5.0 2.0,157.07500000000023 -1.75 0.0 flow_6_22 0 5.0 2.0,1.75 -18.789999999999965 1.5707963267948966 flow_2_21 0 5.0 2.0,-1.75 11.289999999999964 -1.5707963267948966 flow_0_20 0 5.0 2.0,-1.75 -86.96126090160846 -1.5707963267948966 flow_5_8 0 5.0 2.0,5.25 -102.97499999999991 1.5707963267948966 flow_3_8 0 5.0 2.0,-157.07500000000023 1.75 3.141592653589793 flow_4_22 0 5.0 2.0,-1.75 18.789999999999965 -1.5707963267948966 flow_0_21 0 5.0 2.0,;HHL_QHDD_N r r,HHL_QHDD_S r r,HHL_QHDD_E r r,HHL_QHDD_W r r,
1.75 -11.289999999999964 1.5707963267948966 flow_2_20 0 5.0 2.0,1.75 -86.30499999999987 1.5707963267948966 flow_2_22 0 5.0 2.0,-5.25 86.30499999999987 -1.5707963267948966 flow_1_8 0 5.0 2.0,-169.65499999999998 -1.75 0.0 flow_6_23 0 5.0 2.0,-1.75 86.30499999999987 -1.5707963267948966 flow_0_22 0 5.0 2.0,1.75 103.63126090160846 1.5707963267948966 flow_7_8 0 5.0 2.0,169.65499999999998 1.75 3.141592653589793 flow_4_23 0 5.0 2.0,173.74500000000024 -1.75 0.0 flow_6_22 0 5.0 2.0,1.75 -18.789999999999965 1.5707963267948966 flow_2_21 0 5.0 2.0,-1.75 11.289999999999964 -1.5707963267948966 flow_0_20 0 5.0 2.0,-1.75 -103.63126090160846 -1.5707963267948966 flow_5_8 0 5.0 2.0,5.25 -86.30499999999987 1.5707963267948966 flow_3_8 0 5.0 2.0,-173.74500000000024 1.75 3.141592653589793 flow_4_22 0 5.0 2.0,-1.75 18.789999999999965 -1.5707963267948966 flow_0_21 0 5.0 2.0,;HHL_QHDD_N r r,HHL_QHDD_S r r,HHL_QHDD_E r r,HHL_QHDD_W r r,
1.75 -10.289999999999964 1.5707963267948966 flow_2_20 0 5.0 2.0,1.75 -69.63499999999988 1.5707963267948966 flow_2_22 0 5.0 2.0,-5.25 69.63499999999988 -1.5707963267948966 flow_1_8 0 5.0 2.0,-152.98499999999997 -1.75 0.0 flow_6_23 0 5.0 2.0,-1.75 69.63499999999988 -1.5707963267948966 flow_0_22 0 5.0 2.0,1.75 120.30126090160846 1.5707963267948966 flow_7_8 0 5.0 2.0,152.98499999999997 1.75 3.141592653589793 flow_4_23 0 5.0 2.0,190.41500000000026 -1.75 0.0 flow_6_22 0 5.0 2.0,1.75 -18.789999999999965 1.5707963267948966 flow_2_21 0 5.0 2.0,-1.75 10.289999999999964 -1.5707963267948966 flow_0_20 0 5.0 2.0,-1.75 -120.30126090160846 -1.5707963267948966 flow_5_8 0 5.0 2.0,5.25 -69.63499999999988 1.5707963267948966 flow_3_8 0 5.0 2.0,-190.41500000000026 1.75 3.141592653589793 flow_4_22 0 5.0 2.0,-1.75 18.789999999999965 -1.5707963267948966 flow_0_21 0 5.0 2.0,;HHL_QHDD_N g g,HHL_QHDD_S g g,HHL_QHDD_E r r,HHL_QHDD_W r r,
1.75 -2.2899999999999638 1.5707963267948966 flow_2_20 0 5.0 2.0,1.75 -53.478597091567909 1.5707963267948966 flow_2_22 0 5.0 2.0,-5.25 55.21499999999986 -1.5707963267948966 flow_1_8 0 5.0 2.0,-136.31499999999995 -1.75 0.0 flow_6_23 0 5.0 2.0,-1.75 53.478597091567909 -1.5707963267948966 flow_0_22 0 5.0 2.0,1.75 136.97126090160845 1.5707963267948966 flow_7_8 0 5.0 2.0,136.31499999999995 1.75 3.141592653589793 flow_4_23 0 5.0 2.0,207.08500000000027 -1.75 0.0 flow_6_22 0 5.0 2.0,1.75 -18.039999999999965 1.5707963267948966 flow_2_21 0 5.0 2.0,-1.75 2.2899999999999638 -1.5707963267948966 flow_0_20 0 5.0 2.0,-1.75 -136.97126090160845 -1.5707963267948966 flow_5_8 0 5.0 2.0,5.25 -55.21499999999986 1.5707963267948966 flow_3_8 0 5.0 2.0,-207.08500000000027 1.75 3.141592653589793 flow_4_22 0 5.0 2.0,-1.75 18.039999999999965 -1.5707963267948966 flow_0_21 0 5.0 2.0,;HHL_QHDD_N g g,HHL_QHDD_S g g,HHL_QHDD_E r r,HHL_QHDD_W r r,
1.75 2.7100000000000366 1.5707963267948966 flow_2_20 0 5.0 2.0,1.75 -39.919846777760998 1.5707963267948966 flow_2_22 0 5.0 2.0,-5.25 44.96334999999988 -1.5707963267948966 flow_1_8 0 5.0 2.0,-119.64499999999993 -1.75 0.0 flow_6_23 0 5.0 2.0,-1.75 39.919846777760998 -1.5707963267948966 flow_0_22 0 5.0 2.0,1.75 153.64126090160847 1.5707963267948966 flow_7_8 0 5.0 2.0,119.64499999999993 1.75 3.141592653589793 flow_4_23 0 5.0 2.0,223.75500000000029 -1.75 0.0 flow_6_22 0 5.0 2.0,1.75 -15.539999999999964 1.5707963267948966 flow_2_21 0 5.0 2.0,-1.75 -2.7100000000000366 -1.5707963267948966 flow_0_20 0 5.0 2.0,-1.75 -153.64126090160847 -1.5707963267948966 flow_5_8 0 5.0 2.0,5.25 -44.96334999999988 1.5707963267948966 flow_3_8 0 5.0 2.0,-223.75500000000029 1.75 3.141592653589793 flow_4_22 0 5.0 2.0,-1.75 15.539999999999964 -1.5707963267948966 flow_0_21 0 5.0 2.0,;HHL_QHDD_N g g,HHL_QHDD_S g g,HHL_QHDD_E r r,HHL_QHDD_W r r,
1.75 14.710000000000037 1.5707963267948966 flow_2_20 0 5.0 2.0,1.75 -29.885438086503315 1.5707963267948966 flow_2_22 0 5.0 2.0,-5.25 36.63004999999987 -1.5707963267948966 flow_1_8 0 5.0 2.0,-102.97499999999991 -1.75 0.0 flow_6_23 0 5.0 2.0,1.75 -299.0 1.5707963267948966 flow_2_23 0 5.0 2.0,-1.75 29.885438086503315 -1.5707963267948966 flow_0_22 0 5.0 2.0,1.75 170.31126090160849 1.5707963267948966 flow_7_8 0 5.0 2.0,102.97499999999991 1.75 3.141592653589793 flow_4_23 0 5.0 2.0,240.4250000000003 -1.75 0.0 flow_6_22 0 5.0 2.0,1.75 -11.039999999999964 1.5707963267948966 flow_2_21 0 5.0 2.0,-1.75 -14.710000000000037 -1.5707963267948966 flow_0_20 0 5.0 2.0,-1.75 -170.31126090160849 -1.5707963267948966 flow_5_8 0 5.0 2.0,5.25 -36.63004999999987 1.5707963267948966 flow_3_8 0 5.0 2.0,-240.4250000000003 1.75 3.141592653589793 flow_4_22 0 5.0 2.0,-1.75 299.0 -1.5707963267948966 flow_0_23 0 5.0 2.0,-1.75 11.039999999999964 -1.5707963267948966 flow_0_21 0 5.0 2.0,;HHL_QHDD_N g g,HHL_QHDD_S g g,HHL_QHDD_E r r,HHL_QHDD_W r r,
1.75 23.710000000000038 1.5707963267948966 flow_2_20 0 5.0 2.0,1.75 -21.744778124796939 1.5707963267948966 flow_2_22 0 5.0 2.0,-5.25 28.29674999999986 -1.5707963267948966 flow_1_8 0 5.0 2.0,-86.30499999999987 -1.75 0.0 flow_6_23 0 5.0 2.0,1.75 -296.0 1.5707963267948966 flow_2_23 0 5.0 2.0,-1.75 21.744778124796939 -1.5707963267948966 flow_0_22 0 5.0 2.0,1.75 186.9812609016085 1.5707963267948966 flow_7_8 0 5.0 2.0,86.30499999999987 1.75 3.141592653589793 flow_4_23 0 5.0 2.0,257.0950000000003 -1.75 0.0 flow_6_22 0 5.0 2.0,1.75 0.4600000000000364 1.5707963267948966 flow_2_21 0 5.0 2.0,-1.75 -23.710000000000038 -1.5707963267948966 flow_0_20 0 5.0 2.0,-1.75 -186.9812609016085 -1.5707963267948966 flow_5_8 0 5.0 2.0,5.25 -28.29674999999986 1.5707963267948966 flow_3_8 0 5.0 2.0,-257.0950000000003 1.75 3.141592653589793 flow_4_22 0 5.0 2.0,-1.75 296.0 -1.5707963267948966 flow_0_23 0 5.0 2.0,-1.75 -0.4600000000000364 -1.5707963267948966 flow_0_21 0 5.0 2.0,;HHL_QHDD_N g g,HHL_QHDD_S g g,HHL_QHDD_E r r,HHL_QHDD_W r r,
1.75 34.710000000000039 1.5707963267948966 flow_2_20 0 5.0 2.0,1.75 -13.912484917774066 1.5707963267948966 flow_2_22 0 5.0 2.0,-5.25 21.352333333333207 -1.5707963267948966 flow_1_8 0 5.0 2.0,-69.63499999999988 -1.75 0.0 flow_6_23 0 5.0 2.0,1.75 -291.0 1.5707963267948966 flow_2_23 0 5.0 2.0,-1.75 13.912484917774066 -1.5707963267948966 flow_0_22 0 5.0 2.0,1.75 203.65126090160849 1.5707963267948966 flow_7_8 0 5.0 2.0,69.63499999999988 1.75 3.141592653589793 flow_4_23 0 5.0 2.0,273.7650000000003 -1.75 0.0 flow_6_22 0 5.0 2.0,1.75 13.960000000000037 1.5707963267948966 flow_2_21 0 5.0 2.0,-1.75 -34.710000000000039 -1.5707963267948966 flow_0_20 0 5.0 2.0,-1.75 -203.65126090160849 -1.5707963267948966 flow_5_8 0 5.0 2.0,5.25 -21.352333333333207 1.5707963267948966 flow_3_8 0 5.0 2.0,-273.7650000000003 1.75 3.141592653589793 flow_4_22 0 5.0 2.0,-1.75 291.0 -1.5707963267948966 flow_0_23 0 5.0 2.0,-1.75 -13.960000000000037 -1.5707963267948966 flow_0_21 0 5.0 2.0,;HHL_QHDD_N g g,HHL_QHDD_S g g,HHL_QHDD_E r r,HHL_QHDD_W r r,
1.75 47.710000000000039 1.5707963267948966 flow_2_20 0 5.0 2.0,1.75 -0.32784278993108276 1.5707963267948966 flow_2_22 0 5.0 2.0,-5.25 17.185683333333203 -1.5707963267948966 flow_1_8 0 5.0 2.0,-52.96499999999986 -1.75 0.0 flow_6_23 0 5.0 2.0,1.75 -284.0 1.5707963267948966 flow_2_23 0 5.0 2.0,-1.75 0.32784278993108276 -1.5707963267948966 flow_0_22 0 5.0 2.0,1.75 220.32126090160853 1.5707963267948966 flow_7_8 0 5.0 2.0,52.96499999999986 1.75 3.141592653589793 flow_4_23 0 5.0 2.0,290.43500000000037 -1.75 0.0 flow_6_22 0 5.0 2.0,1.75 24.460000000000038 1.5707963267948966 flow_2_21 0 5.0 2.0,-1.75 -47.710000000000039 -1.5707963267948966 flow_0_20 0 5.0 2.0,-1.75 -220.32126090160853 -1.5707963267948966 flow_5_8 0 5.0 2.0,5.25 -17.185683333333203 1.5707963267948966 flow_3_8 0 5.0 2.0,-290.43500000000037 1.75 3.141592653589793 flow_4_22 0 5.0 2.0,-1.75 284.0 -1.5707963267948966 flow_0_23 0 5.0 2.0,-1.75 -24.460000000000038 -1.5707963267948966 flow_0_21 0 5.0 2.0,;HHL_QHDD_N g g,HHL_QHDD_S g g,HHL_QHDD_E r r,HHL_QHDD_W r r,
1.75 62.710000000000039 1.5707963267948966 flow_2_20 0 5.0 2.0,1.75 14.691078605034484 1.5707963267948966 flow_2_22 0 5.0 2.0,-5.25 15.796799999999849 -1.5707963267948966 flow_1_8 0 5.0 2.0,-37.961999999999878 -1.75 0.0 flow_6_23 0 5.0 2.0,1.75 -275.0 1.5707963267948966 flow_2_23 0 5.0 2.0,-299.0 -1.75 0.0 flow_6_24 0 5.0 2.0,-1.75 -14.691078605034484 -1.5707963267948966 flow_0_22 0 5.0 2.0,1.75 236.99126090160855 1.5707963267948966 flow_7_8 0 5.0 2.0,299.0 1.75 3.141592653589793 flow_4_24 0 5.0 2.0,37.961999999999878 1.75 3.141592653589793 flow_4_23 0 5.0 2.0,1.75 36.835000000000039 1.5707963267948966 flow_2_21 0 5.0 2.0,-1.75 -62.710000000000039 -1.5707963267948966 flow_0_20 0 5.0 2.0,-1.75 -236.99126090160855 -1.5707963267948966 flow_5_8 0 5.0 2.0,5.25 -15.796799999999849 1.5707963267948966 flow_3_8 0 5.0 2.0,-1.75 275.0 -1.5707963267948966 flow_0_23 0 5.0 2.0,-1.75 -36.835000000000039 -1.5707963267948966 flow_0_21 0 5.0 2.0,;HHL_QHDD_N g g,HHL_QHDD_S g g,HHL_QHDD_E r r,HHL_QHDD_W r r,
1.75 79.04500000000005 1.5707963267948966 flow_2_20 0 5.0 2.0,1.75 26.35678930251726 1.5707963267948966 flow_2_22 0 5.0 2.0,-5.25 14.796799999999849 -1.5707963267948966 flow_1_8 0 5.0 2.0,-26.292999999999894 -1.75 0.0 flow_6_23 0 5.0 2.0,1.75 -264.0 1.5707963267948966 flow_2_23 0 5.0 2.0,-296.0 -1.75 0.0 flow_6_24 0 5.0 2.0,-1.75 -26.35678930251726 -1.5707963267948966 flow_0_22 0 5.0 2.0,1.75 253.66126090160859 1.5707963267948966 flow_7_8 0 5.0 2.0,296.0 1.75 3.141592653589793 flow_4_24 0 5.0 2.0,26.292999999999894 1.75 3.141592653589793 flow_4_23 0 5.0 2.0,1.75 51.02250000000004 1.5707963267948966 flow_2_21 0 5.0 2.0,-1.75 -79.04500000000005 -1.5707963267948966 flow_0_20 0 5.0 2.0,-1.75 -253.66126090160859 -1.5707963267948966 flow_5_8 0 5.0 2.0,5.25 -14.796799999999849 1.5707963267948966 flow_3_8 0 5.0 2.0,-1.75 264.0 -1.5707963267948966 flow_0_23 0 5.0 2.0,-1.75 -51.02250000000004 -1.5707963267948966 flow_0_21 0 5.0 2.0,;HHL_QHDD_N g g,HHL_QHDD_S g g,HHL_QHDD_E r r,HHL_QHDD_W r r,
1.75 95.71500000000005 1.5707963267948966 flow_2_20 0 5.0 2.0,1.75 39.73651965125865 1.5707963267948966 flow_2_22 0 5.0 2.0,-5.25 11.796799999999849 -1.5707963267948966 flow_1_8 0 5.0 2.0,-17.957999999999914 -1.75 0.0 flow_6_23 0 5.0 2.0,1.75 -251.0 1.5707963267948966 flow_2_23 0 5.0 2.0,-291.0 -1.75 0.0 flow_6_24 0 5.0 2.0,-1.75 -39.73651965125865 -1.5707963267948966 flow_0_22 0 5.0 2.0,1.75 270.3312609016086 1.5707963267948966 flow_7_8 0 5.0 2.0,291.0 1.75 3.141592653589793 flow_4_24 0 5.0 2.0,17.957999999999914 1.75 3.141592653589793 flow_4_23 0 5.0 2.0,1.75 66.61750000000004 1.5707963267948966 flow_2_21 0 5.0 2.0,-1.75 -95.71500000000005 -1.5707963267948966 flow_0_20 0 5.0 2.0,-1.75 -270.3312609016086 -1.5707963267948966 flow_5_8 0 5.0 2.0,5.25 -11.796799999999849 1.5707963267948966 flow_3_8 0 5.0 2.0,-1.75 251.0 -1.5707963267948966 flow_0_23 0 5.0 2.0,-1.75 -66.61750000000004 -1.5707963267948966 flow_0_21 0 5.0 2.0,;HHL_QHDD_N g g,HHL_QHDD_S g g,HHL_QHDD_E r r,HHL_QHDD_W r r,
1.75 112.38500000000005 1.5707963267948966 flow_2_20 0 5.0 2.0,1.75 54.575759825629358 1.5707963267948966 flow_2_22 0 5.0 2.0,1.75 1.7967999999998484 -1.5707963267948966 flow_1_8 0 5.0 2.0,-12.956999999999937 -1.75 0.0 flow_6_23 0 5.0 2.0,1.75 -236.0 1.5707963267948966 flow_2_23 0 5.0 2.0,-284.0 -1.75 0.0 flow_6_24 0 5.0 2.0,-1.75 -54.575759825629358 -1.5707963267948966 flow_0_22 0 5.0 2.0,1.75 287.0012609016086 1.5707963267948966 flow_7_8 0 5.0 2.0,284.0 1.75 3.141592653589793 flow_4_24 0 5.0 2.0,12.956999999999937 1.75 3.141592653589793 flow_4_23 0 5.0 2.0,1.75 82.83375000000004 1.5707963267948966 flow_2_21 0 5.0 2.0,-1.75 -112.38500000000005 -1.5707963267948966 flow_0_20 0 5.0 2.0,-1.75 -287.0012609016086 -1.5707963267948966 flow_5_8 0 5.0 2.0,-1.75 -1.7967999999998484 1.5707963267948966 flow_3_8 0 5.0 2.0,-1.75 236.0 -1.5707963267948966 flow_0_23 0 5.0 2.0,-1.75 -82.83375000000004 -1.5707963267948966 flow_0_21 0 5.0 2.0,;HHL_QHDD_N g g,HHL_QHDD_S g g,HHL_QHDD_E r r,HHL_QHDD_W r r,
1.75 129.05500000000007 1.5707963267948966 flow_2_20 0 5.0 2.0,1.75 70.2588174128147 1.5707963267948966 flow_2_22 0 5.0 2.0,11.511994234941803 -1.75 0.0 flow_1_8 0 5.0 2.0,-11.289999999999964 -1.75 0.0 flow_6_23 0 5.0 2.0,1.75 -219.665 1.5707963267948966 flow_2_23 0 5.0 2.0,-275.0 -1.75 0.0 flow_6_24 0 5.0 2.0,-1.75 -70.2588174128147 -1.5707963267948966 flow_0_22 0 5.0 2.0,275.0 1.75 3.141592653589793 flow_4_24 0 5.0 2.0,11.289999999999964 1.75 3.141592653589793 flow_4_23 0 5.0 2.0,1.75 99.27687500000005 1.5707963267948966 flow_2_21 0 5.0 2.0,-1.75 -129.05500000000007 -1.5707963267948966 flow_0_20 0 5.0 2.0,-11.511994234941803 1.75 3.141592653589793 flow_3_8 0 5.0 2.0,-1.75 219.665 -1.5707963267948966 flow_0_23 0 5.0 2.0,-1.75 -99.27687500000005 -1.5707963267948966 flow_0_21 0 5.0 2.0,;HHL_QHDD_N g g,HHL_QHDD_S g g,HHL_QHDD_E r r,HHL_QHDD_W r r,
1.75 145.72500000000006 1.5707963267948966 flow_2_20 0 5.0 2.0,1.75 86.37862745640737 1.5707963267948966 flow_2_22 0 5.0 2.0,20.511994234941804 -1.75 0.0 flow_1_8 0 5.0 2.0,-11.289999999999964 -1.75 0.0 flow_6_23 0 5.0 2.0,1.75 -202.995 1.5707963267948966 flow_2_23 0 5.0 2.0,-264.0 -1.75 0.0 flow_6_24 0 5.0 2.0,-1.75 -86.37862745640737 -1.5707963267948966 flow_0_22 0 5.0 2.0,264.0 1.75 3.141592653589793 flow_4_24 0 5.0 2.0,11.289999999999964 1.75 3.141592653589793 flow_4_23 0 5.0 2.0,1.75 115.83343750000005 1.5707963267948966 flow_2_21 0 5.0 2.0,-1.75 -145.72500000000006 -1.5707963267948966 flow_0_20 0 5.0 2.0,-20.511994234941804 1.75 3.141592653589793 flow_3_8 0 5.0 2.0,-1.75 202.995 -1.5707963267948966 flow_0_23 0 5.0 2.0,-1.75 -115.83343750000005 -1.5707963267948966 flow_0_21 0 5.0 2.0,;HHL_QHDD_N g g,HHL_QHDD_S g g,HHL_QHDD_E r r,HHL_QHDD_W r r,
1.75 162.395 1.5707963267948966 flow_2_20 0 5.0 2.0,1.75 102.74517310320371 1.5707963267948966 flow_2_22 0 5.0 2.0,31.511994234941804 -1.75 0.0 flow_1_8 0 5.0 2.0,-11.289999999999964 -1.75 0.0 flow_6_23 0 5.0 2.0,1.75 -186.325 1.5707963267948966 flow_2_23 0 5.0 2.0,-251.0 -1.75 0.0 flow_6_24 0 5.0 2.0,-1.75 -102.74517310320371 -1.5707963267948966 flow_0_22 0 5.0 2.0,251.0 1.75 3.141592653589793 flow_4_24 0 5.0 2.0,11.289999999999964 1.75 3.141592653589793 flow_4_23 0 5.0 2.0,1.75 132.44671875000004 1.5707963267948966 flow_2_21 0 5.0 2.0,-1.75 -162.395 -1.5707963267948966 flow_0_20 0 5.0 2.0,-31.511994234941804 1.75 3.141592653589793 flow_3_8 0 5.0 2.0,-1.75 186.325 -1.5707963267948966 flow_0_23 0 5.0 2.0,-1.75 -132.44671875000004 -1.5707963267948966 flow_0_21 0 5.0 2.0,;HHL_QHDD_N g g,HHL_QHDD_S g g,HHL_QHDD_E r r,HHL_QHDD_W r r,
1.75 179.06500000000006 1.5707963267948966 flow_2_20 0 5.0 2.0,1.75 119.24926623910186 1.5707963267948966 flow_2_22 0 5.0 2.0,44.5119942349418 -1.75 0.0 flow_1_8 0 5.0 2.0,-11.289999999999964 -1.75 0.0 flow_6_23 0 5.0 2.0,1.75 -169.65499999999998 1.5707963267948966 flow_2_23 0 5.0 2.0,-236.0 -1.75 0.0 flow_6_24 0 5.0 2.0,-1.75 -119.24926623910186 -1.5707963267948966 flow_0_22 0 5.0 2.0,236.0 1.75 3.141592653589793 flow_4_24 0 5.0 2.0,11.289999999999964 1.75 3.141592653589793 flow_4_23 0 5.0 2.0,1.75 149.08835937500005 1.5707963267948966 flow_2_21 0 5.0 2.0,-1.75 -179.06500000000006 -1.5707963267948966 flow_0_20 0 5.0 2.0,-44.5119942349418 1.75 3.141592653589793 flow_3_8 0 5.0 2.0,-1.75 169.65499999999998 -1.5707963267948966 flow_0_23 0 5.0 2.0,-1.75 -149.08835937500005 -1.5707963267948966 flow_0_21 0 5.0 2.0,;HHL_QHDD_N g g,HHL_QHDD_S g g,HHL_QHDD_E r r,HHL_QHDD_W r r,
1.75 195.73500000000008 1.5707963267948966 flow_2_20 0 5.0 2.0,1.75 135.82922296330097 1.5707963267948966 flow_2_22 0 5.0 2.0,59.5119942349418 -1.75 0.0 flow_1_8 0 5.0 2.0,-11.289999999999964 -1.75 0.0 flow_6_23 0 5.0 2.0,1.75 -152.98499999999997 1.5707963267948966 flow_2_23 0 5.0 2.0,-219.665 -1.75 0.0 flow_6_24 0 5.0 2.0,-1.75 -135.82922296330097 -1.5707963267948966 flow_0_22 0 5.0 2.0,219.665 1.75 3.141592653589793 flow_4_24 0 5.0 2.0,11.289999999999964 1.75 3.141592653589793 flow_4_23 0 5.0 2.0,1.75 165.74417968750005 1.5707963267948966 flow_2_21 0 5.0 2.0,-1.75 -195.73500000000008 -1.5707963267948966 flow_0_20 0 5.0 2.0,-59.5119942349418 1.75 3.141592653589793 flow_3_8 0 5.0 2.0,-1.75 152.98499999999997 -1.5707963267948966 flow_0_23 0 5.0 2.0,-1.75 -165.74417968750005 -1.5707963267948966 flow_0_21 0 5.0 2.0,;HHL_QHDD_N g g,HHL_QHDD_S g g,HHL_QHDD_E r r,HHL_QHDD_W r r,
1.75 212.4050000000001 1.5707963267948966 flow_2_20 0 5.0 2.0,1.75 152.4506564035255 1.5707963267948966 flow_2_22 0 5.0 2.0,75.8469942349418 -1.75 0.0 flow_1_8 0 5.0 2.0,-11.289999999999964 -1.75 0.0 flow_6_23 0 5.0 2.0,1.75 -136.31499999999995 1.5707963267948966 flow_2_23 0 5.0 2.0,-202.995 -1.75 0.0 flow_6_24 0 5.0 2.0,-1.75 -152.4506564035255 -1.5707963267948966 flow_0_22 0 5.0 2.0,202.995 1.75 3.141592653589793 flow_4_24 0 5.0 2.0,11.289999999999964 1.75 3.141592653589793 flow_4_23 0 5.0 2.0,1.75 182.40708984375005 1.5707963267948966 flow_2_21 0 5.0 2.0,-1.75 -212.4050000000001 -1.5707963267948966 flow_0_20 0 5.0 2.0,-75.8469942349418 1.75 3.141592653589793 flow_3_8 0 5.0 2.0,-1.75 136.31499999999995 -1.5707963267948966 flow_0_23 0 5.0 2.0,-1.75 -182.40708984375005 -1.5707963267948966 flow_0_21 0 5.0 2.0,;HHL_QHDD_N g g,HHL_QHDD_S g g,HHL_QHDD_E r r,HHL_QHDD_W r r,
1.75 229.0750000000001 1.5707963267948966 flow_2_20 0 5.0 2.0,1.75 169.09460066270024 1.5707963267948966 flow_2_22 0 5.0 2.0,92.5169942349418 -1.75 0.0 flow_1_8 0 5.0 2.0,-11.289999999999964 -1.75 0.0 flow_6_23 0 5.0 2.0,1.75 -119.64499999999993 1.5707963267948966 flow_2_23 0 5.0 2.0,-186.325 -1.75 0.0 flow_6_24 0 5.0 2.0,-1.75 -169.09460066270024 -1.5707963267948966 flow_0_22 0 5.0 2.0,186.325 1.75 3.141592653589793 flow_4_24 0 5.0 2.0,11.289999999999964 1.75 3.141592653589793 flow_4_23 0 5.0 2.0,1.75 199.07354492187506 1.5707963267948966 flow_2_21 0 5.0 2.0,-1.75 -229.0750000000001 -1.5707963267948966 flow_0_20 0 5.0 2.0,-92.5169942349418 1.75 3.141592653589793 flow_3_8 0 5.0 2.0,-1.75 119.64499999999993 -1.5707963267948966 flow_0_23 0 5.0 2.0,-1.75 -199.07354492187506 -1.5707963267948966 flow_0_21 0 5.0 2.0,;HHL_QHDD_N g g,HHL_QHDD_S g g,HHL_QHDD_E r r,HHL_QHDD_W r r,
1.75 245.74500000000013 1.5707963267948966 flow_2_20 0 5.0 2.0,1.75 185.75068656181888 1.5707963267948966 flow_2_22 0 5.0 2.0,109.1869942349418 -1.75 0.0 flow_1_8 0 5.0 2.0,-11.289999999999964 -1.75 0.0 flow_6_23 0 5.0 2.0,1.75 -102.97499999999991 1.5707963267948966 flow_2_23 0 5.0 2.0,-169.65499999999998 -1.75 0.0 flow_6_24 0 5.0 2.0,-1.75 -185.75068656181888 -1.5707963267948966 flow_0_22 0 5.0 2.0,169.65499999999998 1.75 3.141592653589793 flow_4_24 0 5.0 2.0,11.289999999999964 1.75 3.141592653589793 flow_4_23 0 5.0 2.0,1.75 215.74177246093758 1.5707963267948966 flow_2_21 0 5.0 2.0,-1.75 -245.74500000000013 -1.5707963267948966 flow_0_20 0 5.0 2.0,-109.1869942349418 1.75 3.141592653589793 flow_3_8 0 5.0 2.0,-1.75 102.97499999999991 -1.5707963267948966 flow_0_23 0 5.0 2.0,-1.75 -215.74177246093758 -1.5707963267948966 flow_0_21 0 5.0 2.0,;HHL_QHDD_N g g,HHL_QHDD_S g g,HHL_QHDD_E r r,HHL_QHDD_W r r,
1.75 262.41500000000016 1.5707963267948966 flow_2_20 0 5.0 2.0,1.75 202.41328639614387 1.5707963267948966 flow_2_22 0 5.0 2.0,125.85699423494181 -1.75 0.0 flow_1_8 0 5.0 2.0,-11.289999999999964 -1.75 0.0 flow_6_23 0 5.0 2.0,1.75 -86.30499999999987 1.5707963267948966 flow_2_23 0 5.0 2.0,-152.98499999999997 -1.75 0.0 flow_6_24 0 5.0 2.0,-1.75 -202.41328639614387 -1.5707963267948966 flow_0_22 0 5.0 2.0,152.98499999999997 1.75 3.141592653589793 flow_4_24 0 5.0 2.0,11.289999999999964 1.75 3.141592653589793 flow_4_23 0 5.0 2.0,1.75 232.41088623046887 1.5707963267948966 flow_2_21 0 5.0 2.0,-1.75 -262.41500000000016 -1.5707963267948966 flow_0_20 0 5.0 2.0,-125.85699423494181 1.75 3.141592653589793 flow_3_8 0 5.0 2.0,-1.75 86.30499999999987 -1.5707963267948966 flow_0_23 0 5.0 2.0,-1.75 -232.41088623046887 -1.5707963267948966 flow_0_21 0 5.0 2.0,;HHL_QHDD_N g g,HHL_QHDD_S g g,HHL_QHDD_E r r,HHL_QHDD_W r r,
1.75 279.08500000000017 1.5707963267948966 flow_2_20 0 5.0 2.0,1.75 219.07936475568918 1.5707963267948966 flow_2_22 0 5.0 2.0,142.5269942349418 -1.75 0.0 flow_1_8 0 5.0 2.0,-11.289999999999964 -1.75 0.0 flow_6_23 0 5.0 2.0,1.75 -69.63499999999988 1.5707963267948966 flow_2_23 0 5.0 2.0,-136.31499999999995 -1.75 0.0 flow_6_24 0 5.0 2.0,-1.75 -219.07936475568918 -1.5707963267948966 flow_0_22 0 5.0 2.0,136.31499999999995 1.75 3.141592653589793 flow_4_24 0 5.0 2.0,11.289999999999964 1.75 3.141592653589793 flow_4_23 0 5.0 2.0,1.75 249.0804431152345 1.5707963267948966 flow_2_21 0 5.0 2.0,-1.75 -279.08500000000017 -1.5707963267948966 flow_0_20 0 5.0 2.0,-142.5269942349418 1.75 3.141592653589793 flow_3_8 0 5.0 2.0,-1.75 69.63499999999988 -1.5707963267948966 flow_0_23 0 5.0 2.0,-1.75 -249.0804431152345 -1.5707963267948966 flow_0_21 0 5.0 2.0,;HHL_QHDD_N g g,HHL_QHDD_S g g,HHL_QHDD_E r r,HHL_QHDD_W r r,
1.75 295.75500000000019 1.5707963267948966 flow_2_20 0 5.0 2.0,1.75 235.74729315665327 1.5707963267948966 flow_2_22 0 5.0 2.0,159.1969942349418 -1.75 0.0 flow_1_8 0 5.0 2.0,-11.289999999999964 -1.75 0.0 flow_6_23 0 5.0 2.0,1.75 -52.96499999999986 1.5707963267948966 flow_2_23 0 5.0 2.0,-119.64499999999993 -1.75 0.0 flow_6_24 0 5.0 2.0,-1.75 -235.74729315665327 -1.5707963267948966 flow_0_22 0 5.0 2.0,119.64499999999993 1.75 3.141592653589793 flow_4_24 0 5.0 2.0,11.289999999999964 1.75 3.141592653589793 flow_4_23 0 5.0 2.0,1.75 265.75022155761737 1.5707963267948966 flow_2_21 0 5.0 2.0,-1.75 -295.75500000000019 -1.5707963267948966 flow_0_20 0 5.0 2.0,299.0 5.25 3.141592653589793 flow_5_9 0 5.0 2.0,-299.0 -5.25 0.0 flow_7_9 0 5.0 2.0,-159.1969942349418 1.75 3.141592653589793 flow_3_8 0 5.0 2.0,-1.75 52.96499999999986 -1.5707963267948966 flow_0_23 0 5.0 2.0,-1.75 -265.75022155761737 -1.5707963267948966 flow_0_21 0 5.0 2.0,;HHL_QHDD_N g g,HHL_QHDD_S g g,HHL_QHDD_E r r,HHL_QHDD_W r r,
1.75 252.416201967731 1.5707963267948966 flow_2_22 0 5.0 2.0,175.86699423494185 -1.75 0.0 flow_1_8 0 5.0 2.0,-11.289999999999964 -1.75 0.0 flow_6_23 0 5.0 2.0,1.75 -36.294999999999848 1.5707963267948966 flow_2_23 0 5.0 2.0,-102.97499999999991 -1.75 0.0 flow_6_24 0 5.0 2.0,-1.75 -252.416201967731 -1.5707963267948966 flow_0_22 0 5.0 2.0,102.97499999999991 1.75 3.141592653589793 flow_4_24 0 5.0 2.0,11.289999999999964 1.75 3.141592653589793 flow_4_23 0 5.0 2.0,1.75 282.42011077880877 1.5707963267948966 flow_2_21 0 5.0 2.0,296.0 5.25 3.141592653589793 flow_5_9 0 5.0 2.0,-296.0 -5.25 0.0 flow_7_9 0 5.0 2.0,-175.86699423494185 1.75 3.141592653589793 flow_3_8 0 5.0 2.0,-1.75 36.294999999999848 -1.5707963267948966 flow_0_23 0 5.0 2.0,-1.75 -282.42011077880877 -1.5707963267948966 flow_0_21 0 5.0 2.0,;HHL_QHDD_N g g,HHL_QHDD_S g g,HHL_QHDD_E r r,HHL_QHDD_W r r,
1.75 269.08562867856775 1.5707963267948966 flow_2_22 0 5.0 2.0,192.53699423494187 -1.75 0.0 flow_1_8 0 5.0 2.0,-1.75 299.0 -1.5707963267948966 flow_0_24 0 5.0 2.0,-11.289999999999964 -1.75 0.0 flow_6_23 0 5.0 2.0,1.75 -19.62499999999983 1.5707963267948966 flow_2_23 0 5.0 2.0,-86.30499999999987 -1.75 0.0 flow_6_24 0 5.0 2.0,-1.75 -269.08562867856775 -1.5707963267948966 flow_0_22 0 5.0 2.0,86.30499999999987 1.75 3.141592653589793 flow_4_24 0 5.0 2.0,11.289999999999964 1.75 3.141592653589793 flow_4_23 0 5.0 2.0,1.75 299.0900738525392 1.5707963267948966 flow_2_21 0 5.0 2.0,1.75 -299.0 1.5707963267948966 flow_2_24 0 5.0 2.0,291.0 5.25 3.141592653589793 flow_5_9 0 5.0 2.0,-291.0 -5.25 0.0 flow_7_9 0 5.0 2.0,-192.53699423494187 1.75 3.141592653589793 flow_3_8 0 5.0 2.0,-1.75 19.62499999999983 -1.5707963267948966 flow_0_23 0 5.0 2.0,-1.75 -299.0900738525392 -1.5707963267948966 flow_0_21 0 5.0 2.0,;HHL_QHDD_N g g,HHL_QHDD_S g g,HHL_QHDD_E r r,HHL_QHDD_W r r,
1.75 285.7553420339861 1.5707963267948966 flow_2_22 0 5.0 2.0,209.2069942349419 -1.75 0.0 flow_1_8 0 5.0 2.0,-1.75 296.0 -1.5707963267948966 flow_0_24 0 5.0 2.0,-11.289999999999964 -1.75 0.0 flow_6_23 0 5.0 2.0,1.75 2.0450000000001866 1.5707963267948966 flow_2_23 0 5.0 2.0,-69.63499999999988 -1.75 0.0 flow_6_24 0 5.0 2.0,-1.75 -285.7553420339861 -1.5707963267948966 flow_0_22 0 5.0 2.0,69.63499999999988 1.75 3.141592653589793 flow_4_24 0 5.0 2.0,11.289999999999964 1.75 3.141592653589793 flow_4_23 0 5.0 2.0,1.75 -296.0 1.5707963267948966 flow_2_24 0 5.0 2.0,284.0 5.25 3.141592653589793 flow_5_9 0 5.0 2.0,-284.0 -5.25 0.0 flow_7_9 0 5.0 2.0,-209.2069942349419 1.75 3.141592653589793 flow_3_8 0 5.0 2.0,-1.75 -2.0450000000001866 -1.5707963267948966 flow_0_23 0 5.0 2.0,;HHL_QHDD_N g g,HHL_QHDD_S g g,HHL_QHDD_E r r,HHL_QHDD_W r r,
225.8769942349419 -1.75 0.0 flow_1_8 0 5.0 2.0,-1.75 291.0 -1.5707963267948966 flow_0_24 0 5.0 2.0,-11.289999999999964 -1.75 0.0 flow_6_23 0 5.0 2.0,1.75 23.715000000000189 1.5707963267948966 flow_2_23 0 5.0 2.0,-52.96499999999986 -1.75 0.0 flow_6_24 0 5.0 2.0,52.96499999999986 1.75 3.141592653589793 flow_4_24 0 5.0 2.0,11.289999999999964 1.75 3.141592653589793 flow_4_23 0 5.0 2.0,1.75 -291.0 1.5707963267948966 flow_2_24 0 5.0 2.0,275.0 5.25 3.141592653589793 flow_5_9 0 5.0 2.0,-275.0 -5.25 0.0 flow_7_9 0 5.0 2.0,-225.8769942349419 1.75 3.141592653589793 flow_3_8 0 5.0 2.0,-1.75 -23.715000000000189 -1.5707963267948966 flow_0_23 0 5.0 2.0,;HHL_QHDD_N g g,HHL_QHDD_S g g,HHL_QHDD_E r r,HHL_QHDD_W r r,
242.5469942349419 -1.75 0.0 flow_1_8 0 5.0 2.0,-1.75 284.0 -1.5707963267948966 flow_0_24 0 5.0 2.0,-11.289999999999964 -1.75 0.0 flow_6_23 0 5.0 2.0,299.0 1.75 3.141592653589793 flow_4_25 0 5.0 2.0,1.75 40.38500000000019 1.5707963267948966 flow_2_23 0 5.0 2.0,-38.04749554005957 -1.75 0.0 flow_6_24 0 5.0 2.0,38.04749554005957 1.75 3.141592653589793 flow_4_24 0 5.0 2.0,11.289999999999964 1.75 3.141592653589793 flow_4_23 0 5.0 2.0,-299.0 -1.75 0.0 flow_6_25 0 5.0 2.0,1.75 -284.0 1.5707963267948966 flow_2_24 0 5.0 2.0,264.0 5.25 3.141592653589793 flow_5_9 0 5.0 2.0,-264.0 -5.25 0.0 flow_7_9 0 5.0 2.0,-242.5469942349419 1.75 3.141592653589793 flow_3_8 0 5.0 2.0,-1.75 -40.38500000000019 -1.5707963267948966 flow_0_23 0 5.0 2.0,;HHL_QHDD_N g g,HHL_QHDD_S g g,HHL_QHDD_E r r,HHL_QHDD_W r r,
259.2169942349419 -1.75 0.0 flow_1_8 0 5.0 2.0,-1.75 275.0 -1.5707963267948966 flow_0_24 0 5.0 2.0,-11.289999999999964 -1.75 0.0 flow_6_23 0 5.0 2.0,296.0 1.75 3.141592653589793 flow_4_25 0 5.0 2.0,1.75 57.05500000000019 1.5707963267948966 flow_2_23 0 5.0 2.0,-27.132486620178953 -1.75 0.0 flow_6_24 0 5.0 2.0,27.132486620178953 1.75 3.141592653589793 flow_4_24 0 5.0 2.0,11.289999999999964 1.75 3.141592653589793 flow_4_23 0 5.0 2.0,-296.0 -1.75 0.0 flow_6_25 0 5.0 2.0,1.75 -275.0 1.5707963267948966 flow_2_24 0 5.0 2.0,251.0 5.25 3.141592653589793 flow_5_9 0 5.0 2.0,-251.0 -5.25 0.0 flow_7_9 0 5.0 2.0,-259.2169942349419 1.75 3.141592653589793 flow_3_8 0 5.0 2.0,-1.75 -57.05500000000019 -1.5707963267948966 flow_0_23 0 5.0 2.0,;HHL_QHDD_N g g,HHL_QHDD_S g g,HHL_QHDD_E r r,HHL_QHDD_W r r,
275.88699423494196 -1.75 0.0 flow_1_8 0 5.0 2.0,-1.75 264.0 -1.5707963267948966 flow_0_24 0 5.0 2.0,-11.289999999999964 -1.75 0.0 flow_6_23 0 5.0 2.0,291.0 1.75 3.141592653589793 flow_4_25 0 5.0 2.0,1.75 73.7250000000002 1.5707963267948966 flow_2_23 0 5.0 2.0,-20.717477700298333 -1.75 0.0 flow_6_24 0 5.0 2.0,20.717477700298333 1.75 3.141592653589793 flow_4_24 0 5.0 2.0,11.289999999999964 1.75 3.141592653589793 flow_4_23 0 5.0 2.0,-291.0 -1.75 0.0 flow_6_25 0 5.0 2.0,1.75 -264.0 1.5707963267948966 flow_2_24 0 5.0 2.0,236.0 5.25 3.141592653589793 flow_5_9 0 5.0 2.0,-236.0 -5.25 0.0 flow_7_9 0 5.0 2.0,-275.88699423494196 1.75 3.141592653589793 flow_3_8 0 5.0 2.0,-1.75 -73.7250000000002 -1.5707963267948966 flow_0_23 0 5.0 2.0,;HHL_QHDD_N g g,HHL_QHDD_S g g,HHL_QHDD_E r r,HHL_QHDD_W r r,
292.55699423494198 -1.75 0.0 flow_1_8 0 5.0 2.0,-1.75 251.0 -1.5707963267948966 flow_0_24 0 5.0 2.0,-11.289999999999964 -1.75 0.0 flow_6_23 0 5.0 2.0,284.0 1.75 3.141592653589793 flow_4_25 0 5.0 2.0,1.75 90.3950000000002 1.5707963267948966 flow_2_23 0 5.0 2.0,-18.789999999999965 -1.75 0.0 flow_6_24 0 5.0 2.0,18.789999999999965 1.75 3.141592653589793 flow_4_24 0 5.0 2.0,11.289999999999964 1.75 3.141592653589793 flow_4_23 0 5.0 2.0,-284.0 -1.75 0.0 flow_6_25 0 5.0 2.0,1.75 -251.0 1.5707963267948966 flow_2_24 0 5.0 2.0,219.665 5.25 3.141592653589793 flow_5_9 0 5.0 2.0,-219.665 -5.25 0.0 flow_7_9 0 5.0 2.0,-292.55699423494198 1.75 3.141592653589793 flow_3_8 0 5.0 2.0,-1.75 -90.3950000000002 -1.5707963267948966 flow_0_23 0 5.0 2.0,;HHL_QHDD_N g g,HHL_QHDD_S g g,HHL_QHDD_E r r,HHL_QHDD_W r r,
-1.75 236.0 -1.5707963267948966 flow_0_24 0 5.0 2.0,-11.289999999999964 -1.75 0.0 flow_6_23 0 5.0 2.0,275.0 1.75 3.141592653589793 flow_4_25 0 5.0 2.0,1.75 107.0650000000002 1.5707963267948966 flow_2_23 0 5.0 2.0,-18.789999999999965 -1.75 0.0 flow_6_24 0 5.0 2.0,18.789999999999965 1.75 3.141592653589793 flow_4_24 0 5.0 2.0,11.289999999999964 1.75 3.141592653589793 flow_4_23 0 5.0 2.0,-275.0 -1.75 0.0 flow_6_25 0 5.0 2.0,1.75 -236.0 1.5707963267948966 flow_2_24 0 5.0 2.0,202.995 5.25 3.141592653589793 flow_5_9 0 5.0 2.0,-202.995 -5.25 0.0 flow_7_9 0 5.0 2.0,-1.75 -107.0650000000002 -1.5707963267948966 flow_0_23 0 5.0 2.0,;HHL_QHDD_N g g,HHL_QHDD_S g g,HHL_QHDD_E r r,HHL_QHDD_W r r,
-1.75 219.665 -1.5707963267948966 flow_0_24 0 5.0 2.0,-11.289999999999964 -1.75 0.0 flow_6_23 0 5.0 2.0,264.0 1.75 3.141592653589793 flow_4_25 0 5.0 2.0,1.75 123.7350000000002 1.5707963267948966 flow_2_23 0 5.0 2.0,-18.789999999999965 -1.75 0.0 flow_6_24 0 5.0 2.0,18.789999999999965 1.75 3.141592653589793 flow_4_24 0 5.0 2.0,11.289999999999964 1.75 3.141592653589793 flow_4_23 0 5.0 2.0,-264.0 -1.75 0.0 flow_6_25 0 5.0 2.0,1.75 -219.665 1.5707963267948966 flow_2_24 0 5.0 2.0,186.325 5.25 3.141592653589793 flow_5_9 0 5.0 2.0,-186.325 -5.25 0.0 flow_7_9 0 5.0 2.0,-1.75 -123.7350000000002 -1.5707963267948966 flow_0_23 0 5.0 2.0,;HHL_QHDD_N g g,HHL_QHDD_S g g,HHL_QHDD_E r r,HHL_QHDD_W r r,
-1.75 202.995 -1.5707963267948966 flow_0_24 0 5.0 2.0,-11.289999999999964 -1.75 0.0 flow_6_23 0 5.0 2.0,251.0 1.75 3.141592653589793 flow_4_25 0 5.0 2.0,1.75 140.4050000000002 1.5707963267948966 flow_2_23 0 5.0 2.0,-18.789999999999965 -1.75 0.0 flow_6_24 0 5.0 2.0,18.789999999999965 1.75 3.141592653589793 flow_4_24 0 5.0 2.0,11.289999999999964 1.75 3.141592653589793 flow_4_23 0 5.0 2.0,-251.0 -1.75 0.0 flow_6_25 0 5.0 2.0,1.75 -202.995 1.5707963267948966 flow_2_24 0 5.0 2.0,169.65499999999998 5.25 3.141592653589793 flow_5_9 0 5.0 2.0,-169.65499999999998 -5.25 0.0 flow_7_9 0 5.0 2.0,-1.75 -140.4050000000002 -1.5707963267948966 flow_0_23 0 5.0 2.0,;HHL_QHDD_N g g,HHL_QHDD_S g g,HHL_QHDD_E r r,HHL_QHDD_W r r,
-1.75 186.325 -1.5707963267948966 flow_0_24 0 5.0 2.0,-11.289999999999964 -1.75 0.0 flow_6_23 0 5.0 2.0,236.0 1.75 3.141592653589793 flow_4_25 0 5.0 2.0,1.75 157.07500000000023 1.5707963267948966 flow_2_23 0 5.0 2.0,-18.789999999999965 -1.75 0.0 flow_6_24 0 5.0 2.0,18.789999999999965 1.75 3.141592653589793 flow_4_24 0 5.0 2.0,11.289999999999964 1.75 3.141592653589793 flow_4_23 0 5.0 2.0,-236.0 -1.75 0.0 flow_6_25 0 5.0 2.0,1.75 -186.325 1.5707963267948966 flow_2_24 0 5.0 2.0,152.98499999999997 5.25 3.141592653589793 flow_5_9 0 5.0 2.0,-152.98499999999997 -5.25 0.0 flow_7_9 0 5.0 2.0,-1.75 -157.07500000000023 -1.5707963267948966 flow_0_23 0 5.0 2.0,;HHL_QHDD_N g g,HHL_QHDD_S g g,HHL_QHDD_E r r,HHL_QHDD_W r r,
-1.75 169.65499999999998 -1.5707963267948966 flow_0_24 0 5.0 2.0,-11.289999999999964 -1.75 0.0 flow_6_23 0 5.0 2.0,219.665 1.75 3.141592653589793 flow_4_25 0 5.0 2.0,1.75 173.74500000000024 1.5707963267948966 flow_2_23 0 5.0 2.0,-18.789999999999965 -1.75 0.0 flow_6_24 0 5.0 2.0,18.789999999999965 1.75 3.141592653589793 flow_4_24 0 5.0 2.0,11.289999999999964 1.75 3.141592653589793 flow_4_23 0 5.0 2.0,-219.665 -1.75 0.0 flow_6_25 0 5.0 2.0,1.75 -169.65499999999998 1.5707963267948966 flow_2_24 0 5.0 2.0,136.31499999999995 5.25 3.141592653589793 flow_5_9 0 5.0 2.0,-136.31499999999995 -5.25 0.0 flow_7_9 0 5.0 2.0,-1.75 -173.74500000000024 -1.5707963267948966 flow_0_23 0 5.0 2.0,;HHL_QHDD_N r r,HHL_QHDD_S r r,HHL_QHDD_E r r,HHL_QHDD_W r r,
-1.75 152.98499999999997 -1.5707963267948966 flow_0_24 0 5.0 2.0,-11.289999999999964 -1.75 0.0 flow_6_23 0 5.0 2.0,202.995 1.75 3.141592653589793 flow_4_25 0 5.0 2.0,1.75 190.41500000000026 1.5707963267948966 flow_2_23 0 5.0 2.0,-18.789999999999965 -1.75 0.0 flow_6_24 0 5.0 2.0,18.789999999999965 1.75 3.141592653589793 flow_4_24 0 5.0 2.0,11.289999999999964 1.75 3.141592653589793 flow_4_23 0 5.0 2.0,-202.995 -1.75 0.0 flow_6_25 0 5.0 2.0,1.75 -152.98499999999997 1.5707963267948966 flow_2_24 0 5.0 2.0,119.64499999999993 5.25 3.141592653589793 flow_5_9 0 5.0 2.0,-119.64499999999993 -5.25 0.0 flow_7_9 0 5.0 2.0,-1.75 -190.41500000000026 -1.5707963267948966 flow_0_23 0 5.0 2.0,;HHL_QHDD_N r r,HHL_QHDD_S r r,HHL_QHDD_E r r,HHL_QHDD_W r r,
-1.75 136.31499999999995 -1.5707963267948966 flow_0_24 0 5.0 2.0,-11.289999999999964 -1.75 0.0 flow_6_23 0 5.0 2.0,186.325 1.75 3.141592653589793 flow_4_25 0 5.0 2.0,1.75 207.08500000000027 1.5707963267948966 flow_2_23 0 5.0 2.0,-18.789999999999965 -1.75 0.0 flow_6_24 0 5.0 2.0,18.789999999999965 1.75 3.141592653589793 flow_4_24 0 5.0 2.0,11.289999999999964 1.75 3.141592653589793 flow_4_23 0 5.0 2.0,-186.325 -1.75 0.0 flow_6_25 0 5.0 2.0,1.75 -136.31499999999995 1.5707963267948966 flow_2_24 0 5.0 2.0,102.97499999999991 5.25 3.141592653589793 flow_5_9 0 5.0 2.0,-102.97499999999991 -5.25 0.0 flow_7_9 0 5.0 2.0,-1.75 -207.08500000000027 -1.5707963267948966 flow_0_23 0 5.0 2.0,;HHL_QHDD_N r r,HHL_QHDD_S r r,HHL_QHDD_E r r,HHL_QHDD_W r r,
-1.75 119.64499999999993 -1.5707963267948966 flow_0_24 0 5.0 2.0,-10.289999999999964 -1.75 0.0 flow_6_23 0 5.0 2.0,169.65499999999998 1.75 3.141592653589793 flow_4_25 0 5.0 2.0,1.75 223.75500000000029 1.5707963267948966 flow_2_23 0 5.0 2.0,-18.789999999999965 -1.75 0.0 flow_6_24 0 5.0 2.0,18.789999999999965 1.75 3.141592653589793 flow_4_24 0 5.0 2.0,10.289999999999964 1.75 3.141592653589793 flow_4_23 0 5.0 2.0,-169.65499999999998 -1.75 0.0 flow_6_25 0 5.0 2.0,1.75 -119.64499999999993 1.5707963267948966 flow_2_24 0 5.0 2.0,86.30499999999987 5.25 3.141592653589793 flow_5_9 0 5.0 2.0,-86.30499999999987 -5.25 0.0 flow_7_9 0 5.0 2.0,-1.75 -223.75500000000029 -1.5707963267948966 flow_0_23 0 5.0 2.0,;HHL_QHDD_N r r,HHL_QHDD_S r r,HHL_QHDD_E g g,HHL_QHDD_W g g,
-5.25 299.0 -1.5707963267948966 flow_1_9 0 5.0 2.0,-1.75 102.97499999999991 -1.5707963267948966 flow_0_24 0 5.0 2.0,-2.2899999999999638 -1.75 0.0 flow_6_23 0 5.0 2.0,152.98499999999997 1.75 3.141592653589793 flow_4_25 0 5.0 2.0,5.25 -299.0 1.5707963267948966 flow_3_9 0 5.0 2.0,1.75 240.4250000000003 1.5707963267948966 flow_2_23 0 5.0 2.0,-18.039999999999965 -1.75 0.0 flow_6_24 0 5.0 2.0,18.039999999999965 1.75 3.141592653589793 flow_4_24 0 5.0 2.0,2.2899999999999638 1.75 3.141592653589793 flow_4_23 0 5.0 2.0,-152.98499999999997 -1.75 0.0 flow_6_25 0 5.0 2.0,1.75 -102.97499999999991 1.5707963267948966 flow_2_24 0 5.0 2.0,69.63499999999988 5.25 3.141592653589793 flow_5_9 0 5.0 2.0,-69.63499999999988 -5.25 0.0 flow_7_9 0 5.0 2.0,-1.75 -240.4250000000003 -1.5707963267948966 flow_0_23 0 5.0 2.0,;HHL_QHDD_N r r,HHL_QHDD_S r r,HHL_QHDD_E g g,HHL_QHDD_W g g,
-5.25 296.0 -1.5707963267948966 flow_1_9 0 5.0 2.0,-1.75 86.30499999999987 -1.5707963267948966 flow_0_24 0 5.0 2.0,2.7100000000000366 -1.75 0.0 flow_6_23 0 5.0 2.0,136.31499999999995 1.75 3.141592653589793 flow_4_25 0 5.0 2.0,5.25 -296.0 1.5707963267948966 flow_3_9 0 5.0 2.0,1.75 257.0950000000003 1.5707963267948966 flow_2_23 0 5.0 2.0,-15.539999999999964 -1.75 0.0 flow_6_24 0 5.0 2.0,15.539999999999964 1.75 3.141592653589793 flow_4_24 0 5.0 2.0,-2.7100000000000366 1.75 3.141592653589793 flow_4_23 0 5.0 2.0,-136.31499999999995 -1.75 0.0 flow_6_25 0 5.0 2.0,1.75 -86.30499999999987 1.5707963267948966 flow_2_24 0 5.0 2.0,55.21499999999986 5.25 3.141592653589793 flow_5_9 0 5.0 2.0,-55.21499999999986 -5.25 0.0 flow_7_9 0 5.0 2.0,-1.75 -257.0950000000003 -1.5707963267948966 flow_0_23 0 5.0 2.0,;HHL_QHDD_N r r,HHL_QHDD_S r r,HHL_QHDD_E g g,HHL_QHDD_W g g,
-5.25 291.0 -1.5707963267948966 flow_1_9 0 5.0 2.0,-1.75 69.63499999999988 -1.5707963267948966 flow_0_24 0 5.0 2.0,14.710000000000037 -1.75 0.0 flow_6_23 0 5.0 2.0,119.64499999999993 1.75 3.141592653589793 flow_4_25 0 5.0 2.0,5.25 -291.0 1.5707963267948966 flow_3_9 0 5.0 2.0,1.75 273.7650000000003 1.5707963267948966 flow_2_23 0 5.0 2.0,-11.039999999999964 -1.75 0.0 flow_6_24 0 5.0 2.0,11.039999999999964 1.75 3.141592653589793 flow_4_24 0 5.0 2.0,-14.710000000000037 1.75 3.141592653589793 flow_4_23 0 5.0 2.0,-119.64499999999993 -1.75 0.0 flow_6_25 0 5.0 2.0,1.75 -69.63499999999988 1.5707963267948966 flow_2_24 0 5.0 2.0,44.96334999999988 5.25 3.141592653589793 flow_5_9 0 5.0 2.0,-44.96334999999988 -5.25 0.0 flow_7_9 0 5.0 2.0,-1.75 -273.7650000000003 -1.5707963267948966 flow_0_23 0 5.0 2.0,;HHL_QHDD_N r r,HHL_QHDD_S r r,HHL_QHDD_E g g,HHL_QHDD_W g g,
-5.25 284.0 -1.5707963267948966 flow_1_9 0 5.0 2.0,-1.75 52.96499999999986 -1.5707963267948966 flow_0_24 0 5.0 2.0,23.710000000000038 -1.75 0.0 flow_6_23 0 5.0 2.0,102.97499999999991 1.75 3.141592653589793 flow_4_25 0 5.0 2.0,5.25 -284.0 1.5707963267948966 flow_3_9 0 5.0 2.0,1.75 290.43500000000037 1.5707963267948966 flow_2_23 0 5.0 2.0,0.4600000000000364 -1.75 0.0 flow_6_24 0 5.0 2.0,-0.4600000000000364 1.75 3.141592653589793 flow_4_24 0 5.0 2.0,-23.710000000000038 1.75 3.141592653589793 flow_4_23 0 5.0 2.0,-102.97499999999991 -1.75 0.0 flow_6_25 0 5.0 2.0,1.75 -52.96499999999986 1.5707963267948966 flow_2_24 0 5.0 2.0,36.63004999999987 5.25 3.141592653589793 flow_5_9 0 5.0 2.0,-36.63004999999987 -5.25 0.0 flow_7_9 0 5.0 2.0,-1.75 -290.43500000000037 -1.5707963267948966 flow_0_23 0 5.0 2.0,;HHL_QHDD_N r r,HHL_QHDD_S r r,HHL_QHDD_E g g,HHL_QHDD_W g g,
-5.25 275.0 -1.5707963267948966 flow_1_9 0 5.0 2.0,-1.75 37.961999999999878 -1.5707963267948966 flow_0_24 0 5.0 2.0,34.710000000000039 -1.75 0.0 flow_6_23 0 5.0 2.0,86.30499999999987 1.75 3.141592653589793 flow_4_25 0 5.0 2.0,5.25 -275.0 1.5707963267948966 flow_3_9 0 5.0 2.0,13.960000000000037 -1.75 0.0 flow_6_24 0 5.0 2.0,-13.960000000000037 1.75 3.141592653589793 flow_4_24 0 5.0 2.0,-34.710000000000039 1.75 3.141592653589793 flow_4_23 0 5.0 2.0,-86.30499999999987 -1.75 0.0 flow_6_25 0 5.0 2.0,1.75 -37.961999999999878 1.5707963267948966 flow_2_24 0 5.0 2.0,28.29674999999986 5.25 3.141592653589793 flow_5_9 0 5.0 2.0,-28.29674999999986 -5.25 0.0 flow_7_9 0 5.0 2.0,;HHL_QHDD_N r r,HHL_QHDD_S r r,HHL_QHDD_E g g,HHL_QHDD_W g g,
-5.25 264.0 -1.5707963267948966 flow_1_9 0 5.0 2.0,-1.75 26.292999999999894 -1.5707963267948966 flow_0_24 0 5.0 2.0,47.710000000000039 -1.75 0.0 flow_6_23 0 5.0 2.0,69.63499999999988 1.75 3.141592653589793 flow_4_25 0 5.0 2.0,5.25 -264.0 1.5707963267948966 flow_3_9 0 5.0 2.0,1.75 -299.0 1.5707963267948966 flow_2_25 0 5.0 2.0,24.460000000000038 -1.75 0.0 flow_6_24 0 5.0 2.0,-24.460000000000038 1.75 3.141592653589793 flow_4_24 0 5.0 2.0,-47.710000000000039 1.75 3.141592653589793 flow_4_23 0 5.0 2.0,-69.63499999999988 -1.75 0.0 flow_6_25 0 5.0 2.0,1.75 -26.292999999999894 1.5707963267948966 flow_2_24 0 5.0 2.0,19.963449999999854 5.25 3.141592653589793 flow_5_9 0 5.0 2.0,-19.963449999999854 -5.25 0.0 flow_7_9 0 5.0 2.0,-1.75 299.0 -1.5707963267948966 flow_0_25 0 5.0 2.0,;HHL_QHDD_N r r,HHL_QHDD_S r r,HHL_QHDD_E g g,HHL_QHDD_W g g,
-5.25 251.0 -1.5707963267948966 flow_1_9 0 5.0 2.0,-1.75 17.957999999999914 -1.5707963267948966 flow_0_24 0 5.0 2.0,62.710000000000039 -1.75 0.0 flow_6_23 0 5.0 2.0,52.96499999999986 1.75 3.141592653589793 flow_4_25 0 5.0 2.0,5.25 -251.0 1.5707963267948966 flow_3_9 0 5.0 2.0,1.75 -296.0 1.5707963267948966 flow_2_25 0 5.0 2.0,36.835000000000039 -1.75 0.0 flow_6_24 0 5.0 2.0,-36.835000000000039 1.75 3.141592653589793 flow_4_24 0 5.0 2.0,-62.710000000000039 1.75 3.141592653589793 flow_4_23 0 5.0 2.0,-52.96499999999986 -1.75 0.0 flow_6_25 0 5.0 2.0,1.75 -17.957999999999914 1.5707963267948966 flow_2_24 0 5.0 2.0,11.630149999999844 5.25 3.141592653589793 flow_5_9 0 5.0 2.0,-11.630149999999844 -5.25 0.0 flow_7_9 0 5.0 2.0,-1.75 296.0 -1.5707963267948966 flow_0_25 0 5.0 2.0,;HHL_QHDD_N r r,HHL_QHDD_S r r,HHL_QHDD_E g g,HHL_QHDD_W g g,
-5.25 236.0 -1.5707963267948966 flow_1_9 0 5.0 2.0,-1.75 12.956999999999937 -1.5707963267948966 flow_0_24 0 5.0 2.0,79.04500000000005 -1.75 0.0 flow_6_23 0 5.0 2.0,37.961999999999878 1.75 3.141592653589793 flow_4_25 0 5.0 2.0,5.25 -236.0 1.5707963267948966 flow_3_9 0 5.0 2.0,1.75 -291.0 1.5707963267948966 flow_2_25 0 5.0 2.0,51.02250000000004 -1.75 0.0 flow_6_24 0 5.0 2.0,-51.02250000000004 1.75 3.141592653589793 flow_4_24 0 5.0 2.0,-79.04500000000005 1.75 3.141592653589793 flow_4_23 0 5.0 2.0,-37.961999999999878 -1.75 0.0 flow_6_25 0 5.0 2.0,1.75 -12.956999999999937 1.5707963267948966 flow_2_24 0 5.0 2.0,-0.8074631136021678 -3.2495743538325976 -2.0647376957144778 flow_5_9 0 5.0 2.0,0.8074631136021678 3.2495743538325976 1.0768549578753155 flow_7_9 0 5.0 2.0,-1.75 291.0 -1.5707963267948966 flow_0_25 0 5.0 2.0,;HHL_QHDD_N r r,HHL_QHDD_S r r,HHL_QHDD_E g g,HHL_QHDD_W g g,
-5.25 219.665 -1.5707963267948966 flow_1_9 0 5.0 2.0,-1.75 11.289999999999964 -1.5707963267948966 flow_0_24 0 5.0 2.0,95.71500000000005 -1.75 0.0 flow_6_23 0 5.0 2.0,23.625999999999864 1.75 3.141592653589793 flow_4_25 0 5.0 2.0,5.25 -219.665 1.5707963267948966 flow_3_9 0 5.0 2.0,1.75 -284.0 1.5707963267948966 flow_2_25 0 5.0 2.0,-299.0 -1.75 0.0 flow_6_26 0 5.0 2.0,66.61750000000004 -1.75 0.0 flow_6_24 0 5.0 2.0,-66.61750000000004 1.75 3.141592653589793 flow_4_24 0 5.0 2.0,-95.71500000000005 1.75 3.141592653589793 flow_4_23 0 5.0 2.0,-23.625999999999864 -1.75 0.0 flow_6_25 0 5.0 2.0,1.75 -11.289999999999964 1.5707963267948966 flow_2_24 0 5.0 2.0,-1.75 -17.345244234941818 -1.5707963267948966 flow_5_9 0 5.0 2.0,1.75 17.345244234941818 1.5707963267948966 flow_7_9 0 5.0 2.0,-1.75 284.0 -1.5707963267948966 flow_0_25 0 5.0 2.0,299.0 1.75 3.141592653589793 flow_4_26 0 5.0 2.0,;HHL_QHDD_N r r,HHL_QHDD_S r r,HHL_QHDD_E g g,HHL_QHDD_W g g,
-5.25 202.995 -1.5707963267948966 flow_1_9 0 5.0 2.0,-1.75 11.289999999999964 -1.5707963267948966 flow_0_24 0 5.0 2.0,112.38500000000005 -1.75 0.0 flow_6_23 0 5.0 2.0,2.6229999999998769 1.75 3.141592653589793 flow_4_25 0 5.0 2.0,5.25 -202.995 1.5707963267948966 flow_3_9 0 5.0 2.0,1.75 -275.0 1.5707963267948966 flow_2_25 0 5.0 2.0,-296.0 -1.75 0.0 flow_6_26 0 5.0 2.0,82.83375000000004 -1.75 0.0 flow_6_24 0 5.0 2.0,-82.83375000000004 1.75 3.141592653589793 flow_4_24 0 5.0 2.0,-112.38500000000005 1.75 3.141592653589793 flow_4_23 0 5.0 2.0,-2.6229999999998769 -1.75 0.0 flow_6_25 0 5.0 2.0,1.75 -11.289999999999964 1.5707963267948966 flow_2_24 0 5.0 2.0,-1.75 -28.678544234941819 -1.5707963267948966 flow_5_9 0 5.0 2.0,1.75 28.678544234941819 1.5707963267948966 flow_7_9 0 5.0 2.0,-1.75 275.0 -1.5707963267948966 flow_0_25 0 5.0 2.0,296.0 1.75 3.141592653589793 flow_4_26 0 5.0 2.0,;HHL_QHDD_N r r,HHL_QHDD_S r r,HHL_QHDD_E g g,HHL_QHDD_W g g,
-5.25 186.325 -1.5707963267948966 flow_1_9 0 5.0 2.0,-1.75 11.289999999999964 -1.5707963267948966 flow_0_24 0 5.0 2.0,129.05500000000007 -1.75 0.0 flow_6_23 0 5.0 2.0,-19.047000000000126 1.75 3.141592653589793 flow_4_25 0 5.0 2.0,5.25 -186.325 1.5707963267948966 flow_3_9 0 5.0 2.0,1.75 -264.0 1.5707963267948966 flow_2_25 0 5.0 2.0,-291.0 -1.75 0.0 flow_6_26 0 5.0 2.0,99.27687500000005 -1.75 0.0 flow_6_24 0 5.0 2.0,-99.27687500000005 1.75 3.141592653589793 flow_4_24 0 5.0 2.0,-129.05500000000007 1.75 3.141592653589793 flow_4_23 0 5.0 2.0,19.047000000000126 -1.75 0.0 flow_6_25 0 5.0 2.0,1.75 -11.289999999999964 1.5707963267948966 flow_2_24 0 5.0 2.0,-1.75 -42.01184423494182 -1.5707963267948966 flow_5_9 0 5.0 2.0,1.75 42.01184423494182 1.5707963267948966 flow_7_9 0 5.0 2.0,-1.75 264.0 -1.5707963267948966 flow_0_25 0 5.0 2.0,291.0 1.75 3.141592653589793 flow_4_26 0 5.0 2.0,;HHL_QHDD_N r r,HHL_QHDD_S r r,HHL_QHDD_E g g,HHL_QHDD_W g g,
-5.25 169.65499999999998 -1.5707963267948966 flow_1_9 0 5.0 2.0,-1.75 11.289999999999964 -1.5707963267948966 flow_0_24 0 5.0 2.0,145.72500000000006 -1.75 0.0 flow_6_23 0 5.0 2.0,-35.71700000000013 1.75 3.141592653589793 flow_4_25 0 5.0 2.0,5.25 -169.65499999999998 1.5707963267948966 flow_3_9 0 5.0 2.0,1.75 -251.0 1.5707963267948966 flow_2_25 0 5.0 2.0,-284.0 -1.75 0.0 flow_6_26 0 5.0 2.0,115.83343750000005 -1.75 0.0 flow_6_24 0 5.0 2.0,-115.83343750000005 1.75 3.141592653589793 flow_4_24 0 5.0 2.0,-145.72500000000006 1.75 3.141592653589793 flow_4_23 0 5.0 2.0,35.71700000000013 -1.75 0.0 flow_6_25 0 5.0 2.0,1.75 -11.289999999999964 1.5707963267948966 flow_2_24 0 5.0 2.0,-1.75 -57.34514423494182 -1.5707963267948966 flow_5_9 0 5.0 2.0,1.75 57.34514423494182 1.5707963267948966 flow_7_9 0 5.0 2.0,-1.75 251.0 -1.5707963267948966 flow_0_25 0 5.0 2.0,284.0 1.75 3.141592653589793 flow_4_26 0 5.0 2.0,;HHL_QHDD_N r r,HHL_QHDD_S r r,HHL_QHDD_E g g,HHL_QHDD_W g g,
-5.25 152.98499999999997 -1.5707963267948966 flow_1_9 0 5.0 2.0,-1.75 11.289999999999964 -1.5707963267948966 flow_0_24 0 5.0 2.0,162.395 -1.75 0.0 flow_6_23 0 5.0 2.0,-52.38700000000013 1.75 3.141592653589793 flow_4_25 0 5.0 2.0,5.25 -152.98499999999997 1.5707963267948966 flow_3_9 0 5.0 2.0,1.75 -236.0 1.5707963267948966 flow_2_25 0 5.0 2.0,-275.0 -1.75 0.0 flow_6_26 0 5.0 2.0,132.44671875000004 -1.75 0.0 flow_6_24 0 5.0 2.0,-132.44671875000004 1.75 3.141592653589793 flow_4_24 0 5.0 2.0,-162.395 1.75 3.141592653589793 flow_4_23 0 5.0 2.0,52.38700000000013 -1.75 0.0 flow_6_25 0 5.0 2.0,1.75 -11.289999999999964 1.5707963267948966 flow_2_24 0 5.0 2.0,-1.75 -73.84679423494183 -1.5707963267948966 flow_5_9 0 5.0 2.0,1.75 73.84679423494183 1.5707963267948966 flow_7_9 0 5.0 2.0,-1.75 236.0 -1.5707963267948966 flow_0_25 0 5.0 2.0,275.0 1.75 3.141592653589793 flow_4_26 0 5.0 2.0,;HHL_QHDD_N r r,HHL_QHDD_S r r,HHL_QHDD_E g g,HHL_QHDD_W g g,
-5.25 136.31499999999995 -1.5707963267948966 flow_1_9 0 5.0 2.0,-1.75 11.289999999999964 -1.5707963267948966 flow_0_24 0 5.0 2.0,179.06500000000006 -1.75 0.0 flow_6_23 0 5.0 2.0,-69.05700000000013 1.75 3.141592653589793 flow_4_25 0 5.0 2.0,5.25 -136.31499999999995 1.5707963267948966 flow_3_9 0 5.0 2.0,1.75 -219.665 1.5707963267948966 flow_2_25 0 5.0 2.0,-264.0 -1.75 0.0 flow_6_26 0 5.0 2.0,149.08835937500005 -1.75 0.0 flow_6_24 0 5.0 2.0,-149.08835937500005 1.75 3.141592653589793 flow_4_24 0 5.0 2.0,-179.06500000000006 1.75 3.141592653589793 flow_4_23 0 5.0 2.0,69.05700000000013 -1.75 0.0 flow_6_25 0 5.0 2.0,1.75 -11.289999999999964 1.5707963267948966 flow_2_24 0 5.0 2.0,-1.75 -90.51679423494183 -1.5707963267948966 flow_5_9 0 5.0 2.0,1.75 90.51679423494183 1.5707963267948966 flow_7_9 0 5.0 2.0,-1.75 219.665 -1.5707963267948966 flow_0_25 0 5.0 2.0,264.0 1.75 3.141592653589793 flow_4_26 0 5.0 2.0,;HHL_QHDD_N r r,HHL_QHDD_S r r,HHL_QHDD_E g g,HHL_QHDD_W g g,
-5.25 119.64499999999993 -1.5707963267948966 flow_1_9 0 5.0 2.0,-1.75 11.289999999999964 -1.5707963267948966 flow_0_24 0 5.0 2.0,195.73500000000008 -1.75 0.0 flow_6_23 0 5.0 2.0,-85.72700000000013 1.75 3.141592653589793 flow_4_25 0 5.0 2.0,5.25 -119.64499999999993 1.5707963267948966 flow_3_9 0 5.0 2.0,1.75 -202.995 1.5707963267948966 flow_2_25 0 5.0 2.0,-251.0 -1.75 0.0 flow_6_26 0 5.0 2.0,165.74417968750005 -1.75 0.0 flow_6_24 0 5.0 2.0,-165.74417968750005 1.75 3.141592653589793 flow_4_24 0 5.0 2.0,-195.73500000000008 1.75 3.141592653589793 flow_4_23 0 5.0 2.0,85.72700000000013 -1.75 0.0 flow_6_25 0 5.0 2.0,1.75 -11.289999999999964 1.5707963267948966 flow_2_24 0 5.0 2.0,-1.75 -107.18679423494183 -1.5707963267948966 flow_5_9 0 5.0 2.0,1.75 107.18679423494183 1.5707963267948966 flow_7_9 0 5.0 2.0,-1.75 202.995 -1.5707963267948966 flow_0_25 0 5.0 2.0,251.0 1.75 3.141592653589793 flow_4_26 0 5.0 2.0,;HHL_QHDD_N r r,HHL_QHDD_S r r,HHL_QHDD_E g g,HHL_QHDD_W g g,
-5.25 102.97499999999991 -1.5707963267948966 flow_1_9 0 5.0 2.0,-1.75 11.289999999999964 -1.5707963267948966 flow_0_24 0 5.0 2.0,212.4050000000001 -1.75 0.0 flow_6_23 0 5.0 2.0,-102.39700000000014 1.75 3.141592653589793 flow_4_25 0 5.0 2.0,5.25 -102.97499999999991 1.5707963267948966 flow_3_9 0 5.0 2.0,1.75 -186.325 1.5707963267948966 flow_2_25 0 5.0 2.0,-236.0 -1.75 0.0 flow_6_26 0 5.0 2.0,182.40708984375005 -1.75 0.0 flow_6_24 0 5.0 2.0,-182.40708984375005 1.75 3.141592653589793 flow_4_24 0 5.0 2.0,-212.4050000000001 1.75 3.141592653589793 flow_4_23 0 5.0 2.0,102.39700000000014 -1.75 0.0 flow_6_25 0 5.0 2.0,1.75 -11.289999999999964 1.5707963267948966 flow_2_24 0 5.0 2.0,-1.75 -123.85679423494183 -1.5707963267948966 flow_5_9 0 5.0 2.0,1.75 123.85679423494183 1.5707963267948966 flow_7_9 0 5.0 2.0,-1.75 186.325 -1.5707963267948966 flow_0_25 0 5.0 2.0,236.0 1.75 3.141592653589793 flow_4_26 0 5.0 2.0,;HHL_QHDD_N r r,HHL_QHDD_S r r,HHL_QHDD_E g g,HHL_QHDD_W g g,
-5.25 86.30499999999987 -1.5707963267948966 flow_1_9 0 5.0 2.0,-1.75 11.289999999999964 -1.5707963267948966 flow_0_24 0 5.0 2.0,229.0750000000001 -1.75 0.0 flow_6_23 0 5.0 2.0,-119.06700000000014 1.75 3.141592653589793 flow_4_25 0 5.0 2.0,5.25 -86.30499999999987 1.5707963267948966 flow_3_9 0 5.0 2.0,1.75 -169.65499999999998 1.5707963267948966 flow_2_25 0 5.0 2.0,-219.665 -1.75 0.0 flow_6_26 0 5.0 2.0,199.07354492187506 -1.75 0.0 flow_6_24 0 5.0 2.0,-199.07354492187506 1.75 3.141592653589793 flow_4_24 0 5.0 2.0,-229.0750000000001 1.75 3.141592653589793 flow_4_23 0 5.0 2.0,119.06700000000014 -1.75 0.0 flow_6_25 0 5.0 2.0,1.75 -11.289999999999964 1.5707963267948966 flow_2_24 0 5.0 2.0,-1.75 -140.52679423494184 -1.5707963267948966 flow_5_9 0 5.0 2.0,1.75 140.52679423494184 1.5707963267948966 flow_7_9 0 5.0 2.0,-1.75 169.65499999999998 -1.5707963267948966 flow_0_25 0 5.0 2.0,219.665 1.75 3.141592653589793 flow_4_26 0 5.0 2.0,;HHL_QHDD_N r r,HHL_QHDD_S r r,HHL_QHDD_E g g,HHL_QHDD_W g g,
-5.25 69.63499999999988 -1.5707963267948966 flow_1_9 0 5.0 2.0,-1.75 11.289999999999964 -1.5707963267948966 flow_0_24 0 5.0 2.0,245.74500000000013 -1.75 0.0 flow_6_23 0 5.0 2.0,-135.73700000000015 1.75 3.141592653589793 flow_4_25 0 5.0 2.0,5.25 -69.63499999999988 1.5707963267948966 flow_3_9 0 5.0 2.0,1.75 -152.98499999999997 1.5707963267948966 flow_2_25 0 5.0 2.0,-202.995 -1.75 0.0 flow_6_26 0 5.0 2.0,215.74177246093758 -1.75 0.0 flow_6_24 0 5.0 2.0,-215.74177246093758 1.75 3.141592653589793 flow_4_24 0 5.0 2.0,-245.74500000000013 1.75 3.141592653589793 flow_4_23 0 5.0 2.0,135.73700000000015 -1.75 0.0 flow_6_25 0 5.0 2.0,1.75 -11.289999999999964 1.5707963267948966 flow_2_24 0 5.0 2.0,-1.75 -157.19679423494183 -1.5707963267948966 flow_5_9 0 5.0 2.0,1.75 157.19679423494183 1.5707963267948966 flow_7_9 0 5.0 2.0,-1.75 152.98499999999997 -1.5707963267948966 flow_0_25 0 5.0 2.0,202.995 1.75 3.141592653589793 flow_4_26 0 5.0 2.0,;HHL_QHDD_N r r,HHL_QHDD_S r r,HHL_QHDD_E g g,HHL_QHDD_W g g,
-5.25 52.96499999999986 -1.5707963267948966 flow_1_9 0 5.0 2.0,-1.75 11.289999999999964 -1.5707963267948966 flow_0_24 0 5.0 2.0,262.41500000000016 -1.75 0.0 flow_6_23 0 5.0 2.0,-152.40700000000016 1.75 3.141592653589793 flow_4_25 0 5.0 2.0,5.25 -52.96499999999986 1.5707963267948966 flow_3_9 0 5.0 2.0,1.75 -136.31499999999995 1.5707963267948966 flow_2_25 0 5.0 2.0,-186.325 -1.75 0.0 flow_6_26 0 5.0 2.0,232.41088623046887 -1.75 0.0 flow_6_24 0 5.0 2.0,-232.41088623046887 1.75 3.141592653589793 flow_4_24 0 5.0 2.0,-262.41500000000016 1.75 3.141592653589793 flow_4_23 0 5.0 2.0,152.40700000000016 -1.75 0.0 flow_6_25 0 5.0 2.0,1.75 -11.289999999999964 1.5707963267948966 flow_2_24 0 5.0 2.0,-1.75 -173.86679423494184 -1.5707963267948966 flow_5_9 0 5.0 2.0,1.75 173.86679423494184 1.5707963267948966 flow_7_9 0 5.0 2.0,-1.75 136.31499999999995 -1.5707963267948966 flow_0_25 0 5.0 2.0,186.325 1.75 3.141592653589793 flow_4_26 0 5.0 2.0,;HHL_QHDD_N r r,HHL_QHDD_S r r,HHL_QHDD_E g g,HHL_QHDD_W g g,
-5.25 37.961999999999878 -1.5707963267948966 flow_1_9 0 5.0 2.0,-1.75 11.289999999999964 -1.5707963267948966 flow_0_24 0 5.0 2.0,279.08500000000017 -1.75 0.0 flow_6_23 0 5.0 2.0,-169.07700000000018 1.75 3.141592653589793 flow_4_25 0 5.0 2.0,5.25 -37.961999999999878 1.5707963267948966 flow_3_9 0 5.0 2.0,1.75 -119.64499999999993 1.5707963267948966 flow_2_25 0 5.0 2.0,-169.65499999999998 -1.75 0.0 flow_6_26 0 5.0 2.0,249.0804431152345 -1.75 0.0 flow_6_24 0 5.0 2.0,-249.0804431152345 1.75 3.141592653589793 flow_4_24 0 5.0 2.0,-279.08500000000017 1.75 3.141592653589793 flow_4_23 0 5.0 2.0,169.07700000000018 -1.75 0.0 flow_6_25 0 5.0 2.0,1.75 -11.289999999999964 1.5707963267948966 flow_2_24 0 5.0 2.0,-1.75 -190.53679423494186 -1.5707963267948966 flow_5_9 0 5.0 2.0,1.75 190.53679423494186 1.5707963267948966 flow_7_9 0 5.0 2.0,-1.75 119.64499999999993 -1.5707963267948966 flow_0_25 0 5.0 2.0,169.65499999999998 1.75 3.141592653589793 flow_4_26 0 5.0 2.0,;HHL_QHDD_N r r,HHL_QHDD_S r r,HHL_QHDD_E g g,HHL_QHDD_W g g,
-5.25 26.292999999999894 -1.5707963267948966 flow_1_9 0 5.0 2.0,-1.75 11.289999999999964 -1.5707963267948966 flow_0_24 0 5.0 2.0,295.75500000000019 -1.75 0.0 flow_6_23 0 5.0 2.0,-185.74700000000019 1.75 3.141592653589793 flow_4_25 0 5.0 2.0,5.25 -26.292999999999894 1.5707963267948966 flow_3_9 0 5.0 2.0,1.75 -102.97499999999991 1.5707963267948966 flow_2_25 0 5.0 2.0,-152.98499999999997 -1.75 0.0 flow_6_26 0 5.0 2.0,265.75022155761737 -1.75 0.0 flow_6_24 0 5.0 2.0,-265.75022155761737 1.75 3.141592653589793 flow_4_24 0 5.0 2.0,-295.75500000000019 1.75 3.141592653589793 flow_4_23 0 5.0 2.0,185.74700000000019 -1.75 0.0 flow_6_25 0 5.0 2.0,1.75 -11.289999999999964 1.5707963267948966 flow_2_24 0 5.0 2.0,-1.75 -207.20679423494185 -1.5707963267948966 flow_5_9 0 5.0 2.0,1.75 207.20679423494185 1.5707963267948966 flow_7_9 0 5.0 2.0,-1.75 102.97499999999991 -1.5707963267948966 flow_0_25 0 5.0 2.0,152.98499999999997 1.75 3.141592653589793 flow_4_26 0 5.0 2.0,;HHL_QHDD_N r r,HHL_QHDD_S r r,HHL_QHDD_E g g,HHL_QHDD_W g g,
-5.25 17.957999999999914 -1.5707963267948966 flow_1_9 0 5.0 2.0,-1.75 11.289999999999964 -1.5707963267948966 flow_0_24 0 5.0 2.0,-202.4170000000002 1.75 3.141592653589793 flow_4_25 0 5.0 2.0,5.25 -17.957999999999914 1.5707963267948966 flow_3_9 0 5.0 2.0,1.75 -86.30499999999987 1.5707963267948966 flow_2_25 0 5.0 2.0,-136.31499999999995 -1.75 0.0 flow_6_26 0 5.0 2.0,282.42011077880877 -1.75 0.0 flow_6_24 0 5.0 2.0,-282.42011077880877 1.75 3.141592653589793 flow_4_24 0 5.0 2.0,202.4170000000002 -1.75 0.0 flow_6_25 0 5.0 2.0,1.75 -11.289999999999964 1.5707963267948966 flow_2_24 0 5.0 2.0,-1.75 -223.87679423494189 -1.5707963267948966 flow_5_9 0 5.0 2.0,1.75 223.87679423494189 1.5707963267948966 flow_7_9 0 5.0 2.0,-1.75 86.30499999999987 -1.5707963267948966 flow_0_25 0 5.0 2.0,136.31499999999995 1.75 3.141592653589793 flow_4_26 0 5.0 2.0,;HHL_QHDD_N r r,HHL_QHDD_S r r,HHL_QHDD_E g g,HHL_QHDD_W g g,
-5.25 12.956999999999937 -1.5707963267948966 flow_1_9 0 5.0 2.0,-1.75 11.289999999999964 -1.5707963267948966 flow_0_24 0 5.0 2.0,-219.08700000000023 1.75 3.141592653589793 flow_4_25 0 5.0 2.0,5.25 -12.956999999999937 1.5707963267948966 flow_3_9 0 5.0 2.0,1.75 -69.63499999999988 1.5707963267948966 flow_2_25 0 5.0 2.0,-119.64499999999993 -1.75 0.0 flow_6_26 0 5.0 2.0,299.0900738525392 -1.75 0.0 flow_6_24 0 5.0 2.0,-299.0900738525392 1.75 3.141592653589793 flow_4_24 0 5.0 2.0,219.08700000000023 -1.75 0.0 flow_6_25 0 5.0 2.0,1.75 -11.289999999999964 1.5707963267948966 flow_2_24 0 5.0 2.0,-1.75 -240.5467942349419 -1.5707963267948966 flow_5_9 0 5.0 2.0,1.75 240.5467942349419 1.5707963267948966 flow_7_9 0 5.0 2.0,-1.75 69.63499999999988 -1.5707963267948966 flow_0_25 0 5.0 2.0,119.64499999999993 1.75 3.141592653589793 flow_4_26 0 5.0 2.0,;HHL_QHDD_N r r,HHL_QHDD_S r r,HHL_QHDD_E g g,HHL_QHDD_W g g,
-5.25 11.289999999999964 -1.5707963267948966 flow_1_9 0 5.0 2.0,-1.75 11.289999999999964 -1.5707963267948966 flow_0_24 0 5.0 2.0,-235.75700000000024 1.75 3.141592653589793 flow_4_25 0 5.0 2.0,5.25 -11.289999999999964 1.5707963267948966 flow_3_9 0 5.0 2.0,1.75 -52.96499999999986 1.5707963267948966 flow_2_25 0 5.0 2.0,-102.97499999999991 -1.75 0.0 flow_6_26 0 5.0 2.0,235.75700000000024 -1.75 0.0 flow_6_25 0 5.0 2.0,1.75 -11.289999999999964 1.5707963267948966 flow_2_24 0 5.0 2.0,-1.75 -257.216794234942 -1.5707963267948966 flow_5_9 0 5.0 2.0,1.75 257.216794234942 1.5707963267948966 flow_7_9 0 5.0 2.0,-1.75 52.96499999999986 -1.5707963267948966 flow_0_25 0 5.0 2.0,102.97499999999991 1.75 3.141592653589793 flow_4_26 0 5.0 2.0,;HHL_QHDD_N r r,HHL_QHDD_S r r,HHL_QHDD_E g g,HHL_QHDD_W g g,
-5.25 11.289999999999964 -1.5707963267948966 flow_1_9 0 5.0 2.0,-1.75 11.289999999999964 -1.5707963267948966 flow_0_24 0 5.0 2.0,-252.42700000000026 1.75 3.141592653589793 flow_4_25 0 5.0 2.0,5.25 -11.289999999999964 1.5707963267948966 flow_3_9 0 5.0 2.0,1.75 -38.04749554005957 1.5707963267948966 flow_2_25 0 5.0 2.0,-86.30499999999987 -1.75 0.0 flow_6_26 0 5.0 2.0,252.42700000000026 -1.75 0.0 flow_6_25 0 5.0 2.0,1.75 -11.289999999999964 1.5707963267948966 flow_2_24 0 5.0 2.0,-1.75 -273.88679423494195 -1.5707963267948966 flow_5_9 0 5.0 2.0,1.75 273.88679423494195 1.5707963267948966 flow_7_9 0 5.0 2.0,-1.75 38.04749554005957 -1.5707963267948966 flow_0_25 0 5.0 2.0,86.30499999999987 1.75 3.141592653589793 flow_4_26 0 5.0 2.0,;HHL_QHDD_N r r,HHL_QHDD_S r r,HHL_QHDD_E g g,HHL_QHDD_W g g,
-5.25 11.289999999999964 -1.5707963267948966 flow_1_9 0 5.0 2.0,-1.75 11.289999999999964 -1.5707963267948966 flow_0_24 0 5.0 2.0,1.75 -299.0 1.5707963267948966 flow_2_26 0 5.0 2.0,-269.09700000000029 1.75 3.141592653589793 flow_4_25 0 5.0 2.0,5.25 -11.289999999999964 1.5707963267948966 flow_3_9 0 5.0 2.0,1.75 -27.132486620178953 1.5707963267948966 flow_2_25 0 5.0 2.0,-69.63499999999988 -1.75 0.0 flow_6_26 0 5.0 2.0,-1.75 299.0 -1.5707963267948966 flow_0_26 0 5.0 2.0,269.09700000000029 -1.75 0.0 flow_6_25 0 5.0 2.0,1.75 -11.289999999999964 1.5707963267948966 flow_2_24 0 5.0 2.0,-1.75 -290.55679423494197 -1.5707963267948966 flow_5_9 0 5.0 2.0,1.75 290.55679423494197 1.5707963267948966 flow_7_9 0 5.0 2.0,-1.75 27.132486620178953 -1.5707963267948966 flow_0_25 0 5.0 2.0,69.63499999999988 1.75 3.141592653589793 flow_4_26 0 5.0 2.0,;HHL_QHDD_N r r,HHL_QHDD_S r r,HHL_QHDD_E g g,HHL_QHDD_W g g,
-5.25 11.289999999999964 -1.5707963267948966 flow_1_9 0 5.0 2.0,-1.75 11.289999999999964 -1.5707963267948966 flow_0_24 0 5.0 2.0,1.75 -296.0 1.5707963267948966 flow_2_26 0 5.0 2.0,-285.7670000000003 1.75 3.141592653589793 flow_4_25 0 5.0 2.0,5.25 -11.289999999999964 1.5707963267948966 flow_3_9 0 5.0 2.0,1.75 -20.717477700298333 1.5707963267948966 flow_2_25 0 5.0 2.0,-52.96499999999986 -1.75 0.0 flow_6_26 0 5.0 2.0,-1.75 296.0 -1.5707963267948966 flow_0_26 0 5.0 2.0,285.7670000000003 -1.75 0.0 flow_6_25 0 5.0 2.0,1.75 -11.289999999999964 1.5707963267948966 flow_2_24 0 5.0 2.0,-1.75 20.717477700298333 -1.5707963267948966 flow_0_25 0 5.0 2.0,52.96499999999986 1.75 3.141592653589793 flow_4_26 0 5.0 2.0,;HHL_QHDD_N r r,HHL_QHDD_S r r,HHL_QHDD_E g g,HHL_QHDD_W g g,
-5.25 11.289999999999964 -1.5707963267948966 flow_1_9 0 5.0 2.0,-1.75 11.289999999999964 -1.5707963267948966 flow_0_24 0 5.0 2.0,1.75 -291.0 1.5707963267948966 flow_2_26 0 5.0 2.0,5.25 -11.289999999999964 1.5707963267948966 flow_3_9 0 5.0 2.0,1.75 -18.789999999999965 1.5707963267948966 flow_2_25 0 5.0 2.0,-36.294999999999848 -1.75 0.0 flow_6_26 0 5.0 2.0,-1.75 291.0 -1.5707963267948966 flow_0_26 0 5.0 2.0,1.75 -11.289999999999964 1.5707963267948966 flow_2_24 0 5.0 2.0,299.0 1.75 3.141592653589793 flow_4_27 0 5.0 2.0,-1.75 18.789999999999965 -1.5707963267948966 flow_0_25 0 5.0 2.0,36.294999999999848 1.75 3.141592653589793 flow_4_26 0 5.0 2.0,-299.0 -1.75 0.0 flow_6_27 0 5.0 2.0,;HHL_QHDD_N r r,HHL_QHDD_S r r,HHL_QHDD_E g g,HHL_QHDD_W g g,
-5.25 11.289999999999964 -1.5707963267948966 flow_1_9 0 5.0 2.0,-1.75 11.289999999999964 -1.5707963267948966 flow_0_24 0 5.0 2.0,1.75 -284.0 1.5707963267948966 flow_2_26 0 5.0 2.0,5.25 -11.289999999999964 1.5707963267948966 flow_3_9 0 5.0 2.0,1.75 -18.789999999999965 1.5707963267948966 flow_2_25 0 5.0 2.0,-19.62499999999983 -1.75 0.0 flow_6_26 0 5.0 2.0,-1.75 284.0 -1.5707963267948966 flow_0_26 0 5.0 2.0,1.75 -11.289999999999964 1.5707963267948966 flow_2_24 0 5.0 2.0,296.0 1.75 3.141592653589793 flow_4_27 0 5.0 2.0,-1.75 18.789999999999965 -1.5707963267948966 flow_0_25 0 5.0 2.0,19.62499999999983 1.75 3.141592653589793 flow_4_26 0 5.0 2.0,-296.0 -1.75 0.0 flow_6_27 0 5.0 2.0,;HHL_QHDD_N r r,HHL_QHDD_S r r,HHL_QHDD_E r r,HHL_QHDD_W r r,
-5.25 11.289999999999964 -1.5707963267948966 flow_1_9 0 5.0 2.0,-1.75 11.289999999999964 -1.5707963267948966 flow_0_24 0 5.0 2.0,1.75 -275.0 1.5707963267948966 flow_2_26 0 5.0 2.0,5.25 -11.289999999999964 1.5707963267948966 flow_3_9 0 5.0 2.0,1.75 -18.789999999999965 1.5707963267948966 flow_2_25 0 5.0 2.0,2.0450000000001866 -1.75 0.0 flow_6_26 0 5.0 2.0,-1.75 275.0 -1.5707963267948966 flow_0_26 0 5.0 2.0,1.75 -11.289999999999964 1.5707963267948966 flow_2_24 0 5.0 2.0,291.0 1.75 3.141592653589793 flow_4_27 0 5.0 2.0,-1.75 18.789999999999965 -1.5707963267948966 flow_0_25 0 5.0 2.0,-2.0450000000001866 1.75 3.141592653589793 flow_4_26 0 5.0 2.0,-291.0 -1.75 0.0 flow_6_27 0 5.0 2.0,;HHL_QHDD_N r r,HHL_QHDD_S r r,HHL_QHDD_E r r,HHL_QHDD_W r r,
-5.25 11.289999999999964 -1.5707963267948966 flow_1_9 0 5.0 2.0,-1.75 11.289999999999964 -1.5707963267948966 flow_0_24 0 5.0 2.0,1.75 -264.0 1.5707963267948966 flow_2_26 0 5.0 2.0,5.25 -11.289999999999964 1.5707963267948966 flow_3_9 0 5.0 2.0,1.75 -18.789999999999965 1.5707963267948966 flow_2_25 0 5.0 2.0,23.715000000000189 -1.75 0.0 flow_6_26 0 5.0 2.0,-1.75 264.0 -1.5707963267948966 flow_0_26 0 5.0 2.0,1.75 -11.289999999999964 1.5707963267948966 flow_2_24 0 5.0 2.0,284.0 1.75 3.141592653589793 flow_4_27 0 5.0 2.0,-1.75 18.789999999999965 -1.5707963267948966 flow_0_25 0 5.0 2.0,-23.715000000000189 1.75 3.141592653589793 flow_4_26 0 5.0 2.0,-284.0 -1.75 0.0 flow_6_27 0 5.0 2.0,;HHL_QHDD_N r r,HHL_QHDD_S r r,HHL_QHDD_E r r,HHL_QHDD_W r r,
-5.25 10.289999999999964 -1.5707963267948966 flow_1_9 0 5.0 2.0,-1.75 11.289999999999964 -1.5707963267948966 flow_0_24 0 5.0 2.0,1.75 -251.0 1.5707963267948966 flow_2_26 0 5.0 2.0,5.25 -10.289999999999964 1.5707963267948966 flow_3_9 0 5.0 2.0,1.75 -18.789999999999965 1.5707963267948966 flow_2_25 0 5.0 2.0,40.38500000000019 -1.75 0.0 flow_6_26 0 5.0 2.0,-1.75 251.0 -1.5707963267948966 flow_0_26 0 5.0 2.0,1.75 -11.289999999999964 1.5707963267948966 flow_2_24 0 5.0 2.0,275.0 1.75 3.141592653589793 flow_4_27 0 5.0 2.0,-1.75 18.789999999999965 -1.5707963267948966 flow_0_25 0 5.0 2.0,-40.38500000000019 1.75 3.141592653589793 flow_4_26 0 5.0 2.0,-275.0 -1.75 0.0 flow_6_27 0 5.0 2.0,;HHL_QHDD_N g g,HHL_QHDD_S g g,HHL_QHDD_E r r,HHL_QHDD_W r r,
1.75 2.2899999999999638 -1.5707963267948966 flow_1_9 0 5.0 2.0,-1.75 11.289999999999964 -1.5707963267948966 flow_0_24 0 5.0 2.0,1.75 -236.0 1.5707963267948966 flow_2_26 0 5.0 2.0,-1.75 -2.2899999999999638 1.5707963267948966 flow_3_9 0 5.0 2.0,1.75 -18.789999999999965 1.5707963267948966 flow_2_25 0 5.0 2.0,57.05500000000019 -1.75 0.0 flow_6_26 0 5.0 2.0,-1.75 236.0 -1.5707963267948966 flow_0_26 0 5.0 2.0,1.75 -11.289999999999964 1.5707963267948966 flow_2_24 0 5.0 2.0,264.0 1.75 3.141592653589793 flow_4_27 0 5.0 2.0,-1.75 18.789999999999965 -1.5707963267948966 flow_0_25 0 5.0 2.0,-57.05500000000019 1.75 3.141592653589793 flow_4_26 0 5.0 2.0,-264.0 -1.75 0.0 flow_6_27 0 5.0 2.0,;HHL_QHDD_N g g,HHL_QHDD_S g g,HHL_QHDD_E r r,HHL_QHDD_W r r,
4.136076680789127 -1.2848105204249146 -0.4939413689195812 flow_1_9 0 5.0 2.0,-1.75 11.289999999999964 -1.5707963267948966 flow_0_24 0 5.0 2.0,1.75 -219.665 1.5707963267948966 flow_2_26 0 5.0 2.0,-4.136076680789127 1.2848105204249146 2.647651284670212 flow_3_9 0 5.0 2.0,1.75 -18.789999999999965 1.5707963267948966 flow_2_25 0 5.0 2.0,73.7250000000002 -1.75 0.0 flow_6_26 0 5.0 2.0,-1.75 219.665 -1.5707963267948966 flow_0_26 0 5.0 2.0,1.75 -11.289999999999964 1.5707963267948966 flow_2_24 0 5.0 2.0,251.0 1.75 3.141592653589793 flow_4_27 0 5.0 2.0,-1.75 18.789999999999965 -1.5707963267948966 flow_0_25 0 5.0 2.0,-73.7250000000002 1.75 3.141592653589793 flow_4_26 0 5.0 2.0,-251.0 -1.75 0.0 flow_6_27 0 5.0 2.0,;HHL_QHDD_N g g,HHL_QHDD_S g g,HHL_QHDD_E r r,HHL_QHDD_W r r,
16.018794234941688 -1.75 0.0 flow_1_9 0 5.0 2.0,-1.75 10.289999999999964 -1.5707963267948966 flow_0_24 0 5.0 2.0,1.75 -202.995 1.5707963267948966 flow_2_26 0 5.0 2.0,-16.018794234941688 1.75 3.141592653589793 flow_3_9 0 5.0 2.0,1.75 -18.789999999999965 1.5707963267948966 flow_2_25 0 5.0 2.0,90.3950000000002 -1.75 0.0 flow_6_26 0 5.0 2.0,-1.75 202.995 -1.5707963267948966 flow_0_26 0 5.0 2.0,1.75 -10.289999999999964 1.5707963267948966 flow_2_24 0 5.0 2.0,236.0 1.75 3.141592653589793 flow_4_27 0 5.0 2.0,-1.75 18.789999999999965 -1.5707963267948966 flow_0_25 0 5.0 2.0,-90.3950000000002 1.75 3.141592653589793 flow_4_26 0 5.0 2.0,-236.0 -1.75 0.0 flow_6_27 0 5.0 2.0,;HHL_QHDD_N g g,HHL_QHDD_S g g,HHL_QHDD_E r r,HHL_QHDD_W r r,
25.018794234941688 -1.75 0.0 flow_1_9 0 5.0 2.0,-1.75 2.2899999999999638 -1.5707963267948966 flow_0_24 0 5.0 2.0,1.75 -186.325 1.5707963267948966 flow_2_26 0 5.0 2.0,-25.018794234941688 1.75 3.141592653589793 flow_3_9 0 5.0 2.0,1.75 -18.039999999999965 1.5707963267948966 flow_2_25 0 5.0 2.0,107.0650000000002 -1.75 0.0 flow_6_26 0 5.0 2.0,-1.75 186.325 -1.5707963267948966 flow_0_26 0 5.0 2.0,1.75 -2.2899999999999638 1.5707963267948966 flow_2_24 0 5.0 2.0,219.665 1.75 3.141592653589793 flow_4_27 0 5.0 2.0,-1.75 18.039999999999965 -1.5707963267948966 flow_0_25 0 5.0 2.0,-107.0650000000002 1.75 3.141592653589793 flow_4_26 0 5.0 2.0,-219.665 -1.75 0.0 flow_6_27 0 5.0 2.0,;HHL_QHDD_N g g,HHL_QHDD_S g g,HHL_QHDD_E r r,HHL_QHDD_W r r,
36.01879423494169 -1.75 0.0 flow_1_9 0 5.0 2.0,-1.75 -2.7100000000000366 -1.5707963267948966 flow_0_24 0 5.0 2.0,1.75 -169.65499999999998 1.5707963267948966 flow_2_26 0 5.0 2.0,-36.01879423494169 1.75 3.141592653589793 flow_3_9 0 5.0 2.0,1.75 -15.539999999999964 1.5707963267948966 flow_2_25 0 5.0 2.0,123.7350000000002 -1.75 0.0 flow_6_26 0 5.0 2.0,-1.75 169.65499999999998 -1.5707963267948966 flow_0_26 0 5.0 2.0,1.75 2.7100000000000366 1.5707963267948966 flow_2_24 0 5.0 2.0,202.995 1.75 3.141592653589793 flow_4_27 0 5.0 2.0,-1.75 15.539999999999964 -1.5707963267948966 flow_0_25 0 5.0 2.0,-123.7350000000002 1.75 3.141592653589793 flow_4_26 0 5.0 2.0,-202.995 -1.75 0.0 flow_6_27 0 5.0 2.0,;HHL_QHDD_N g g,HHL_QHDD_S g g,HHL_QHDD_E r r,HHL_QHDD_W r r,
49.01879423494169 -1.75 0.0 flow_1_9 0 5.0 2.0,-1.75 -14.710000000000037 -1.5707963267948966 flow_0_24 0 5.0 2.0,1.75 -152.98499999999997 1.5707963267948966 flow_2_26 0 5.0 2.0,-49.01879423494169 1.75 3.141592653589793 flow_3_9 0 5.0 2.0,1.75 -11.039999999999964 1.5707963267948966 flow_2_25 0 5.0 2.0,140.4050000000002 -1.75 0.0 flow_6_26 0 5.0 2.0,-1.75 152.98499999999997 -1.5707963267948966 flow_0_26 0 5.0 2.0,-299.0 -5.25 0.0 flow_7_10 0 5.0 2.0,1.75 14.710000000000037 1.5707963267948966 flow_2_24 0 5.0 2.0,186.325 1.75 3.141592653589793 flow_4_27 0 5.0 2.0,-1.75 11.039999999999964 -1.5707963267948966 flow_0_25 0 5.0 2.0,299.0 5.25 3.141592653589793 flow_5_10 0 5.0 2.0,-140.4050000000002 1.75 3.141592653589793 flow_4_26 0 5.0 2.0,-186.325 -1.75 0.0 flow_6_27 0 5.0 2.0,;HHL_QHDD_N g g,HHL_QHDD_S g g,HHL_QHDD_E r r,HHL_QHDD_W r r,
64.01879423494168 -1.75 0.0 flow_1_9 0 5.0 2.0,-1.75 -23.710000000000038 -1.5707963267948966 flow_0_24 0 5.0 2.0,1.75 -136.31499999999995 1.5707963267948966 flow_2_26 0 5.0 2.0,-64.01879423494168 1.75 3.141592653589793 flow_3_9 0 5.0 2.0,1.75 0.4600000000000364 1.5707963267948966 flow_2_25 0 5.0 2.0,157.07500000000023 -1.75 0.0 flow_6_26 0 5.0 2.0,-1.75 136.31499999999995 -1.5707963267948966 flow_0_26 0 5.0 2.0,-296.0 -5.25 0.0 flow_7_10 0 5.0 2.0,1.75 23.710000000000038 1.5707963267948966 flow_2_24 0 5.0 2.0,169.65499999999998 1.75 3.141592653589793 flow_4_27 0 5.0 2.0,-1.75 -0.4600000000000364 -1.5707963267948966 flow_0_25 0 5.0 2.0,296.0 5.25 3.141592653589793 flow_5_10 0 5.0 2.0,-157.07500000000023 1.75 3.141592653589793 flow_4_26 0 5.0 2.0,-169.65499999999998 -1.75 0.0 flow_6_27 0 5.0 2.0,;HHL_QHDD_N g g,HHL_QHDD_S g g,HHL_QHDD_E r r,HHL_QHDD_W r r,
80.35379423494169 -1.75 0.0 flow_1_9 0 5.0 2.0,-1.75 -34.710000000000039 -1.5707963267948966 flow_0_24 0 5.0 2.0,1.75 -119.64499999999993 1.5707963267948966 flow_2_26 0 5.0 2.0,-80.35379423494169 1.75 3.141592653589793 flow_3_9 0 5.0 2.0,1.75 13.960000000000037 1.5707963267948966 flow_2_25 0 5.0 2.0,173.74500000000024 -1.75 0.0 flow_6_26 0 5.0 2.0,-1.75 119.64499999999993 -1.5707963267948966 flow_0_26 0 5.0 2.0,-291.0 -5.25 0.0 flow_7_10 0 5.0 2.0,1.75 34.710000000000039 1.5707963267948966 flow_2_24 0 5.0 2.0,152.98499999999997 1.75 3.141592653589793 flow_4_27 0 5.0 2.0,-1.75 -13.960000000000037 -1.5707963267948966 flow_0_25 0 5.0 2.0,291.0 5.25 3.141592653589793 flow_5_10 0 5.0 2.0,-173.74500000000024 1.75 3.141592653589793 flow_4_26 0 5.0 2.0,-152.98499999999997 -1.75 0.0 flow_6_27 0 5.0 2.0,;HHL_QHDD_N g g,HHL_QHDD_S g g,HHL_QHDD_E r r,HHL_QHDD_W r r,
97.02379423494169 -1.75 0.0 flow_1_9 0 5.0 2.0,-1.75 -47.710000000000039 -1.5707963267948966 flow_0_24 0 5.0 2.0,1.75 -102.97499999999991 1.5707963267948966 flow_2_26 0 5.0 2.0,-97.02379423494169 1.75 3.141592653589793 flow_3_9 0 5.0 2.0,1.75 24.460000000000038 1.5707963267948966 flow_2_25 0 5.0 2.0,190.41500000000026 -1.75 0.0 flow_6_26 0 5.0 2.0,-1.75 102.97499999999991 -1.5707963267948966 flow_0_26 0 5.0 2.0,-284.0 -5.25 0.0 flow_7_10 0 5.0 2.0,1.75 47.710000000000039 1.5707963267948966 flow_2_24 0 5.0 2.0,136.31499999999995 1.75 3.141592653589793 flow_4_27 0 5.0 2.0,-1.75 -24.460000000000038 -1.5707963267948966 flow_0_25 0 5.0 2.0,284.0 5.25 3.141592653589793 flow_5_10 0 5.0 2.0,-190.41500000000026 1.75 3.141592653589793 flow_4_26 0 5.0 2.0,-136.31499999999995 -1.75 0.0 flow_6_27 0 5.0 2.0,;HHL_QHDD_N g g,HHL_QHDD_S g g,HHL_QHDD_E r r,HHL_QHDD_W r r,
113.69379423494169 -1.75 0.0 flow_1_9 0 5.0 2.0,-1.75 -62.710000000000039 -1.5707963267948966 flow_0_24 0 5.0 2.0,1.75 -86.30499999999987 1.5707963267948966 flow_2_26 0 5.0 2.0,-113.69379423494169 1.75 3.141592653589793 flow_3_9 0 5.0 2.0,1.75 36.835000000000039 1.5707963267948966 flow_2_25 0 5.0 2.0,207.08500000000027 -1.75 0.0 flow_6_26 0 5.0 2.0,-1.75 86.30499999999987 -1.5707963267948966 flow_0_26 0 5.0 2.0,-275.0 -5.25 0.0 flow_7_10 0 5.0 2.0,1.75 62.710000000000039 1.5707963267948966 flow_2_24 0 5.0 2.0,119.64499999999993 1.75 3.141592653589793 flow_4_27 0 5.0 2.0,-1.75 -36.835000000000039 -1.5707963267948966 flow_0_25 0 5.0 2.0,275.0 5.25 3.141592653589793 flow_5_10 0 5.0 2.0,-207.08500000000027 1.75 3.141592653589793 flow_4_26 0 5.0 2.0,-119.64499999999993 -1.75 0.0 flow_6_27 0 5.0 2.0,;HHL_QHDD_N g g,HHL_QHDD_S g g,HHL_QHDD_E r r,HHL_QHDD_W r r,
130.36379423494169 -1.75 0.0 flow_1_9 0 5.0 2.0,-1.75 -79.04500000000005 -1.5707963267948966 flow_0_24 0 5.0 2.0,1.75 -69.63499999999988 1.5707963267948966 flow_2_26 0 5.0 2.0,-130.36379423494169 1.75 3.141592653589793 flow_3_9 0 5.0 2.0,1.75 51.02250000000004 1.5707963267948966 flow_2_25 0 5.0 2.0,223.75500000000029 -1.75 0.0 flow_6_26 0 5.0 2.0,-1.75 69.63499999999988 -1.5707963267948966 flow_0_26 0 5.0 2.0,-264.0 -5.25 0.0 flow_7_10 0 5.0 2.0,1.75 79.04500000000005 1.5707963267948966 flow_2_24 0 5.0 2.0,102.97499999999991 1.75 3.141592653589793 flow_4_27 0 5.0 2.0,-1.75 -51.02250000000004 -1.5707963267948966 flow_0_25 0 5.0 2.0,264.0 5.25 3.141592653589793 flow_5_10 0 5.0 2.0,-223.75500000000029 1.75 3.141592653589793 flow_4_26 0 5.0 2.0,-102.97499999999991 -1.75 0.0 flow_6_27 0 5.0 2.0,;HHL_QHDD_N g g,HHL_QHDD_S g g,HHL_QHDD_E r r,HHL_QHDD_W r r,
147.0337942349417 -1.75 0.0 flow_1_9 0 5.0 2.0,-1.75 -95.71500000000005 -1.5707963267948966 flow_0_24 0 5.0 2.0,1.75 -52.96499999999986 1.5707963267948966 flow_2_26 0 5.0 2.0,-147.0337942349417 1.75 3.141592653589793 flow_3_9 0 5.0 2.0,1.75 66.61750000000004 1.5707963267948966 flow_2_25 0 5.0 2.0,240.4250000000003 -1.75 0.0 flow_6_26 0 5.0 2.0,-1.75 52.96499999999986 -1.5707963267948966 flow_0_26 0 5.0 2.0,-251.0 -5.25 0.0 flow_7_10 0 5.0 2.0,1.75 95.71500000000005 1.5707963267948966 flow_2_24 0 5.0 2.0,86.30499999999987 1.75 3.141592653589793 flow_4_27 0 5.0 2.0,-1.75 -66.61750000000004 -1.5707963267948966 flow_0_25 0 5.0 2.0,251.0 5.25 3.141592653589793 flow_5_10 0 5.0 2.0,-240.4250000000003 1.75 3.141592653589793 flow_4_26 0 5.0 2.0,-86.30499999999987 -1.75 0.0 flow_6_27 0 5.0 2.0,;HHL_QHDD_N g g,HHL_QHDD_S g g,HHL_QHDD_E r r,HHL_QHDD_W r r,
163.7037942349417 -1.75 0.0 flow_1_9 0 5.0 2.0,-1.75 -112.38500000000005 -1.5707963267948966 flow_0_24 0 5.0 2.0,1.75 -36.294999999999848 1.5707963267948966 flow_2_26 0 5.0 2.0,-163.7037942349417 1.75 3.141592653589793 flow_3_9 0 5.0 2.0,1.75 82.83375000000004 1.5707963267948966 flow_2_25 0 5.0 2.0,257.0950000000003 -1.75 0.0 flow_6_26 0 5.0 2.0,-1.75 36.294999999999848 -1.5707963267948966 flow_0_26 0 5.0 2.0,-236.0 -5.25 0.0 flow_7_10 0 5.0 2.0,1.75 112.38500000000005 1.5707963267948966 flow_2_24 0 5.0 2.0,69.63499999999988 1.75 3.141592653589793 flow_4_27 0 5.0 2.0,-1.75 -82.83375000000004 -1.5707963267948966 flow_0_25 0 5.0 2.0,236.0 5.25 3.141592653589793 flow_5_10 0 5.0 2.0,-257.0950000000003 1.75 3.141592653589793 flow_4_26 0 5.0 2.0,-69.63499999999988 -1.75 0.0 flow_6_27 0 5.0 2.0,;HHL_QHDD_N g g,HHL_QHDD_S g g,HHL_QHDD_E r r,HHL_QHDD_W r r,
180.37379423494174 -1.75 0.0 flow_1_9 0 5.0 2.0,-1.75 -129.05500000000007 -1.5707963267948966 flow_0_24 0 5.0 2.0,1.75 -299.0 1.5707963267948966 flow_2_27 0 5.0 2.0,1.75 -19.62499999999983 1.5707963267948966 flow_2_26 0 5.0 2.0,-180.37379423494174 1.75 3.141592653589793 flow_3_9 0 5.0 2.0,1.75 99.27687500000005 1.5707963267948966 flow_2_25 0 5.0 2.0,273.7650000000003 -1.75 0.0 flow_6_26 0 5.0 2.0,-1.75 19.62499999999983 -1.5707963267948966 flow_0_26 0 5.0 2.0,-1.75 299.0 -1.5707963267948966 flow_0_27 0 5.0 2.0,-219.665 -5.25 0.0 flow_7_10 0 5.0 2.0,1.75 129.05500000000007 1.5707963267948966 flow_2_24 0 5.0 2.0,52.96499999999986 1.75 3.141592653589793 flow_4_27 0 5.0 2.0,-1.75 -99.27687500000005 -1.5707963267948966 flow_0_25 0 5.0 2.0,219.665 5.25 3.141592653589793 flow_5_10 0 5.0 2.0,-273.7650000000003 1.75 3.141592653589793 flow_4_26 0 5.0 2.0,-52.96499999999986 -1.75 0.0 flow_6_27 0 5.0 2.0,;HHL_QHDD_N g g,HHL_QHDD_S g g,HHL_QHDD_E r r,HHL_QHDD_W r r,
299.0 1.75 3.141592653589793 flow_4_28 0 5.0 2.0,197.04379423494175 -1.75 0.0 flow_1_9 0 5.0 2.0,-299.0 -1.75 0.0 flow_6_28 0 5.0 2.0,-1.75 -145.72500000000006 -1.5707963267948966 flow_0_24 0 5.0 2.0,1.75 -296.0 1.5707963267948966 flow_2_27 0 5.0 2.0,1.75 2.0450000000001866 1.5707963267948966 flow_2_26 0 5.0 2.0,-197.04379423494175 1.75 3.141592653589793 flow_3_9 0 5.0 2.0,1.75 115.83343750000005 1.5707963267948966 flow_2_25 0 5.0 2.0,290.43500000000037 -1.75 0.0 flow_6_26 0 5.0 2.0,-1.75 -2.0450000000001866 -1.5707963267948966 flow_0_26 0 5.0 2.0,-1.75 296.0 -1.5707963267948966 flow_0_27 0 5.0 2.0,-202.995 -5.25 0.0 flow_7_10 0 5.0 2.0,1.75 145.72500000000006 1.5707963267948966 flow_2_24 0 5.0 2.0,37.961999999999878 1.75 3.141592653589793 flow_4_27 0 5.0 2.0,-1.75 -115.83343750000005 -1.5707963267948966 flow_0_25 0 5.0 2.0,202.995 5.25 3.141592653589793 flow_5_10 0 5.0 2.0,-290.43500000000037 1.75 3.141592653589793 flow_4_26 0 5.0 2.0,-37.961999999999878 -1.75 0.0 flow_6_27 0 5.0 2.0,;HHL_QHDD_N g g,HHL_QHDD_S g g,HHL_QHDD_E r r,HHL_QHDD_W r r,
296.0 1.75 3.141592653589793 flow_4_28 0 5.0 2.0,213.71379423494177 -1.75 0.0 flow_1_9 0 5.0 2.0,-296.0 -1.75 0.0 flow_6_28 0 5.0 2.0,-1.75 -162.395 -1.5707963267948966 flow_0_24 0 5.0 2.0,1.75 -291.0 1.5707963267948966 flow_2_27 0 5.0 2.0,1.75 23.715000000000189 1.5707963267948966 flow_2_26 0 5.0 2.0,-213.71379423494177 1.75 3.141592653589793 flow_3_9 0 5.0 2.0,1.75 132.44671875000004 1.5707963267948966 flow_2_25 0 5.0 2.0,-1.75 -23.715000000000189 -1.5707963267948966 flow_0_26 0 5.0 2.0,-1.75 291.0 -1.5707963267948966 flow_0_27 0 5.0 2.0,-186.325 -5.25 0.0 flow_7_10 0 5.0 2.0,1.75 162.395 1.5707963267948966 flow_2_24 0 5.0 2.0,26.292999999999894 1.75 3.141592653589793 flow_4_27 0 5.0 2.0,-1.75 -132.44671875000004 -1.5707963267948966 flow_0_25 0 5.0 2.0,186.325 5.25 3.141592653589793 flow_5_10 0 5.0 2.0,-26.292999999999894 -1.75 0.0 flow_6_27 0 5.0 2.0,;HHL_QHDD_N g g,HHL_QHDD_S g g,HHL_QHDD_E r r,HHL_QHDD_W r r,
291.0 1.75 3.141592653589793 flow_4_28 0 5.0 2.0,230.38379423494178 -1.75 0.0 flow_1_9 0 5.0 2.0,-291.0 -1.75 0.0 flow_6_28 0 5.0 2.0,-1.75 -179.06500000000006 -1.5707963267948966 flow_0_24 0 5.0 2.0,1.75 -284.0 1.5707963267948966 flow_2_27 0 5.0 2.0,1.75 40.38500000000019 1.5707963267948966 flow_2_26 0 5.0 2.0,-230.38379423494178 1.75 3.141592653589793 flow_3_9 0 5.0 2.0,1.75 149.08835937500005 1.5707963267948966 flow_2_25 0 5.0 2.0,-1.75 -40.38500000000019 -1.5707963267948966 flow_0_26 0 5.0 2.0,-1.75 284.0 -1.5707963267948966 flow_0_27 0 5.0 2.0,-169.65499999999998 -5.25 0.0 flow_7_10 0 5.0 2.0,1.75 179.06500000000006 1.5707963267948966 flow_2_24 0 5.0 2.0,17.957999999999914 1.75 3.141592653589793 flow_4_27 0 5.0 2.0,-1.75 -149.08835937500005 -1.5707963267948966 flow_0_25 0 5.0 2.0,169.65499999999998 5.25 3.141592653589793 flow_5_10 0 5.0 2.0,-17.957999999999914 -1.75 0.0 flow_6_27 0 5.0 2.0,;HHL_QHDD_N g g,HHL_QHDD_S g g,HHL_QHDD_E r r,HHL_QHDD_W r r,
284.0 1.75 3.141592653589793 flow_4_28 0 5.0 2.0,247.0537942349418 -1.75 0.0 flow_1_9 0 5.0 2.0,-284.0 -1.75 0.0 flow_6_28 0 5.0 2.0,-1.75 -195.73500000000008 -1.5707963267948966 flow_0_24 0 5.0 2.0,1.75 -275.0 1.5707963267948966 flow_2_27 0 5.0 2.0,1.75 57.05500000000019 1.5707963267948966 flow_2_26 0 5.0 2.0,-247.0537942349418 1.75 3.141592653589793 flow_3_9 0 5.0 2.0,1.75 165.74417968750005 1.5707963267948966 flow_2_25 0 5.0 2.0,-1.75 -57.05500000000019 -1.5707963267948966 flow_0_26 0 5.0 2.0,-1.75 275.0 -1.5707963267948966 flow_0_27 0 5.0 2.0,-152.98499999999997 -5.25 0.0 flow_7_10 0 5.0 2.0,1.75 195.73500000000008 1.5707963267948966 flow_2_24 0 5.0 2.0,12.956999999999937 1.75 3.141592653589793 flow_4_27 0 5.0 2.0,-1.75 -165.74417968750005 -1.5707963267948966 flow_0_25 0 5.0 2.0,152.98499999999997 5.25 3.141592653589793 flow_5_10 0 5.0 2.0,-12.956999999999937 -1.75 0.0 flow_6_27 0 5.0 2.0,;HHL_QHDD_N g g,HHL_QHDD_S g g,HHL_QHDD_E r r,HHL_QHDD_W r r,
275.0 1.75 3.141592653589793 flow_4_28 0 5.0 2.0,263.7237942349418 -1.75 0.0 flow_1_9 0 5.0 2.0,-275.0 -1.75 0.0 flow_6_28 0 5.0 2.0,-1.75 -212.4050000000001 -1.5707963267948966 flow_0_24 0 5.0 2.0,1.75 -264.0 1.5707963267948966 flow_2_27 0 5.0 2.0,1.75 73.7250000000002 1.5707963267948966 flow_2_26 0 5.0 2.0,-263.7237942349418 1.75 3.141592653589793 flow_3_9 0 5.0 2.0,1.75 182.40708984375005 1.5707963267948966 flow_2_25 0 5.0 2.0,-1.75 -73.7250000000002 -1.5707963267948966 flow_0_26 0 5.0 2.0,-1.75 264.0 -1.5707963267948966 flow_0_27 0 5.0 2.0,-136.31499999999995 -5.25 0.0 flow_7_10 0 5.0 2.0,1.75 212.4050000000001 1.5707963267948966 flow_2_24 0 5.0 2.0,11.289999999999964 1.75 3.141592653589793 flow_4_27 0 5.0 2.0,-1.75 -182.40708984375005 -1.5707963267948966 flow_0_25 0 5.0 2.0,136.31499999999995 5.25 3.141592653589793 flow_5_10 0 5.0 2.0,-11.289999999999964 -1.75 0.0 flow_6_27 0 5.0 2.0,;HHL_QHDD_N g g,HHL_QHDD_S g g,HHL_QHDD_E r r,HHL_QHDD_W r r,
264.0 1.75 3.141592653589793 flow_4_28 0 5.0 2.0,280.3937942349418 -1.75 0.0 flow_1_9 0 5.0 2.0,-264.0 -1.75 0.0 flow_6_28 0 5.0 2.0,-1.75 -229.0750000000001 -1.5707963267948966 flow_0_24 0 5.0 2.0,1.75 -251.0 1.5707963267948966 flow_2_27 0 5.0 2.0,1.75 90.3950000000002 1.5707963267948966 flow_2_26 0 5.0 2.0,-280.3937942349418 1.75 3.141592653589793 flow_3_9 0 5.0 2.0,1.75 199.07354492187506 1.5707963267948966 flow_2_25 0 5.0 2.0,-1.75 -90.3950000000002 -1.5707963267948966 flow_0_26 0 5.0 2.0,-1.75 251.0 -1.5707963267948966 flow_0_27 0 5.0 2.0,-119.64499999999993 -5.25 0.0 flow_7_10 0 5.0 2.0,1.75 229.0750000000001 1.5707963267948966 flow_2_24 0 5.0 2.0,11.289999999999964 1.75 3.141592653589793 flow_4_27 0 5.0 2.0,-1.75 -199.07354492187506 -1.5707963267948966 flow_0_25 0 5.0 2.0,119.64499999999993 5.25 3.141592653589793 flow_5_10 0 5.0 2.0,-11.289999999999964 -1.75 0.0 flow_6_27 0 5.0 2.0,;HHL_QHDD_N g g,HHL_QHDD_S g g,HHL_QHDD_E r r,HHL_QHDD_W r r,
251.0 1.75 3.141592653589793 flow_4_28 0 5.0 2.0,297.06379423494186 -1.75 0.0 flow_1_9 0 5.0 2.0,-251.0 -1.75 0.0 flow_6_28 0 5.0 2.0,-1.75 -245.74500000000013 -1.5707963267948966 flow_0_24 0 5.0 2.0,1.75 -236.0 1.5707963267948966 flow_2_27 0 5.0 2.0,1.75 107.0650000000002 1.5707963267948966 flow_2_26 0 5.0 2.0,-297.06379423494186 1.75 3.141592653589793 flow_3_9 0 5.0 2.0,1.75 215.74177246093758 1.5707963267948966 flow_2_25 0 5.0 2.0,-1.75 -107.0650000000002 -1.5707963267948966 flow_0_26 0 5.0 2.0,-1.75 236.0 -1.5707963267948966 flow_0_27 0 5.0 2.0,-102.97499999999991 -5.25 0.0 flow_7_10 0 5.0 2.0,1.75 245.74500000000013 1.5707963267948966 flow_2_24 0 5.0 2.0,11.289999999999964 1.75 3.141592653589793 flow_4_27 0 5.0 2.0,-1.75 -215.74177246093758 -1.5707963267948966 flow_0_25 0 5.0 2.0,102.97499999999991 5.25 3.141592653589793 flow_5_10 0 5.0 2.0,-11.289999999999964 -1.75 0.0 flow_6_27 0 5.0 2.0,;HHL_QHDD_N g g,HHL_QHDD_S g g,HHL_QHDD_E r r,HHL_QHDD_W r r,
236.0 1.75 3.141592653589793 flow_4_28 0 5.0 2.0,-236.0 -1.75 0.0 flow_6_28 0 5.0 2.0,-1.75 -262.41500000000016 -1.5707963267948966 flow_0_24 0 5.0 2.0,1.75 -219.665 1.5707963267948966 flow_2_27 0 5.0 2.0,1.75 123.7350000000002 1.5707963267948966 flow_2_26 0 5.0 2.0,1.75 232.41088623046887 1.5707963267948966 flow_2_25 0 5.0 2.0,-1.75 -123.7350000000002 -1.5707963267948966 flow_0_26 0 5.0 2.0,-1.75 219.665 -1.5707963267948966 flow_0_27 0 5.0 2.0,-86.30499999999987 -5.25 0.0 flow_7_10 0 5.0 2.0,1.75 262.41500000000016 1.5707963267948966 flow_2_24 0 5.0 2.0,11.289999999999964 1.75 3.141592653589793 flow_4_27 0 5.0 2.0,-1.75 -232.41088623046887 -1.5707963267948966 flow_0_25 0 5.0 2.0,86.30499999999987 5.25 3.141592653589793 flow_5_10 0 5.0 2.0,-11.289999999999964 -1.75 0.0 flow_6_27 0 5.0 2.0,;HHL_QHDD_N g g,HHL_QHDD_S g g,HHL_QHDD_E r r,HHL_QHDD_W r r,
219.665 1.75 3.141592653589793 flow_4_28 0 5.0 2.0,-219.665 -1.75 0.0 flow_6_28 0 5.0 2.0,-1.75 -279.08500000000017 -1.5707963267948966 flow_0_24 0 5.0 2.0,1.75 -202.995 1.5707963267948966 flow_2_27 0 5.0 2.0,1.75 140.4050000000002 1.5707963267948966 flow_2_26 0 5.0 2.0,1.75 249.0804431152345 1.5707963267948966 flow_2_25 0 5.0 2.0,-1.75 -140.4050000000002 -1.5707963267948966 flow_0_26 0 5.0 2.0,-1.75 202.995 -1.5707963267948966 flow_0_27 0 5.0 2.0,-69.63499999999988 -5.25 0.0 flow_7_10 0 5.0 2.0,1.75 279.08500000000017 1.5707963267948966 flow_2_24 0 5.0 2.0,11.289999999999964 1.75 3.141592653589793 flow_4_27 0 5.0 2.0,-1.75 -249.0804431152345 -1.5707963267948966 flow_0_25 0 5.0 2.0,69.63499999999988 5.25 3.141592653589793 flow_5_10 0 5.0 2.0,-11.289999999999964 -1.75 0.0 flow_6_27 0 5.0 2.0,;HHL_QHDD_N g g,HHL_QHDD_S g g,HHL_QHDD_E r r,HHL_QHDD_W r r,
202.995 1.75 3.141592653589793 flow_4_28 0 5.0 2.0,-202.995 -1.75 0.0 flow_6_28 0 5.0 2.0,-1.75 -295.75500000000019 -1.5707963267948966 flow_0_24 0 5.0 2.0,1.75 -186.325 1.5707963267948966 flow_2_27 0 5.0 2.0,1.75 157.07500000000023 1.5707963267948966 flow_2_26 0 5.0 2.0,1.75 265.75022155761737 1.5707963267948966 flow_2_25 0 5.0 2.0,5.25 -299.0 1.5707963267948966 flow_3_10 0 5.0 2.0,-1.75 -157.07500000000023 -1.5707963267948966 flow_0_26 0 5.0 2.0,-1.75 186.325 -1.5707963267948966 flow_0_27 0 5.0 2.0,-52.96499999999986 -5.25 0.0 flow_7_10 0 5.0 2.0,1.75 295.75500000000019 1.5707963267948966 flow_2_24 0 5.0 2.0,11.289999999999964 1.75 3.141592653589793 flow_4_27 0 5.0 2.0,-5.25 299.0 -1.5707963267948966 flow_1_10 0 5.0 2.0,-1.75 -265.75022155761737 -1.5707963267948966 flow_0_25 0 5.0 2.0,52.96499999999986 5.25 3.141592653589793 flow_5_10 0 5.0 2.0,-11.289999999999964 -1.75 0.0 flow_6_27 0 5.0 2.0,;HHL_QHDD_N g g,HHL_QHDD_S g g,HHL_QHDD_E r r,HHL_QHDD_W r r,
186.325 1.75 3.141592653589793 flow_4_28 0 5.0 2.0,-186.325 -1.75 0.0 flow_6_28 0 5.0 2.0,1.75 -169.65499999999998 1.5707963267948966 flow_2_27 0 5.0 2.0,1.75 173.74500000000024 1.5707963267948966 flow_2_26 0 5.0 2.0,1.75 282.42011077880877 1.5707963267948966 flow_2_25 0 5.0 2.0,5.25 -296.0 1.5707963267948966 flow_3_10 0 5.0 2.0,-1.75 -173.74500000000024 -1.5707963267948966 flow_0_26 0 5.0 2.0,-1.75 169.65499999999998 -1.5707963267948966 flow_0_27 0 5.0 2.0,-37.961999999999878 -5.25 0.0 flow_7_10 0 5.0 2.0,11.289999999999964 1.75 3.141592653589793 flow_4_27 0 5.0 2.0,-5.25 296.0 -1.5707963267948966 flow_1_10 0 5.0 2.0,-1.75 -282.42011077880877 -1.5707963267948966 flow_0_25 0 5.0 2.0,37.961999999999878 5.25 3.141592653589793 flow_5_10 0 5.0 2.0,-11.289999999999964 -1.75 0.0 flow_6_27 0 5.0 2.0,;HHL_QHDD_N g g,HHL_QHDD_S g g,HHL_QHDD_E r r,HHL_QHDD_W r r,
169.65499999999998 1.75 3.141592653589793 flow_4_28 0 5.0 2.0,-169.65499999999998 -1.75 0.0 flow_6_28 0 5.0 2.0,1.75 -152.98499999999997 1.5707963267948966 flow_2_27 0 5.0 2.0,1.75 190.41500000000026 1.5707963267948966 flow_2_26 0 5.0 2.0,1.75 299.0900738525392 1.5707963267948966 flow_2_25 0 5.0 2.0,5.25 -291.0 1.5707963267948966 flow_3_10 0 5.0 2.0,-1.75 -190.41500000000026 -1.5707963267948966 flow_0_26 0 5.0 2.0,-1.75 152.98499999999997 -1.5707963267948966 flow_0_27 0 5.0 2.0,-26.292999999999894 -5.25 0.0 flow_7_10 0 5.0 2.0,11.289999999999964 1.75 3.141592653589793 flow_4_27 0 5.0 2.0,-5.25 291.0 -1.5707963267948966 flow_1_10 0 5.0 2.0,-1.75 -299.0900738525392 -1.5707963267948966 flow_0_25 0 5.0 2.0,26.292999999999894 5.25 3.141592653589793 flow_5_10 0 5.0 2.0,-11.289999999999964 -1.75 0.0 flow_6_27 0 5.0 2.0,;HHL_QHDD_N g g,HHL_QHDD_S g g,HHL_QHDD_E r r,HHL_QHDD_W r r,
152.98499999999997 1.75 3.141592653589793 flow_4_28 0 5.0 2.0,-152.98499999999997 -1.75 0.0 flow_6_28 0 5.0 2.0,1.75 -136.31499999999995 1.5707963267948966 flow_2_27 0 5.0 2.0,1.75 207.08500000000027 1.5707963267948966 flow_2_26 0 5.0 2.0,5.25 -284.0 1.5707963267948966 flow_3_10 0 5.0 2.0,-1.75 -207.08500000000027 -1.5707963267948966 flow_0_26 0 5.0 2.0,-1.75 136.31499999999995 -1.5707963267948966 flow_0_27 0 5.0 2.0,-17.957999999999914 -5.25 0.0 flow_7_10 0 5.0 2.0,11.289999999999964 1.75 3.141592653589793 flow_4_27 0 5.0 2.0,-5.25 284.0 -1.5707963267948966 flow_1_10 0 5.0 2.0,17.957999999999914 5.25 3.141592653589793 flow_5_10 0 5.0 2.0,-11.289999999999964 -1.75 0.0 flow_6_27 0 5.0 2.0,;HHL_QHDD_N g g,HHL_QHDD_S g g,HHL_QHDD_E r r,HHL_QHDD_W r r,
136.31499999999995 1.75 3.141592653589793 flow_4_28 0 5.0 2.0,-136.31499999999995 -1.75 0.0 flow_6_28 0 5.0 2.0,1.75 -119.64499999999993 1.5707963267948966 flow_2_27 0 5.0 2.0,1.75 223.75500000000029 1.5707963267948966 flow_2_26 0 5.0 2.0,5.25 -275.0 1.5707963267948966 flow_3_10 0 5.0 2.0,-1.75 -223.75500000000029 -1.5707963267948966 flow_0_26 0 5.0 2.0,-1.75 119.64499999999993 -1.5707963267948966 flow_0_27 0 5.0 2.0,-12.956999999999937 -5.25 0.0 flow_7_10 0 5.0 2.0,11.289999999999964 1.75 3.141592653589793 flow_4_27 0 5.0 2.0,-5.25 275.0 -1.5707963267948966 flow_1_10 0 5.0 2.0,12.956999999999937 5.25 3.141592653589793 flow_5_10 0 5.0 2.0,-11.289999999999964 -1.75 0.0 flow_6_27 0 5.0 2.0,;HHL_QHDD_N g g,HHL_QHDD_S g g,HHL_QHDD_E r r,HHL_QHDD_W r r,
119.64499999999993 1.75 3.141592653589793 flow_4_28 0 5.0 2.0,-119.64499999999993 -1.75 0.0 flow_6_28 0 5.0 2.0,1.75 -102.97499999999991 1.5707963267948966 flow_2_27 0 5.0 2.0,1.75 240.4250000000003 1.5707963267948966 flow_2_26 0 5.0 2.0,5.25 -264.0 1.5707963267948966 flow_3_10 0 5.0 2.0,-1.75 -240.4250000000003 -1.5707963267948966 flow_0_26 0 5.0 2.0,-1.75 102.97499999999991 -1.5707963267948966 flow_0_27 0 5.0 2.0,-11.289999999999964 -5.25 0.0 flow_7_10 0 5.0 2.0,11.289999999999964 1.75 3.141592653589793 flow_4_27 0 5.0 2.0,-5.25 264.0 -1.5707963267948966 flow_1_10 0 5.0 2.0,11.289999999999964 5.25 3.141592653589793 flow_5_10 0 5.0 2.0,-11.289999999999964 -1.75 0.0 flow_6_27 0 5.0 2.0,;HHL_QHDD_N g g,HHL_QHDD_S g g,HHL_QHDD_E r r,HHL_QHDD_W r r,
102.97499999999991 1.75 3.141592653589793 flow_4_28 0 5.0 2.0,-102.97499999999991 -1.75 0.0 flow_6_28 0 5.0 2.0,1.75 -86.30499999999987 1.5707963267948966 flow_2_27 0 5.0 2.0,1.75 257.0950000000003 1.5707963267948966 flow_2_26 0 5.0 2.0,5.25 -251.0 1.5707963267948966 flow_3_10 0 5.0 2.0,-1.75 -257.0950000000003 -1.5707963267948966 flow_0_26 0 5.0 2.0,-1.75 86.30499999999987 -1.5707963267948966 flow_0_27 0 5.0 2.0,-11.289999999999964 -5.25 0.0 flow_7_10 0 5.0 2.0,11.289999999999964 1.75 3.141592653589793 flow_4_27 0 5.0 2.0,-5.25 251.0 -1.5707963267948966 flow_1_10 0 5.0 2.0,11.289999999999964 5.25 3.141592653589793 flow_5_10 0 5.0 2.0,-11.289999999999964 -1.75 0.0 flow_6_27 0 5.0 2.0,;HHL_QHDD_N g g,HHL_QHDD_S g g,HHL_QHDD_E r r,HHL_QHDD_W r r,
86.30499999999987 1.75 3.141592653589793 flow_4_28 0 5.0 2.0,-86.30499999999987 -1.75 0.0 flow_6_28 0 5.0 2.0,1.75 -69.63499999999988 1.5707963267948966 flow_2_27 0 5.0 2.0,1.75 273.7650000000003 1.5707963267948966 flow_2_26 0 5.0 2.0,5.25 -236.0 1.5707963267948966 flow_3_10 0 5.0 2.0,-1.75 -273.7650000000003 -1.5707963267948966 flow_0_26 0 5.0 2.0,-1.75 69.63499999999988 -1.5707963267948966 flow_0_27 0 5.0 2.0,-11.289999999999964 -5.25 0.0 flow_7_10 0 5.0 2.0,11.289999999999964 1.75 3.141592653589793 flow_4_27 0 5.0 2.0,-5.25 236.0 -1.5707963267948966 flow_1_10 0 5.0 2.0,11.289999999999964 5.25 3.141592653589793 flow_5_10 0 5.0 2.0,-11.289999999999964 -1.75 0.0 flow_6_27 0 5.0 2.0,;HHL_QHDD_N g g,HHL_QHDD_S g g,HHL_QHDD_E r r,HHL_QHDD_W r r,
69.63499999999988 1.75 3.141592653589793 flow_4_28 0 5.0 2.0,-69.63499999999988 -1.75 0.0 flow_6_28 0 5.0 2.0,1.75 -52.96499999999986 1.5707963267948966 flow_2_27 0 5.0 2.0,1.75 290.43500000000037 1.5707963267948966 flow_2_26 0 5.0 2.0,5.25 -219.665 1.5707963267948966 flow_3_10 0 5.0 2.0,-1.75 -290.43500000000037 -1.5707963267948966 flow_0_26 0 5.0 2.0,-1.75 52.96499999999986 -1.5707963267948966 flow_0_27 0 5.0 2.0,-11.289999999999964 -5.25 0.0 flow_7_10 0 5.0 2.0,11.289999999999964 1.75 3.141592653589793 flow_4_27 0 5.0 2.0,-5.25 219.665 -1.5707963267948966 flow_1_10 0 5.0 2.0,11.289999999999964 5.25 3.141592653589793 flow_5_10 0 5.0 2.0,-11.289999999999964 -1.75 0.0 flow_6_27 0 5.0 2.0,;HHL_QHDD_N g g,HHL_QHDD_S g g,HHL_QHDD_E r r,HHL_QHDD_W r r,
52.96499999999986 1.75 3.141592653589793 flow_4_28 0 5.0 2.0,-52.96499999999986 -1.75 0.0 flow_6_28 0 5.0 2.0,1.75 -36.294999999999848 1.5707963267948966 flow_2_27 0 5.0 2.0,5.25 -202.995 1.5707963267948966 flow_3_10 0 5.0 2.0,-1.75 36.294999999999848 -1.5707963267948966 flow_0_27 0 5.0 2.0,-11.289999999999964 -5.25 0.0 flow_7_10 0 5.0 2.0,11.289999999999964 1.75 3.141592653589793 flow_4_27 0 5.0 2.0,-5.25 202.995 -1.5707963267948966 flow_1_10 0 5.0 2.0,11.289999999999964 5.25 3.141592653589793 flow_5_10 0 5.0 2.0,-11.289999999999964 -1.75 0.0 flow_6_27 0 5.0 2.0,;HHL_QHDD_N g g,HHL_QHDD_S g g,HHL_QHDD_E r r,HHL_QHDD_W r r,
38.04749554005957 1.75 3.141592653589793 flow_4_28 0 5.0 2.0,-38.04749554005957 -1.75 0.0 flow_6_28 0 5.0 2.0,1.75 -19.62499999999983 1.5707963267948966 flow_2_27 0 5.0 2.0,1.75 -299.0 1.5707963267948966 flow_2_28 0 5.0 2.0,5.25 -186.325 1.5707963267948966 flow_3_10 0 5.0 2.0,-1.75 19.62499999999983 -1.5707963267948966 flow_0_27 0 5.0 2.0,-11.289999999999964 -5.25 0.0 flow_7_10 0 5.0 2.0,-1.75 299.0 -1.5707963267948966 flow_0_28 0 5.0 2.0,11.289999999999964 1.75 3.141592653589793 flow_4_27 0 5.0 2.0,-5.25 186.325 -1.5707963267948966 flow_1_10 0 5.0 2.0,11.289999999999964 5.25 3.141592653589793 flow_5_10 0 5.0 2.0,-11.289999999999964 -1.75 0.0 flow_6_27 0 5.0 2.0,;HHL_QHDD_N g g,HHL_QHDD_S g g,HHL_QHDD_E r r,HHL_QHDD_W r r,
27.132486620178953 1.75 3.141592653589793 flow_4_28 0 5.0 2.0,-27.132486620178953 -1.75 0.0 flow_6_28 0 5.0 2.0,1.75 2.0450000000001866 1.5707963267948966 flow_2_27 0 5.0 2.0,1.75 -296.0 1.5707963267948966 flow_2_28 0 5.0 2.0,5.25 -169.65499999999998 1.5707963267948966 flow_3_10 0 5.0 2.0,-1.75 -2.0450000000001866 -1.5707963267948966 flow_0_27 0 5.0 2.0,299.0 1.75 3.141592653589793 flow_4_29 0 5.0 2.0,-299.0 -1.75 0.0 flow_6_29 0 5.0 2.0,-11.289999999999964 -5.25 0.0 flow_7_10 0 5.0 2.0,-1.75 296.0 -1.5707963267948966 flow_0_28 0 5.0 2.0,11.289999999999964 1.75 3.141592653589793 flow_4_27 0 5.0 2.0,-5.25 169.65499999999998 -1.5707963267948966 flow_1_10 0 5.0 2.0,11.289999999999964 5.25 3.141592653589793 flow_5_10 0 5.0 2.0,-11.289999999999964 -1.75 0.0 flow_6_27 0 5.0 2.0,;HHL_QHDD_N g g,HHL_QHDD_S g g,HHL_QHDD_E r r,HHL_QHDD_W r r,
20.717477700298333 1.75 3.141592653589793 flow_4_28 0 5.0 2.0,-20.717477700298333 -1.75 0.0 flow_6_28 0 5.0 2.0,1.75 23.715000000000189 1.5707963267948966 flow_2_27 0 5.0 2.0,1.75 -291.0 1.5707963267948966 flow_2_28 0 5.0 2.0,5.25 -152.98499999999997 1.5707963267948966 flow_3_10 0 5.0 2.0,-1.75 -23.715000000000189 -1.5707963267948966 flow_0_27 0 5.0 2.0,296.0 1.75 3.141592653589793 flow_4_29 0 5.0 2.0,-296.0 -1.75 0.0 flow_6_29 0 5.0 2.0,-11.289999999999964 -5.25 0.0 flow_7_10 0 5.0 2.0,-1.75 291.0 -1.5707963267948966 flow_0_28 0 5.0 2.0,11.289999999999964 1.75 3.141592653589793 flow_4_27 0 5.0 2.0,-5.25 152.98499999999997 -1.5707963267948966 flow_1_10 0 5.0 2.0,11.289999999999964 5.25 3.141592653589793 flow_5_10 0 5.0 2.0,-11.289999999999964 -1.75 0.0 flow_6_27 0 5.0 2.0,;HHL_QHDD_N g g,HHL_QHDD_S g g,HHL_QHDD_E r r,HHL_QHDD_W r r,
18.789999999999965 1.75 3.141592653589793 flow_4_28 0 5.0 2.0,-18.789999999999965 -1.75 0.0 flow_6_28 0 5.0 2.0,1.75 40.38500000000019 1.5707963267948966 flow_2_27 0 5.0 2.0,1.75 -284.0 1.5707963267948966 flow_2_28 0 5.0 2.0,5.25 -136.31499999999995 1.5707963267948966 flow_3_10 0 5.0 2.0,-1.75 -40.38500000000019 -1.5707963267948966 flow_0_27 0 5.0 2.0,291.0 1.75 3.141592653589793 flow_4_29 0 5.0 2.0,-291.0 -1.75 0.0 flow_6_29 0 5.0 2.0,-11.289999999999964 -5.25 0.0 flow_7_10 0 5.0 2.0,-1.75 284.0 -1.5707963267948966 flow_0_28 0 5.0 2.0,11.289999999999964 1.75 3.141592653589793 flow_4_27 0 5.0 2.0,-5.25 136.31499999999995 -1.5707963267948966 flow_1_10 0 5.0 2.0,11.289999999999964 5.25 3.141592653589793 flow_5_10 0 5.0 2.0,-11.289999999999964 -1.75 0.0 flow_6_27 0 5.0 2.0,;HHL_QHDD_N g g,HHL_QHDD_S g g,HHL_QHDD_E r r,HHL_QHDD_W r r,
18.789999999999965 1.75 3.141592653589793 flow_4_28 0 5.0 2.0,-18.789999999999965 -1.75 0.0 flow_6_28 0 5.0 2.0,1.75 57.05500000000019 1.5707963267948966 flow_2_27 0 5.0 2.0,1.75 -275.0 1.5707963267948966 flow_2_28 0 5.0 2.0,5.25 -119.64499999999993 1.5707963267948966 flow_3_10 0 5.0 2.0,-1.75 -57.05500000000019 -1.5707963267948966 flow_0_27 0 5.0 2.0,284.0 1.75 3.141592653589793 flow_4_29 0 5.0 2.0,-284.0 -1.75 0.0 flow_6_29 0 5.0 2.0,-11.289999999999964 -5.25 0.0 flow_7_10 0 5.0 2.0,-1.75 275.0 -1.5707963267948966 flow_0_28 0 5.0 2.0,11.289999999999964 1.75 3.141592653589793 flow_4_27 0 5.0 2.0,-5.25 119.64499999999993 -1.5707963267948966 flow_1_10 0 5.0 2.0,11.289999999999964 5.25 3.141592653589793 flow_5_10 0 5.0 2.0,-11.289999999999964 -1.75 0.0 flow_6_27 0 5.0 2.0,;HHL_QHDD_N g g,HHL_QHDD_S g g,HHL_QHDD_E r r,HHL_QHDD_W r r,
18.789999999999965 1.75 3.141592653589793 flow_4_28 0 5.0 2.0,-18.789999999999965 -1.75 0.0 flow_6_28 0 5.0 2.0,1.75 73.7250000000002 1.5707963267948966 flow_2_27 0 5.0 2.0,1.75 -264.0 1.5707963267948966 flow_2_28 0 5.0 2.0,5.25 -102.97499999999991 1.5707963267948966 flow_3_10 0 5.0 2.0,-1.75 -73.7250000000002 -1.5707963267948966 flow_0_27 0 5.0 2.0,275.0 1.75 3.141592653589793 flow_4_29 0 5.0 2.0,-275.0 -1.75 0.0 flow_6_29 0 5.0 2.0,-11.289999999999964 -5.25 0.0 flow_7_10 0 5.0 2.0,-1.75 264.0 -1.5707963267948966 flow_0_28 0 5.0 2.0,11.289999999999964 1.75 3.141592653589793 flow_4_27 0 5.0 2.0,-5.25 102.97499999999991 -1.5707963267948966 flow_1_10 0 5.0 2.0,11.289999999999964 5.25 3.141592653589793 flow_5_10 0 5.0 2.0,-11.289999999999964 -1.75 0.0 flow_6_27 0 5.0 2.0,;HHL_QHDD_N g g,HHL_QHDD_S g g,HHL_QHDD_E r r,HHL_QHDD_W r r,
18.789999999999965 1.75 3.141592653589793 flow_4_28 0 5.0 2.0,-18.789999999999965 -1.75 0.0 flow_6_28 0 5.0 2.0,1.75 90.3950000000002 1.5707963267948966 flow_2_27 0 5.0 2.0,1.75 -251.0 1.5707963267948966 flow_2_28 0 5.0 2.0,5.25 -86.30499999999987 1.5707963267948966 flow_3_10 0 5.0 2.0,-1.75 -90.3950000000002 -1.5707963267948966 flow_0_27 0 5.0 2.0,264.0 1.75 3.141592653589793 flow_4_29 0 5.0 2.0,-264.0 -1.75 0.0 flow_6_29 0 5.0 2.0,-11.289999999999964 -5.25 0.0 flow_7_10 0 5.0 2.0,-1.75 251.0 -1.5707963267948966 flow_0_28 0 5.0 2.0,11.289999999999964 1.75 3.141592653589793 flow_4_27 0 5.0 2.0,-5.25 86.30499999999987 -1.5707963267948966 flow_1_10 0 5.0 2.0,11.289999999999964 5.25 3.141592653589793 flow_5_10 0 5.0 2.0,-11.289999999999964 -1.75 0.0 flow_6_27 0 5.0 2.0,;HHL_QHDD_N g g,HHL_QHDD_S g g,HHL_QHDD_E r r,HHL_QHDD_W r r,
18.789999999999965 1.75 3.141592653589793 flow_4_28 0 5.0 2.0,-18.789999999999965 -1.75 0.0 flow_6_28 0 5.0 2.0,1.75 107.0650000000002 1.5707963267948966 flow_2_27 0 5.0 2.0,1.75 -236.0 1.5707963267948966 flow_2_28 0 5.0 2.0,5.25 -69.63499999999988 1.5707963267948966 flow_3_10 0 5.0 2.0,-1.75 -107.0650000000002 -1.5707963267948966 flow_0_27 0 5.0 2.0,251.0 1.75 3.141592653589793 flow_4_29 0 5.0 2.0,-251.0 -1.75 0.0 flow_6_29 0 5.0 2.0,-11.289999999999964 -5.25 0.0 flow_7_10 0 5.0 2.0,-1.75 236.0 -1.5707963267948966 flow_0_28 0 5.0 2.0,11.289999999999964 1.75 3.141592653589793 flow_4_27 0 5.0 2.0,-5.25 69.63499999999988 -1.5707963267948966 flow_1_10 0 5.0 2.0,11.289999999999964 5.25 3.141592653589793 flow_5_10 0 5.0 2.0,-11.289999999999964 -1.75 0.0 flow_6_27 0 5.0 2.0,;HHL_QHDD_N g g,HHL_QHDD_S g g,HHL_QHDD_E r r,HHL_QHDD_W r r,
18.789999999999965 1.75 3.141592653589793 flow_4_28 0 5.0 2.0,-18.789999999999965 -1.75 0.0 flow_6_28 0 5.0 2.0,1.75 123.7350000000002 1.5707963267948966 flow_2_27 0 5.0 2.0,1.75 -219.665 1.5707963267948966 flow_2_28 0 5.0 2.0,5.25 -52.96499999999986 1.5707963267948966 flow_3_10 0 5.0 2.0,-1.75 -123.7350000000002 -1.5707963267948966 flow_0_27 0 5.0 2.0,236.0 1.75 3.141592653589793 flow_4_29 0 5.0 2.0,-236.0 -1.75 0.0 flow_6_29 0 5.0 2.0,-11.289999999999964 -5.25 0.0 flow_7_10 0 5.0 2.0,-1.75 219.665 -1.5707963267948966 flow_0_28 0 5.0 2.0,11.289999999999964 1.75 3.141592653589793 flow_4_27 0 5.0 2.0,-5.25 52.96499999999986 -1.5707963267948966 flow_1_10 0 5.0 2.0,11.289999999999964 5.25 3.141592653589793 flow_5_10 0 5.0 2.0,-11.289999999999964 -1.75 0.0 flow_6_27 0 5.0 2.0,;HHL_QHDD_N r r,HHL_QHDD_S r r,HHL_QHDD_E r r,HHL_QHDD_W r r,
18.789999999999965 1.75 3.141592653589793 flow_4_28 0 5.0 2.0,-18.789999999999965 -1.75 0.0 flow_6_28 0 5.0 2.0,1.75 140.4050000000002 1.5707963267948966 flow_2_27 0 5.0 2.0,1.75 -202.995 1.5707963267948966 flow_2_28 0 5.0 2.0,5.25 -37.961999999999878 1.5707963267948966 flow_3_10 0 5.0 2.0,-1.75 -140.4050000000002 -1.5707963267948966 flow_0_27 0 5.0 2.0,219.665 1.75 3.141592653589793 flow_4_29 0 5.0 2.0,-219.665 -1.75 0.0 flow_6_29 0 5.0 2.0,-11.289999999999964 -5.25 0.0 flow_7_10 0 5.0 2.0,-1.75 202.995 -1.5707963267948966 flow_0_28 0 5.0 2.0,11.289999999999964 1.75 3.141592653589793 flow_4_27 0 5.0 2.0,-5.25 37.961999999999878 -1.5707963267948966 flow_1_10 0 5.0 2.0,11.289999999999964 5.25 3.141592653589793 flow_5_10 0 5.0 2.0,-11.289999999999964 -1.75 0.0 flow_6_27 0 5.0 2.0,;HHL_QHDD_N r r,HHL_QHDD_S r r,HHL_QHDD_E r r,HHL_QHDD_W r r,
18.789999999999965 1.75 3.141592653589793 flow_4_28 0 5.0 2.0,-18.789999999999965 -1.75 0.0 flow_6_28 0 5.0 2.0,1.75 157.07500000000023 1.5707963267948966 flow_2_27 0 5.0 2.0,1.75 -186.325 1.5707963267948966 flow_2_28 0 5.0 2.0,5.25 -26.292999999999894 1.5707963267948966 flow_3_10 0 5.0 2.0,-1.75 -157.07500000000023 -1.5707963267948966 flow_0_27 0 5.0 2.0,202.995 1.75 3.141592653589793 flow_4_29 0 5.0 2.0,-202.995 -1.75 0.0 flow_6_29 0 5.0 2.0,-11.289999999999964 -5.25 0.0 flow_7_10 0 5.0 2.0,-1.75 186.325 -1.5707963267948966 flow_0_28 0 5.0 2.0,11.289999999999964 1.75 3.141592653589793 flow_4_27 0 5.0 2.0,-5.25 26.292999999999894 -1.5707963267948966 flow_1_10 0 5.0 2.0,11.289999999999964 5.25 3.141592653589793 flow_5_10 0 5.0 2.0,-11.289999999999964 -1.75 0.0 flow_6_27 0 5.0 2.0,;HHL_QHDD_N r r,HHL_QHDD_S r r,HHL_QHDD_E r r,HHL_QHDD_W r r,
18.789999999999965 1.75 3.141592653589793 flow_4_28 0 5.0 2.0,-18.789999999999965 -1.75 0.0 flow_6_28 0 5.0 2.0,1.75 173.74500000000024 1.5707963267948966 flow_2_27 0 5.0 2.0,1.75 -169.65499999999998 1.5707963267948966 flow_2_28 0 5.0 2.0,5.25 -17.957999999999914 1.5707963267948966 flow_3_10 0 5.0 2.0,-1.75 -173.74500000000024 -1.5707963267948966 flow_0_27 0 5.0 2.0,186.325 1.75 3.141592653589793 flow_4_29 0 5.0 2.0,-186.325 -1.75 0.0 flow_6_29 0 5.0 2.0,-10.289999999999964 -5.25 0.0 flow_7_10 0 5.0 2.0,-1.75 169.65499999999998 -1.5707963267948966 flow_0_28 0 5.0 2.0,11.289999999999964 1.75 3.141592653589793 flow_4_27 0 5.0 2.0,-5.25 17.957999999999914 -1.5707963267948966 flow_1_10 0 5.0 2.0,10.289999999999964 5.25 3.141592653589793 flow_5_10 0 5.0 2.0,-11.289999999999964 -1.75 0.0 flow_6_27 0 5.0 2.0,;HHL_QHDD_N r r,HHL_QHDD_S r r,HHL_QHDD_E g g,HHL_QHDD_W g g,
18.789999999999965 1.75 3.141592653589793 flow_4_28 0 5.0 2.0,-18.789999999999965 -1.75 0.0 flow_6_28 0 5.0 2.0,1.75 190.41500000000026 1.5707963267948966 flow_2_27 0 5.0 2.0,1.75 -152.98499999999997 1.5707963267948966 flow_2_28 0 5.0 2.0,5.25 -12.956999999999937 1.5707963267948966 flow_3_10 0 5.0 2.0,-1.75 -190.41500000000026 -1.5707963267948966 flow_0_27 0 5.0 2.0,169.65499999999998 1.75 3.141592653589793 flow_4_29 0 5.0 2.0,-169.65499999999998 -1.75 0.0 flow_6_29 0 5.0 2.0,-2.2899999999999638 1.75 0.0 flow_7_10 0 5.0 2.0,-1.75 152.98499999999997 -1.5707963267948966 flow_0_28 0 5.0 2.0,11.289999999999964 1.75 3.141592653589793 flow_4_27 0 5.0 2.0,-5.25 12.956999999999937 -1.5707963267948966 flow_1_10 0 5.0 2.0,2.2899999999999638 -1.75 3.141592653589793 flow_5_10 0 5.0 2.0,-11.289999999999964 -1.75 0.0 flow_6_27 0 5.0 2.0,;HHL_QHDD_N r r,HHL_QHDD_S r r,HHL_QHDD_E g g,HHL_QHDD_W g g,
18.789999999999965 1.75 3.141592653589793 flow_4_28 0 5.0 2.0,-18.789999999999965 -1.75 0.0 flow_6_28 0 5.0 2.0,1.75 207.08500000000027 1.5707963267948966 flow_2_27 0 5.0 2.0,1.75 -136.31499999999995 1.5707963267948966 flow_2_28 0 5.0 2.0,5.25 -11.289999999999964 1.5707963267948966 flow_3_10 0 5.0 2.0,-1.75 -207.08500000000027 -1.5707963267948966 flow_0_27 0 5.0 2.0,152.98499999999997 1.75 3.141592653589793 flow_4_29 0 5.0 2.0,-152.98499999999997 -1.75 0.0 flow_6_29 0 5.0 2.0,1.2848105204249146 4.136076680789127 1.0768549578753155 flow_7_10 0 5.0 2.0,-1.75 136.31499999999995 -1.5707963267948966 flow_0_28 0 5.0 2.0,11.289999999999964 1.75 3.141592653589793 flow_4_27 0 5.0 2.0,-5.25 11.289999999999964 -1.5707963267948966 flow_1_10 0 5.0 2.0,-1.2848105204249146 -4.136076680789127 -2.0647376957144778 flow_5_10 0 5.0 2.0,-11.289999999999964 -1.75 0.0 flow_6_27 0 5.0 2.0,;HHL_QHDD_N r r,HHL_QHDD_S r r,HHL_QHDD_E g g,HHL_QHDD_W g g,
18.789999999999965 1.75 3.141592653589793 flow_4_28 0 5.0 2.0,-18.789999999999965 -1.75 0.0 flow_6_28 0 5.0 2.0,1.75 223.75500000000029 1.5707963267948966 flow_2_27 0 5.0 2.0,1.75 -119.64499999999993 1.5707963267948966 flow_2_28 0 5.0 2.0,5.25 -11.289999999999964 1.5707963267948966 flow_3_10 0 5.0 2.0,-1.75 -223.75500000000029 -1.5707963267948966 flow_0_27 0 5.0 2.0,136.31499999999995 1.75 3.141592653589793 flow_4_29 0 5.0 2.0,-136.31499999999995 -1.75 0.0 flow_6_29 0 5.0 2.0,1.75 16.018794234941688 1.5707963267948966 flow_7_10 0 5.0 2.0,-1.75 119.64499999999993 -1.5707963267948966 flow_0_28 0 5.0 2.0,10.289999999999964 1.75 3.141592653589793 flow_4_27 0 5.0 2.0,-5.25 11.289999999999964 -1.5707963267948966 flow_1_10 0 5.0 2.0,-1.75 -16.018794234941688 -1.5707963267948966 flow_5_10 0 5.0 2.0,-10.289999999999964 -1.75 0.0 flow_6_27 0 5.0 2.0,;HHL_QHDD_N r r,HHL_QHDD_S r r,HHL_QHDD_E g g,HHL_QHDD_W g g,
18.039999999999965 1.75 3.141592653589793 flow_4_28 0 5.0 2.0,-18.039999999999965 -1.75 0.0 flow_6_28 0 5.0 2.0,1.75 240.4250000000003 1.5707963267948966 flow_2_27 0 5.0 2.0,1.75 -102.97499999999991 1.5707963267948966 flow_2_28 0 5.0 2.0,5.25 -11.289999999999964 1.5707963267948966 flow_3_10 0 5.0 2.0,-1.75 -240.4250000000003 -1.5707963267948966 flow_0_27 0 5.0 2.0,119.64499999999993 1.75 3.141592653589793 flow_4_29 0 5.0 2.0,-119.64499999999993 -1.75 0.0 flow_6_29 0 5.0 2.0,1.75 25.018794234941688 1.5707963267948966 flow_7_10 0 5.0 2.0,-1.75 102.97499999999991 -1.5707963267948966 flow_0_28 0 5.0 2.0,2.2899999999999638 1.75 3.141592653589793 flow_4_27 0 5.0 2.0,-5.25 11.289999999999964 -1.5707963267948966 flow_1_10 0 5.0 2.0,-1.75 -25.018794234941688 -1.5707963267948966 flow_5_10 0 5.0 2.0,-2.2899999999999638 -1.75 0.0 flow_6_27 0 5.0 2.0,;HHL_QHDD_N r r,HHL_QHDD_S r r,HHL_QHDD_E g g,HHL_QHDD_W g g,
15.539999999999964 1.75 3.141592653589793 flow_4_28 0 5.0 2.0,-15.539999999999964 -1.75 0.0 flow_6_28 0 5.0 2.0,1.75 257.0950000000003 1.5707963267948966 flow_2_27 0 5.0 2.0,1.75 -86.30499999999987 1.5707963267948966 flow_2_28 0 5.0 2.0,5.25 -11.289999999999964 1.5707963267948966 flow_3_10 0 5.0 2.0,-1.75 -257.0950000000003 -1.5707963267948966 flow_0_27 0 5.0 2.0,102.97499999999991 1.75 3.141592653589793 flow_4_29 0 5.0 2.0,-102.97499999999991 -1.75 0.0 flow_6_29 0 5.0 2.0,1.75 36.01879423494169 1.5707963267948966 flow_7_10 0 5.0 2.0,-1.75 86.30499999999987 -1.5707963267948966 flow_0_28 0 5.0 2.0,-2.7100000000000366 1.75 3.141592653589793 flow_4_27 0 5.0 2.0,-5.25 11.289999999999964 -1.5707963267948966 flow_1_10 0 5.0 2.0,-1.75 -36.01879423494169 -1.5707963267948966 flow_5_10 0 5.0 2.0,2.7100000000000366 -1.75 0.0 flow_6_27 0 5.0 2.0,;HHL_QHDD_N r r,HHL_QHDD_S r r,HHL_QHDD_E g g,HHL_QHDD_W g g,
11.039999999999964 1.75 3.141592653589793 flow_4_28 0 5.0 2.0,-11.039999999999964 -1.75 0.0 flow_6_28 0 5.0 2.0,1.75 273.7650000000003 1.5707963267948966 flow_2_27 0 5.0 2.0,1.75 -69.63499999999988 1.5707963267948966 flow_2_28 0 5.0 2.0,5.25 -11.289999999999964 1.5707963267948966 flow_3_10 0 5.0 2.0,-1.75 -273.7650000000003 -1.5707963267948966 flow_0_27 0 5.0 2.0,86.30499999999987 1.75 3.141592653589793 flow_4_29 0 5.0 2.0,-86.30499999999987 -1.75 0.0 flow_6_29 0 5.0 2.0,1.75 49.01879423494169 1.5707963267948966 flow_7_10 0 5.0 2.0,-1.75 69.63499999999988 -1.5707963267948966 flow_0_28 0 5.0 2.0,-14.710000000000037 1.75 3.141592653589793 flow_4_27 0 5.0 2.0,-5.25 11.289999999999964 -1.5707963267948966 flow_1_10 0 5.0 2.0,-1.75 -49.01879423494169 -1.5707963267948966 flow_5_10 0 5.0 2.0,14.710000000000037 -1.75 0.0 flow_6_27 0 5.0 2.0,;HHL_QHDD_N r r,HHL_QHDD_S r r,HHL_QHDD_E g g,HHL_QHDD_W g g,
-0.4600000000000364 1.75 3.141592653589793 flow_4_28 0 5.0 2.0,0.4600000000000364 -1.75 0.0 flow_6_28 0 5.0 2.0,1.75 290.43500000000037 1.5707963267948966 flow_2_27 0 5.0 2.0,1.75 -52.96499999999986 1.5707963267948966 flow_2_28 0 5.0 2.0,5.25 -11.289999999999964 1.5707963267948966 flow_3_10 0 5.0 2.0,-1.75 -290.43500000000037 -1.5707963267948966 flow_0_27 0 5.0 2.0,69.63499999999988 1.75 3.141592653589793 flow_4_29 0 5.0 2.0,-69.63499999999988 -1.75 0.0 flow_6_29 0 5.0 2.0,1.75 64.01879423494168 1.5707963267948966 flow_7_10 0 5.0 2.0,-1.75 52.96499999999986 -1.5707963267948966 flow_0_28 0 5.0 2.0,-23.710000000000038 1.75 3.141592653589793 flow_4_27 0 5.0 2.0,-5.25 11.289999999999964 -1.5707963267948966 flow_1_10 0 5.0 2.0,-1.75 -64.01879423494168 -1.5707963267948966 flow_5_10 0 5.0 2.0,23.710000000000038 -1.75 0.0 flow_6_27 0 5.0 2.0,;HHL_QHDD_N r r,HHL_QHDD_S r r,HHL_QHDD_E g g,HHL_QHDD_W g g,
-13.960000000000037 1.75 3.141592653589793 flow_4_28 0 5.0 2.0,13.960000000000037 -1.75 0.0 flow_6_28 0 5.0 2.0,1.75 -37.961999999999878 1.5707963267948966 flow_2_28 0 5.0 2.0,5.25 -11.289999999999964 1.5707963267948966 flow_3_10 0 5.0 2.0,52.96499999999986 1.75 3.141592653589793 flow_4_29 0 5.0 2.0,-52.96499999999986 -1.75 0.0 flow_6_29 0 5.0 2.0,1.75 80.35379423494169 1.5707963267948966 flow_7_10 0 5.0 2.0,-1.75 37.961999999999878 -1.5707963267948966 flow_0_28 0 5.0 2.0,-34.710000000000039 1.75 3.141592653589793 flow_4_27 0 5.0 2.0,-5.25 11.289999999999964 -1.5707963267948966 flow_1_10 0 5.0 2.0,-1.75 -80.35379423494169 -1.5707963267948966 flow_5_10 0 5.0 2.0,34.710000000000039 -1.75 0.0 flow_6_27 0 5.0 2.0,;HHL_QHDD_N r r,HHL_QHDD_S r r,HHL_QHDD_E g g,HHL_QHDD_W g g,
-24.460000000000038 1.75 3.141592653589793 flow_4_28 0 5.0 2.0,24.460000000000038 -1.75 0.0 flow_6_28 0 5.0 2.0,1.75 -26.292999999999894 1.5707963267948966 flow_2_28 0 5.0 2.0,5.25 -11.289999999999964 1.5707963267948966 flow_3_10 0 5.0 2.0,299.0 1.75 3.141592653589793 flow_4_30 0 5.0 2.0,36.294999999999848 1.75 3.141592653589793 flow_4_29 0 5.0 2.0,-36.294999999999848 -1.75 0.0 flow_6_29 0 5.0 2.0,1.75 97.02379423494169 1.5707963267948966 flow_7_10 0 5.0 2.0,1.75 -299.0 1.5707963267948966 flow_2_29 0 5.0 2.0,-1.75 26.292999999999894 -1.5707963267948966 flow_0_28 0 5.0 2.0,-47.710000000000039 1.75 3.141592653589793 flow_4_27 0 5.0 2.0,-5.25 11.289999999999964 -1.5707963267948966 flow_1_10 0 5.0 2.0,-1.75 -97.02379423494169 -1.5707963267948966 flow_5_10 0 5.0 2.0,47.710000000000039 -1.75 0.0 flow_6_27 0 5.0 2.0,-1.75 299.0 -1.5707963267948966 flow_0_29 0 5.0 2.0,-299.0 -1.75 0.0 flow_6_30 0 5.0 2.0,;HHL_QHDD_N r r,HHL_QHDD_S r r,HHL_QHDD_E g g,HHL_QHDD_W g g,
-36.835000000000039 1.75 3.141592653589793 flow_4_28 0 5.0 2.0,36.835000000000039 -1.75 0.0 flow_6_28 0 5.0 2.0,1.75 -17.957999999999914 1.5707963267948966 flow_2_28 0 5.0 2.0,5.25 -11.289999999999964 1.5707963267948966 flow_3_10 0 5.0 2.0,296.0 1.75 3.141592653589793 flow_4_30 0 5.0 2.0,19.62499999999983 1.75 3.141592653589793 flow_4_29 0 5.0 2.0,-19.62499999999983 -1.75 0.0 flow_6_29 0 5.0 2.0,1.75 113.69379423494169 1.5707963267948966 flow_7_10 0 5.0 2.0,1.75 -296.0 1.5707963267948966 flow_2_29 0 5.0 2.0,-1.75 17.957999999999914 -1.5707963267948966 flow_0_28 0 5.0 2.0,-62.710000000000039 1.75 3.141592653589793 flow_4_27 0 5.0 2.0,-5.25 11.289999999999964 -1.5707963267948966 flow_1_10 0 5.0 2.0,-1.75 -113.69379423494169 -1.5707963267948966 flow_5_10 0 5.0 2.0,62.710000000000039 -1.75 0.0 flow_6_27 0 5.0 2.0,-1.75 296.0 -1.5707963267948966 flow_0_29 0 5.0 2.0,-296.0 -1.75 0.0 flow_6_30 0 5.0 2.0,;HHL_QHDD_N r r,HHL_QHDD_S r r,HHL_QHDD_E g g,HHL_QHDD_W g g,
-51.02250000000004 1.75 3.141592653589793 flow_4_28 0 5.0 2.0,51.02250000000004 -1.75 0.0 flow_6_28 0 5.0 2.0,1.75 -12.956999999999937 1.5707963267948966 flow_2_28 0 5.0 2.0,5.25 -11.289999999999964 1.5707963267948966 flow_3_10 0 5.0 2.0,291.0 1.75 3.141592653589793 flow_4_30 0 5.0 2.0,-2.0450000000001866 1.75 3.141592653589793 flow_4_29 0 5.0 2.0,2.0450000000001866 -1.75 0.0 flow_6_29 0 5.0 2.0,1.75 130.36379423494169 1.5707963267948966 flow_7_10 0 5.0 2.0,1.75 -291.0 1.5707963267948966 flow_2_29 0 5.0 2.0,-1.75 12.956999999999937 -1.5707963267948966 flow_0_28 0 5.0 2.0,-79.04500000000005 1.75 3.141592653589793 flow_4_27 0 5.0 2.0,-5.25 11.289999999999964 -1.5707963267948966 flow_1_10 0 5.0 2.0,-1.75 -130.36379423494169 -1.5707963267948966 flow_5_10 0 5.0 2.0,79.04500000000005 -1.75 0.0 flow_6_27 0 5.0 2.0,-1.75 291.0 -1.5707963267948966 flow_0_29 0 5.0 2.0,-291.0 -1.75 0.0 flow_6_30 0 5.0 2.0,;HHL_QHDD_N r r,HHL_QHDD_S r r,HHL_QHDD_E g g,HHL_QHDD_W g g,
-66.61750000000004 1.75 3.141592653589793 flow_4_28 0 5.0 2.0,66.61750000000004 -1.75 0.0 flow_6_28 0 5.0 2.0,1.75 -11.289999999999964 1.5707963267948966 flow_2_28 0 5.0 2.0,5.25 -11.289999999999964 1.5707963267948966 flow_3_10 0 5.0 2.0,284.0 1.75 3.141592653589793 flow_4_30 0 5.0 2.0,-23.715000000000189 1.75 3.141592653589793 flow_4_29 0 5.0 2.0,23.715000000000189 -1.75 0.0 flow_6_29 0 5.0 2.0,1.75 147.0337942349417 1.5707963267948966 flow_7_10 0 5.0 2.0,1.75 -284.0 1.5707963267948966 flow_2_29 0 5.0 2.0,-1.75 11.289999999999964 -1.5707963267948966 flow_0_28 0 5.0 2.0,-95.71500000000005 1.75 3.141592653589793 flow_4_27 0 5.0 2.0,-5.25 11.289999999999964 -1.5707963267948966 flow_1_10 0 5.0 2.0,-1.75 -147.0337942349417 -1.5707963267948966 flow_5_10 0 5.0 2.0,95.71500000000005 -1.75 0.0 flow_6_27 0 5.0 2.0,-1.75 284.0 -1.5707963267948966 flow_0_29 0 5.0 2.0,-284.0 -1.75 0.0 flow_6_30 0 5.0 2.0,;HHL_QHDD_N r r,HHL_QHDD_S r r,HHL_QHDD_E g g,HHL_QHDD_W g g,
-82.83375000000004 1.75 3.141592653589793 flow_4_28 0 5.0 2.0,82.83375000000004 -1.75 0.0 flow_6_28 0 5.0 2.0,1.75 -11.289999999999964 1.5707963267948966 flow_2_28 0 5.0 2.0,5.25 -11.289999999999964 1.5707963267948966 flow_3_10 0 5.0 2.0,275.0 1.75 3.141592653589793 flow_4_30 0 5.0 2.0,-40.38500000000019 1.75 3.141592653589793 flow_4_29 0 5.0 2.0,40.38500000000019 -1.75 0.0 flow_6_29 0 5.0 2.0,1.75 163.7037942349417 1.5707963267948966 flow_7_10 0 5.0 2.0,1.75 -275.0 1.5707963267948966 flow_2_29 0 5.0 2.0,-1.75 11.289999999999964 -1.5707963267948966 flow_0_28 0 5.0 2.0,-112.38500000000005 1.75 3.141592653589793 flow_4_27 0 5.0 2.0,-5.25 11.289999999999964 -1.5707963267948966 flow_1_10 0 5.0 2.0,-1.75 -163.7037942349417 -1.5707963267948966 flow_5_10 0 5.0 2.0,112.38500000000005 -1.75 0.0 flow_6_27 0 5.0 2.0,-1.75 275.0 -1.5707963267948966 flow_0_29 0 5.0 2.0,-275.0 -1.75 0.0 flow_6_30 0 5.0 2.0,;HHL_QHDD_N r r,HHL_QHDD_S r r,HHL_QHDD_E g g,HHL_QHDD_W g g,
-99.27687500000005 1.75 3.141592653589793 flow_4_28 0 5.0 2.0,99.27687500000005 -1.75 0.0 flow_6_28 0 5.0 2.0,1.75 -11.289999999999964 1.5707963267948966 flow_2_28 0 5.0 2.0,5.25 -11.289999999999964 1.5707963267948966 flow_3_10 0 5.0 2.0,299.0 5.25 3.141592653589793 flow_5_11 0 5.0 2.0,264.0 1.75 3.141592653589793 flow_4_30 0 5.0 2.0,-57.05500000000019 1.75 3.141592653589793 flow_4_29 0 5.0 2.0,57.05500000000019 -1.75 0.0 flow_6_29 0 5.0 2.0,1.75 180.37379423494174 1.5707963267948966 flow_7_10 0 5.0 2.0,1.75 -264.0 1.5707963267948966 flow_2_29 0 5.0 2.0,-1.75 11.289999999999964 -1.5707963267948966 flow_0_28 0 5.0 2.0,-129.05500000000007 1.75 3.141592653589793 flow_4_27 0 5.0 2.0,-5.25 11.289999999999964 -1.5707963267948966 flow_1_10 0 5.0 2.0,-1.75 -180.37379423494174 -1.5707963267948966 flow_5_10 0 5.0 2.0,-299.0 -5.25 0.0 flow_7_11 0 5.0 2.0,129.05500000000007 -1.75 0.0 flow_6_27 0 5.0 2.0,-1.75 264.0 -1.5707963267948966 flow_0_29 0 5.0 2.0,-264.0 -1.75 0.0 flow_6_30 0 5.0 2.0,;HHL_QHDD_N r r,HHL_QHDD_S r r,HHL_QHDD_E g g,HHL_QHDD_W g g,
-115.83343750000005 1.75 3.141592653589793 flow_4_28 0 5.0 2.0,115.83343750000005 -1.75 0.0 flow_6_28 0 5.0 2.0,1.75 -11.289999999999964 1.5707963267948966 flow_2_28 0 5.0 2.0,5.25 -11.289999999999964 1.5707963267948966 flow_3_10 0 5.0 2.0,296.0 5.25 3.141592653589793 flow_5_11 0 5.0 2.0,251.0 1.75 3.141592653589793 flow_4_30 0 5.0 2.0,-73.7250000000002 1.75 3.141592653589793 flow_4_29 0 5.0 2.0,73.7250000000002 -1.75 0.0 flow_6_29 0 5.0 2.0,1.75 197.04379423494175 1.5707963267948966 flow_7_10 0 5.0 2.0,1.75 -251.0 1.5707963267948966 flow_2_29 0 5.0 2.0,-1.75 11.289999999999964 -1.5707963267948966 flow_0_28 0 5.0 2.0,-145.72500000000006 1.75 3.141592653589793 flow_4_27 0 5.0 2.0,-5.25 11.289999999999964 -1.5707963267948966 flow_1_10 0 5.0 2.0,-1.75 -197.04379423494175 -1.5707963267948966 flow_5_10 0 5.0 2.0,-296.0 -5.25 0.0 flow_7_11 0 5.0 2.0,145.72500000000006 -1.75 0.0 flow_6_27 0 5.0 2.0,-1.75 251.0 -1.5707963267948966 flow_0_29 0 5.0 2.0,-251.0 -1.75 0.0 flow_6_30 0 5.0 2.0,;HHL_QHDD_N r r,HHL_QHDD_S r r,HHL_QHDD_E g g,HHL_QHDD_W g g,
-132.44671875000004 1.75 3.141592653589793 flow_4_28 0 5.0 2.0,132.44671875000004 -1.75 0.0 flow_6_28 0 5.0 2.0,1.75 -11.289999999999964 1.5707963267948966 flow_2_28 0 5.0 2.0,5.25 -11.289999999999964 1.5707963267948966 flow_3_10 0 5.0 2.0,291.0 5.25 3.141592653589793 flow_5_11 0 5.0 2.0,236.0 1.75 3.141592653589793 flow_4_30 0 5.0 2.0,-90.3950000000002 1.75 3.141592653589793 flow_4_29 0 5.0 2.0,90.3950000000002 -1.75 0.0 flow_6_29 0 5.0 2.0,1.75 213.71379423494177 1.5707963267948966 flow_7_10 0 5.0 2.0,1.75 -236.0 1.5707963267948966 flow_2_29 0 5.0 2.0,-1.75 11.289999999999964 -1.5707963267948966 flow_0_28 0 5.0 2.0,-162.395 1.75 3.141592653589793 flow_4_27 0 5.0 2.0,-5.25 11.289999999999964 -1.5707963267948966 flow_1_10 0 5.0 2.0,-1.75 -213.71379423494177 -1.5707963267948966 flow_5_10 0 5.0 2.0,-291.0 -5.25 0.0 flow_7_11 0 5.0 2.0,162.395 -1.75 0.0 flow_6_27 0 5.0 2.0,-1.75 236.0 -1.5707963267948966 flow_0_29 0 5.0 2.0,-236.0 -1.75 0.0 flow_6_30 0 5.0 2.0,;HHL_QHDD_N r r,HHL_QHDD_S r r,HHL_QHDD_E g g,HHL_QHDD_W g g,
-149.08835937500005 1.75 3.141592653589793 flow_4_28 0 5.0 2.0,149.08835937500005 -1.75 0.0 flow_6_28 0 5.0 2.0,1.75 -11.289999999999964 1.5707963267948966 flow_2_28 0 5.0 2.0,5.25 -11.289999999999964 1.5707963267948966 flow_3_10 0 5.0 2.0,284.0 5.25 3.141592653589793 flow_5_11 0 5.0 2.0,219.665 1.75 3.141592653589793 flow_4_30 0 5.0 2.0,-107.0650000000002 1.75 3.141592653589793 flow_4_29 0 5.0 2.0,107.0650000000002 -1.75 0.0 flow_6_29 0 5.0 2.0,1.75 230.38379423494178 1.5707963267948966 flow_7_10 0 5.0 2.0,1.75 -219.665 1.5707963267948966 flow_2_29 0 5.0 2.0,-1.75 11.289999999999964 -1.5707963267948966 flow_0_28 0 5.0 2.0,-179.06500000000006 1.75 3.141592653589793 flow_4_27 0 5.0 2.0,-5.25 11.289999999999964 -1.5707963267948966 flow_1_10 0 5.0 2.0,-1.75 -230.38379423494178 -1.5707963267948966 flow_5_10 0 5.0 2.0,-284.0 -5.25 0.0 flow_7_11 0 5.0 2.0,179.06500000000006 -1.75 0.0 flow_6_27 0 5.0 2.0,-1.75 219.665 -1.5707963267948966 flow_0_29 0 5.0 2.0,-219.665 -1.75 0.0 flow_6_30 0 5.0 2.0,;HHL_QHDD_N r r,HHL_QHDD_S r r,HHL_QHDD_E g g,HHL_QHDD_W g g,
-165.74417968750005 1.75 3.141592653589793 flow_4_28 0 5.0 2.0,165.74417968750005 -1.75 0.0 flow_6_28 0 5.0 2.0,1.75 -11.289999999999964 1.5707963267948966 flow_2_28 0 5.0 2.0,5.25 -11.289999999999964 1.5707963267948966 flow_3_10 0 5.0 2.0,275.0 5.25 3.141592653589793 flow_5_11 0 5.0 2.0,202.995 1.75 3.141592653589793 flow_4_30 0 5.0 2.0,-123.7350000000002 1.75 3.141592653589793 flow_4_29 0 5.0 2.0,123.7350000000002 -1.75 0.0 flow_6_29 0 5.0 2.0,1.75 247.0537942349418 1.5707963267948966 flow_7_10 0 5.0 2.0,1.75 -202.995 1.5707963267948966 flow_2_29 0 5.0 2.0,-1.75 11.289999999999964 -1.5707963267948966 flow_0_28 0 5.0 2.0,-195.73500000000008 1.75 3.141592653589793 flow_4_27 0 5.0 2.0,-5.25 11.289999999999964 -1.5707963267948966 flow_1_10 0 5.0 2.0,-1.75 -247.0537942349418 -1.5707963267948966 flow_5_10 0 5.0 2.0,-275.0 -5.25 0.0 flow_7_11 0 5.0 2.0,195.73500000000008 -1.75 0.0 flow_6_27 0 5.0 2.0,-1.75 202.995 -1.5707963267948966 flow_0_29 0 5.0 2.0,-202.995 -1.75 0.0 flow_6_30 0 5.0 2.0,;HHL_QHDD_N r r,HHL_QHDD_S r r,HHL_QHDD_E g g,HHL_QHDD_W g g,
-182.40708984375005 1.75 3.141592653589793 flow_4_28 0 5.0 2.0,182.40708984375005 -1.75 0.0 flow_6_28 0 5.0 2.0,1.75 -11.289999999999964 1.5707963267948966 flow_2_28 0 5.0 2.0,5.25 -11.289999999999964 1.5707963267948966 flow_3_10 0 5.0 2.0,264.0 5.25 3.141592653589793 flow_5_11 0 5.0 2.0,186.325 1.75 3.141592653589793 flow_4_30 0 5.0 2.0,-140.4050000000002 1.75 3.141592653589793 flow_4_29 0 5.0 2.0,140.4050000000002 -1.75 0.0 flow_6_29 0 5.0 2.0,1.75 263.7237942349418 1.5707963267948966 flow_7_10 0 5.0 2.0,1.75 -186.325 1.5707963267948966 flow_2_29 0 5.0 2.0,-1.75 11.289999999999964 -1.5707963267948966 flow_0_28 0 5.0 2.0,-212.4050000000001 1.75 3.141592653589793 flow_4_27 0 5.0 2.0,-5.25 11.289999999999964 -1.5707963267948966 flow_1_10 0 5.0 2.0,-1.75 -263.7237942349418 -1.5707963267948966 flow_5_10 0 5.0 2.0,-264.0 -5.25 0.0 flow_7_11 0 5.0 2.0,212.4050000000001 -1.75 0.0 flow_6_27 0 5.0 2.0,-1.75 186.325 -1.5707963267948966 flow_0_29 0 5.0 2.0,-186.325 -1.75 0.0 flow_6_30 0 5.0 2.0,;HHL_QHDD_N r r,HHL_QHDD_S r r,HHL_QHDD_E g g,HHL_QHDD_W g g,
-199.07354492187506 1.75 3.141592653589793 flow_4_28 0 5.0 2.0,199.07354492187506 -1.75 0.0 flow_6_28 0 5.0 2.0,1.75 -11.289999999999964 1.5707963267948966 flow_2_28 0 5.0 2.0,5.25 -11.289999999999964 1.5707963267948966 flow_3_10 0 5.0 2.0,251.0 5.25 3.141592653589793 flow_5_11 0 5.0 2.0,169.65499999999998 1.75 3.141592653589793 flow_4_30 0 5.0 2.0,-157.07500000000023 1.75 3.141592653589793 flow_4_29 0 5.0 2.0,157.07500000000023 -1.75 0.0 flow_6_29 0 5.0 2.0,1.75 280.3937942349418 1.5707963267948966 flow_7_10 0 5.0 2.0,1.75 -169.65499999999998 1.5707963267948966 flow_2_29 0 5.0 2.0,-1.75 11.289999999999964 -1.5707963267948966 flow_0_28 0 5.0 2.0,-229.0750000000001 1.75 3.141592653589793 flow_4_27 0 5.0 2.0,-5.25 11.289999999999964 -1.5707963267948966 flow_1_10 0 5.0 2.0,-1.75 -280.3937942349418 -1.5707963267948966 flow_5_10 0 5.0 2.0,-251.0 -5.25 0.0 flow_7_11 0 5.0 2.0,229.0750000000001 -1.75 0.0 flow_6_27 0 5.0 2.0,-1.75 169.65499999999998 -1.5707963267948966 flow_0_29 0 5.0 2.0,-169.65499999999998 -1.75 0.0 flow_6_30 0 5.0 2.0,;HHL_QHDD_N r r,HHL_QHDD_S r r,HHL_QHDD_E g g,HHL_QHDD_W g g,
-215.74177246093758 1.75 3.141592653589793 flow_4_28 0 5.0 2.0,215.74177246093758 -1.75 0.0 flow_6_28 0 5.0 2.0,1.75 -11.289999999999964 1.5707963267948966 flow_2_28 0 5.0 2.0,5.25 -11.289999999999964 1.5707963267948966 flow_3_10 0 5.0 2.0,236.0 5.25 3.141592653589793 flow_5_11 0 5.0 2.0,152.98499999999997 1.75 3.141592653589793 flow_4_30 0 5.0 2.0,-173.74500000000024 1.75 3.141592653589793 flow_4_29 0 5.0 2.0,173.74500000000024 -1.75 0.0 flow_6_29 0 5.0 2.0,1.75 297.06379423494186 1.5707963267948966 flow_7_10 0 5.0 2.0,1.75 -152.98499999999997 1.5707963267948966 flow_2_29 0 5.0 2.0,-1.75 11.289999999999964 -1.5707963267948966 flow_0_28 0 5.0 2.0,-245.74500000000013 1.75 3.141592653589793 flow_4_27 0 5.0 2.0,-5.25 11.289999999999964 -1.5707963267948966 flow_1_10 0 5.0 2.0,-1.75 -297.06379423494186 -1.5707963267948966 flow_5_10 0 5.0 2.0,-236.0 -5.25 0.0 flow_7_11 0 5.0 2.0,245.74500000000013 -1.75 0.0 flow_6_27 0 5.0 2.0,-1.75 152.98499999999997 -1.5707963267948966 flow_0_29 0 5.0 2.0,-152.98499999999997 -1.75 0.0 flow_6_30 0 5.0 2.0,;HHL_QHDD_N r r,HHL_QHDD_S r r,HHL_QHDD_E g g,HHL_QHDD_W g g,
-232.41088623046887 1.75 3.141592653589793 flow_4_28 0 5.0 2.0,232.41088623046887 -1.75 0.0 flow_6_28 0 5.0 2.0,1.75 -11.289999999999964 1.5707963267948966 flow_2_28 0 5.0 2.0,5.25 -11.289999999999964 1.5707963267948966 flow_3_10 0 5.0 2.0,219.665 5.25 3.141592653589793 flow_5_11 0 5.0 2.0,136.31499999999995 1.75 3.141592653589793 flow_4_30 0 5.0 2.0,-190.41500000000026 1.75 3.141592653589793 flow_4_29 0 5.0 2.0,190.41500000000026 -1.75 0.0 flow_6_29 0 5.0 2.0,1.75 -136.31499999999995 1.5707963267948966 flow_2_29 0 5.0 2.0,-1.75 11.289999999999964 -1.5707963267948966 flow_0_28 0 5.0 2.0,-262.41500000000016 1.75 3.141592653589793 flow_4_27 0 5.0 2.0,-5.25 11.289999999999964 -1.5707963267948966 flow_1_10 0 5.0 2.0,-219.665 -5.25 0.0 flow_7_11 0 5.0 2.0,262.41500000000016 -1.75 0.0 flow_6_27 0 5.0 2.0,-1.75 136.31499999999995 -1.5707963267948966 flow_0_29 0 5.0 2.0,-136.31499999999995 -1.75 0.0 flow_6_30 0 5.0 2.0,;HHL_QHDD_N r r,HHL_QHDD_S r r,HHL_QHDD_E g g,HHL_QHDD_W g g,
-249.0804431152345 1.75 3.141592653589793 flow_4_28 0 5.0 2.0,249.0804431152345 -1.75 0.0 flow_6_28 0 5.0 2.0,1.75 -11.289999999999964 1.5707963267948966 flow_2_28 0 5.0 2.0,5.25 -11.289999999999964 1.5707963267948966 flow_3_10 0 5.0 2.0,202.995 5.25 3.141592653589793 flow_5_11 0 5.0 2.0,119.64499999999993 1.75 3.141592653589793 flow_4_30 0 5.0 2.0,-207.08500000000027 1.75 3.141592653589793 flow_4_29 0 5.0 2.0,207.08500000000027 -1.75 0.0 flow_6_29 0 5.0 2.0,1.75 -119.64499999999993 1.5707963267948966 flow_2_29 0 5.0 2.0,-1.75 11.289999999999964 -1.5707963267948966 flow_0_28 0 5.0 2.0,-279.08500000000017 1.75 3.141592653589793 flow_4_27 0 5.0 2.0,-5.25 11.289999999999964 -1.5707963267948966 flow_1_10 0 5.0 2.0,-202.995 -5.25 0.0 flow_7_11 0 5.0 2.0,279.08500000000017 -1.75 0.0 flow_6_27 0 5.0 2.0,-1.75 119.64499999999993 -1.5707963267948966 flow_0_29 0 5.0 2.0,-119.64499999999993 -1.75 0.0 flow_6_30 0 5.0 2.0,;HHL_QHDD_N r r,HHL_QHDD_S r r,HHL_QHDD_E g g,HHL_QHDD_W g g,
-265.75022155761737 1.75 3.141592653589793 flow_4_28 0 5.0 2.0,265.75022155761737 -1.75 0.0 flow_6_28 0 5.0 2.0,1.75 -11.289999999999964 1.5707963267948966 flow_2_28 0 5.0 2.0,5.25 -11.289999999999964 1.5707963267948966 flow_3_10 0 5.0 2.0,186.325 5.25 3.141592653589793 flow_5_11 0 5.0 2.0,102.97499999999991 1.75 3.141592653589793 flow_4_30 0 5.0 2.0,-223.75500000000029 1.75 3.141592653589793 flow_4_29 0 5.0 2.0,223.75500000000029 -1.75 0.0 flow_6_29 0 5.0 2.0,1.75 -102.97499999999991 1.5707963267948966 flow_2_29 0 5.0 2.0,-1.75 11.289999999999964 -1.5707963267948966 flow_0_28 0 5.0 2.0,-295.75500000000019 1.75 3.141592653589793 flow_4_27 0 5.0 2.0,-5.25 11.289999999999964 -1.5707963267948966 flow_1_10 0 5.0 2.0,-186.325 -5.25 0.0 flow_7_11 0 5.0 2.0,295.75500000000019 -1.75 0.0 flow_6_27 0 5.0 2.0,-1.75 102.97499999999991 -1.5707963267948966 flow_0_29 0 5.0 2.0,-102.97499999999991 -1.75 0.0 flow_6_30 0 5.0 2.0,;HHL_QHDD_N r r,HHL_QHDD_S r r,HHL_QHDD_E g g,HHL_QHDD_W g g,
-282.42011077880877 1.75 3.141592653589793 flow_4_28 0 5.0 2.0,282.42011077880877 -1.75 0.0 flow_6_28 0 5.0 2.0,1.75 -11.289999999999964 1.5707963267948966 flow_2_28 0 5.0 2.0,5.25 -11.289999999999964 1.5707963267948966 flow_3_10 0 5.0 2.0,169.65499999999998 5.25 3.141592653589793 flow_5_11 0 5.0 2.0,86.30499999999987 1.75 3.141592653589793 flow_4_30 0 5.0 2.0,-240.4250000000003 1.75 3.141592653589793 flow_4_29 0 5.0 2.0,240.4250000000003 -1.75 0.0 flow_6_29 0 5.0 2.0,1.75 -86.30499999999987 1.5707963267948966 flow_2_29 0 5.0 2.0,-1.75 11.289999999999964 -1.5707963267948966 flow_0_28 0 5.0 2.0,-5.25 11.289999999999964 -1.5707963267948966 flow_1_10 0 5.0 2.0,-169.65499999999998 -5.25 0.0 flow_7_11 0 5.0 2.0,-1.75 86.30499999999987 -1.5707963267948966 flow_0_29 0 5.0 2.0,-86.30499999999987 -1.75 0.0 flow_6_30 0 5.0 2.0,;HHL_QHDD_N r r,HHL_QHDD_S r r,HHL_QHDD_E g g,HHL_QHDD_W g g,
-299.0900738525392 1.75 3.141592653589793 flow_4_28 0 5.0 2.0,299.0900738525392 -1.75 0.0 flow_6_28 0 5.0 2.0,1.75 -11.289999999999964 1.5707963267948966 flow_2_28 0 5.0 2.0,5.25 -11.289999999999964 1.5707963267948966 flow_3_10 0 5.0 2.0,152.98499999999997 5.25 3.141592653589793 flow_5_11 0 5.0 2.0,69.63499999999988 1.75 3.141592653589793 flow_4_30 0 5.0 2.0,-257.0950000000003 1.75 3.141592653589793 flow_4_29 0 5.0 2.0,257.0950000000003 -1.75 0.0 flow_6_29 0 5.0 2.0,1.75 -69.63499999999988 1.5707963267948966 flow_2_29 0 5.0 2.0,-1.75 11.289999999999964 -1.5707963267948966 flow_0_28 0 5.0 2.0,-5.25 11.289999999999964 -1.5707963267948966 flow_1_10 0 5.0 2.0,-152.98499999999997 -5.25 0.0 flow_7_11 0 5.0 2.0,-1.75 69.63499999999988 -1.5707963267948966 flow_0_29 0 5.0 2.0,-69.63499999999988 -1.75 0.0 flow_6_30 0 5.0 2.0,;HHL_QHDD_N r r,HHL_QHDD_S r r,HHL_QHDD_E g g,HHL_QHDD_W g g,
1.75 -11.289999999999964 1.5707963267948966 flow_2_28 0 5.0 2.0,5.25 -11.289999999999964 1.5707963267948966 flow_3_10 0 5.0 2.0,136.31499999999995 5.25 3.141592653589793 flow_5_11 0 5.0 2.0,52.96499999999986 1.75 3.141592653589793 flow_4_30 0 5.0 2.0,-273.7650000000003 1.75 3.141592653589793 flow_4_29 0 5.0 2.0,273.7650000000003 -1.75 0.0 flow_6_29 0 5.0 2.0,1.75 -52.96499999999986 1.5707963267948966 flow_2_29 0 5.0 2.0,-1.75 11.289999999999964 -1.5707963267948966 flow_0_28 0 5.0 2.0,-5.25 11.289999999999964 -1.5707963267948966 flow_1_10 0 5.0 2.0,-136.31499999999995 -5.25 0.0 flow_7_11 0 5.0 2.0,-1.75 52.96499999999986 -1.5707963267948966 flow_0_29 0 5.0 2.0,-52.96499999999986 -1.75 0.0 flow_6_30 0 5.0 2.0,;HHL_QHDD_N r r,HHL_QHDD_S r r,HHL_QHDD_E g g,HHL_QHDD_W g g,
1.75 -11.289999999999964 1.5707963267948966 flow_2_28 0 5.0 2.0,5.25 -11.289999999999964 1.5707963267948966 flow_3_10 0 5.0 2.0,299.0 1.75 3.141592653589793 flow_4_31 0 5.0 2.0,119.64499999999993 5.25 3.141592653589793 flow_5_11 0 5.0 2.0,36.294999999999848 1.75 3.141592653589793 flow_4_30 0 5.0 2.0,-290.43500000000037 1.75 3.141592653589793 flow_4_29 0 5.0 2.0,290.43500000000037 -1.75 0.0 flow_6_29 0 5.0 2.0,1.75 -38.04749554005957 1.5707963267948966 flow_2_29 0 5.0 2.0,-1.75 11.289999999999964 -1.5707963267948966 flow_0_28 0 5.0 2.0,-5.25 11.289999999999964 -1.5707963267948966 flow_1_10 0 5.0 2.0,-119.64499999999993 -5.25 0.0 flow_7_11 0 5.0 2.0,-299.0 -1.75 0.0 flow_6_31 0 5.0 2.0,-1.75 38.04749554005957 -1.5707963267948966 flow_0_29 0 5.0 2.0,-36.294999999999848 -1.75 0.0 flow_6_30 0 5.0 2.0,;HHL_QHDD_N r r,HHL_QHDD_S r r,HHL_QHDD_E g g,HHL_QHDD_W g g,
-1.75 299.0 -1.5707963267948966 flow_0_30 0 5.0 2.0,1.75 -11.289999999999964 1.5707963267948966 flow_2_28 0 5.0 2.0,5.25 -11.289999999999964 1.5707963267948966 flow_3_10 0 5.0 2.0,296.0 1.75 3.141592653589793 flow_4_31 0 5.0 2.0,102.97499999999991 5.25 3.141592653589793 flow_5_11 0 5.0 2.0,19.62499999999983 1.75 3.141592653589793 flow_4_30 0 5.0 2.0,1.75 -299.0 1.5707963267948966 flow_2_30 0 5.0 2.0,1.75 -27.132486620178953 1.5707963267948966 flow_2_29 0 5.0 2.0,-1.75 11.289999999999964 -1.5707963267948966 flow_0_28 0 5.0 2.0,-5.25 11.289999999999964 -1.5707963267948966 flow_1_10 0 5.0 2.0,-102.97499999999991 -5.25 0.0 flow_7_11 0 5.0 2.0,-296.0 -1.75 0.0 flow_6_31 0 5.0 2.0,-1.75 27.132486620178953 -1.5707963267948966 flow_0_29 0 5.0 2.0,-19.62499999999983 -1.75 0.0 flow_6_30 0 5.0 2.0,;HHL_QHDD_N r r,HHL_QHDD_S r r,HHL_QHDD_E g g,HHL_QHDD_W g g,
-1.75 296.0 -1.5707963267948966 flow_0_30 0 5.0 2.0,1.75 -11.289999999999964 1.5707963267948966 flow_2_28 0 5.0 2.0,5.25 -11.289999999999964 1.5707963267948966 flow_3_10 0 5.0 2.0,291.0 1.75 3.141592653589793 flow_4_31 0 5.0 2.0,86.30499999999987 5.25 3.141592653589793 flow_5_11 0 5.0 2.0,-2.0450000000001866 1.75 3.141592653589793 flow_4_30 0 5.0 2.0,1.75 -296.0 1.5707963267948966 flow_2_30 0 5.0 2.0,1.75 -20.717477700298333 1.5707963267948966 flow_2_29 0 5.0 2.0,-1.75 11.289999999999964 -1.5707963267948966 flow_0_28 0 5.0 2.0,-5.25 11.289999999999964 -1.5707963267948966 flow_1_10 0 5.0 2.0,-86.30499999999987 -5.25 0.0 flow_7_11 0 5.0 2.0,-291.0 -1.75 0.0 flow_6_31 0 5.0 2.0,-1.75 20.717477700298333 -1.5707963267948966 flow_0_29 0 5.0 2.0,2.0450000000001866 -1.75 0.0 flow_6_30 0 5.0 2.0,;HHL_QHDD_N r r,HHL_QHDD_S r r,HHL_QHDD_E g g,HHL_QHDD_W g g,
-1.75 291.0 -1.5707963267948966 flow_0_30 0 5.0 2.0,1.75 -11.289999999999964 1.5707963267948966 flow_2_28 0 5.0 2.0,5.25 -11.289999999999964 1.5707963267948966 flow_3_10 0 5.0 2.0,284.0 1.75 3.141592653589793 flow_4_31 0 5.0 2.0,69.63499999999988 5.25 3.141592653589793 flow_5_11 0 5.0 2.0,-23.715000000000189 1.75 3.141592653589793 flow_4_30 0 5.0 2.0,1.75 -291.0 1.5707963267948966 flow_2_30 0 5.0 2.0,1.75 -18.789999999999965 1.5707963267948966 flow_2_29 0 5.0 2.0,-1.75 11.289999999999964 -1.5707963267948966 flow_0_28 0 5.0 2.0,-5.25 11.289999999999964 -1.5707963267948966 flow_1_10 0 5.0 2.0,-69.63499999999988 -5.25 0.0 flow_7_11 0 5.0 2.0,-284.0 -1.75 0.0 flow_6_31 0 5.0 2.0,-1.75 18.789999999999965 -1.5707963267948966 flow_0_29 0 5.0 2.0,23.715000000000189 -1.75 0.0 flow_6_30 0 5.0 2.0,;HHL_QHDD_N r r,HHL_QHDD_S r r,HHL_QHDD_E g g,HHL_QHDD_W g g,
-1.75 284.0 -1.5707963267948966 flow_0_30 0 5.0 2.0,1.75 -11.289999999999964 1.5707963267948966 flow_2_28 0 5.0 2.0,5.25 -11.289999999999964 1.5707963267948966 flow_3_10 0 5.0 2.0,275.0 1.75 3.141592653589793 flow_4_31 0 5.0 2.0,55.21499999999986 5.25 3.141592653589793 flow_5_11 0 5.0 2.0,-40.38500000000019 1.75 3.141592653589793 flow_4_30 0 5.0 2.0,1.75 -284.0 1.5707963267948966 flow_2_30 0 5.0 2.0,1.75 -18.789999999999965 1.5707963267948966 flow_2_29 0 5.0 2.0,-1.75 11.289999999999964 -1.5707963267948966 flow_0_28 0 5.0 2.0,-5.25 11.289999999999964 -1.5707963267948966 flow_1_10 0 5.0 2.0,-55.21499999999986 -5.25 0.0 flow_7_11 0 5.0 2.0,-275.0 -1.75 0.0 flow_6_31 0 5.0 2.0,-1.75 18.789999999999965 -1.5707963267948966 flow_0_29 0 5.0 2.0,40.38500000000019 -1.75 0.0 flow_6_30 0 5.0 2.0,;HHL_QHDD_N r r,HHL_QHDD_S r r,HHL_QHDD_E g g,HHL_QHDD_W g g,
-1.75 275.0 -1.5707963267948966 flow_0_30 0 5.0 2.0,1.75 -11.289999999999964 1.5707963267948966 flow_2_28 0 5.0 2.0,5.25 -11.289999999999964 1.5707963267948966 flow_3_10 0 5.0 2.0,264.0 1.75 3.141592653589793 flow_4_31 0 5.0 2.0,44.96334999999988 5.25 3.141592653589793 flow_5_11 0 5.0 2.0,-57.05500000000019 1.75 3.141592653589793 flow_4_30 0 5.0 2.0,1.75 -275.0 1.5707963267948966 flow_2_30 0 5.0 2.0,1.75 -18.789999999999965 1.5707963267948966 flow_2_29 0 5.0 2.0,-1.75 11.289999999999964 -1.5707963267948966 flow_0_28 0 5.0 2.0,-5.25 11.289999999999964 -1.5707963267948966 flow_1_10 0 5.0 2.0,-44.96334999999988 -5.25 0.0 flow_7_11 0 5.0 2.0,-264.0 -1.75 0.0 flow_6_31 0 5.0 2.0,-1.75 18.789999999999965 -1.5707963267948966 flow_0_29 0 5.0 2.0,57.05500000000019 -1.75 0.0 flow_6_30 0 5.0 2.0,;HHL_QHDD_N r r,HHL_QHDD_S r r,HHL_QHDD_E g g,HHL_QHDD_W g g,
-1.75 264.0 -1.5707963267948966 flow_0_30 0 5.0 2.0,-5.25 299.0 -1.5707963267948966 flow_1_11 0 5.0 2.0,1.75 -11.289999999999964 1.5707963267948966 flow_2_28 0 5.0 2.0,5.25 -11.289999999999964 1.5707963267948966 flow_3_10 0 5.0 2.0,251.0 1.75 3.141592653589793 flow_4_31 0 5.0 2.0,36.63004999999987 5.25 3.141592653589793 flow_5_11 0 5.0 2.0,-73.7250000000002 1.75 3.141592653589793 flow_4_30 0 5.0 2.0,1.75 -264.0 1.5707963267948966 flow_2_30 0 5.0 2.0,1.75 -18.789999999999965 1.5707963267948966 flow_2_29 0 5.0 2.0,-1.75 11.289999999999964 -1.5707963267948966 flow_0_28 0 5.0 2.0,5.25 -299.0 1.5707963267948966 flow_3_11 0 5.0 2.0,-5.25 11.289999999999964 -1.5707963267948966 flow_1_10 0 5.0 2.0,-36.63004999999987 -5.25 0.0 flow_7_11 0 5.0 2.0,-251.0 -1.75 0.0 flow_6_31 0 5.0 2.0,-1.75 18.789999999999965 -1.5707963267948966 flow_0_29 0 5.0 2.0,73.7250000000002 -1.75 0.0 flow_6_30 0 5.0 2.0,;HHL_QHDD_N r r,HHL_QHDD_S r r,HHL_QHDD_E g g,HHL_QHDD_W g g,
-1.75 251.0 -1.5707963267948966 flow_0_30 0 5.0 2.0,-5.25 296.0 -1.5707963267948966 flow_1_11 0 5.0 2.0,1.75 -11.289999999999964 1.5707963267948966 flow_2_28 0 5.0 2.0,5.25 -11.289999999999964 1.5707963267948966 flow_3_10 0 5.0 2.0,236.0 1.75 3.141592653589793 flow_4_31 0 5.0 2.0,28.29674999999986 5.25 3.141592653589793 flow_5_11 0 5.0 2.0,-90.3950000000002 1.75 3.141592653589793 flow_4_30 0 5.0 2.0,1.75 -251.0 1.5707963267948966 flow_2_30 0 5.0 2.0,1.75 -18.789999999999965 1.5707963267948966 flow_2_29 0 5.0 2.0,-1.75 11.289999999999964 -1.5707963267948966 flow_0_28 0 5.0 2.0,5.25 -296.0 1.5707963267948966 flow_3_11 0 5.0 2.0,-5.25 11.289999999999964 -1.5707963267948966 flow_1_10 0 5.0 2.0,-28.29674999999986 -5.25 0.0 flow_7_11 0 5.0 2.0,-236.0 -1.75 0.0 flow_6_31 0 5.0 2.0,-1.75 18.789999999999965 -1.5707963267948966 flow_0_29 0 5.0 2.0,90.3950000000002 -1.75 0.0 flow_6_30 0 5.0 2.0,;HHL_QHDD_N r r,HHL_QHDD_S r r,HHL_QHDD_E g g,HHL_QHDD_W g g,
-1.75 236.0 -1.5707963267948966 flow_0_30 0 5.0 2.0,-5.25 291.0 -1.5707963267948966 flow_1_11 0 5.0 2.0,1.75 -11.289999999999964 1.5707963267948966 flow_2_28 0 5.0 2.0,5.25 -11.289999999999964 1.5707963267948966 flow_3_10 0 5.0 2.0,219.665 1.75 3.141592653589793 flow_4_31 0 5.0 2.0,21.005112499999883 5.25 3.141592653589793 flow_5_11 0 5.0 2.0,-107.0650000000002 1.75 3.141592653589793 flow_4_30 0 5.0 2.0,1.75 -236.0 1.5707963267948966 flow_2_30 0 5.0 2.0,1.75 -18.789999999999965 1.5707963267948966 flow_2_29 0 5.0 2.0,-1.75 11.289999999999964 -1.5707963267948966 flow_0_28 0 5.0 2.0,5.25 -291.0 1.5707963267948966 flow_3_11 0 5.0 2.0,-5.25 11.289999999999964 -1.5707963267948966 flow_1_10 0 5.0 2.0,-21.005112499999883 -5.25 0.0 flow_7_11 0 5.0 2.0,-219.665 -1.75 0.0 flow_6_31 0 5.0 2.0,-1.75 18.789999999999965 -1.5707963267948966 flow_0_29 0 5.0 2.0,107.0650000000002 -1.75 0.0 flow_6_30 0 5.0 2.0,;HHL_QHDD_N r r,HHL_QHDD_S r r,HHL_QHDD_E r r,HHL_QHDD_W r r,
-1.75 219.665 -1.5707963267948966 flow_0_30 0 5.0 2.0,-5.25 284.0 -1.5707963267948966 flow_1_11 0 5.0 2.0,1.75 -11.289999999999964 1.5707963267948966 flow_2_28 0 5.0 2.0,5.25 -11.289999999999964 1.5707963267948966 flow_3_10 0 5.0 2.0,202.995 1.75 3.141592653589793 flow_4_31 0 5.0 2.0,15.796799999999906 5.25 3.141592653589793 flow_5_11 0 5.0 2.0,-123.7350000000002 1.75 3.141592653589793 flow_4_30 0 5.0 2.0,1.75 -219.665 1.5707963267948966 flow_2_30 0 5.0 2.0,1.75 -18.789999999999965 1.5707963267948966 flow_2_29 0 5.0 2.0,-1.75 11.289999999999964 -1.5707963267948966 flow_0_28 0 5.0 2.0,5.25 -284.0 1.5707963267948966 flow_3_11 0 5.0 2.0,-5.25 11.289999999999964 -1.5707963267948966 flow_1_10 0 5.0 2.0,-15.796799999999906 -5.25 0.0 flow_7_11 0 5.0 2.0,-202.995 -1.75 0.0 flow_6_31 0 5.0 2.0,-1.75 18.789999999999965 -1.5707963267948966 flow_0_29 0 5.0 2.0,123.7350000000002 -1.75 0.0 flow_6_30 0 5.0 2.0,;HHL_QHDD_N r r,HHL_QHDD_S r r,HHL_QHDD_E r r,HHL_QHDD_W r r,
-1.75 202.995 -1.5707963267948966 flow_0_30 0 5.0 2.0,-5.25 275.0 -1.5707963267948966 flow_1_11 0 5.0 2.0,1.75 -11.289999999999964 1.5707963267948966 flow_2_28 0 5.0 2.0,5.25 -11.289999999999964 1.5707963267948966 flow_3_10 0 5.0 2.0,186.325 1.75 3.141592653589793 flow_4_31 0 5.0 2.0,12.67181249999993 5.25 3.141592653589793 flow_5_11 0 5.0 2.0,-140.4050000000002 1.75 3.141592653589793 flow_4_30 0 5.0 2.0,1.75 -202.995 1.5707963267948966 flow_2_30 0 5.0 2.0,1.75 -18.789999999999965 1.5707963267948966 flow_2_29 0 5.0 2.0,-1.75 11.289999999999964 -1.5707963267948966 flow_0_28 0 5.0 2.0,5.25 -275.0 1.5707963267948966 flow_3_11 0 5.0 2.0,-5.25 11.289999999999964 -1.5707963267948966 flow_1_10 0 5.0 2.0,-12.67181249999993 -5.25 0.0 flow_7_11 0 5.0 2.0,-186.325 -1.75 0.0 flow_6_31 0 5.0 2.0,-1.75 18.789999999999965 -1.5707963267948966 flow_0_29 0 5.0 2.0,140.4050000000002 -1.75 0.0 flow_6_30 0 5.0 2.0,;HHL_QHDD_N r r,HHL_QHDD_S r r,HHL_QHDD_E r r,HHL_QHDD_W r r,
-1.75 186.325 -1.5707963267948966 flow_0_30 0 5.0 2.0,-5.25 264.0 -1.5707963267948966 flow_1_11 0 5.0 2.0,1.75 -11.289999999999964 1.5707963267948966 flow_2_28 0 5.0 2.0,5.25 -10.289999999999964 1.5707963267948966 flow_3_10 0 5.0 2.0,169.65499999999998 1.75 3.141592653589793 flow_4_31 0 5.0 2.0,11.109318749999943 5.25 3.141592653589793 flow_5_11 0 5.0 2.0,-157.07500000000023 1.75 3.141592653589793 flow_4_30 0 5.0 2.0,1.75 -186.325 1.5707963267948966 flow_2_30 0 5.0 2.0,1.75 -18.789999999999965 1.5707963267948966 flow_2_29 0 5.0 2.0,-1.75 11.289999999999964 -1.5707963267948966 flow_0_28 0 5.0 2.0,5.25 -264.0 1.5707963267948966 flow_3_11 0 5.0 2.0,-5.25 10.289999999999964 -1.5707963267948966 flow_1_10 0 5.0 2.0,-11.109318749999943 -5.25 0.0 flow_7_11 0 5.0 2.0,-169.65499999999998 -1.75 0.0 flow_6_31 0 5.0 2.0,-1.75 18.789999999999965 -1.5707963267948966 flow_0_29 0 5.0 2.0,157.07500000000023 -1.75 0.0 flow_6_30 0 5.0 2.0,;HHL_QHDD_N g g,HHL_QHDD_S g g,HHL_QHDD_E r r,HHL_QHDD_W r r,
-1.75 169.65499999999998 -1.5707963267948966 flow_0_30 0 5.0 2.0,-5.25 251.0 -1.5707963267948966 flow_1_11 0 5.0 2.0,1.75 -11.289999999999964 1.5707963267948966 flow_2_28 0 5.0 2.0,-1.75 -2.2899999999999638 1.5707963267948966 flow_3_10 0 5.0 2.0,152.98499999999997 1.75 3.141592653589793 flow_4_31 0 5.0 2.0,10.328071874999921 5.25 3.141592653589793 flow_5_11 0 5.0 2.0,-173.74500000000024 1.75 3.141592653589793 flow_4_30 0 5.0 2.0,1.75 -169.65499999999998 1.5707963267948966 flow_2_30 0 5.0 2.0,1.75 -18.789999999999965 1.5707963267948966 flow_2_29 0 5.0 2.0,-1.75 11.289999999999964 -1.5707963267948966 flow_0_28 0 5.0 2.0,5.25 -251.0 1.5707963267948966 flow_3_11 0 5.0 2.0,1.75 2.2899999999999638 -1.5707963267948966 flow_1_10 0 5.0 2.0,-10.328071874999921 -5.25 0.0 flow_7_11 0 5.0 2.0,-152.98499999999997 -1.75 0.0 flow_6_31 0 5.0 2.0,-1.75 18.789999999999965 -1.5707963267948966 flow_0_29 0 5.0 2.0,173.74500000000024 -1.75 0.0 flow_6_30 0 5.0 2.0,;HHL_QHDD_N g g,HHL_QHDD_S g g,HHL_QHDD_E r r,HHL_QHDD_W r r,
-1.75 152.98499999999997 -1.5707963267948966 flow_0_30 0 5.0 2.0,-5.25 236.0 -1.5707963267948966 flow_1_11 0 5.0 2.0,1.75 -11.289999999999964 1.5707963267948966 flow_2_28 0 5.0 2.0,-4.136076680789127 1.2848105204249146 2.647651284670212 flow_3_10 0 5.0 2.0,136.31499999999995 1.75 3.141592653589793 flow_4_31 0 5.0 2.0,10.067656249999914 5.25 3.141592653589793 flow_5_11 0 5.0 2.0,-190.41500000000026 1.75 3.141592653589793 flow_4_30 0 5.0 2.0,1.75 -152.98499999999997 1.5707963267948966 flow_2_30 0 5.0 2.0,1.75 -18.789999999999965 1.5707963267948966 flow_2_29 0 5.0 2.0,-1.75 11.289999999999964 -1.5707963267948966 flow_0_28 0 5.0 2.0,5.25 -236.0 1.5707963267948966 flow_3_11 0 5.0 2.0,4.136076680789127 -1.2848105204249146 -0.4939413689195812 flow_1_10 0 5.0 2.0,-10.067656249999914 -5.25 0.0 flow_7_11 0 5.0 2.0,-136.31499999999995 -1.75 0.0 flow_6_31 0 5.0 2.0,-1.75 18.789999999999965 -1.5707963267948966 flow_0_29 0 5.0 2.0,190.41500000000026 -1.75 0.0 flow_6_30 0 5.0 2.0,;HHL_QHDD_N g g,HHL_QHDD_S g g,HHL_QHDD_E r r,HHL_QHDD_W r r,
-1.75 136.31499999999995 -1.5707963267948966 flow_0_30 0 5.0 2.0,-5.25 219.665 -1.5707963267948966 flow_1_11 0 5.0 2.0,1.75 -10.289999999999964 1.5707963267948966 flow_2_28 0 5.0 2.0,-16.018794234941688 1.75 3.141592653589793 flow_3_10 0 5.0 2.0,119.64499999999993 1.75 3.141592653589793 flow_4_31 0 5.0 2.0,10.067656249999914 5.25 3.141592653589793 flow_5_11 0 5.0 2.0,-207.08500000000027 1.75 3.141592653589793 flow_4_30 0 5.0 2.0,1.75 -136.31499999999995 1.5707963267948966 flow_2_30 0 5.0 2.0,1.75 -18.789999999999965 1.5707963267948966 flow_2_29 0 5.0 2.0,-1.75 10.289999999999964 -1.5707963267948966 flow_0_28 0 5.0 2.0,5.25 -219.665 1.5707963267948966 flow_3_11 0 5.0 2.0,16.018794234941688 -1.75 0.0 flow_1_10 0 5.0 2.0,-10.067656249999914 -5.25 0.0 flow_7_11 0 5.0 2.0,-119.64499999999993 -1.75 0.0 flow_6_31 0 5.0 2.0,-1.75 18.789999999999965 -1.5707963267948966 flow_0_29 0 5.0 2.0,207.08500000000027 -1.75 0.0 flow_6_30 0 5.0 2.0,;HHL_QHDD_N g g,HHL_QHDD_S g g,HHL_QHDD_E r r,HHL_QHDD_W r r,
-1.75 119.64499999999993 -1.5707963267948966 flow_0_30 0 5.0 2.0,-5.25 202.995 -1.5707963267948966 flow_1_11 0 5.0 2.0,1.75 -2.2899999999999638 1.5707963267948966 flow_2_28 0 5.0 2.0,-25.018794234941688 1.75 3.141592653589793 flow_3_10 0 5.0 2.0,102.97499999999991 1.75 3.141592653589793 flow_4_31 0 5.0 2.0,10.067656249999914 5.25 3.141592653589793 flow_5_11 0 5.0 2.0,-223.75500000000029 1.75 3.141592653589793 flow_4_30 0 5.0 2.0,1.75 -119.64499999999993 1.5707963267948966 flow_2_30 0 5.0 2.0,1.75 -18.039999999999965 1.5707963267948966 flow_2_29 0 5.0 2.0,-1.75 2.2899999999999638 -1.5707963267948966 flow_0_28 0 5.0 2.0,5.25 -202.995 1.5707963267948966 flow_3_11 0 5.0 2.0,25.018794234941688 -1.75 0.0 flow_1_10 0 5.0 2.0,-10.067656249999914 -5.25 0.0 flow_7_11 0 5.0 2.0,-102.97499999999991 -1.75 0.0 flow_6_31 0 5.0 2.0,-1.75 18.039999999999965 -1.5707963267948966 flow_0_29 0 5.0 2.0,223.75500000000029 -1.75 0.0 flow_6_30 0 5.0 2.0,;HHL_QHDD_N g g,HHL_QHDD_S g g,HHL_QHDD_E r r,HHL_QHDD_W r r,
-1.75 102.97499999999991 -1.5707963267948966 flow_0_30 0 5.0 2.0,-5.25 186.325 -1.5707963267948966 flow_1_11 0 5.0 2.0,1.75 2.7100000000000366 1.5707963267948966 flow_2_28 0 5.0 2.0,-36.01879423494169 1.75 3.141592653589793 flow_3_10 0 5.0 2.0,86.30499999999987 1.75 3.141592653589793 flow_4_31 0 5.0 2.0,10.067656249999914 5.25 3.141592653589793 flow_5_11 0 5.0 2.0,-240.4250000000003 1.75 3.141592653589793 flow_4_30 0 5.0 2.0,1.75 -102.97499999999991 1.5707963267948966 flow_2_30 0 5.0 2.0,1.75 -15.539999999999964 1.5707963267948966 flow_2_29 0 5.0 2.0,-1.75 -2.7100000000000366 -1.5707963267948966 flow_0_28 0 5.0 2.0,5.25 -186.325 1.5707963267948966 flow_3_11 0 5.0 2.0,36.01879423494169 -1.75 0.0 flow_1_10 0 5.0 2.0,-10.067656249999914 -5.25 0.0 flow_7_11 0 5.0 2.0,-86.30499999999987 -1.75 0.0 flow_6_31 0 5.0 2.0,-1.75 15.539999999999964 -1.5707963267948966 flow_0_29 0 5.0 2.0,240.4250000000003 -1.75 0.0 flow_6_30 0 5.0 2.0,;HHL_QHDD_N g g,HHL_QHDD_S g g,HHL_QHDD_E r r,HHL_QHDD_W r r,
-1.75 86.30499999999987 -1.5707963267948966 flow_0_30 0 5.0 2.0,-5.25 169.65499999999998 -1.5707963267948966 flow_1_11 0 5.0 2.0,1.75 14.710000000000037 1.5707963267948966 flow_2_28 0 5.0 2.0,-49.01879423494169 1.75 3.141592653589793 flow_3_10 0 5.0 2.0,69.63499999999988 1.75 3.141592653589793 flow_4_31 0 5.0 2.0,10.067656249999914 5.25 3.141592653589793 flow_5_11 0 5.0 2.0,-257.0950000000003 1.75 3.141592653589793 flow_4_30 0 5.0 2.0,1.75 -86.30499999999987 1.5707963267948966 flow_2_30 0 5.0 2.0,1.75 -11.039999999999964 1.5707963267948966 flow_2_29 0 5.0 2.0,-1.75 -14.710000000000037 -1.5707963267948966 flow_0_28 0 5.0 2.0,5.25 -169.65499999999998 1.5707963267948966 flow_3_11 0 5.0 2.0,49.01879423494169 -1.75 0.0 flow_1_10 0 5.0 2.0,-10.067656249999914 -5.25 0.0 flow_7_11 0 5.0 2.0,-69.63499999999988 -1.75 0.0 flow_6_31 0 5.0 2.0,-1.75 11.039999999999964 -1.5707963267948966 flow_0_29 0 5.0 2.0,257.0950000000003 -1.75 0.0 flow_6_30 0 5.0 2.0,;HHL_QHDD_N g g,HHL_QHDD_S g g,HHL_QHDD_E r r,HHL_QHDD_W r r,
-1.75 69.63499999999988 -1.5707963267948966 flow_0_30 0 5.0 2.0,-5.25 152.98499999999997 -1.5707963267948966 flow_1_11 0 5.0 2.0,1.75 23.710000000000038 1.5707963267948966 flow_2_28 0 5.0 2.0,-64.01879423494168 1.75 3.141592653589793 flow_3_10 0 5.0 2.0,52.96499999999986 1.75 3.141592653589793 flow_4_31 0 5.0 2.0,10.067656249999914 5.25 3.141592653589793 flow_5_11 0 5.0 2.0,-273.7650000000003 1.75 3.141592653589793 flow_4_30 0 5.0 2.0,1.75 -69.63499999999988 1.5707963267948966 flow_2_30 0 5.0 2.0,1.75 0.4600000000000364 1.5707963267948966 flow_2_29 0 5.0 2.0,-1.75 -23.710000000000038 -1.5707963267948966 flow_0_28 0 5.0 2.0,5.25 -152.98499999999997 1.5707963267948966 flow_3_11 0 5.0 2.0,64.01879423494168 -1.75 0.0 flow_1_10 0 5.0 2.0,-10.067656249999914 -5.25 0.0 flow_7_11 0 5.0 2.0,-52.96499999999986 -1.75 0.0 flow_6_31 0 5.0 2.0,-1.75 -0.4600000000000364 -1.5707963267948966 flow_0_29 0 5.0 2.0,273.7650000000003 -1.75 0.0 flow_6_30 0 5.0 2.0,;HHL_QHDD_N g g,HHL_QHDD_S g g,HHL_QHDD_E r r,HHL_QHDD_W r r,
-1.75 52.96499999999986 -1.5707963267948966 flow_0_30 0 5.0 2.0,-5.25 136.31499999999995 -1.5707963267948966 flow_1_11 0 5.0 2.0,1.75 34.710000000000039 1.5707963267948966 flow_2_28 0 5.0 2.0,-80.35379423494169 1.75 3.141592653589793 flow_3_10 0 5.0 2.0,37.961999999999878 1.75 3.141592653589793 flow_4_31 0 5.0 2.0,10.067656249999914 5.25 3.141592653589793 flow_5_11 0 5.0 2.0,-290.43500000000037 1.75 3.141592653589793 flow_4_30 0 5.0 2.0,1.75 -52.96499999999986 1.5707963267948966 flow_2_30 0 5.0 2.0,1.75 13.960000000000037 1.5707963267948966 flow_2_29 0 5.0 2.0,-1.75 -34.710000000000039 -1.5707963267948966 flow_0_28 0 5.0 2.0,5.25 -136.31499999999995 1.5707963267948966 flow_3_11 0 5.0 2.0,80.35379423494169 -1.75 0.0 flow_1_10 0 5.0 2.0,-10.067656249999914 -5.25 0.0 flow_7_11 0 5.0 2.0,-37.961999999999878 -1.75 0.0 flow_6_31 0 5.0 2.0,-1.75 -13.960000000000037 -1.5707963267948966 flow_0_29 0 5.0 2.0,290.43500000000037 -1.75 0.0 flow_6_30 0 5.0 2.0,;HHL_QHDD_N g g,HHL_QHDD_S g g,HHL_QHDD_E r r,HHL_QHDD_W r r,
-1.75 36.294999999999848 -1.5707963267948966 flow_0_30 0 5.0 2.0,-5.25 119.64499999999993 -1.5707963267948966 flow_1_11 0 5.0 2.0,1.75 47.710000000000039 1.5707963267948966 flow_2_28 0 5.0 2.0,-97.02379423494169 1.75 3.141592653589793 flow_3_10 0 5.0 2.0,26.292999999999894 1.75 3.141592653589793 flow_4_31 0 5.0 2.0,10.067656249999914 5.25 3.141592653589793 flow_5_11 0 5.0 2.0,1.75 -36.294999999999848 1.5707963267948966 flow_2_30 0 5.0 2.0,299.0 1.75 3.141592653589793 flow_4_32 0 5.0 2.0,1.75 24.460000000000038 1.5707963267948966 flow_2_29 0 5.0 2.0,-1.75 -47.710000000000039 -1.5707963267948966 flow_0_28 0 5.0 2.0,5.25 -119.64499999999993 1.5707963267948966 flow_3_11 0 5.0 2.0,-299.0 -1.75 0.0 flow_6_32 0 5.0 2.0,97.02379423494169 -1.75 0.0 flow_1_10 0 5.0 2.0,-10.067656249999914 -5.25 0.0 flow_7_11 0 5.0 2.0,-26.292999999999894 -1.75 0.0 flow_6_31 0 5.0 2.0,-1.75 -24.460000000000038 -1.5707963267948966 flow_0_29 0 5.0 2.0,;HHL_QHDD_N g g,HHL_QHDD_S g g,HHL_QHDD_E r r,HHL_QHDD_W r r,
-1.75 19.62499999999983 -1.5707963267948966 flow_0_30 0 5.0 2.0,-5.25 102.97499999999991 -1.5707963267948966 flow_1_11 0 5.0 2.0,1.75 62.710000000000039 1.5707963267948966 flow_2_28 0 5.0 2.0,-113.69379423494169 1.75 3.141592653589793 flow_3_10 0 5.0 2.0,1.75 -299.0 1.5707963267948966 flow_2_31 0 5.0 2.0,17.957999999999914 1.75 3.141592653589793 flow_4_31 0 5.0 2.0,10.067656249999914 5.25 3.141592653589793 flow_5_11 0 5.0 2.0,-1.75 299.0 -1.5707963267948966 flow_0_31 0 5.0 2.0,1.75 -19.62499999999983 1.5707963267948966 flow_2_30 0 5.0 2.0,296.0 1.75 3.141592653589793 flow_4_32 0 5.0 2.0,1.75 36.835000000000039 1.5707963267948966 flow_2_29 0 5.0 2.0,-1.75 -62.710000000000039 -1.5707963267948966 flow_0_28 0 5.0 2.0,5.25 -102.97499999999991 1.5707963267948966 flow_3_11 0 5.0 2.0,-296.0 -1.75 0.0 flow_6_32 0 5.0 2.0,113.69379423494169 -1.75 0.0 flow_1_10 0 5.0 2.0,-10.067656249999914 -5.25 0.0 flow_7_11 0 5.0 2.0,-17.957999999999914 -1.75 0.0 flow_6_31 0 5.0 2.0,-1.75 -36.835000000000039 -1.5707963267948966 flow_0_29 0 5.0 2.0,;HHL_QHDD_N g g,HHL_QHDD_S g g,HHL_QHDD_E r r,HHL_QHDD_W r r,
-1.75 -2.0450000000001866 -1.5707963267948966 flow_0_30 0 5.0 2.0,-5.25 86.30499999999987 -1.5707963267948966 flow_1_11 0 5.0 2.0,1.75 79.04500000000005 1.5707963267948966 flow_2_28 0 5.0 2.0,-130.36379423494169 1.75 3.141592653589793 flow_3_10 0 5.0 2.0,1.75 -296.0 1.5707963267948966 flow_2_31 0 5.0 2.0,12.956999999999937 1.75 3.141592653589793 flow_4_31 0 5.0 2.0,10.067656249999914 5.25 3.141592653589793 flow_5_11 0 5.0 2.0,-1.75 296.0 -1.5707963267948966 flow_0_31 0 5.0 2.0,1.75 2.0450000000001866 1.5707963267948966 flow_2_30 0 5.0 2.0,291.0 1.75 3.141592653589793 flow_4_32 0 5.0 2.0,1.75 51.02250000000004 1.5707963267948966 flow_2_29 0 5.0 2.0,-1.75 -79.04500000000005 -1.5707963267948966 flow_0_28 0 5.0 2.0,5.25 -86.30499999999987 1.5707963267948966 flow_3_11 0 5.0 2.0,-291.0 -1.75 0.0 flow_6_32 0 5.0 2.0,130.36379423494169 -1.75 0.0 flow_1_10 0 5.0 2.0,-10.067656249999914 -5.25 0.0 flow_7_11 0 5.0 2.0,-12.956999999999937 -1.75 0.0 flow_6_31 0 5.0 2.0,-1.75 -51.02250000000004 -1.5707963267948966 flow_0_29 0 5.0 2.0,;HHL_QHDD_N g g,HHL_QHDD_S g g,HHL_QHDD_E r r,HHL_QHDD_W r r,
-1.75 -23.715000000000189 -1.5707963267948966 flow_0_30 0 5.0 2.0,-5.25 69.63499999999988 -1.5707963267948966 flow_1_11 0 5.0 2.0,1.75 95.71500000000005 1.5707963267948966 flow_2_28 0 5.0 2.0,-147.0337942349417 1.75 3.141592653589793 flow_3_10 0 5.0 2.0,1.75 -291.0 1.5707963267948966 flow_2_31 0 5.0 2.0,11.289999999999964 1.75 3.141592653589793 flow_4_31 0 5.0 2.0,10.067656249999914 5.25 3.141592653589793 flow_5_11 0 5.0 2.0,-1.75 291.0 -1.5707963267948966 flow_0_31 0 5.0 2.0,1.75 23.715000000000189 1.5707963267948966 flow_2_30 0 5.0 2.0,284.0 1.75 3.141592653589793 flow_4_32 0 5.0 2.0,1.75 66.61750000000004 1.5707963267948966 flow_2_29 0 5.0 2.0,-1.75 -95.71500000000005 -1.5707963267948966 flow_0_28 0 5.0 2.0,5.25 -69.63499999999988 1.5707963267948966 flow_3_11 0 5.0 2.0,-284.0 -1.75 0.0 flow_6_32 0 5.0 2.0,147.0337942349417 -1.75 0.0 flow_1_10 0 5.0 2.0,-10.067656249999914 -5.25 0.0 flow_7_11 0 5.0 2.0,-11.289999999999964 -1.75 0.0 flow_6_31 0 5.0 2.0,-1.75 -66.61750000000004 -1.5707963267948966 flow_0_29 0 5.0 2.0,;HHL_QHDD_N g g,HHL_QHDD_S g g,HHL_QHDD_E r r,HHL_QHDD_W r r,
-1.75 -40.38500000000019 -1.5707963267948966 flow_0_30 0 5.0 2.0,-5.25 55.21499999999986 -1.5707963267948966 flow_1_11 0 5.0 2.0,1.75 112.38500000000005 1.5707963267948966 flow_2_28 0 5.0 2.0,-163.7037942349417 1.75 3.141592653589793 flow_3_10 0 5.0 2.0,1.75 -284.0 1.5707963267948966 flow_2_31 0 5.0 2.0,11.289999999999964 1.75 3.141592653589793 flow_4_31 0 5.0 2.0,10.067656249999914 5.25 3.141592653589793 flow_5_11 0 5.0 2.0,-1.75 284.0 -1.5707963267948966 flow_0_31 0 5.0 2.0,1.75 40.38500000000019 1.5707963267948966 flow_2_30 0 5.0 2.0,275.0 1.75 3.141592653589793 flow_4_32 0 5.0 2.0,1.75 82.83375000000004 1.5707963267948966 flow_2_29 0 5.0 2.0,-1.75 -112.38500000000005 -1.5707963267948966 flow_0_28 0 5.0 2.0,5.25 -55.21499999999986 1.5707963267948966 flow_3_11 0 5.0 2.0,-275.0 -1.75 0.0 flow_6_32 0 5.0 2.0,163.7037942349417 -1.75 0.0 flow_1_10 0 5.0 2.0,-10.067656249999914 -5.25 0.0 flow_7_11 0 5.0 2.0,-11.289999999999964 -1.75 0.0 flow_6_31 0 5.0 2.0,-1.75 -82.83375000000004 -1.5707963267948966 flow_0_29 0 5.0 2.0,;HHL_QHDD_N g g,HHL_QHDD_S g g,HHL_QHDD_E r r,HHL_QHDD_W r r,
-1.75 -57.05500000000019 -1.5707963267948966 flow_0_30 0 5.0 2.0,-5.25 44.96334999999988 -1.5707963267948966 flow_1_11 0 5.0 2.0,1.75 129.05500000000007 1.5707963267948966 flow_2_28 0 5.0 2.0,-180.37379423494174 1.75 3.141592653589793 flow_3_10 0 5.0 2.0,1.75 -275.0 1.5707963267948966 flow_2_31 0 5.0 2.0,11.289999999999964 1.75 3.141592653589793 flow_4_31 0 5.0 2.0,10.067656249999914 5.25 3.141592653589793 flow_5_11 0 5.0 2.0,-1.75 275.0 -1.5707963267948966 flow_0_31 0 5.0 2.0,1.75 57.05500000000019 1.5707963267948966 flow_2_30 0 5.0 2.0,264.0 1.75 3.141592653589793 flow_4_32 0 5.0 2.0,1.75 99.27687500000005 1.5707963267948966 flow_2_29 0 5.0 2.0,-1.75 -129.05500000000007 -1.5707963267948966 flow_0_28 0 5.0 2.0,5.25 -44.96334999999988 1.5707963267948966 flow_3_11 0 5.0 2.0,-264.0 -1.75 0.0 flow_6_32 0 5.0 2.0,180.37379423494174 -1.75 0.0 flow_1_10 0 5.0 2.0,-10.067656249999914 -5.25 0.0 flow_7_11 0 5.0 2.0,-11.289999999999964 -1.75 0.0 flow_6_31 0 5.0 2.0,-1.75 -99.27687500000005 -1.5707963267948966 flow_0_29 0 5.0 2.0,;HHL_QHDD_N g g,HHL_QHDD_S g g,HHL_QHDD_E r r,HHL_QHDD_W r r,
-1.75 -73.7250000000002 -1.5707963267948966 flow_0_30 0 5.0 2.0,-5.25 36.63004999999987 -1.5707963267948966 flow_1_11 0 5.0 2.0,1.75 145.72500000000006 1.5707963267948966 flow_2_28 0 5.0 2.0,-197.04379423494175 1.75 3.141592653589793 flow_3_10 0 5.0 2.0,1.75 -264.0 1.5707963267948966 flow_2_31 0 5.0 2.0,11.289999999999964 1.75 3.141592653589793 flow_4_31 0 5.0 2.0,10.067656249999914 5.25 3.141592653589793 flow_5_11 0 5.0 2.0,-1.75 264.0 -1.5707963267948966 flow_0_31 0 5.0 2.0,1.75 73.7250000000002 1.5707963267948966 flow_2_30 0 5.0 2.0,251.0 1.75 3.141592653589793 flow_4_32 0 5.0 2.0,1.75 115.83343750000005 1.5707963267948966 flow_2_29 0 5.0 2.0,-1.75 -145.72500000000006 -1.5707963267948966 flow_0_28 0 5.0 2.0,5.25 -36.63004999999987 1.5707963267948966 flow_3_11 0 5.0 2.0,-251.0 -1.75 0.0 flow_6_32 0 5.0 2.0,197.04379423494175 -1.75 0.0 flow_1_10 0 5.0 2.0,-10.067656249999914 -5.25 0.0 flow_7_11 0 5.0 2.0,-11.289999999999964 -1.75 0.0 flow_6_31 0 5.0 2.0,-1.75 -115.83343750000005 -1.5707963267948966 flow_0_29 0 5.0 2.0,;HHL_QHDD_N g g,HHL_QHDD_S g g,HHL_QHDD_E r r,HHL_QHDD_W r r,
-1.75 -90.3950000000002 -1.5707963267948966 flow_0_30 0 5.0 2.0,-5.25 28.29674999999986 -1.5707963267948966 flow_1_11 0 5.0 2.0,1.75 162.395 1.5707963267948966 flow_2_28 0 5.0 2.0,-213.71379423494177 1.75 3.141592653589793 flow_3_10 0 5.0 2.0,1.75 -251.0 1.5707963267948966 flow_2_31 0 5.0 2.0,11.289999999999964 1.75 3.141592653589793 flow_4_31 0 5.0 2.0,10.067656249999914 5.25 3.141592653589793 flow_5_11 0 5.0 2.0,-1.75 251.0 -1.5707963267948966 flow_0_31 0 5.0 2.0,1.75 90.3950000000002 1.5707963267948966 flow_2_30 0 5.0 2.0,236.0 1.75 3.141592653589793 flow_4_32 0 5.0 2.0,1.75 132.44671875000004 1.5707963267948966 flow_2_29 0 5.0 2.0,-1.75 -162.395 -1.5707963267948966 flow_0_28 0 5.0 2.0,5.25 -28.29674999999986 1.5707963267948966 flow_3_11 0 5.0 2.0,-236.0 -1.75 0.0 flow_6_32 0 5.0 2.0,213.71379423494177 -1.75 0.0 flow_1_10 0 5.0 2.0,-10.067656249999914 -5.25 0.0 flow_7_11 0 5.0 2.0,-11.289999999999964 -1.75 0.0 flow_6_31 0 5.0 2.0,-1.75 -132.44671875000004 -1.5707963267948966 flow_0_29 0 5.0 2.0,;HHL_QHDD_N g g,HHL_QHDD_S g g,HHL_QHDD_E r r,HHL_QHDD_W r r,
-1.75 -107.0650000000002 -1.5707963267948966 flow_0_30 0 5.0 2.0,-5.25 19.963449999999854 -1.5707963267948966 flow_1_11 0 5.0 2.0,1.75 179.06500000000006 1.5707963267948966 flow_2_28 0 5.0 2.0,-230.38379423494178 1.75 3.141592653589793 flow_3_10 0 5.0 2.0,1.75 -236.0 1.5707963267948966 flow_2_31 0 5.0 2.0,11.289999999999964 1.75 3.141592653589793 flow_4_31 0 5.0 2.0,10.067656249999914 5.25 3.141592653589793 flow_5_11 0 5.0 2.0,-1.75 236.0 -1.5707963267948966 flow_0_31 0 5.0 2.0,1.75 107.0650000000002 1.5707963267948966 flow_2_30 0 5.0 2.0,219.665 1.75 3.141592653589793 flow_4_32 0 5.0 2.0,1.75 149.08835937500005 1.5707963267948966 flow_2_29 0 5.0 2.0,-1.75 -179.06500000000006 -1.5707963267948966 flow_0_28 0 5.0 2.0,5.25 -19.963449999999854 1.5707963267948966 flow_3_11 0 5.0 2.0,-219.665 -1.75 0.0 flow_6_32 0 5.0 2.0,230.38379423494178 -1.75 0.0 flow_1_10 0 5.0 2.0,-10.067656249999914 -5.25 0.0 flow_7_11 0 5.0 2.0,-11.289999999999964 -1.75 0.0 flow_6_31 0 5.0 2.0,-1.75 -149.08835937500005 -1.5707963267948966 flow_0_29 0 5.0 2.0,;HHL_QHDD_N g g,HHL_QHDD_S g g,HHL_QHDD_E r r,HHL_QHDD_W r r,
-1.75 -123.7350000000002 -1.5707963267948966 flow_0_30 0 5.0 2.0,-5.25 11.630149999999844 -1.5707963267948966 flow_1_11 0 5.0 2.0,1.75 195.73500000000008 1.5707963267948966 flow_2_28 0 5.0 2.0,-247.0537942349418 1.75 3.141592653589793 flow_3_10 0 5.0 2.0,1.75 -219.665 1.5707963267948966 flow_2_31 0 5.0 2.0,11.289999999999964 1.75 3.141592653589793 flow_4_31 0 5.0 2.0,10.067656249999914 5.25 3.141592653589793 flow_5_11 0 5.0 2.0,-1.75 219.665 -1.5707963267948966 flow_0_31 0 5.0 2.0,1.75 123.7350000000002 1.5707963267948966 flow_2_30 0 5.0 2.0,202.995 1.75 3.141592653589793 flow_4_32 0 5.0 2.0,1.75 165.74417968750005 1.5707963267948966 flow_2_29 0 5.0 2.0,-1.75 -195.73500000000008 -1.5707963267948966 flow_0_28 0 5.0 2.0,5.25 -11.630149999999844 1.5707963267948966 flow_3_11 0 5.0 2.0,-202.995 -1.75 0.0 flow_6_32 0 5.0 2.0,247.0537942349418 -1.75 0.0 flow_1_10 0 5.0 2.0,-10.067656249999914 -5.25 0.0 flow_7_11 0 5.0 2.0,-11.289999999999964 -1.75 0.0 flow_6_31 0 5.0 2.0,-1.75 -165.74417968750005 -1.5707963267948966 flow_0_29 0 5.0 2.0,;HHL_QHDD_N g g,HHL_QHDD_S g g,HHL_QHDD_E r r,HHL_QHDD_W r r,
-1.75 -140.4050000000002 -1.5707963267948966 flow_0_30 0 5.0 2.0,3.2495743538325976 -0.8074631136021678 -0.4939413689195812 flow_1_11 0 5.0 2.0,1.75 212.4050000000001 1.5707963267948966 flow_2_28 0 5.0 2.0,-263.7237942349418 1.75 3.141592653589793 flow_3_10 0 5.0 2.0,1.75 -202.995 1.5707963267948966 flow_2_31 0 5.0 2.0,11.289999999999964 1.75 3.141592653589793 flow_4_31 0 5.0 2.0,10.067656249999914 5.25 3.141592653589793 flow_5_11 0 5.0 2.0,-1.75 202.995 -1.5707963267948966 flow_0_31 0 5.0 2.0,1.75 140.4050000000002 1.5707963267948966 flow_2_30 0 5.0 2.0,186.325 1.75 3.141592653589793 flow_4_32 0 5.0 2.0,1.75 182.40708984375005 1.5707963267948966 flow_2_29 0 5.0 2.0,-1.75 -212.4050000000001 -1.5707963267948966 flow_0_28 0 5.0 2.0,-3.2495743538325976 0.8074631136021678 2.647651284670212 flow_3_11 0 5.0 2.0,-186.325 -1.75 0.0 flow_6_32 0 5.0 2.0,263.7237942349418 -1.75 0.0 flow_1_10 0 5.0 2.0,-10.067656249999914 -5.25 0.0 flow_7_11 0 5.0 2.0,-11.289999999999964 -1.75 0.0 flow_6_31 0 5.0 2.0,-1.75 -182.40708984375005 -1.5707963267948966 flow_0_29 0 5.0 2.0,;HHL_QHDD_N g g,HHL_QHDD_S g g,HHL_QHDD_E r r,HHL_QHDD_W r r,
-1.75 -157.07500000000023 -1.5707963267948966 flow_0_30 0 5.0 2.0,17.345244234941818 -1.75 0.0 flow_1_11 0 5.0 2.0,1.75 229.0750000000001 1.5707963267948966 flow_2_28 0 5.0 2.0,-280.3937942349418 1.75 3.141592653589793 flow_3_10 0 5.0 2.0,1.75 -186.325 1.5707963267948966 flow_2_31 0 5.0 2.0,11.289999999999964 1.75 3.141592653589793 flow_4_31 0 5.0 2.0,10.067656249999914 5.25 3.141592653589793 flow_5_11 0 5.0 2.0,-1.75 186.325 -1.5707963267948966 flow_0_31 0 5.0 2.0,1.75 157.07500000000023 1.5707963267948966 flow_2_30 0 5.0 2.0,169.65499999999998 1.75 3.141592653589793 flow_4_32 0 5.0 2.0,1.75 199.07354492187506 1.5707963267948966 flow_2_29 0 5.0 2.0,-1.75 -229.0750000000001 -1.5707963267948966 flow_0_28 0 5.0 2.0,-17.345244234941818 1.75 3.141592653589793 flow_3_11 0 5.0 2.0,-169.65499999999998 -1.75 0.0 flow_6_32 0 5.0 2.0,280.3937942349418 -1.75 0.0 flow_1_10 0 5.0 2.0,-10.067656249999914 -5.25 0.0 flow_7_11 0 5.0 2.0,-11.289999999999964 -1.75 0.0 flow_6_31 0 5.0 2.0,-1.75 -199.07354492187506 -1.5707963267948966 flow_0_29 0 5.0 2.0,;HHL_QHDD_N g g,HHL_QHDD_S g g,HHL_QHDD_E r r,HHL_QHDD_W r r,
-1.75 -173.74500000000024 -1.5707963267948966 flow_0_30 0 5.0 2.0,28.678544234941819 -1.75 0.0 flow_1_11 0 5.0 2.0,1.75 245.74500000000013 1.5707963267948966 flow_2_28 0 5.0 2.0,-297.06379423494186 1.75 3.141592653589793 flow_3_10 0 5.0 2.0,1.75 -169.65499999999998 1.5707963267948966 flow_2_31 0 5.0 2.0,11.289999999999964 1.75 3.141592653589793 flow_4_31 0 5.0 2.0,10.067656249999914 5.25 3.141592653589793 flow_5_11 0 5.0 2.0,-1.75 169.65499999999998 -1.5707963267948966 flow_0_31 0 5.0 2.0,1.75 173.74500000000024 1.5707963267948966 flow_2_30 0 5.0 2.0,152.98499999999997 1.75 3.141592653589793 flow_4_32 0 5.0 2.0,1.75 215.74177246093758 1.5707963267948966 flow_2_29 0 5.0 2.0,-1.75 -245.74500000000013 -1.5707963267948966 flow_0_28 0 5.0 2.0,-28.678544234941819 1.75 3.141592653589793 flow_3_11 0 5.0 2.0,-152.98499999999997 -1.75 0.0 flow_6_32 0 5.0 2.0,297.06379423494186 -1.75 0.0 flow_1_10 0 5.0 2.0,-10.067656249999914 -5.25 0.0 flow_7_11 0 5.0 2.0,-11.289999999999964 -1.75 0.0 flow_6_31 0 5.0 2.0,-1.75 -215.74177246093758 -1.5707963267948966 flow_0_29 0 5.0 2.0,;HHL_QHDD_N g g,HHL_QHDD_S g g,HHL_QHDD_E r r,HHL_QHDD_W r r,
-1.75 -190.41500000000026 -1.5707963267948966 flow_0_30 0 5.0 2.0,42.01184423494182 -1.75 0.0 flow_1_11 0 5.0 2.0,1.75 262.41500000000016 1.5707963267948966 flow_2_28 0 5.0 2.0,1.75 -152.98499999999997 1.5707963267948966 flow_2_31 0 5.0 2.0,11.289999999999964 1.75 3.141592653589793 flow_4_31 0 5.0 2.0,10.067656249999914 5.25 3.141592653589793 flow_5_11 0 5.0 2.0,-1.75 152.98499999999997 -1.5707963267948966 flow_0_31 0 5.0 2.0,1.75 190.41500000000026 1.5707963267948966 flow_2_30 0 5.0 2.0,136.31499999999995 1.75 3.141592653589793 flow_4_32 0 5.0 2.0,1.75 232.41088623046887 1.5707963267948966 flow_2_29 0 5.0 2.0,-1.75 -262.41500000000016 -1.5707963267948966 flow_0_28 0 5.0 2.0,-42.01184423494182 1.75 3.141592653589793 flow_3_11 0 5.0 2.0,-136.31499999999995 -1.75 0.0 flow_6_32 0 5.0 2.0,-10.067656249999914 -5.25 0.0 flow_7_11 0 5.0 2.0,-11.289999999999964 -1.75 0.0 flow_6_31 0 5.0 2.0,-1.75 -232.41088623046887 -1.5707963267948966 flow_0_29 0 5.0 2.0,;HHL_QHDD_N g g,HHL_QHDD_S g g,HHL_QHDD_E r r,HHL_QHDD_W r r,
-1.75 -207.08500000000027 -1.5707963267948966 flow_0_30 0 5.0 2.0,57.34514423494182 -1.75 0.0 flow_1_11 0 5.0 2.0,1.75 279.08500000000017 1.5707963267948966 flow_2_28 0 5.0 2.0,1.75 -136.31499999999995 1.5707963267948966 flow_2_31 0 5.0 2.0,11.289999999999964 1.75 3.141592653589793 flow_4_31 0 5.0 2.0,10.067656249999914 5.25 3.141592653589793 flow_5_11 0 5.0 2.0,-1.75 136.31499999999995 -1.5707963267948966 flow_0_31 0 5.0 2.0,1.75 207.08500000000027 1.5707963267948966 flow_2_30 0 5.0 2.0,119.64499999999993 1.75 3.141592653589793 flow_4_32 0 5.0 2.0,1.75 249.0804431152345 1.5707963267948966 flow_2_29 0 5.0 2.0,-1.75 -279.08500000000017 -1.5707963267948966 flow_0_28 0 5.0 2.0,-57.34514423494182 1.75 3.141592653589793 flow_3_11 0 5.0 2.0,-119.64499999999993 -1.75 0.0 flow_6_32 0 5.0 2.0,-10.067656249999914 -5.25 0.0 flow_7_11 0 5.0 2.0,-11.289999999999964 -1.75 0.0 flow_6_31 0 5.0 2.0,-1.75 -249.0804431152345 -1.5707963267948966 flow_0_29 0 5.0 2.0,;HHL_QHDD_N g g,HHL_QHDD_S g g,HHL_QHDD_E r r,HHL_QHDD_W r r,
-1.75 -223.75500000000029 -1.5707963267948966 flow_0_30 0 5.0 2.0,73.84679423494183 -1.75 0.0 flow_1_11 0 5.0 2.0,1.75 295.75500000000019 1.5707963267948966 flow_2_28 0 5.0 2.0,1.75 -119.64499999999993 1.5707963267948966 flow_2_31 0 5.0 2.0,11.289999999999964 1.75 3.141592653589793 flow_4_31 0 5.0 2.0,10.067656249999914 5.25 3.141592653589793 flow_5_11 0 5.0 2.0,-1.75 119.64499999999993 -1.5707963267948966 flow_0_31 0 5.0 2.0,1.75 223.75500000000029 1.5707963267948966 flow_2_30 0 5.0 2.0,102.97499999999991 1.75 3.141592653589793 flow_4_32 0 5.0 2.0,1.75 265.75022155761737 1.5707963267948966 flow_2_29 0 5.0 2.0,-1.75 -295.75500000000019 -1.5707963267948966 flow_0_28 0 5.0 2.0,-73.84679423494183 1.75 3.141592653589793 flow_3_11 0 5.0 2.0,-102.97499999999991 -1.75 0.0 flow_6_32 0 5.0 2.0,-10.067656249999914 -5.25 0.0 flow_7_11 0 5.0 2.0,-11.289999999999964 -1.75 0.0 flow_6_31 0 5.0 2.0,-1.75 -265.75022155761737 -1.5707963267948966 flow_0_29 0 5.0 2.0,;HHL_QHDD_N r r,HHL_QHDD_S r r,HHL_QHDD_E r r,HHL_QHDD_W r r,
-1.75 -240.4250000000003 -1.5707963267948966 flow_0_30 0 5.0 2.0,90.51679423494183 -1.75 0.0 flow_1_11 0 5.0 2.0,1.75 -102.97499999999991 1.5707963267948966 flow_2_31 0 5.0 2.0,11.289999999999964 1.75 3.141592653589793 flow_4_31 0 5.0 2.0,10.067656249999914 5.25 3.141592653589793 flow_5_11 0 5.0 2.0,-1.75 102.97499999999991 -1.5707963267948966 flow_0_31 0 5.0 2.0,1.75 240.4250000000003 1.5707963267948966 flow_2_30 0 5.0 2.0,86.30499999999987 1.75 3.141592653589793 flow_4_32 0 5.0 2.0,1.75 282.42011077880877 1.5707963267948966 flow_2_29 0 5.0 2.0,-90.51679423494183 1.75 3.141592653589793 flow_3_11 0 5.0 2.0,-86.30499999999987 -1.75 0.0 flow_6_32 0 5.0 2.0,-10.067656249999914 -5.25 0.0 flow_7_11 0 5.0 2.0,-11.289999999999964 -1.75 0.0 flow_6_31 0 5.0 2.0,-1.75 -282.42011077880877 -1.5707963267948966 flow_0_29 0 5.0 2.0,;HHL_QHDD_N r r,HHL_QHDD_S r r,HHL_QHDD_E r r,HHL_QHDD_W r r,
-1.75 -257.0950000000003 -1.5707963267948966 flow_0_30 0 5.0 2.0,107.18679423494183 -1.75 0.0 flow_1_11 0 5.0 2.0,1.75 -86.30499999999987 1.5707963267948966 flow_2_31 0 5.0 2.0,11.289999999999964 1.75 3.141592653589793 flow_4_31 0 5.0 2.0,10.067656249999914 5.25 3.141592653589793 flow_5_11 0 5.0 2.0,-1.75 86.30499999999987 -1.5707963267948966 flow_0_31 0 5.0 2.0,1.75 257.0950000000003 1.5707963267948966 flow_2_30 0 5.0 2.0,69.63499999999988 1.75 3.141592653589793 flow_4_32 0 5.0 2.0,1.75 299.0900738525392 1.5707963267948966 flow_2_29 0 5.0 2.0,-107.18679423494183 1.75 3.141592653589793 flow_3_11 0 5.0 2.0,-69.63499999999988 -1.75 0.0 flow_6_32 0 5.0 2.0,-10.067656249999914 -5.25 0.0 flow_7_11 0 5.0 2.0,-11.289999999999964 -1.75 0.0 flow_6_31 0 5.0 2.0,-1.75 -299.0900738525392 -1.5707963267948966 flow_0_29 0 5.0 2.0,;HHL_QHDD_N r r,HHL_QHDD_S r r,HHL_QHDD_E r r,HHL_QHDD_W r r,
-1.75 -273.7650000000003 -1.5707963267948966 flow_0_30 0 5.0 2.0,123.85679423494183 -1.75 0.0 flow_1_11 0 5.0 2.0,1.75 -69.63499999999988 1.5707963267948966 flow_2_31 0 5.0 2.0,11.289999999999964 1.75 3.141592653589793 flow_4_31 0 5.0 2.0,4.067656249999914 -1.75 3.141592653589793 flow_5_11 0 5.0 2.0,-1.75 69.63499999999988 -1.5707963267948966 flow_0_31 0 5.0 2.0,1.75 273.7650000000003 1.5707963267948966 flow_2_30 0 5.0 2.0,52.96499999999986 1.75 3.141592653589793 flow_4_32 0 5.0 2.0,-123.85679423494183 1.75 3.141592653589793 flow_3_11 0 5.0 2.0,-52.96499999999986 -1.75 0.0 flow_6_32 0 5.0 2.0,-4.067656249999914 1.75 0.0 flow_7_11 0 5.0 2.0,-11.289999999999964 -1.75 0.0 flow_6_31 0 5.0 2.0,;HHL_QHDD_N r r,HHL_QHDD_S r r,HHL_QHDD_E g g,HHL_QHDD_W g g,
-1.75 -290.43500000000037 -1.5707963267948966 flow_0_30 0 5.0 2.0,140.52679423494184 -1.75 0.0 flow_1_11 0 5.0 2.0,299.0 1.75 3.141592653589793 flow_4_33 0 5.0 2.0,1.75 -52.96499999999986 1.5707963267948966 flow_2_31 0 5.0 2.0,-299.0 -5.25 0.0 flow_7_12 0 5.0 2.0,11.289999999999964 1.75 3.141592653589793 flow_4_31 0 5.0 2.0,1.0676562499999137 -1.75 3.141592653589793 flow_5_11 0 5.0 2.0,-1.75 52.96499999999986 -1.5707963267948966 flow_0_31 0 5.0 2.0,1.75 290.43500000000037 1.5707963267948966 flow_2_30 0 5.0 2.0,38.04749554005957 1.75 3.141592653589793 flow_4_32 0 5.0 2.0,-140.52679423494184 1.75 3.141592653589793 flow_3_11 0 5.0 2.0,-38.04749554005957 -1.75 0.0 flow_6_32 0 5.0 2.0,-299.0 -1.75 0.0 flow_6_33 0 5.0 2.0,-1.0676562499999137 1.75 0.0 flow_7_11 0 5.0 2.0,-11.289999999999964 -1.75 0.0 flow_6_31 0 5.0 2.0,299.0 5.25 3.141592653589793 flow_5_12 0 5.0 2.0,;HHL_QHDD_N r r,HHL_QHDD_S r r,HHL_QHDD_E g g,HHL_QHDD_W g g,
157.19679423494183 -1.75 0.0 flow_1_11 0 5.0 2.0,296.0 1.75 3.141592653589793 flow_4_33 0 5.0 2.0,1.75 -37.961999999999878 1.5707963267948966 flow_2_31 0 5.0 2.0,-296.0 -5.25 0.0 flow_7_12 0 5.0 2.0,11.289999999999964 1.75 3.141592653589793 flow_4_31 0 5.0 2.0,-1.75 -10.241137984941738 -1.5707963267948966 flow_5_11 0 5.0 2.0,-1.75 37.961999999999878 -1.5707963267948966 flow_0_31 0 5.0 2.0,27.132486620178953 1.75 3.141592653589793 flow_4_32 0 5.0 2.0,-157.19679423494183 1.75 3.141592653589793 flow_3_11 0 5.0 2.0,-27.132486620178953 -1.75 0.0 flow_6_32 0 5.0 2.0,-296.0 -1.75 0.0 flow_6_33 0 5.0 2.0,1.75 10.241137984941738 1.5707963267948966 flow_7_11 0 5.0 2.0,-11.289999999999964 -1.75 0.0 flow_6_31 0 5.0 2.0,296.0 5.25 3.141592653589793 flow_5_12 0 5.0 2.0,;HHL_QHDD_N r r,HHL_QHDD_S r r,HHL_QHDD_E g g,HHL_QHDD_W g g,
1.75 -299.0 1.5707963267948966 flow_2_32 0 5.0 2.0,173.86679423494184 -1.75 0.0 flow_1_11 0 5.0 2.0,291.0 1.75 3.141592653589793 flow_4_33 0 5.0 2.0,1.75 -26.292999999999894 1.5707963267948966 flow_2_31 0 5.0 2.0,-291.0 -5.25 0.0 flow_7_12 0 5.0 2.0,10.289999999999964 1.75 3.141592653589793 flow_4_31 0 5.0 2.0,-1.75 -17.241137984941738 -1.5707963267948966 flow_5_11 0 5.0 2.0,-1.75 26.292999999999894 -1.5707963267948966 flow_0_31 0 5.0 2.0,-1.75 299.0 -1.5707963267948966 flow_0_32 0 5.0 2.0,20.717477700298333 1.75 3.141592653589793 flow_4_32 0 5.0 2.0,-173.86679423494184 1.75 3.141592653589793 flow_3_11 0 5.0 2.0,-20.717477700298333 -1.75 0.0 flow_6_32 0 5.0 2.0,-291.0 -1.75 0.0 flow_6_33 0 5.0 2.0,1.75 17.241137984941738 1.5707963267948966 flow_7_11 0 5.0 2.0,-10.289999999999964 -1.75 0.0 flow_6_31 0 5.0 2.0,291.0 5.25 3.141592653589793 flow_5_12 0 5.0 2.0,;HHL_QHDD_N r r,HHL_QHDD_S r r,HHL_QHDD_E g g,HHL_QHDD_W g g,
1.75 -296.0 1.5707963267948966 flow_2_32 0 5.0 2.0,190.53679423494186 -1.75 0.0 flow_1_11 0 5.0 2.0,284.0 1.75 3.141592653589793 flow_4_33 0 5.0 2.0,1.75 -17.957999999999914 1.5707963267948966 flow_2_31 0 5.0 2.0,-284.0 -5.25 0.0 flow_7_12 0 5.0 2.0,2.2899999999999638 1.75 3.141592653589793 flow_4_31 0 5.0 2.0,-1.75 -26.241137984941738 -1.5707963267948966 flow_5_11 0 5.0 2.0,-1.75 17.957999999999914 -1.5707963267948966 flow_0_31 0 5.0 2.0,-1.75 296.0 -1.5707963267948966 flow_0_32 0 5.0 2.0,17.718695505505253 1.75 3.141592653589793 flow_4_32 0 5.0 2.0,-190.53679423494186 1.75 3.141592653589793 flow_3_11 0 5.0 2.0,-17.718695505505253 -1.75 0.0 flow_6_32 0 5.0 2.0,-284.0 -1.75 0.0 flow_6_33 0 5.0 2.0,1.75 26.241137984941738 1.5707963267948966 flow_7_11 0 5.0 2.0,-2.2899999999999638 -1.75 0.0 flow_6_31 0 5.0 2.0,284.0 5.25 3.141592653589793 flow_5_12 0 5.0 2.0,;HHL_QHDD_N r r,HHL_QHDD_S r r,HHL_QHDD_E g g,HHL_QHDD_W g g,
1.75 -291.0 1.5707963267948966 flow_2_32 0 5.0 2.0,207.20679423494185 -1.75 0.0 flow_1_11 0 5.0 2.0,275.0 1.75 3.141592653589793 flow_4_33 0 5.0 2.0,1.75 -12.956999999999937 1.5707963267948966 flow_2_31 0 5.0 2.0,-275.0 -5.25 0.0 flow_7_12 0 5.0 2.0,-2.7100000000000366 1.75 3.141592653589793 flow_4_31 0 5.0 2.0,-1.75 -37.241137984941747 -1.5707963267948966 flow_5_11 0 5.0 2.0,-1.75 12.956999999999937 -1.5707963267948966 flow_0_31 0 5.0 2.0,-1.75 291.0 -1.5707963267948966 flow_0_32 0 5.0 2.0,14.886140035799713 1.75 3.141592653589793 flow_4_32 0 5.0 2.0,-207.20679423494185 1.75 3.141592653589793 flow_3_11 0 5.0 2.0,-14.886140035799713 -1.75 0.0 flow_6_32 0 5.0 2.0,-275.0 -1.75 0.0 flow_6_33 0 5.0 2.0,1.75 37.241137984941747 1.5707963267948966 flow_7_11 0 5.0 2.0,2.7100000000000366 -1.75 0.0 flow_6_31 0 5.0 2.0,275.0 5.25 3.141592653589793 flow_5_12 0 5.0 2.0,;HHL_QHDD_N r r,HHL_QHDD_S r r,HHL_QHDD_E g g,HHL_QHDD_W g g,
1.75 -284.0 1.5707963267948966 flow_2_32 0 5.0 2.0,223.87679423494189 -1.75 0.0 flow_1_11 0 5.0 2.0,264.0 1.75 3.141592653589793 flow_4_33 0 5.0 2.0,1.75 -11.289999999999964 1.5707963267948966 flow_2_31 0 5.0 2.0,-264.0 -5.25 0.0 flow_7_12 0 5.0 2.0,-14.710000000000037 1.75 3.141592653589793 flow_4_31 0 5.0 2.0,-1.75 -50.24113798494174 -1.5707963267948966 flow_5_11 0 5.0 2.0,-1.75 11.289999999999964 -1.5707963267948966 flow_0_31 0 5.0 2.0,-1.75 284.0 -1.5707963267948966 flow_0_32 0 5.0 2.0,10.053584566094174 1.75 3.141592653589793 flow_4_32 0 5.0 2.0,-223.87679423494189 1.75 3.141592653589793 flow_3_11 0 5.0 2.0,-10.053584566094174 -1.75 0.0 flow_6_32 0 5.0 2.0,-264.0 -1.75 0.0 flow_6_33 0 5.0 2.0,1.75 50.24113798494174 1.5707963267948966 flow_7_11 0 5.0 2.0,14.710000000000037 -1.75 0.0 flow_6_31 0 5.0 2.0,264.0 5.25 3.141592653589793 flow_5_12 0 5.0 2.0,;HHL_QHDD_N r r,HHL_QHDD_S r r,HHL_QHDD_E g g,HHL_QHDD_W g g,
1.75 -275.0 1.5707963267948966 flow_2_32 0 5.0 2.0,240.5467942349419 -1.75 0.0 flow_1_11 0 5.0 2.0,251.0 1.75 3.141592653589793 flow_4_33 0 5.0 2.0,1.75 -11.289999999999964 1.5707963267948966 flow_2_31 0 5.0 2.0,-251.0 -5.25 0.0 flow_7_12 0 5.0 2.0,-23.710000000000038 1.75 3.141592653589793 flow_4_31 0 5.0 2.0,-1.75 -65.24113798494173 -1.5707963267948966 flow_5_11 0 5.0 2.0,-1.75 11.289999999999964 -1.5707963267948966 flow_0_31 0 5.0 2.0,-1.75 275.0 -1.5707963267948966 flow_0_32 0 5.0 2.0,-1.5745198765689566 1.75 3.141592653589793 flow_4_32 0 5.0 2.0,-240.5467942349419 1.75 3.141592653589793 flow_3_11 0 5.0 2.0,1.5745198765689566 -1.75 0.0 flow_6_32 0 5.0 2.0,-251.0 -1.75 0.0 flow_6_33 0 5.0 2.0,1.75 65.24113798494173 1.5707963267948966 flow_7_11 0 5.0 2.0,23.710000000000038 -1.75 0.0 flow_6_31 0 5.0 2.0,251.0 5.25 3.141592653589793 flow_5_12 0 5.0 2.0,;HHL_QHDD_N r r,HHL_QHDD_S r r,HHL_QHDD_E g g,HHL_QHDD_W g g,
1.75 -264.0 1.5707963267948966 flow_2_32 0 5.0 2.0,257.216794234942 -1.75 0.0 flow_1_11 0 5.0 2.0,236.0 1.75 3.141592653589793 flow_4_33 0 5.0 2.0,1.75 -11.289999999999964 1.5707963267948966 flow_2_31 0 5.0 2.0,-236.0 -5.25 0.0 flow_7_12 0 5.0 2.0,-34.710000000000039 1.75 3.141592653589793 flow_4_31 0 5.0 2.0,-1.75 -81.57613798494174 -1.5707963267948966 flow_5_11 0 5.0 2.0,-1.75 11.289999999999964 -1.5707963267948966 flow_0_31 0 5.0 2.0,-1.75 264.0 -1.5707963267948966 flow_0_32 0 5.0 2.0,-14.892259938284499 1.75 3.141592653589793 flow_4_32 0 5.0 2.0,-257.216794234942 1.75 3.141592653589793 flow_3_11 0 5.0 2.0,14.892259938284499 -1.75 0.0 flow_6_32 0 5.0 2.0,-236.0 -1.75 0.0 flow_6_33 0 5.0 2.0,1.75 81.57613798494174 1.5707963267948966 flow_7_11 0 5.0 2.0,34.710000000000039 -1.75 0.0 flow_6_31 0 5.0 2.0,236.0 5.25 3.141592653589793 flow_5_12 0 5.0 2.0,;HHL_QHDD_N r r,HHL_QHDD_S r r,HHL_QHDD_E g g,HHL_QHDD_W g g,
1.75 -251.0 1.5707963267948966 flow_2_32 0 5.0 2.0,273.88679423494195 -1.75 0.0 flow_1_11 0 5.0 2.0,219.665 1.75 3.141592653589793 flow_4_33 0 5.0 2.0,1.75 -11.289999999999964 1.5707963267948966 flow_2_31 0 5.0 2.0,-219.665 -5.25 0.0 flow_7_12 0 5.0 2.0,-47.710000000000039 1.75 3.141592653589793 flow_4_31 0 5.0 2.0,-1.75 -98.24613798494174 -1.5707963267948966 flow_5_11 0 5.0 2.0,-1.75 11.289999999999964 -1.5707963267948966 flow_0_31 0 5.0 2.0,-1.75 251.0 -1.5707963267948966 flow_0_32 0 5.0 2.0,-25.051129969142268 1.75 3.141592653589793 flow_4_32 0 5.0 2.0,-273.88679423494195 1.75 3.141592653589793 flow_3_11 0 5.0 2.0,25.051129969142268 -1.75 0.0 flow_6_32 0 5.0 2.0,-219.665 -1.75 0.0 flow_6_33 0 5.0 2.0,1.75 98.24613798494174 1.5707963267948966 flow_7_11 0 5.0 2.0,47.710000000000039 -1.75 0.0 flow_6_31 0 5.0 2.0,219.665 5.25 3.141592653589793 flow_5_12 0 5.0 2.0,;HHL_QHDD_N r r,HHL_QHDD_S r r,HHL_QHDD_E g g,HHL_QHDD_W g g,
1.75 -236.0 1.5707963267948966 flow_2_32 0 5.0 2.0,290.55679423494197 -1.75 0.0 flow_1_11 0 5.0 2.0,202.995 1.75 3.141592653589793 flow_4_33 0 5.0 2.0,1.75 -11.289999999999964 1.5707963267948966 flow_2_31 0 5.0 2.0,-202.995 -5.25 0.0 flow_7_12 0 5.0 2.0,-62.710000000000039 1.75 3.141592653589793 flow_4_31 0 5.0 2.0,-1.75 -114.91613798494174 -1.5707963267948966 flow_5_11 0 5.0 2.0,-1.75 11.289999999999964 -1.5707963267948966 flow_0_31 0 5.0 2.0,-1.75 236.0 -1.5707963267948966 flow_0_32 0 5.0 2.0,-37.13056498457115 1.75 3.141592653589793 flow_4_32 0 5.0 2.0,-290.55679423494197 1.75 3.141592653589793 flow_3_11 0 5.0 2.0,37.13056498457115 -1.75 0.0 flow_6_32 0 5.0 2.0,-202.995 -1.75 0.0 flow_6_33 0 5.0 2.0,1.75 114.91613798494174 1.5707963267948966 flow_7_11 0 5.0 2.0,62.710000000000039 -1.75 0.0 flow_6_31 0 5.0 2.0,202.995 5.25 3.141592653589793 flow_5_12 0 5.0 2.0,;HHL_QHDD_N r r,HHL_QHDD_S r r,HHL_QHDD_E g g,HHL_QHDD_W g g,
1.75 -219.665 1.5707963267948966 flow_2_32 0 5.0 2.0,186.325 1.75 3.141592653589793 flow_4_33 0 5.0 2.0,1.75 -11.289999999999964 1.5707963267948966 flow_2_31 0 5.0 2.0,-186.325 -5.25 0.0 flow_7_12 0 5.0 2.0,-79.04500000000005 1.75 3.141592653589793 flow_4_31 0 5.0 2.0,-1.75 -131.58613798494174 -1.5707963267948966 flow_5_11 0 5.0 2.0,-1.75 11.289999999999964 -1.5707963267948966 flow_0_31 0 5.0 2.0,-1.75 219.665 -1.5707963267948966 flow_0_32 0 5.0 2.0,-51.170282492285597 1.75 3.141592653589793 flow_4_32 0 5.0 2.0,51.170282492285597 -1.75 0.0 flow_6_32 0 5.0 2.0,-186.325 -1.75 0.0 flow_6_33 0 5.0 2.0,1.75 131.58613798494174 1.5707963267948966 flow_7_11 0 5.0 2.0,79.04500000000005 -1.75 0.0 flow_6_31 0 5.0 2.0,186.325 5.25 3.141592653589793 flow_5_12 0 5.0 2.0,;HHL_QHDD_N r r,HHL_QHDD_S r r,HHL_QHDD_E g g,HHL_QHDD_W g g,
1.75 -202.995 1.5707963267948966 flow_2_32 0 5.0 2.0,169.65499999999998 1.75 3.141592653589793 flow_4_33 0 5.0 2.0,1.75 -11.289999999999964 1.5707963267948966 flow_2_31 0 5.0 2.0,-169.65499999999998 -5.25 0.0 flow_7_12 0 5.0 2.0,-95.71500000000005 1.75 3.141592653589793 flow_4_31 0 5.0 2.0,-1.75 -148.25613798494175 -1.5707963267948966 flow_5_11 0 5.0 2.0,-1.75 11.289999999999964 -1.5707963267948966 flow_0_31 0 5.0 2.0,-1.75 202.995 -1.5707963267948966 flow_0_32 0 5.0 2.0,-66.69139124614282 1.75 3.141592653589793 flow_4_32 0 5.0 2.0,66.69139124614282 -1.75 0.0 flow_6_32 0 5.0 2.0,-169.65499999999998 -1.75 0.0 flow_6_33 0 5.0 2.0,1.75 148.25613798494175 1.5707963267948966 flow_7_11 0 5.0 2.0,95.71500000000005 -1.75 0.0 flow_6_31 0 5.0 2.0,169.65499999999998 5.25 3.141592653589793 flow_5_12 0 5.0 2.0,;HHL_QHDD_N r r,HHL_QHDD_S r r,HHL_QHDD_E g g,HHL_QHDD_W g g,
1.75 -186.325 1.5707963267948966 flow_2_32 0 5.0 2.0,152.98499999999997 1.75 3.141592653589793 flow_4_33 0 5.0 2.0,1.75 -11.289999999999964 1.5707963267948966 flow_2_31 0 5.0 2.0,-152.98499999999997 -5.25 0.0 flow_7_12 0 5.0 2.0,-112.38500000000005 1.75 3.141592653589793 flow_4_31 0 5.0 2.0,-1.75 -164.92613798494177 -1.5707963267948966 flow_5_11 0 5.0 2.0,-1.75 11.289999999999964 -1.5707963267948966 flow_0_31 0 5.0 2.0,-1.75 186.325 -1.5707963267948966 flow_0_32 0 5.0 2.0,-82.87069562307143 1.75 3.141592653589793 flow_4_32 0 5.0 2.0,82.87069562307143 -1.75 0.0 flow_6_32 0 5.0 2.0,-152.98499999999997 -1.75 0.0 flow_6_33 0 5.0 2.0,1.75 164.92613798494177 1.5707963267948966 flow_7_11 0 5.0 2.0,112.38500000000005 -1.75 0.0 flow_6_31 0 5.0 2.0,152.98499999999997 5.25 3.141592653589793 flow_5_12 0 5.0 2.0,;HHL_QHDD_N r r,HHL_QHDD_S r r,HHL_QHDD_E g g,HHL_QHDD_W g g,
1.75 -169.65499999999998 1.5707963267948966 flow_2_32 0 5.0 2.0,136.31499999999995 1.75 3.141592653589793 flow_4_33 0 5.0 2.0,1.75 -11.289999999999964 1.5707963267948966 flow_2_31 0 5.0 2.0,-136.31499999999995 -5.25 0.0 flow_7_12 0 5.0 2.0,-129.05500000000007 1.75 3.141592653589793 flow_4_31 0 5.0 2.0,-1.75 -181.59613798494179 -1.5707963267948966 flow_5_11 0 5.0 2.0,-1.75 11.289999999999964 -1.5707963267948966 flow_0_31 0 5.0 2.0,-1.75 169.65499999999998 -1.5707963267948966 flow_0_32 0 5.0 2.0,-99.29534781153574 1.75 3.141592653589793 flow_4_32 0 5.0 2.0,99.29534781153574 -1.75 0.0 flow_6_32 0 5.0 2.0,-136.31499999999995 -1.75 0.0 flow_6_33 0 5.0 2.0,1.75 181.59613798494179 1.5707963267948966 flow_7_11 0 5.0 2.0,129.05500000000007 -1.75 0.0 flow_6_31 0 5.0 2.0,136.31499999999995 5.25 3.141592653589793 flow_5_12 0 5.0 2.0,;HHL_QHDD_N r r,HHL_QHDD_S r r,HHL_QHDD_E g g,HHL_QHDD_W g g,
1.75 -152.98499999999997 1.5707963267948966 flow_2_32 0 5.0 2.0,119.64499999999993 1.75 3.141592653589793 flow_4_33 0 5.0 2.0,1.75 -11.289999999999964 1.5707963267948966 flow_2_31 0 5.0 2.0,-119.64499999999993 -5.25 0.0 flow_7_12 0 5.0 2.0,-145.72500000000006 1.75 3.141592653589793 flow_4_31 0 5.0 2.0,-1.75 -198.26613798494183 -1.5707963267948966 flow_5_11 0 5.0 2.0,-1.75 11.289999999999964 -1.5707963267948966 flow_0_31 0 5.0 2.0,-1.75 152.98499999999997 -1.5707963267948966 flow_0_32 0 5.0 2.0,-115.84267390576788 1.75 3.141592653589793 flow_4_32 0 5.0 2.0,115.84267390576788 -1.75 0.0 flow_6_32 0 5.0 2.0,-119.64499999999993 -1.75 0.0 flow_6_33 0 5.0 2.0,1.75 198.26613798494183 1.5707963267948966 flow_7_11 0 5.0 2.0,145.72500000000006 -1.75 0.0 flow_6_31 0 5.0 2.0,119.64499999999993 5.25 3.141592653589793 flow_5_12 0 5.0 2.0,;HHL_QHDD_N r r,HHL_QHDD_S r r,HHL_QHDD_E g g,HHL_QHDD_W g g,
1.75 -136.31499999999995 1.5707963267948966 flow_2_32 0 5.0 2.0,102.97499999999991 1.75 3.141592653589793 flow_4_33 0 5.0 2.0,1.75 -11.289999999999964 1.5707963267948966 flow_2_31 0 5.0 2.0,-102.97499999999991 -5.25 0.0 flow_7_12 0 5.0 2.0,-162.395 1.75 3.141592653589793 flow_4_31 0 5.0 2.0,-1.75 -214.9361379849418 -1.5707963267948966 flow_5_11 0 5.0 2.0,-1.75 11.289999999999964 -1.5707963267948966 flow_0_31 0 5.0 2.0,-1.75 136.31499999999995 -1.5707963267948966 flow_0_32 0 5.0 2.0,-132.451336952884 1.75 3.141592653589793 flow_4_32 0 5.0 2.0,132.451336952884 -1.75 0.0 flow_6_32 0 5.0 2.0,-102.97499999999991 -1.75 0.0 flow_6_33 0 5.0 2.0,1.75 214.9361379849418 1.5707963267948966 flow_7_11 0 5.0 2.0,162.395 -1.75 0.0 flow_6_31 0 5.0 2.0,102.97499999999991 5.25 3.141592653589793 flow_5_12 0 5.0 2.0,;HHL_QHDD_N r r,HHL_QHDD_S r r,HHL_QHDD_E g g,HHL_QHDD_W g g,
1.75 -119.64499999999993 1.5707963267948966 flow_2_32 0 5.0 2.0,86.30499999999987 1.75 3.141592653589793 flow_4_33 0 5.0 2.0,1.75 -11.289999999999964 1.5707963267948966 flow_2_31 0 5.0 2.0,-86.30499999999987 -5.25 0.0 flow_7_12 0 5.0 2.0,-179.06500000000006 1.75 3.141592653589793 flow_4_31 0 5.0 2.0,-1.75 -231.60613798494183 -1.5707963267948966 flow_5_11 0 5.0 2.0,-1.75 11.289999999999964 -1.5707963267948966 flow_0_31 0 5.0 2.0,-1.75 119.64499999999993 -1.5707963267948966 flow_0_32 0 5.0 2.0,-149.090668476442 1.75 3.141592653589793 flow_4_32 0 5.0 2.0,149.090668476442 -1.75 0.0 flow_6_32 0 5.0 2.0,-86.30499999999987 -1.75 0.0 flow_6_33 0 5.0 2.0,1.75 231.60613798494183 1.5707963267948966 flow_7_11 0 5.0 2.0,179.06500000000006 -1.75 0.0 flow_6_31 0 5.0 2.0,86.30499999999987 5.25 3.141592653589793 flow_5_12 0 5.0 2.0,;HHL_QHDD_N r r,HHL_QHDD_S r r,HHL_QHDD_E g g,HHL_QHDD_W g g,
1.75 -102.97499999999991 1.5707963267948966 flow_2_32 0 5.0 2.0,69.63499999999988 1.75 3.141592653589793 flow_4_33 0 5.0 2.0,1.75 -11.289999999999964 1.5707963267948966 flow_2_31 0 5.0 2.0,-69.63499999999988 -5.25 0.0 flow_7_12 0 5.0 2.0,-195.73500000000008 1.75 3.141592653589793 flow_4_31 0 5.0 2.0,-1.75 -248.27613798494185 -1.5707963267948966 flow_5_11 0 5.0 2.0,-1.75 11.289999999999964 -1.5707963267948966 flow_0_31 0 5.0 2.0,-1.75 102.97499999999991 -1.5707963267948966 flow_0_32 0 5.0 2.0,-165.745334238221 1.75 3.141592653589793 flow_4_32 0 5.0 2.0,165.745334238221 -1.75 0.0 flow_6_32 0 5.0 2.0,-69.63499999999988 -1.75 0.0 flow_6_33 0 5.0 2.0,1.75 248.27613798494185 1.5707963267948966 flow_7_11 0 5.0 2.0,195.73500000000008 -1.75 0.0 flow_6_31 0 5.0 2.0,69.63499999999988 5.25 3.141592653589793 flow_5_12 0 5.0 2.0,;HHL_QHDD_N r r,HHL_QHDD_S r r,HHL_QHDD_E g g,HHL_QHDD_W g g,
1.75 -86.30499999999987 1.5707963267948966 flow_2_32 0 5.0 2.0,52.96499999999986 1.75 3.141592653589793 flow_4_33 0 5.0 2.0,1.75 -11.289999999999964 1.5707963267948966 flow_2_31 0 5.0 2.0,-55.21499999999986 -5.25 0.0 flow_7_12 0 5.0 2.0,-212.4050000000001 1.75 3.141592653589793 flow_4_31 0 5.0 2.0,-1.75 -264.94613798494188 -1.5707963267948966 flow_5_11 0 5.0 2.0,-1.75 11.289999999999964 -1.5707963267948966 flow_0_31 0 5.0 2.0,-1.75 86.30499999999987 -1.5707963267948966 flow_0_32 0 5.0 2.0,-182.40766711911057 1.75 3.141592653589793 flow_4_32 0 5.0 2.0,182.40766711911057 -1.75 0.0 flow_6_32 0 5.0 2.0,-52.96499999999986 -1.75 0.0 flow_6_33 0 5.0 2.0,1.75 264.94613798494188 1.5707963267948966 flow_7_11 0 5.0 2.0,212.4050000000001 -1.75 0.0 flow_6_31 0 5.0 2.0,55.21499999999986 5.25 3.141592653589793 flow_5_12 0 5.0 2.0,;HHL_QHDD_N r r,HHL_QHDD_S r r,HHL_QHDD_E g g,HHL_QHDD_W g g,
1.75 -69.63499999999988 1.5707963267948966 flow_2_32 0 5.0 2.0,-299.0 -1.75 0.0 flow_6_34 0 5.0 2.0,36.294999999999848 1.75 3.141592653589793 flow_4_33 0 5.0 2.0,1.75 -11.289999999999964 1.5707963267948966 flow_2_31 0 5.0 2.0,299.0 1.75 3.141592653589793 flow_4_34 0 5.0 2.0,-44.96334999999988 -5.25 0.0 flow_7_12 0 5.0 2.0,-229.0750000000001 1.75 3.141592653589793 flow_4_31 0 5.0 2.0,-1.75 -281.6161379849419 -1.5707963267948966 flow_5_11 0 5.0 2.0,-1.75 11.289999999999964 -1.5707963267948966 flow_0_31 0 5.0 2.0,-1.75 69.63499999999988 -1.5707963267948966 flow_0_32 0 5.0 2.0,-199.0738335595553 1.75 3.141592653589793 flow_4_32 0 5.0 2.0,199.0738335595553 -1.75 0.0 flow_6_32 0 5.0 2.0,-36.294999999999848 -1.75 0.0 flow_6_33 0 5.0 2.0,1.75 281.6161379849419 1.5707963267948966 flow_7_11 0 5.0 2.0,229.0750000000001 -1.75 0.0 flow_6_31 0 5.0 2.0,44.96334999999988 5.25 3.141592653589793 flow_5_12 0 5.0 2.0,;HHL_QHDD_N r r,HHL_QHDD_S r r,HHL_QHDD_E g g,HHL_QHDD_W g g,
1.75 -52.96499999999986 1.5707963267948966 flow_2_32 0 5.0 2.0,-296.0 -1.75 0.0 flow_6_34 0 5.0 2.0,19.62499999999983 1.75 3.141592653589793 flow_4_33 0 5.0 2.0,1.75 -11.289999999999964 1.5707963267948966 flow_2_31 0 5.0 2.0,296.0 1.75 3.141592653589793 flow_4_34 0 5.0 2.0,-36.63004999999987 -5.25 0.0 flow_7_12 0 5.0 2.0,-245.74500000000013 1.75 3.141592653589793 flow_4_31 0 5.0 2.0,-1.75 -298.2861379849419 -1.5707963267948966 flow_5_11 0 5.0 2.0,-1.75 11.289999999999964 -1.5707963267948966 flow_0_31 0 5.0 2.0,-1.75 52.96499999999986 -1.5707963267948966 flow_0_32 0 5.0 2.0,-215.7419167797777 1.75 3.141592653589793 flow_4_32 0 5.0 2.0,215.7419167797777 -1.75 0.0 flow_6_32 0 5.0 2.0,-19.62499999999983 -1.75 0.0 flow_6_33 0 5.0 2.0,1.75 298.2861379849419 1.5707963267948966 flow_7_11 0 5.0 2.0,245.74500000000013 -1.75 0.0 flow_6_31 0 5.0 2.0,36.63004999999987 5.25 3.141592653589793 flow_5_12 0 5.0 2.0,;HHL_QHDD_N r r,HHL_QHDD_S r r,HHL_QHDD_E g g,HHL_QHDD_W g g,
1.75 -38.04749554005957 1.5707963267948966 flow_2_32 0 5.0 2.0,-291.0 -1.75 0.0 flow_6_34 0 5.0 2.0,-2.0450000000001866 1.75 3.141592653589793 flow_4_33 0 5.0 2.0,1.75 -11.289999999999964 1.5707963267948966 flow_2_31 0 5.0 2.0,291.0 1.75 3.141592653589793 flow_4_34 0 5.0 2.0,-28.29674999999986 -5.25 0.0 flow_7_12 0 5.0 2.0,-262.41500000000016 1.75 3.141592653589793 flow_4_31 0 5.0 2.0,-1.75 11.289999999999964 -1.5707963267948966 flow_0_31 0 5.0 2.0,-1.75 38.04749554005957 -1.5707963267948966 flow_0_32 0 5.0 2.0,-232.41095838988893 1.75 3.141592653589793 flow_4_32 0 5.0 2.0,232.41095838988893 -1.75 0.0 flow_6_32 0 5.0 2.0,2.0450000000001866 -1.75 0.0 flow_6_33 0 5.0 2.0,262.41500000000016 -1.75 0.0 flow_6_31 0 5.0 2.0,28.29674999999986 5.25 3.141592653589793 flow_5_12 0 5.0 2.0,;HHL_QHDD_N r r,HHL_QHDD_S r r,HHL_QHDD_E g g,HHL_QHDD_W g g,
1.75 -27.132486620178953 1.5707963267948966 flow_2_32 0 5.0 2.0,-284.0 -1.75 0.0 flow_6_34 0 5.0 2.0,-23.715000000000189 1.75 3.141592653589793 flow_4_33 0 5.0 2.0,1.75 -11.289999999999964 1.5707963267948966 flow_2_31 0 5.0 2.0,-1.75 299.0 -1.5707963267948966 flow_0_33 0 5.0 2.0,284.0 1.75 3.141592653589793 flow_4_34 0 5.0 2.0,-21.352333333333207 -5.25 0.0 flow_7_12 0 5.0 2.0,-279.08500000000017 1.75 3.141592653589793 flow_4_31 0 5.0 2.0,-1.75 11.289999999999964 -1.5707963267948966 flow_0_31 0 5.0 2.0,1.75 -299.0 1.5707963267948966 flow_2_33 0 5.0 2.0,-1.75 27.132486620178953 -1.5707963267948966 flow_0_32 0 5.0 2.0,-249.08047919494454 1.75 3.141592653589793 flow_4_32 0 5.0 2.0,249.08047919494454 -1.75 0.0 flow_6_32 0 5.0 2.0,23.715000000000189 -1.75 0.0 flow_6_33 0 5.0 2.0,279.08500000000017 -1.75 0.0 flow_6_31 0 5.0 2.0,21.352333333333207 5.25 3.141592653589793 flow_5_12 0 5.0 2.0,;HHL_QHDD_N r r,HHL_QHDD_S r r,HHL_QHDD_E g g,HHL_QHDD_W g g,
1.75 -20.717477700298333 1.5707963267948966 flow_2_32 0 5.0 2.0,-275.0 -1.75 0.0 flow_6_34 0 5.0 2.0,-40.38500000000019 1.75 3.141592653589793 flow_4_33 0 5.0 2.0,1.75 -11.289999999999964 1.5707963267948966 flow_2_31 0 5.0 2.0,-1.75 296.0 -1.5707963267948966 flow_0_33 0 5.0 2.0,275.0 1.75 3.141592653589793 flow_4_34 0 5.0 2.0,-14.796799999999849 -5.25 0.0 flow_7_12 0 5.0 2.0,-295.75500000000019 1.75 3.141592653589793 flow_4_31 0 5.0 2.0,-1.75 11.289999999999964 -1.5707963267948966 flow_0_31 0 5.0 2.0,1.75 -296.0 1.5707963267948966 flow_2_33 0 5.0 2.0,-1.75 20.717477700298333 -1.5707963267948966 flow_0_32 0 5.0 2.0,-265.75023959747235 1.75 3.141592653589793 flow_4_32 0 5.0 2.0,5.25 -299.0 1.5707963267948966 flow_3_12 0 5.0 2.0,265.75023959747235 -1.75 0.0 flow_6_32 0 5.0 2.0,40.38500000000019 -1.75 0.0 flow_6_33 0 5.0 2.0,295.75500000000019 -1.75 0.0 flow_6_31 0 5.0 2.0,14.796799999999849 5.25 3.141592653589793 flow_5_12 0 5.0 2.0,-5.25 299.0 -1.5707963267948966 flow_1_12 0 5.0 2.0,;HHL_QHDD_N r r,HHL_QHDD_S r r,HHL_QHDD_E g g,HHL_QHDD_W g g,
1.75 -18.789999999999965 1.5707963267948966 flow_2_32 0 5.0 2.0,-264.0 -1.75 0.0 flow_6_34 0 5.0 2.0,-57.05500000000019 1.75 3.141592653589793 flow_4_33 0 5.0 2.0,1.75 -11.289999999999964 1.5707963267948966 flow_2_31 0 5.0 2.0,-1.75 291.0 -1.5707963267948966 flow_0_33 0 5.0 2.0,264.0 1.75 3.141592653589793 flow_4_34 0 5.0 2.0,-1.8523833333331937 1.75 0.0 flow_7_12 0 5.0 2.0,-1.75 11.289999999999964 -1.5707963267948966 flow_0_31 0 5.0 2.0,1.75 -291.0 1.5707963267948966 flow_2_33 0 5.0 2.0,-1.75 18.789999999999965 -1.5707963267948966 flow_0_32 0 5.0 2.0,-282.42011979873629 1.75 3.141592653589793 flow_4_32 0 5.0 2.0,5.25 -296.0 1.5707963267948966 flow_3_12 0 5.0 2.0,282.42011979873629 -1.75 0.0 flow_6_32 0 5.0 2.0,57.05500000000019 -1.75 0.0 flow_6_33 0 5.0 2.0,1.8523833333331937 -1.75 3.141592653589793 flow_5_12 0 5.0 2.0,-5.25 296.0 -1.5707963267948966 flow_1_12 0 5.0 2.0,;HHL_QHDD_N r r,HHL_QHDD_S r r,HHL_QHDD_E g g,HHL_QHDD_W g g,
1.75 -18.789999999999965 1.5707963267948966 flow_2_32 0 5.0 2.0,-251.0 -1.75 0.0 flow_6_34 0 5.0 2.0,-73.7250000000002 1.75 3.141592653589793 flow_4_33 0 5.0 2.0,1.75 -11.289999999999964 1.5707963267948966 flow_2_31 0 5.0 2.0,-1.75 284.0 -1.5707963267948966 flow_0_33 0 5.0 2.0,251.0 1.75 3.141592653589793 flow_4_34 0 5.0 2.0,1.75 13.789710901608457 1.5707963267948966 flow_7_12 0 5.0 2.0,-1.75 11.289999999999964 -1.5707963267948966 flow_0_31 0 5.0 2.0,1.75 -284.0 1.5707963267948966 flow_2_33 0 5.0 2.0,-1.75 18.789999999999965 -1.5707963267948966 flow_0_32 0 5.0 2.0,-299.09007986582426 1.75 3.141592653589793 flow_4_32 0 5.0 2.0,5.25 -291.0 1.5707963267948966 flow_3_12 0 5.0 2.0,299.09007986582426 -1.75 0.0 flow_6_32 0 5.0 2.0,73.7250000000002 -1.75 0.0 flow_6_33 0 5.0 2.0,-1.75 -13.789710901608457 -1.5707963267948966 flow_5_12 0 5.0 2.0,-5.25 291.0 -1.5707963267948966 flow_1_12 0 5.0 2.0,;HHL_QHDD_N r r,HHL_QHDD_S r r,HHL_QHDD_E g g,HHL_QHDD_W g g,
1.75 -18.789999999999965 1.5707963267948966 flow_2_32 0 5.0 2.0,-236.0 -1.75 0.0 flow_6_34 0 5.0 2.0,-90.3950000000002 1.75 3.141592653589793 flow_4_33 0 5.0 2.0,1.75 -11.289999999999964 1.5707963267948966 flow_2_31 0 5.0 2.0,-1.75 275.0 -1.5707963267948966 flow_0_33 0 5.0 2.0,236.0 1.75 3.141592653589793 flow_4_34 0 5.0 2.0,1.75 25.123010901608454 1.5707963267948966 flow_7_12 0 5.0 2.0,-1.75 11.289999999999964 -1.5707963267948966 flow_0_31 0 5.0 2.0,1.75 -275.0 1.5707963267948966 flow_2_33 0 5.0 2.0,-1.75 18.789999999999965 -1.5707963267948966 flow_0_32 0 5.0 2.0,5.25 -284.0 1.5707963267948966 flow_3_12 0 5.0 2.0,90.3950000000002 -1.75 0.0 flow_6_33 0 5.0 2.0,-1.75 -25.123010901608454 -1.5707963267948966 flow_5_12 0 5.0 2.0,-5.25 284.0 -1.5707963267948966 flow_1_12 0 5.0 2.0,;HHL_QHDD_N r r,HHL_QHDD_S r r,HHL_QHDD_E g g,HHL_QHDD_W g g,
1.75 -18.789999999999965 1.5707963267948966 flow_2_32 0 5.0 2.0,-219.665 -1.75 0.0 flow_6_34 0 5.0 2.0,-107.0650000000002 1.75 3.141592653589793 flow_4_33 0 5.0 2.0,1.75 -11.289999999999964 1.5707963267948966 flow_2_31 0 5.0 2.0,-1.75 264.0 -1.5707963267948966 flow_0_33 0 5.0 2.0,219.665 1.75 3.141592653589793 flow_4_34 0 5.0 2.0,1.75 38.456310901608457 1.5707963267948966 flow_7_12 0 5.0 2.0,-1.75 11.289999999999964 -1.5707963267948966 flow_0_31 0 5.0 2.0,1.75 -264.0 1.5707963267948966 flow_2_33 0 5.0 2.0,-1.75 18.789999999999965 -1.5707963267948966 flow_0_32 0 5.0 2.0,5.25 -275.0 1.5707963267948966 flow_3_12 0 5.0 2.0,107.0650000000002 -1.75 0.0 flow_6_33 0 5.0 2.0,-1.75 -38.456310901608457 -1.5707963267948966 flow_5_12 0 5.0 2.0,-5.25 275.0 -1.5707963267948966 flow_1_12 0 5.0 2.0,;HHL_QHDD_N r r,HHL_QHDD_S r r,HHL_QHDD_E g g,HHL_QHDD_W g g,
1.75 -18.789999999999965 1.5707963267948966 flow_2_32 0 5.0 2.0,-202.995 -1.75 0.0 flow_6_34 0 5.0 2.0,-123.7350000000002 1.75 3.141592653589793 flow_4_33 0 5.0 2.0,1.75 -11.289999999999964 1.5707963267948966 flow_2_31 0 5.0 2.0,-1.75 251.0 -1.5707963267948966 flow_0_33 0 5.0 2.0,202.995 1.75 3.141592653589793 flow_4_34 0 5.0 2.0,1.75 53.789610901608458 1.5707963267948966 flow_7_12 0 5.0 2.0,-1.75 11.289999999999964 -1.5707963267948966 flow_0_31 0 5.0 2.0,1.75 -251.0 1.5707963267948966 flow_2_33 0 5.0 2.0,-1.75 18.789999999999965 -1.5707963267948966 flow_0_32 0 5.0 2.0,5.25 -264.0 1.5707963267948966 flow_3_12 0 5.0 2.0,123.7350000000002 -1.75 0.0 flow_6_33 0 5.0 2.0,-1.75 -53.789610901608458 -1.5707963267948966 flow_5_12 0 5.0 2.0,-5.25 264.0 -1.5707963267948966 flow_1_12 0 5.0 2.0,;HHL_QHDD_N r r,HHL_QHDD_S r r,HHL_QHDD_E g g,HHL_QHDD_W g g,
1.75 -18.789999999999965 1.5707963267948966 flow_2_32 0 5.0 2.0,-186.325 -1.75 0.0 flow_6_34 0 5.0 2.0,-140.4050000000002 1.75 3.141592653589793 flow_4_33 0 5.0 2.0,1.75 -11.289999999999964 1.5707963267948966 flow_2_31 0 5.0 2.0,-1.75 236.0 -1.5707963267948966 flow_0_33 0 5.0 2.0,186.325 1.75 3.141592653589793 flow_4_34 0 5.0 2.0,1.75 70.29126090160846 1.5707963267948966 flow_7_12 0 5.0 2.0,-1.75 11.289999999999964 -1.5707963267948966 flow_0_31 0 5.0 2.0,1.75 -236.0 1.5707963267948966 flow_2_33 0 5.0 2.0,-1.75 18.789999999999965 -1.5707963267948966 flow_0_32 0 5.0 2.0,5.25 -251.0 1.5707963267948966 flow_3_12 0 5.0 2.0,140.4050000000002 -1.75 0.0 flow_6_33 0 5.0 2.0,-1.75 -70.29126090160846 -1.5707963267948966 flow_5_12 0 5.0 2.0,-5.25 251.0 -1.5707963267948966 flow_1_12 0 5.0 2.0,;HHL_QHDD_N r r,HHL_QHDD_S r r,HHL_QHDD_E r r,HHL_QHDD_W r r,
1.75 -18.789999999999965 1.5707963267948966 flow_2_32 0 5.0 2.0,-169.65499999999998 -1.75 0.0 flow_6_34 0 5.0 2.0,-157.07500000000023 1.75 3.141592653589793 flow_4_33 0 5.0 2.0,1.75 -11.289999999999964 1.5707963267948966 flow_2_31 0 5.0 2.0,-1.75 219.665 -1.5707963267948966 flow_0_33 0 5.0 2.0,169.65499999999998 1.75 3.141592653589793 flow_4_34 0 5.0 2.0,1.75 86.96126090160846 1.5707963267948966 flow_7_12 0 5.0 2.0,-1.75 11.289999999999964 -1.5707963267948966 flow_0_31 0 5.0 2.0,1.75 -219.665 1.5707963267948966 flow_2_33 0 5.0 2.0,-1.75 18.789999999999965 -1.5707963267948966 flow_0_32 0 5.0 2.0,5.25 -236.0 1.5707963267948966 flow_3_12 0 5.0 2.0,157.07500000000023 -1.75 0.0 flow_6_33 0 5.0 2.0,-1.75 -86.96126090160846 -1.5707963267948966 flow_5_12 0 5.0 2.0,-5.25 236.0 -1.5707963267948966 flow_1_12 0 5.0 2.0,;HHL_QHDD_N r r,HHL_QHDD_S r r,HHL_QHDD_E r r,HHL_QHDD_W r r,
1.75 -18.789999999999965 1.5707963267948966 flow_2_32 0 5.0 2.0,-152.98499999999997 -1.75 0.0 flow_6_34 0 5.0 2.0,-173.74500000000024 1.75 3.141592653589793 flow_4_33 0 5.0 2.0,1.75 -11.289999999999964 1.5707963267948966 flow_2_31 0 5.0 2.0,-1.75 202.995 -1.5707963267948966 flow_0_33 0 5.0 2.0,152.98499999999997 1.75 3.141592653589793 flow_4_34 0 5.0 2.0,1.75 103.63126090160846 1.5707963267948966 flow_7_12 0 5.0 2.0,-1.75 11.289999999999964 -1.5707963267948966 flow_0_31 0 5.0 2.0,1.75 -202.995 1.5707963267948966 flow_2_33 0 5.0 2.0,-1.75 18.789999999999965 -1.5707963267948966 flow_0_32 0 5.0 2.0,5.25 -219.665 1.5707963267948966 flow_3_12 0 5.0 2.0,173.74500000000024 -1.75 0.0 flow_6_33 0 5.0 2.0,-1.75 -103.63126090160846 -1.5707963267948966 flow_5_12 0 5.0 2.0,-5.25 219.665 -1.5707963267948966 flow_1_12 0 5.0 2.0,;HHL_QHDD_N r r,HHL_QHDD_S r r,HHL_QHDD_E r r,HHL_QHDD_W r r,
1.75 -18.789999999999965 1.5707963267948966 flow_2_32 0 5.0 2.0,-136.31499999999995 -1.75 0.0 flow_6_34 0 5.0 2.0,-190.41500000000026 1.75 3.141592653589793 flow_4_33 0 5.0 2.0,1.75 -10.289999999999964 1.5707963267948966 flow_2_31 0 5.0 2.0,-1.75 186.325 -1.5707963267948966 flow_0_33 0 5.0 2.0,136.31499999999995 1.75 3.141592653589793 flow_4_34 0 5.0 2.0,1.75 120.30126090160846 1.5707963267948966 flow_7_12 0 5.0 2.0,-1.75 10.289999999999964 -1.5707963267948966 flow_0_31 0 5.0 2.0,1.75 -186.325 1.5707963267948966 flow_2_33 0 5.0 2.0,-1.75 18.789999999999965 -1.5707963267948966 flow_0_32 0 5.0 2.0,5.25 -202.995 1.5707963267948966 flow_3_12 0 5.0 2.0,190.41500000000026 -1.75 0.0 flow_6_33 0 5.0 2.0,-1.75 -120.30126090160846 -1.5707963267948966 flow_5_12 0 5.0 2.0,-5.25 202.995 -1.5707963267948966 flow_1_12 0 5.0 2.0,;HHL_QHDD_N g g,HHL_QHDD_S g g,HHL_QHDD_E r r,HHL_QHDD_W r r,
1.75 -18.039999999999965 1.5707963267948966 flow_2_32 0 5.0 2.0,-119.64499999999993 -1.75 0.0 flow_6_34 0 5.0 2.0,-207.08500000000027 1.75 3.141592653589793 flow_4_33 0 5.0 2.0,1.75 -2.2899999999999638 1.5707963267948966 flow_2_31 0 5.0 2.0,-1.75 169.65499999999998 -1.5707963267948966 flow_0_33 0 5.0 2.0,119.64499999999993 1.75 3.141592653589793 flow_4_34 0 5.0 2.0,1.75 136.97126090160845 1.5707963267948966 flow_7_12 0 5.0 2.0,-1.75 2.2899999999999638 -1.5707963267948966 flow_0_31 0 5.0 2.0,1.75 -169.65499999999998 1.5707963267948966 flow_2_33 0 5.0 2.0,-1.75 18.039999999999965 -1.5707963267948966 flow_0_32 0 5.0 2.0,5.25 -186.325 1.5707963267948966 flow_3_12 0 5.0 2.0,207.08500000000027 -1.75 0.0 flow_6_33 0 5.0 2.0,-1.75 -136.97126090160845 -1.5707963267948966 flow_5_12 0 5.0 2.0,-5.25 186.325 -1.5707963267948966 flow_1_12 0 5.0 2.0,;HHL_QHDD_N g g,HHL_QHDD_S g g,HHL_QHDD_E r r,HHL_QHDD_W r r,
1.75 -15.539999999999964 1.5707963267948966 flow_2_32 0 5.0 2.0,-102.97499999999991 -1.75 0.0 flow_6_34 0 5.0 2.0,-223.75500000000029 1.75 3.141592653589793 flow_4_33 0 5.0 2.0,1.75 2.7100000000000366 1.5707963267948966 flow_2_31 0 5.0 2.0,-1.75 152.98499999999997 -1.5707963267948966 flow_0_33 0 5.0 2.0,102.97499999999991 1.75 3.141592653589793 flow_4_34 0 5.0 2.0,1.75 153.64126090160847 1.5707963267948966 flow_7_12 0 5.0 2.0,-1.75 -2.7100000000000366 -1.5707963267948966 flow_0_31 0 5.0 2.0,1.75 -152.98499999999997 1.5707963267948966 flow_2_33 0 5.0 2.0,-1.75 15.539999999999964 -1.5707963267948966 flow_0_32 0 5.0 2.0,5.25 -169.65499999999998 1.5707963267948966 flow_3_12 0 5.0 2.0,223.75500000000029 -1.75 0.0 flow_6_33 0 5.0 2.0,-1.75 -153.64126090160847 -1.5707963267948966 flow_5_12 0 5.0 2.0,-5.25 169.65499999999998 -1.5707963267948966 flow_1_12 0 5.0 2.0,;HHL_QHDD_N g g,HHL_QHDD_S g g,HHL_QHDD_E r r,HHL_QHDD_W r r,
1.75 -11.039999999999964 1.5707963267948966 flow_2_32 0 5.0 2.0,-86.30499999999987 -1.75 0.0 flow_6_34 0 5.0 2.0,-240.4250000000003 1.75 3.141592653589793 flow_4_33 0 5.0 2.0,1.75 14.710000000000037 1.5707963267948966 flow_2_31 0 5.0 2.0,-1.75 136.31499999999995 -1.5707963267948966 flow_0_33 0 5.0 2.0,86.30499999999987 1.75 3.141592653589793 flow_4_34 0 5.0 2.0,1.75 170.31126090160849 1.5707963267948966 flow_7_12 0 5.0 2.0,-1.75 -14.710000000000037 -1.5707963267948966 flow_0_31 0 5.0 2.0,1.75 -136.31499999999995 1.5707963267948966 flow_2_33 0 5.0 2.0,-1.75 11.039999999999964 -1.5707963267948966 flow_0_32 0 5.0 2.0,5.25 -152.98499999999997 1.5707963267948966 flow_3_12 0 5.0 2.0,240.4250000000003 -1.75 0.0 flow_6_33 0 5.0 2.0,-1.75 -170.31126090160849 -1.5707963267948966 flow_5_12 0 5.0 2.0,-5.25 152.98499999999997 -1.5707963267948966 flow_1_12 0 5.0 2.0,;HHL_QHDD_N g g,HHL_QHDD_S g g,HHL_QHDD_E r r,HHL_QHDD_W r r,
1.75 0.4600000000000364 1.5707963267948966 flow_2_32 0 5.0 2.0,-69.63499999999988 -1.75 0.0 flow_6_34 0 5.0 2.0,-257.0950000000003 1.75 3.141592653589793 flow_4_33 0 5.0 2.0,1.75 23.710000000000038 1.5707963267948966 flow_2_31 0 5.0 2.0,-1.75 119.64499999999993 -1.5707963267948966 flow_0_33 0 5.0 2.0,69.63499999999988 1.75 3.141592653589793 flow_4_34 0 5.0 2.0,1.75 186.9812609016085 1.5707963267948966 flow_7_12 0 5.0 2.0,-1.75 -23.710000000000038 -1.5707963267948966 flow_0_31 0 5.0 2.0,1.75 -119.64499999999993 1.5707963267948966 flow_2_33 0 5.0 2.0,-1.75 -0.4600000000000364 -1.5707963267948966 flow_0_32 0 5.0 2.0,5.25 -136.31499999999995 1.5707963267948966 flow_3_12 0 5.0 2.0,257.0950000000003 -1.75 0.0 flow_6_33 0 5.0 2.0,-1.75 -186.9812609016085 -1.5707963267948966 flow_5_12 0 5.0 2.0,-5.25 136.31499999999995 -1.5707963267948966 flow_1_12 0 5.0 2.0,;HHL_QHDD_N g g,HHL_QHDD_S g g,HHL_QHDD_E r r,HHL_QHDD_W r r,
1.75 13.960000000000037 1.5707963267948966 flow_2_32 0 5.0 2.0,-52.96499999999986 -1.75 0.0 flow_6_34 0 5.0 2.0,-273.7650000000003 1.75 3.141592653589793 flow_4_33 0 5.0 2.0,1.75 34.710000000000039 1.5707963267948966 flow_2_31 0 5.0 2.0,-1.75 102.97499999999991 -1.5707963267948966 flow_0_33 0 5.0 2.0,52.96499999999986 1.75 3.141592653589793 flow_4_34 0 5.0 2.0,1.75 203.65126090160849 1.5707963267948966 flow_7_12 0 5.0 2.0,-1.75 -34.710000000000039 -1.5707963267948966 flow_0_31 0 5.0 2.0,1.75 -102.97499999999991 1.5707963267948966 flow_2_33 0 5.0 2.0,-1.75 -13.960000000000037 -1.5707963267948966 flow_0_32 0 5.0 2.0,5.25 -119.64499999999993 1.5707963267948966 flow_3_12 0 5.0 2.0,273.7650000000003 -1.75 0.0 flow_6_33 0 5.0 2.0,-1.75 -203.65126090160849 -1.5707963267948966 flow_5_12 0 5.0 2.0,-5.25 119.64499999999993 -1.5707963267948966 flow_1_12 0 5.0 2.0,;HHL_QHDD_N g g,HHL_QHDD_S g g,HHL_QHDD_E r r,HHL_QHDD_W r r,
1.75 24.460000000000038 1.5707963267948966 flow_2_32 0 5.0 2.0,-37.961999999999878 -1.75 0.0 flow_6_34 0 5.0 2.0,-290.43500000000037 1.75 3.141592653589793 flow_4_33 0 5.0 2.0,1.75 47.710000000000039 1.5707963267948966 flow_2_31 0 5.0 2.0,-1.75 86.30499999999987 -1.5707963267948966 flow_0_33 0 5.0 2.0,37.961999999999878 1.75 3.141592653589793 flow_4_34 0 5.0 2.0,1.75 220.32126090160853 1.5707963267948966 flow_7_12 0 5.0 2.0,-1.75 -47.710000000000039 -1.5707963267948966 flow_0_31 0 5.0 2.0,1.75 -86.30499999999987 1.5707963267948966 flow_2_33 0 5.0 2.0,-1.75 -24.460000000000038 -1.5707963267948966 flow_0_32 0 5.0 2.0,5.25 -102.97499999999991 1.5707963267948966 flow_3_12 0 5.0 2.0,290.43500000000037 -1.75 0.0 flow_6_33 0 5.0 2.0,-1.75 -220.32126090160853 -1.5707963267948966 flow_5_12 0 5.0 2.0,-5.25 102.97499999999991 -1.5707963267948966 flow_1_12 0 5.0 2.0,;HHL_QHDD_N g g,HHL_QHDD_S g g,HHL_QHDD_E r r,HHL_QHDD_W r r,
1.75 36.835000000000039 1.5707963267948966 flow_2_32 0 5.0 2.0,-26.292999999999894 -1.75 0.0 flow_6_34 0 5.0 2.0,1.75 62.710000000000039 1.5707963267948966 flow_2_31 0 5.0 2.0,-1.75 69.63499999999988 -1.5707963267948966 flow_0_33 0 5.0 2.0,26.292999999999894 1.75 3.141592653589793 flow_4_34 0 5.0 2.0,1.75 236.99126090160855 1.5707963267948966 flow_7_12 0 5.0 2.0,-1.75 -62.710000000000039 -1.5707963267948966 flow_0_31 0 5.0 2.0,1.75 -69.63499999999988 1.5707963267948966 flow_2_33 0 5.0 2.0,-1.75 -36.835000000000039 -1.5707963267948966 flow_0_32 0 5.0 2.0,299.0 1.75 3.141592653589793 flow_4_35 0 5.0 2.0,5.25 -86.30499999999987 1.5707963267948966 flow_3_12 0 5.0 2.0,-1.75 -236.99126090160855 -1.5707963267948966 flow_5_12 0 5.0 2.0,-5.25 86.30499999999987 -1.5707963267948966 flow_1_12 0 5.0 2.0,-299.0 -1.75 0.0 flow_6_35 0 5.0 2.0,;HHL_QHDD_N g g,HHL_QHDD_S g g,HHL_QHDD_E r r,HHL_QHDD_W r r,
1.75 51.02250000000004 1.5707963267948966 flow_2_32 0 5.0 2.0,-17.957999999999914 -1.75 0.0 flow_6_34 0 5.0 2.0,1.75 79.04500000000005 1.5707963267948966 flow_2_31 0 5.0 2.0,-1.75 52.96499999999986 -1.5707963267948966 flow_0_33 0 5.0 2.0,17.957999999999914 1.75 3.141592653589793 flow_4_34 0 5.0 2.0,1.75 253.66126090160859 1.5707963267948966 flow_7_12 0 5.0 2.0,-1.75 -79.04500000000005 -1.5707963267948966 flow_0_31 0 5.0 2.0,1.75 -52.96499999999986 1.5707963267948966 flow_2_33 0 5.0 2.0,-1.75 -51.02250000000004 -1.5707963267948966 flow_0_32 0 5.0 2.0,296.0 1.75 3.141592653589793 flow_4_35 0 5.0 2.0,5.25 -69.63499999999988 1.5707963267948966 flow_3_12 0 5.0 2.0,-1.75 -253.66126090160859 -1.5707963267948966 flow_5_12 0 5.0 2.0,-5.25 69.63499999999988 -1.5707963267948966 flow_1_12 0 5.0 2.0,-296.0 -1.75 0.0 flow_6_35 0 5.0 2.0,;HHL_QHDD_N g g,HHL_QHDD_S g g,HHL_QHDD_E r r,HHL_QHDD_W r r,
1.75 66.61750000000004 1.5707963267948966 flow_2_32 0 5.0 2.0,-12.956999999999937 -1.75 0.0 flow_6_34 0 5.0 2.0,1.75 95.71500000000005 1.5707963267948966 flow_2_31 0 5.0 2.0,-1.75 36.294999999999848 -1.5707963267948966 flow_0_33 0 5.0 2.0,12.956999999999937 1.75 3.141592653589793 flow_4_34 0 5.0 2.0,1.75 270.3312609016086 1.5707963267948966 flow_7_12 0 5.0 2.0,-1.75 -95.71500000000005 -1.5707963267948966 flow_0_31 0 5.0 2.0,1.75 -36.294999999999848 1.5707963267948966 flow_2_33 0 5.0 2.0,-1.75 -66.61750000000004 -1.5707963267948966 flow_0_32 0 5.0 2.0,291.0 1.75 3.141592653589793 flow_4_35 0 5.0 2.0,5.25 -55.21499999999986 1.5707963267948966 flow_3_12 0 5.0 2.0,-1.75 -270.3312609016086 -1.5707963267948966 flow_5_12 0 5.0 2.0,-5.25 55.21499999999986 -1.5707963267948966 flow_1_12 0 5.0 2.0,-291.0 -1.75 0.0 flow_6_35 0 5.0 2.0,;HHL_QHDD_N g g,HHL_QHDD_S g g,HHL_QHDD_E r r,HHL_QHDD_W r r,
1.75 82.83375000000004 1.5707963267948966 flow_2_32 0 5.0 2.0,-11.289999999999964 -1.75 0.0 flow_6_34 0 5.0 2.0,1.75 112.38500000000005 1.5707963267948966 flow_2_31 0 5.0 2.0,-1.75 19.62499999999983 -1.5707963267948966 flow_0_33 0 5.0 2.0,11.289999999999964 1.75 3.141592653589793 flow_4_34 0 5.0 2.0,1.75 287.0012609016086 1.5707963267948966 flow_7_12 0 5.0 2.0,-1.75 -112.38500000000005 -1.5707963267948966 flow_0_31 0 5.0 2.0,1.75 -19.62499999999983 1.5707963267948966 flow_2_33 0 5.0 2.0,-1.75 -82.83375000000004 -1.5707963267948966 flow_0_32 0 5.0 2.0,284.0 1.75 3.141592653589793 flow_4_35 0 5.0 2.0,5.25 -44.96334999999988 1.5707963267948966 flow_3_12 0 5.0 2.0,-1.75 -287.0012609016086 -1.5707963267948966 flow_5_12 0 5.0 2.0,-5.25 44.96334999999988 -1.5707963267948966 flow_1_12 0 5.0 2.0,-284.0 -1.75 0.0 flow_6_35 0 5.0 2.0,;HHL_QHDD_N g g,HHL_QHDD_S g g,HHL_QHDD_E r r,HHL_QHDD_W r r,
1.75 99.27687500000005 1.5707963267948966 flow_2_32 0 5.0 2.0,1.75 -299.0 1.5707963267948966 flow_2_34 0 5.0 2.0,-11.289999999999964 -1.75 0.0 flow_6_34 0 5.0 2.0,1.75 129.05500000000007 1.5707963267948966 flow_2_31 0 5.0 2.0,-1.75 -2.0450000000001866 -1.5707963267948966 flow_0_33 0 5.0 2.0,11.289999999999964 1.75 3.141592653589793 flow_4_34 0 5.0 2.0,-1.75 -129.05500000000007 -1.5707963267948966 flow_0_31 0 5.0 2.0,1.75 2.0450000000001866 1.5707963267948966 flow_2_33 0 5.0 2.0,-1.75 -99.27687500000005 -1.5707963267948966 flow_0_32 0 5.0 2.0,275.0 1.75 3.141592653589793 flow_4_35 0 5.0 2.0,5.25 -36.63004999999987 1.5707963267948966 flow_3_12 0 5.0 2.0,-1.75 299.0 -1.5707963267948966 flow_0_34 0 5.0 2.0,-5.25 36.63004999999987 -1.5707963267948966 flow_1_12 0 5.0 2.0,-275.0 -1.75 0.0 flow_6_35 0 5.0 2.0,;HHL_QHDD_N g g,HHL_QHDD_S g g,HHL_QHDD_E r r,HHL_QHDD_W r r,
1.75 115.83343750000005 1.5707963267948966 flow_2_32 0 5.0 2.0,1.75 -296.0 1.5707963267948966 flow_2_34 0 5.0 2.0,-11.289999999999964 -1.75 0.0 flow_6_34 0 5.0 2.0,1.75 145.72500000000006 1.5707963267948966 flow_2_31 0 5.0 2.0,-1.75 -23.715000000000189 -1.5707963267948966 flow_0_33 0 5.0 2.0,11.289999999999964 1.75 3.141592653589793 flow_4_34 0 5.0 2.0,-1.75 -145.72500000000006 -1.5707963267948966 flow_0_31 0 5.0 2.0,1.75 23.715000000000189 1.5707963267948966 flow_2_33 0 5.0 2.0,-1.75 -115.83343750000005 -1.5707963267948966 flow_0_32 0 5.0 2.0,264.0 1.75 3.141592653589793 flow_4_35 0 5.0 2.0,5.25 -28.29674999999986 1.5707963267948966 flow_3_12 0 5.0 2.0,-1.75 296.0 -1.5707963267948966 flow_0_34 0 5.0 2.0,-5.25 28.29674999999986 -1.5707963267948966 flow_1_12 0 5.0 2.0,-264.0 -1.75 0.0 flow_6_35 0 5.0 2.0,;HHL_QHDD_N g g,HHL_QHDD_S g g,HHL_QHDD_E r r,HHL_QHDD_W r r,
1.75 132.44671875000004 1.5707963267948966 flow_2_32 0 5.0 2.0,1.75 -291.0 1.5707963267948966 flow_2_34 0 5.0 2.0,-11.289999999999964 -1.75 0.0 flow_6_34 0 5.0 2.0,1.75 162.395 1.5707963267948966 flow_2_31 0 5.0 2.0,-1.75 -40.38500000000019 -1.5707963267948966 flow_0_33 0 5.0 2.0,11.289999999999964 1.75 3.141592653589793 flow_4_34 0 5.0 2.0,-1.75 -162.395 -1.5707963267948966 flow_0_31 0 5.0 2.0,1.75 40.38500000000019 1.5707963267948966 flow_2_33 0 5.0 2.0,-1.75 -132.44671875000004 -1.5707963267948966 flow_0_32 0 5.0 2.0,251.0 1.75 3.141592653589793 flow_4_35 0 5.0 2.0,5.25 -19.963449999999854 1.5707963267948966 flow_3_12 0 5.0 2.0,-1.75 291.0 -1.5707963267948966 flow_0_34 0 5.0 2.0,-5.25 19.963449999999854 -1.5707963267948966 flow_1_12 0 5.0 2.0,-251.0 -1.75 0.0 flow_6_35 0 5.0 2.0,;HHL_QHDD_N g g,HHL_QHDD_S g g,HHL_QHDD_E r r,HHL_QHDD_W r r,
1.75 149.08835937500005 1.5707963267948966 flow_2_32 0 5.0 2.0,1.75 -284.0 1.5707963267948966 flow_2_34 0 5.0 2.0,-11.289999999999964 -1.75 0.0 flow_6_34 0 5.0 2.0,1.75 179.06500000000006 1.5707963267948966 flow_2_31 0 5.0 2.0,-1.75 -57.05500000000019 -1.5707963267948966 flow_0_33 0 5.0 2.0,11.289999999999964 1.75 3.141592653589793 flow_4_34 0 5.0 2.0,-1.75 -179.06500000000006 -1.5707963267948966 flow_0_31 0 5.0 2.0,1.75 57.05500000000019 1.5707963267948966 flow_2_33 0 5.0 2.0,-1.75 -149.08835937500005 -1.5707963267948966 flow_0_32 0 5.0 2.0,236.0 1.75 3.141592653589793 flow_4_35 0 5.0 2.0,5.25 -11.630149999999844 1.5707963267948966 flow_3_12 0 5.0 2.0,-1.75 284.0 -1.5707963267948966 flow_0_34 0 5.0 2.0,-5.25 11.630149999999844 -1.5707963267948966 flow_1_12 0 5.0 2.0,-236.0 -1.75 0.0 flow_6_35 0 5.0 2.0,;HHL_QHDD_N g g,HHL_QHDD_S g g,HHL_QHDD_E r r,HHL_QHDD_W r r,
1.75 165.74417968750005 1.5707963267948966 flow_2_32 0 5.0 2.0,1.75 -275.0 1.5707963267948966 flow_2_34 0 5.0 2.0,-11.289999999999964 -1.75 0.0 flow_6_34 0 5.0 2.0,1.75 195.73500000000008 1.5707963267948966 flow_2_31 0 5.0 2.0,-1.75 -73.7250000000002 -1.5707963267948966 flow_0_33 0 5.0 2.0,11.289999999999964 1.75 3.141592653589793 flow_4_34 0 5.0 2.0,-1.75 -195.73500000000008 -1.5707963267948966 flow_0_31 0 5.0 2.0,1.75 73.7250000000002 1.5707963267948966 flow_2_33 0 5.0 2.0,-1.75 -165.74417968750005 -1.5707963267948966 flow_0_32 0 5.0 2.0,219.665 1.75 3.141592653589793 flow_4_35 0 5.0 2.0,-3.2495743538325976 0.8074631136021678 2.647651284670212 flow_3_12 0 5.0 2.0,-1.75 275.0 -1.5707963267948966 flow_0_34 0 5.0 2.0,3.2495743538325976 -0.8074631136021678 -0.4939413689195812 flow_1_12 0 5.0 2.0,-219.665 -1.75 0.0 flow_6_35 0 5.0 2.0,;HHL_QHDD_N g g,HHL_QHDD_S g g,HHL_QHDD_E r r,HHL_QHDD_W r r,
1.75 182.40708984375005 1.5707963267948966 flow_2_32 0 5.0 2.0,1.75 -264.0 1.5707963267948966 flow_2_34 0 5.0 2.0,-11.289999999999964 -1.75 0.0 flow_6_34 0 5.0 2.0,1.75 212.4050000000001 1.5707963267948966 flow_2_31 0 5.0 2.0,-1.75 -90.3950000000002 -1.5707963267948966 flow_0_33 0 5.0 2.0,11.289999999999964 1.75 3.141592653589793 flow_4_34 0 5.0 2.0,-1.75 -212.4050000000001 -1.5707963267948966 flow_0_31 0 5.0 2.0,1.75 90.3950000000002 1.5707963267948966 flow_2_33 0 5.0 2.0,-1.75 -182.40708984375005 -1.5707963267948966 flow_0_32 0 5.0 2.0,202.995 1.75 3.141592653589793 flow_4_35 0 5.0 2.0,-17.345244234941818 1.75 3.141592653589793 flow_3_12 0 5.0 2.0,-1.75 264.0 -1.5707963267948966 flow_0_34 0 5.0 2.0,17.345244234941818 -1.75 0.0 flow_1_12 0 5.0 2.0,-202.995 -1.75 0.0 flow_6_35 0 5.0 2.0,;HHL_QHDD_N g g,HHL_QHDD_S g g,HHL_QHDD_E r r,HHL_QHDD_W r r,
1.75 199.07354492187506 1.5707963267948966 flow_2_32 0 5.0 2.0,1.75 -251.0 1.5707963267948966 flow_2_34 0 5.0 2.0,-11.289999999999964 -1.75 0.0 flow_6_34 0 5.0 2.0,1.75 229.0750000000001 1.5707963267948966 flow_2_31 0 5.0 2.0,-1.75 -107.0650000000002 -1.5707963267948966 flow_0_33 0 5.0 2.0,11.289999999999964 1.75 3.141592653589793 flow_4_34 0 5.0 2.0,-1.75 -229.0750000000001 -1.5707963267948966 flow_0_31 0 5.0 2.0,1.75 107.0650000000002 1.5707963267948966 flow_2_33 0 5.0 2.0,-1.75 -199.07354492187506 -1.5707963267948966 flow_0_32 0 5.0 2.0,186.325 1.75 3.141592653589793 flow_4_35 0 5.0 2.0,-28.678544234941819 1.75 3.141592653589793 flow_3_12 0 5.0 2.0,-1.75 251.0 -1.5707963267948966 flow_0_34 0 5.0 2.0,28.678544234941819 -1.75 0.0 flow_1_12 0 5.0 2.0,-186.325 -1.75 0.0 flow_6_35 0 5.0 2.0,;HHL_QHDD_N g g,HHL_QHDD_S g g,HHL_QHDD_E r r,HHL_QHDD_W r r,
1.75 215.74177246093758 1.5707963267948966 flow_2_32 0 5.0 2.0,1.75 -236.0 1.5707963267948966 flow_2_34 0 5.0 2.0,-11.289999999999964 -1.75 0.0 flow_6_34 0 5.0 2.0,1.75 245.74500000000013 1.5707963267948966 flow_2_31 0 5.0 2.0,-1.75 -123.7350000000002 -1.5707963267948966 flow_0_33 0 5.0 2.0,11.289999999999964 1.75 3.141592653589793 flow_4_34 0 5.0 2.0,-1.75 -245.74500000000013 -1.5707963267948966 flow_0_31 0 5.0 2.0,1.75 123.7350000000002 1.5707963267948966 flow_2_33 0 5.0 2.0,-1.75 -215.74177246093758 -1.5707963267948966 flow_0_32 0 5.0 2.0,169.65499999999998 1.75 3.141592653589793 flow_4_35 0 5.0 2.0,-42.01184423494182 1.75 3.141592653589793 flow_3_12 0 5.0 2.0,-1.75 236.0 -1.5707963267948966 flow_0_34 0 5.0 2.0,42.01184423494182 -1.75 0.0 flow_1_12 0 5.0 2.0,-169.65499999999998 -1.75 0.0 flow_6_35 0 5.0 2.0,;HHL_QHDD_N g g,HHL_QHDD_S g g,HHL_QHDD_E r r,HHL_QHDD_W r r,
1.75 232.41088623046887 1.5707963267948966 flow_2_32 0 5.0 2.0,1.75 -219.665 1.5707963267948966 flow_2_34 0 5.0 2.0,-11.289999999999964 -1.75 0.0 flow_6_34 0 5.0 2.0,1.75 262.41500000000016 1.5707963267948966 flow_2_31 0 5.0 2.0,-1.75 -140.4050000000002 -1.5707963267948966 flow_0_33 0 5.0 2.0,11.289999999999964 1.75 3.141592653589793 flow_4_34 0 5.0 2.0,-1.75 -262.41500000000016 -1.5707963267948966 flow_0_31 0 5.0 2.0,1.75 140.4050000000002 1.5707963267948966 flow_2_33 0 5.0 2.0,-1.75 -232.41088623046887 -1.5707963267948966 flow_0_32 0 5.0 2.0,152.98499999999997 1.75 3.141592653589793 flow_4_35 0 5.0 2.0,-57.34514423494182 1.75 3.141592653589793 flow_3_12 0 5.0 2.0,-1.75 219.665 -1.5707963267948966 flow_0_34 0 5.0 2.0,57.34514423494182 -1.75 0.0 flow_1_12 0 5.0 2.0,-152.98499999999997 -1.75 0.0 flow_6_35 0 5.0 2.0,;HHL_QHDD_N g g,HHL_QHDD_S g g,HHL_QHDD_E r r,HHL_QHDD_W r r,
1.75 249.0804431152345 1.5707963267948966 flow_2_32 0 5.0 2.0,1.75 -202.995 1.5707963267948966 flow_2_34 0 5.0 2.0,-11.289999999999964 -1.75 0.0 flow_6_34 0 5.0 2.0,1.75 279.08500000000017 1.5707963267948966 flow_2_31 0 5.0 2.0,-1.75 -157.07500000000023 -1.5707963267948966 flow_0_33 0 5.0 2.0,11.289999999999964 1.75 3.141592653589793 flow_4_34 0 5.0 2.0,-1.75 -279.08500000000017 -1.5707963267948966 flow_0_31 0 5.0 2.0,1.75 157.07500000000023 1.5707963267948966 flow_2_33 0 5.0 2.0,-1.75 -249.0804431152345 -1.5707963267948966 flow_0_32 0 5.0 2.0,136.31499999999995 1.75 3.141592653589793 flow_4_35 0 5.0 2.0,-73.84679423494183 1.75 3.141592653589793 flow_3_12 0 5.0 2.0,-1.75 202.995 -1.5707963267948966 flow_0_34 0 5.0 2.0,73.84679423494183 -1.75 0.0 flow_1_12 0 5.0 2.0,-136.31499999999995 -1.75 0.0 flow_6_35 0 5.0 2.0,;HHL_QHDD_N g g,HHL_QHDD_S g g,HHL_QHDD_E r r,HHL_QHDD_W r r,
1.75 265.75022155761737 1.5707963267948966 flow_2_32 0 5.0 2.0,1.75 -186.325 1.5707963267948966 flow_2_34 0 5.0 2.0,-11.289999999999964 -1.75 0.0 flow_6_34 0 5.0 2.0,1.75 295.75500000000019 1.5707963267948966 flow_2_31 0 5.0 2.0,-1.75 -173.74500000000024 -1.5707963267948966 flow_0_33 0 5.0 2.0,11.289999999999964 1.75 3.141592653589793 flow_4_34 0 5.0 2.0,-299.0 -5.25 0.0 flow_7_13 0 5.0 2.0,-1.75 -295.75500000000019 -1.5707963267948966 flow_0_31 0 5.0 2.0,1.75 173.74500000000024 1.5707963267948966 flow_2_33 0 5.0 2.0,-1.75 -265.75022155761737 -1.5707963267948966 flow_0_32 0 5.0 2.0,119.64499999999993 1.75 3.141592653589793 flow_4_35 0 5.0 2.0,299.0 5.25 3.141592653589793 flow_5_13 0 5.0 2.0,-90.51679423494183 1.75 3.141592653589793 flow_3_12 0 5.0 2.0,-1.75 186.325 -1.5707963267948966 flow_0_34 0 5.0 2.0,90.51679423494183 -1.75 0.0 flow_1_12 0 5.0 2.0,-119.64499999999993 -1.75 0.0 flow_6_35 0 5.0 2.0,;HHL_QHDD_N g g,HHL_QHDD_S g g,HHL_QHDD_E r r,HHL_QHDD_W r r,
1.75 282.42011077880877 1.5707963267948966 flow_2_32 0 5.0 2.0,1.75 -169.65499999999998 1.5707963267948966 flow_2_34 0 5.0 2.0,-11.289999999999964 -1.75 0.0 flow_6_34 0 5.0 2.0,-1.75 -190.41500000000026 -1.5707963267948966 flow_0_33 0 5.0 2.0,11.289999999999964 1.75 3.141592653589793 flow_4_34 0 5.0 2.0,-296.0 -5.25 0.0 flow_7_13 0 5.0 2.0,1.75 190.41500000000026 1.5707963267948966 flow_2_33 0 5.0 2.0,-1.75 -282.42011077880877 -1.5707963267948966 flow_0_32 0 5.0 2.0,102.97499999999991 1.75 3.141592653589793 flow_4_35 0 5.0 2.0,296.0 5.25 3.141592653589793 flow_5_13 0 5.0 2.0,-107.18679423494183 1.75 3.141592653589793 flow_3_12 0 5.0 2.0,-1.75 169.65499999999998 -1.5707963267948966 flow_0_34 0 5.0 2.0,107.18679423494183 -1.75 0.0 flow_1_12 0 5.0 2.0,-102.97499999999991 -1.75 0.0 flow_6_35 0 5.0 2.0,;HHL_QHDD_N g g,HHL_QHDD_S g g,HHL_QHDD_E r r,HHL_QHDD_W r r,
1.75 299.0900738525392 1.5707963267948966 flow_2_32 0 5.0 2.0,1.75 -152.98499999999997 1.5707963267948966 flow_2_34 0 5.0 2.0,-11.289999999999964 -1.75 0.0 flow_6_34 0 5.0 2.0,-1.75 -207.08500000000027 -1.5707963267948966 flow_0_33 0 5.0 2.0,11.289999999999964 1.75 3.141592653589793 flow_4_34 0 5.0 2.0,-291.0 -5.25 0.0 flow_7_13 0 5.0 2.0,1.75 207.08500000000027 1.5707963267948966 flow_2_33 0 5.0 2.0,-1.75 -299.0900738525392 -1.5707963267948966 flow_0_32 0 5.0 2.0,86.30499999999987 1.75 3.141592653589793 flow_4_35 0 5.0 2.0,291.0 5.25 3.141592653589793 flow_5_13 0 5.0 2.0,-123.85679423494183 1.75 3.141592653589793 flow_3_12 0 5.0 2.0,-1.75 152.98499999999997 -1.5707963267948966 flow_0_34 0 5.0 2.0,123.85679423494183 -1.75 0.0 flow_1_12 0 5.0 2.0,-86.30499999999987 -1.75 0.0 flow_6_35 0 5.0 2.0,;HHL_QHDD_N g g,HHL_QHDD_S g g,HHL_QHDD_E r r,HHL_QHDD_W r r,
1.75 -136.31499999999995 1.5707963267948966 flow_2_34 0 5.0 2.0,-11.289999999999964 -1.75 0.0 flow_6_34 0 5.0 2.0,-1.75 -223.75500000000029 -1.5707963267948966 flow_0_33 0 5.0 2.0,11.289999999999964 1.75 3.141592653589793 flow_4_34 0 5.0 2.0,-284.0 -5.25 0.0 flow_7_13 0 5.0 2.0,1.75 223.75500000000029 1.5707963267948966 flow_2_33 0 5.0 2.0,69.63499999999988 1.75 3.141592653589793 flow_4_35 0 5.0 2.0,284.0 5.25 3.141592653589793 flow_5_13 0 5.0 2.0,-140.52679423494184 1.75 3.141592653589793 flow_3_12 0 5.0 2.0,-1.75 136.31499999999995 -1.5707963267948966 flow_0_34 0 5.0 2.0,140.52679423494184 -1.75 0.0 flow_1_12 0 5.0 2.0,-69.63499999999988 -1.75 0.0 flow_6_35 0 5.0 2.0,;HHL_QHDD_N g g,HHL_QHDD_S g g,HHL_QHDD_E r r,HHL_QHDD_W r r,
1.75 -119.64499999999993 1.5707963267948966 flow_2_34 0 5.0 2.0,-11.289999999999964 -1.75 0.0 flow_6_34 0 5.0 2.0,-1.75 -240.4250000000003 -1.5707963267948966 flow_0_33 0 5.0 2.0,11.289999999999964 1.75 3.141592653589793 flow_4_34 0 5.0 2.0,-275.0 -5.25 0.0 flow_7_13 0 5.0 2.0,1.75 240.4250000000003 1.5707963267948966 flow_2_33 0 5.0 2.0,52.96499999999986 1.75 3.141592653589793 flow_4_35 0 5.0 2.0,275.0 5.25 3.141592653589793 flow_5_13 0 5.0 2.0,-157.19679423494183 1.75 3.141592653589793 flow_3_12 0 5.0 2.0,-1.75 119.64499999999993 -1.5707963267948966 flow_0_34 0 5.0 2.0,157.19679423494183 -1.75 0.0 flow_1_12 0 5.0 2.0,-52.96499999999986 -1.75 0.0 flow_6_35 0 5.0 2.0,;HHL_QHDD_N g g,HHL_QHDD_S g g,HHL_QHDD_E r r,HHL_QHDD_W r r,
-299.0 -1.75 0.0 flow_6_36 0 5.0 2.0,1.75 -102.97499999999991 1.5707963267948966 flow_2_34 0 5.0 2.0,-11.289999999999964 -1.75 0.0 flow_6_34 0 5.0 2.0,-1.75 -257.0950000000003 -1.5707963267948966 flow_0_33 0 5.0 2.0,11.289999999999964 1.75 3.141592653589793 flow_4_34 0 5.0 2.0,-264.0 -5.25 0.0 flow_7_13 0 5.0 2.0,1.75 257.0950000000003 1.5707963267948966 flow_2_33 0 5.0 2.0,38.04749554005957 1.75 3.141592653589793 flow_4_35 0 5.0 2.0,264.0 5.25 3.141592653589793 flow_5_13 0 5.0 2.0,-173.86679423494184 1.75 3.141592653589793 flow_3_12 0 5.0 2.0,299.0 1.75 3.141592653589793 flow_4_36 0 5.0 2.0,-1.75 102.97499999999991 -1.5707963267948966 flow_0_34 0 5.0 2.0,173.86679423494184 -1.75 0.0 flow_1_12 0 5.0 2.0,-38.04749554005957 -1.75 0.0 flow_6_35 0 5.0 2.0,;HHL_QHDD_N g g,HHL_QHDD_S g g,HHL_QHDD_E r r,HHL_QHDD_W r r,
-296.0 -1.75 0.0 flow_6_36 0 5.0 2.0,1.75 -86.30499999999987 1.5707963267948966 flow_2_34 0 5.0 2.0,-11.289999999999964 -1.75 0.0 flow_6_34 0 5.0 2.0,-1.75 -273.7650000000003 -1.5707963267948966 flow_0_33 0 5.0 2.0,11.289999999999964 1.75 3.141592653589793 flow_4_34 0 5.0 2.0,-251.0 -5.25 0.0 flow_7_13 0 5.0 2.0,1.75 273.7650000000003 1.5707963267948966 flow_2_33 0 5.0 2.0,27.132486620178953 1.75 3.141592653589793 flow_4_35 0 5.0 2.0,251.0 5.25 3.141592653589793 flow_5_13 0 5.0 2.0,-190.53679423494186 1.75 3.141592653589793 flow_3_12 0 5.0 2.0,296.0 1.75 3.141592653589793 flow_4_36 0 5.0 2.0,-1.75 86.30499999999987 -1.5707963267948966 flow_0_34 0 5.0 2.0,190.53679423494186 -1.75 0.0 flow_1_12 0 5.0 2.0,-27.132486620178953 -1.75 0.0 flow_6_35 0 5.0 2.0,;HHL_QHDD_N g g,HHL_QHDD_S g g,HHL_QHDD_E r r,HHL_QHDD_W r r,
-291.0 -1.75 0.0 flow_6_36 0 5.0 2.0,1.75 -69.63499999999988 1.5707963267948966 flow_2_34 0 5.0 2.0,-11.289999999999964 -1.75 0.0 flow_6_34 0 5.0 2.0,-1.75 -290.43500000000037 -1.5707963267948966 flow_0_33 0 5.0 2.0,11.289999999999964 1.75 3.141592653589793 flow_4_34 0 5.0 2.0,-236.0 -5.25 0.0 flow_7_13 0 5.0 2.0,1.75 290.43500000000037 1.5707963267948966 flow_2_33 0 5.0 2.0,20.717477700298333 1.75 3.141592653589793 flow_4_35 0 5.0 2.0,236.0 5.25 3.141592653589793 flow_5_13 0 5.0 2.0,-207.20679423494185 1.75 3.141592653589793 flow_3_12 0 5.0 2.0,291.0 1.75 3.141592653589793 flow_4_36 0 5.0 2.0,-1.75 69.63499999999988 -1.5707963267948966 flow_0_34 0 5.0 2.0,207.20679423494185 -1.75 0.0 flow_1_12 0 5.0 2.0,-20.717477700298333 -1.75 0.0 flow_6_35 0 5.0 2.0,;HHL_QHDD_N g g,HHL_QHDD_S g g,HHL_QHDD_E r r,HHL_QHDD_W r r,
-284.0 -1.75 0.0 flow_6_36 0 5.0 2.0,1.75 -52.96499999999986 1.5707963267948966 flow_2_34 0 5.0 2.0,-11.289999999999964 -1.75 0.0 flow_6_34 0 5.0 2.0,11.289999999999964 1.75 3.141592653589793 flow_4_34 0 5.0 2.0,-219.665 -5.25 0.0 flow_7_13 0 5.0 2.0,18.789999999999965 1.75 3.141592653589793 flow_4_35 0 5.0 2.0,219.665 5.25 3.141592653589793 flow_5_13 0 5.0 2.0,-223.87679423494189 1.75 3.141592653589793 flow_3_12 0 5.0 2.0,284.0 1.75 3.141592653589793 flow_4_36 0 5.0 2.0,-1.75 52.96499999999986 -1.5707963267948966 flow_0_34 0 5.0 2.0,223.87679423494189 -1.75 0.0 flow_1_12 0 5.0 2.0,-18.789999999999965 -1.75 0.0 flow_6_35 0 5.0 2.0,;HHL_QHDD_N g g,HHL_QHDD_S g g,HHL_QHDD_E r r,HHL_QHDD_W r r,
-275.0 -1.75 0.0 flow_6_36 0 5.0 2.0,1.75 -36.294999999999848 1.5707963267948966 flow_2_34 0 5.0 2.0,-11.289999999999964 -1.75 0.0 flow_6_34 0 5.0 2.0,11.289999999999964 1.75 3.141592653589793 flow_4_34 0 5.0 2.0,-202.995 -5.25 0.0 flow_7_13 0 5.0 2.0,18.789999999999965 1.75 3.141592653589793 flow_4_35 0 5.0 2.0,202.995 5.25 3.141592653589793 flow_5_13 0 5.0 2.0,-240.5467942349419 1.75 3.141592653589793 flow_3_12 0 5.0 2.0,275.0 1.75 3.141592653589793 flow_4_36 0 5.0 2.0,-1.75 36.294999999999848 -1.5707963267948966 flow_0_34 0 5.0 2.0,240.5467942349419 -1.75 0.0 flow_1_12 0 5.0 2.0,-18.789999999999965 -1.75 0.0 flow_6_35 0 5.0 2.0,;HHL_QHDD_N g g,HHL_QHDD_S g g,HHL_QHDD_E r r,HHL_QHDD_W r r,
-264.0 -1.75 0.0 flow_6_36 0 5.0 2.0,1.75 -19.62499999999983 1.5707963267948966 flow_2_34 0 5.0 2.0,1.75 -299.0 1.5707963267948966 flow_2_35 0 5.0 2.0,-11.289999999999964 -1.75 0.0 flow_6_34 0 5.0 2.0,11.289999999999964 1.75 3.141592653589793 flow_4_34 0 5.0 2.0,-186.325 -5.25 0.0 flow_7_13 0 5.0 2.0,18.789999999999965 1.75 3.141592653589793 flow_4_35 0 5.0 2.0,186.325 5.25 3.141592653589793 flow_5_13 0 5.0 2.0,-257.216794234942 1.75 3.141592653589793 flow_3_12 0 5.0 2.0,264.0 1.75 3.141592653589793 flow_4_36 0 5.0 2.0,-1.75 299.0 -1.5707963267948966 flow_0_35 0 5.0 2.0,-1.75 19.62499999999983 -1.5707963267948966 flow_0_34 0 5.0 2.0,257.216794234942 -1.75 0.0 flow_1_12 0 5.0 2.0,-18.789999999999965 -1.75 0.0 flow_6_35 0 5.0 2.0,;HHL_QHDD_N g g,HHL_QHDD_S g g,HHL_QHDD_E r r,HHL_QHDD_W r r,
-251.0 -1.75 0.0 flow_6_36 0 5.0 2.0,1.75 2.0450000000001866 1.5707963267948966 flow_2_34 0 5.0 2.0,1.75 -296.0 1.5707963267948966 flow_2_35 0 5.0 2.0,-11.289999999999964 -1.75 0.0 flow_6_34 0 5.0 2.0,11.289999999999964 1.75 3.141592653589793 flow_4_34 0 5.0 2.0,-169.65499999999998 -5.25 0.0 flow_7_13 0 5.0 2.0,18.789999999999965 1.75 3.141592653589793 flow_4_35 0 5.0 2.0,169.65499999999998 5.25 3.141592653589793 flow_5_13 0 5.0 2.0,-273.88679423494195 1.75 3.141592653589793 flow_3_12 0 5.0 2.0,251.0 1.75 3.141592653589793 flow_4_36 0 5.0 2.0,-1.75 296.0 -1.5707963267948966 flow_0_35 0 5.0 2.0,-1.75 -2.0450000000001866 -1.5707963267948966 flow_0_34 0 5.0 2.0,273.88679423494195 -1.75 0.0 flow_1_12 0 5.0 2.0,-18.789999999999965 -1.75 0.0 flow_6_35 0 5.0 2.0,;HHL_QHDD_N g g,HHL_QHDD_S g g,HHL_QHDD_E r r,HHL_QHDD_W r r,
-236.0 -1.75 0.0 flow_6_36 0 5.0 2.0,1.75 23.715000000000189 1.5707963267948966 flow_2_34 0 5.0 2.0,1.75 -291.0 1.5707963267948966 flow_2_35 0 5.0 2.0,-11.289999999999964 -1.75 0.0 flow_6_34 0 5.0 2.0,11.289999999999964 1.75 3.141592653589793 flow_4_34 0 5.0 2.0,-152.98499999999997 -5.25 0.0 flow_7_13 0 5.0 2.0,18.789999999999965 1.75 3.141592653589793 flow_4_35 0 5.0 2.0,152.98499999999997 5.25 3.141592653589793 flow_5_13 0 5.0 2.0,-290.55679423494197 1.75 3.141592653589793 flow_3_12 0 5.0 2.0,236.0 1.75 3.141592653589793 flow_4_36 0 5.0 2.0,-1.75 291.0 -1.5707963267948966 flow_0_35 0 5.0 2.0,-1.75 -23.715000000000189 -1.5707963267948966 flow_0_34 0 5.0 2.0,290.55679423494197 -1.75 0.0 flow_1_12 0 5.0 2.0,-18.789999999999965 -1.75 0.0 flow_6_35 0 5.0 2.0,;HHL_QHDD_N g g,HHL_QHDD_S g g,HHL_QHDD_E r r,HHL_QHDD_W r r,
-219.665 -1.75 0.0 flow_6_36 0 5.0 2.0,1.75 40.38500000000019 1.5707963267948966 flow_2_34 0 5.0 2.0,1.75 -284.0 1.5707963267948966 flow_2_35 0 5.0 2.0,-11.289999999999964 -1.75 0.0 flow_6_34 0 5.0 2.0,11.289999999999964 1.75 3.141592653589793 flow_4_34 0 5.0 2.0,-136.31499999999995 -5.25 0.0 flow_7_13 0 5.0 2.0,18.789999999999965 1.75 3.141592653589793 flow_4_35 0 5.0 2.0,136.31499999999995 5.25 3.141592653589793 flow_5_13 0 5.0 2.0,219.665 1.75 3.141592653589793 flow_4_36 0 5.0 2.0,-1.75 284.0 -1.5707963267948966 flow_0_35 0 5.0 2.0,-1.75 -40.38500000000019 -1.5707963267948966 flow_0_34 0 5.0 2.0,-18.789999999999965 -1.75 0.0 flow_6_35 0 5.0 2.0,;HHL_QHDD_N r r,HHL_QHDD_S r r,HHL_QHDD_E r r,HHL_QHDD_W r r,
-202.995 -1.75 0.0 flow_6_36 0 5.0 2.0,1.75 57.05500000000019 1.5707963267948966 flow_2_34 0 5.0 2.0,1.75 -275.0 1.5707963267948966 flow_2_35 0 5.0 2.0,-11.289999999999964 -1.75 0.0 flow_6_34 0 5.0 2.0,11.289999999999964 1.75 3.141592653589793 flow_4_34 0 5.0 2.0,-119.64499999999993 -5.25 0.0 flow_7_13 0 5.0 2.0,18.789999999999965 1.75 3.141592653589793 flow_4_35 0 5.0 2.0,119.64499999999993 5.25 3.141592653589793 flow_5_13 0 5.0 2.0,202.995 1.75 3.141592653589793 flow_4_36 0 5.0 2.0,-1.75 275.0 -1.5707963267948966 flow_0_35 0 5.0 2.0,-1.75 -57.05500000000019 -1.5707963267948966 flow_0_34 0 5.0 2.0,-18.789999999999965 -1.75 0.0 flow_6_35 0 5.0 2.0,;HHL_QHDD_N r r,HHL_QHDD_S r r,HHL_QHDD_E r r,HHL_QHDD_W r r,
-186.325 -1.75 0.0 flow_6_36 0 5.0 2.0,1.75 73.7250000000002 1.5707963267948966 flow_2_34 0 5.0 2.0,1.75 -264.0 1.5707963267948966 flow_2_35 0 5.0 2.0,-11.289999999999964 -1.75 0.0 flow_6_34 0 5.0 2.0,11.289999999999964 1.75 3.141592653589793 flow_4_34 0 5.0 2.0,-102.97499999999991 -5.25 0.0 flow_7_13 0 5.0 2.0,18.789999999999965 1.75 3.141592653589793 flow_4_35 0 5.0 2.0,102.97499999999991 5.25 3.141592653589793 flow_5_13 0 5.0 2.0,186.325 1.75 3.141592653589793 flow_4_36 0 5.0 2.0,-1.75 264.0 -1.5707963267948966 flow_0_35 0 5.0 2.0,-1.75 -73.7250000000002 -1.5707963267948966 flow_0_34 0 5.0 2.0,-18.789999999999965 -1.75 0.0 flow_6_35 0 5.0 2.0,;HHL_QHDD_N r r,HHL_QHDD_S r r,HHL_QHDD_E r r,HHL_QHDD_W r r,
-169.65499999999998 -1.75 0.0 flow_6_36 0 5.0 2.0,1.75 90.3950000000002 1.5707963267948966 flow_2_34 0 5.0 2.0,1.75 -251.0 1.5707963267948966 flow_2_35 0 5.0 2.0,-10.289999999999964 -1.75 0.0 flow_6_34 0 5.0 2.0,10.289999999999964 1.75 3.141592653589793 flow_4_34 0 5.0 2.0,-86.30499999999987 -5.25 0.0 flow_7_13 0 5.0 2.0,18.789999999999965 1.75 3.141592653589793 flow_4_35 0 5.0 2.0,86.30499999999987 5.25 3.141592653589793 flow_5_13 0 5.0 2.0,169.65499999999998 1.75 3.141592653589793 flow_4_36 0 5.0 2.0,-1.75 251.0 -1.5707963267948966 flow_0_35 0 5.0 2.0,-1.75 -90.3950000000002 -1.5707963267948966 flow_0_34 0 5.0 2.0,-18.789999999999965 -1.75 0.0 flow_6_35 0 5.0 2.0,;HHL_QHDD_N r r,HHL_QHDD_S r r,HHL_QHDD_E g g,HHL_QHDD_W g g,
-152.98499999999997 -1.75 0.0 flow_6_36 0 5.0 2.0,1.75 107.0650000000002 1.5707963267948966 flow_2_34 0 5.0 2.0,1.75 -236.0 1.5707963267948966 flow_2_35 0 5.0 2.0,-2.2899999999999638 -1.75 0.0 flow_6_34 0 5.0 2.0,2.2899999999999638 1.75 3.141592653589793 flow_4_34 0 5.0 2.0,-69.63499999999988 -5.25 0.0 flow_7_13 0 5.0 2.0,18.039999999999965 1.75 3.141592653589793 flow_4_35 0 5.0 2.0,69.63499999999988 5.25 3.141592653589793 flow_5_13 0 5.0 2.0,152.98499999999997 1.75 3.141592653589793 flow_4_36 0 5.0 2.0,-1.75 236.0 -1.5707963267948966 flow_0_35 0 5.0 2.0,-1.75 -107.0650000000002 -1.5707963267948966 flow_0_34 0 5.0 2.0,-18.039999999999965 -1.75 0.0 flow_6_35 0 5.0 2.0,;HHL_QHDD_N r r,HHL_QHDD_S r r,HHL_QHDD_E g g,HHL_QHDD_W g g,
-136.31499999999995 -1.75 0.0 flow_6_36 0 5.0 2.0,1.75 123.7350000000002 1.5707963267948966 flow_2_34 0 5.0 2.0,1.75 -219.665 1.5707963267948966 flow_2_35 0 5.0 2.0,2.7100000000000366 -1.75 0.0 flow_6_34 0 5.0 2.0,-2.7100000000000366 1.75 3.141592653589793 flow_4_34 0 5.0 2.0,-55.21499999999986 -5.25 0.0 flow_7_13 0 5.0 2.0,15.539999999999964 1.75 3.141592653589793 flow_4_35 0 5.0 2.0,55.21499999999986 5.25 3.141592653589793 flow_5_13 0 5.0 2.0,136.31499999999995 1.75 3.141592653589793 flow_4_36 0 5.0 2.0,-1.75 219.665 -1.5707963267948966 flow_0_35 0 5.0 2.0,-1.75 -123.7350000000002 -1.5707963267948966 flow_0_34 0 5.0 2.0,-15.539999999999964 -1.75 0.0 flow_6_35 0 5.0 2.0,;HHL_QHDD_N r r,HHL_QHDD_S r r,HHL_QHDD_E g g,HHL_QHDD_W g g,
-119.64499999999993 -1.75 0.0 flow_6_36 0 5.0 2.0,1.75 140.4050000000002 1.5707963267948966 flow_2_34 0 5.0 2.0,1.75 -202.995 1.5707963267948966 flow_2_35 0 5.0 2.0,14.710000000000037 -1.75 0.0 flow_6_34 0 5.0 2.0,-14.710000000000037 1.75 3.141592653589793 flow_4_34 0 5.0 2.0,-44.96334999999988 -5.25 0.0 flow_7_13 0 5.0 2.0,11.039999999999964 1.75 3.141592653589793 flow_4_35 0 5.0 2.0,44.96334999999988 5.25 3.141592653589793 flow_5_13 0 5.0 2.0,119.64499999999993 1.75 3.141592653589793 flow_4_36 0 5.0 2.0,-1.75 202.995 -1.5707963267948966 flow_0_35 0 5.0 2.0,-1.75 -140.4050000000002 -1.5707963267948966 flow_0_34 0 5.0 2.0,-11.039999999999964 -1.75 0.0 flow_6_35 0 5.0 2.0,;HHL_QHDD_N r r,HHL_QHDD_S r r,HHL_QHDD_E g g,HHL_QHDD_W g g,
-102.97499999999991 -1.75 0.0 flow_6_36 0 5.0 2.0,1.75 157.07500000000023 1.5707963267948966 flow_2_34 0 5.0 2.0,1.75 -186.325 1.5707963267948966 flow_2_35 0 5.0 2.0,23.710000000000038 -1.75 0.0 flow_6_34 0 5.0 2.0,-23.710000000000038 1.75 3.141592653589793 flow_4_34 0 5.0 2.0,-36.63004999999987 -5.25 0.0 flow_7_13 0 5.0 2.0,-0.4600000000000364 1.75 3.141592653589793 flow_4_35 0 5.0 2.0,36.63004999999987 5.25 3.141592653589793 flow_5_13 0 5.0 2.0,102.97499999999991 1.75 3.141592653589793 flow_4_36 0 5.0 2.0,-1.75 186.325 -1.5707963267948966 flow_0_35 0 5.0 2.0,-1.75 -157.07500000000023 -1.5707963267948966 flow_0_34 0 5.0 2.0,0.4600000000000364 -1.75 0.0 flow_6_35 0 5.0 2.0,;HHL_QHDD_N r r,HHL_QHDD_S r r,HHL_QHDD_E g g,HHL_QHDD_W g g,
-86.30499999999987 -1.75 0.0 flow_6_36 0 5.0 2.0,1.75 173.74500000000024 1.5707963267948966 flow_2_34 0 5.0 2.0,1.75 -169.65499999999998 1.5707963267948966 flow_2_35 0 5.0 2.0,34.710000000000039 -1.75 0.0 flow_6_34 0 5.0 2.0,-34.710000000000039 1.75 3.141592653589793 flow_4_34 0 5.0 2.0,-28.29674999999986 -5.25 0.0 flow_7_13 0 5.0 2.0,-13.960000000000037 1.75 3.141592653589793 flow_4_35 0 5.0 2.0,28.29674999999986 5.25 3.141592653589793 flow_5_13 0 5.0 2.0,86.30499999999987 1.75 3.141592653589793 flow_4_36 0 5.0 2.0,-1.75 169.65499999999998 -1.5707963267948966 flow_0_35 0 5.0 2.0,-1.75 -173.74500000000024 -1.5707963267948966 flow_0_34 0 5.0 2.0,13.960000000000037 -1.75 0.0 flow_6_35 0 5.0 2.0,;HHL_QHDD_N r r,HHL_QHDD_S r r,HHL_QHDD_E g g,HHL_QHDD_W g g,
-69.63499999999988 -1.75 0.0 flow_6_36 0 5.0 2.0,1.75 190.41500000000026 1.5707963267948966 flow_2_34 0 5.0 2.0,1.75 -152.98499999999997 1.5707963267948966 flow_2_35 0 5.0 2.0,47.710000000000039 -1.75 0.0 flow_6_34 0 5.0 2.0,-47.710000000000039 1.75 3.141592653589793 flow_4_34 0 5.0 2.0,-19.963449999999854 -5.25 0.0 flow_7_13 0 5.0 2.0,-24.460000000000038 1.75 3.141592653589793 flow_4_35 0 5.0 2.0,19.963449999999854 5.25 3.141592653589793 flow_5_13 0 5.0 2.0,69.63499999999988 1.75 3.141592653589793 flow_4_36 0 5.0 2.0,-1.75 152.98499999999997 -1.5707963267948966 flow_0_35 0 5.0 2.0,-1.75 -190.41500000000026 -1.5707963267948966 flow_0_34 0 5.0 2.0,24.460000000000038 -1.75 0.0 flow_6_35 0 5.0 2.0,;HHL_QHDD_N r r,HHL_QHDD_S r r,HHL_QHDD_E g g,HHL_QHDD_W g g,
-52.96499999999986 -1.75 0.0 flow_6_36 0 5.0 2.0,1.75 207.08500000000027 1.5707963267948966 flow_2_34 0 5.0 2.0,1.75 -136.31499999999995 1.5707963267948966 flow_2_35 0 5.0 2.0,62.710000000000039 -1.75 0.0 flow_6_34 0 5.0 2.0,-62.710000000000039 1.75 3.141592653589793 flow_4_34 0 5.0 2.0,-11.630149999999844 -5.25 0.0 flow_7_13 0 5.0 2.0,-36.835000000000039 1.75 3.141592653589793 flow_4_35 0 5.0 2.0,11.630149999999844 5.25 3.141592653589793 flow_5_13 0 5.0 2.0,52.96499999999986 1.75 3.141592653589793 flow_4_36 0 5.0 2.0,-1.75 136.31499999999995 -1.5707963267948966 flow_0_35 0 5.0 2.0,-1.75 -207.08500000000027 -1.5707963267948966 flow_0_34 0 5.0 2.0,36.835000000000039 -1.75 0.0 flow_6_35 0 5.0 2.0,;HHL_QHDD_N r r,HHL_QHDD_S r r,HHL_QHDD_E g g,HHL_QHDD_W g g,
-37.961999999999878 -1.75 0.0 flow_6_36 0 5.0 2.0,-299.0 -1.75 0.0 flow_6_37 0 5.0 2.0,1.75 223.75500000000029 1.5707963267948966 flow_2_34 0 5.0 2.0,1.75 -119.64499999999993 1.5707963267948966 flow_2_35 0 5.0 2.0,79.04500000000005 -1.75 0.0 flow_6_34 0 5.0 2.0,-79.04500000000005 1.75 3.141592653589793 flow_4_34 0 5.0 2.0,0.8074631136021678 3.2495743538325976 1.0768549578753155 flow_7_13 0 5.0 2.0,-51.02250000000004 1.75 3.141592653589793 flow_4_35 0 5.0 2.0,-0.8074631136021678 -3.2495743538325976 -2.0647376957144778 flow_5_13 0 5.0 2.0,299.0 1.75 3.141592653589793 flow_4_37 0 5.0 2.0,37.961999999999878 1.75 3.141592653589793 flow_4_36 0 5.0 2.0,-1.75 119.64499999999993 -1.5707963267948966 flow_0_35 0 5.0 2.0,-1.75 -223.75500000000029 -1.5707963267948966 flow_0_34 0 5.0 2.0,51.02250000000004 -1.75 0.0 flow_6_35 0 5.0 2.0,;HHL_QHDD_N r r,HHL_QHDD_S r r,HHL_QHDD_E g g,HHL_QHDD_W g g,
-23.625999999999864 -1.75 0.0 flow_6_36 0 5.0 2.0,-296.0 -1.75 0.0 flow_6_37 0 5.0 2.0,1.75 240.4250000000003 1.5707963267948966 flow_2_34 0 5.0 2.0,1.75 -102.97499999999991 1.5707963267948966 flow_2_35 0 5.0 2.0,-5.25 299.0 -1.5707963267948966 flow_1_13 0 5.0 2.0,95.71500000000005 -1.75 0.0 flow_6_34 0 5.0 2.0,5.25 -299.0 1.5707963267948966 flow_3_13 0 5.0 2.0,-95.71500000000005 1.75 3.141592653589793 flow_4_34 0 5.0 2.0,1.75 17.345244234941818 1.5707963267948966 flow_7_13 0 5.0 2.0,-66.61750000000004 1.75 3.141592653589793 flow_4_35 0 5.0 2.0,-1.75 -17.345244234941818 -1.5707963267948966 flow_5_13 0 5.0 2.0,296.0 1.75 3.141592653589793 flow_4_37 0 5.0 2.0,23.625999999999864 1.75 3.141592653589793 flow_4_36 0 5.0 2.0,-1.75 102.97499999999991 -1.5707963267948966 flow_0_35 0 5.0 2.0,-1.75 -240.4250000000003 -1.5707963267948966 flow_0_34 0 5.0 2.0,66.61750000000004 -1.75 0.0 flow_6_35 0 5.0 2.0,;HHL_QHDD_N r r,HHL_QHDD_S r r,HHL_QHDD_E g g,HHL_QHDD_W g g,
-2.6229999999998769 -1.75 0.0 flow_6_36 0 5.0 2.0,-291.0 -1.75 0.0 flow_6_37 0 5.0 2.0,1.75 257.0950000000003 1.5707963267948966 flow_2_34 0 5.0 2.0,1.75 -86.30499999999987 1.5707963267948966 flow_2_35 0 5.0 2.0,-5.25 296.0 -1.5707963267948966 flow_1_13 0 5.0 2.0,112.38500000000005 -1.75 0.0 flow_6_34 0 5.0 2.0,5.25 -296.0 1.5707963267948966 flow_3_13 0 5.0 2.0,-112.38500000000005 1.75 3.141592653589793 flow_4_34 0 5.0 2.0,1.75 28.678544234941819 1.5707963267948966 flow_7_13 0 5.0 2.0,-82.83375000000004 1.75 3.141592653589793 flow_4_35 0 5.0 2.0,-1.75 -28.678544234941819 -1.5707963267948966 flow_5_13 0 5.0 2.0,291.0 1.75 3.141592653589793 flow_4_37 0 5.0 2.0,2.6229999999998769 1.75 3.141592653589793 flow_4_36 0 5.0 2.0,-1.75 86.30499999999987 -1.5707963267948966 flow_0_35 0 5.0 2.0,-1.75 -257.0950000000003 -1.5707963267948966 flow_0_34 0 5.0 2.0,82.83375000000004 -1.75 0.0 flow_6_35 0 5.0 2.0,;HHL_QHDD_N r r,HHL_QHDD_S r r,HHL_QHDD_E g g,HHL_QHDD_W g g,
19.047000000000126 -1.75 0.0 flow_6_36 0 5.0 2.0,-284.0 -1.75 0.0 flow_6_37 0 5.0 2.0,1.75 273.7650000000003 1.5707963267948966 flow_2_34 0 5.0 2.0,1.75 -69.63499999999988 1.5707963267948966 flow_2_35 0 5.0 2.0,-5.25 291.0 -1.5707963267948966 flow_1_13 0 5.0 2.0,129.05500000000007 -1.75 0.0 flow_6_34 0 5.0 2.0,5.25 -291.0 1.5707963267948966 flow_3_13 0 5.0 2.0,-129.05500000000007 1.75 3.141592653589793 flow_4_34 0 5.0 2.0,1.75 42.01184423494182 1.5707963267948966 flow_7_13 0 5.0 2.0,-99.27687500000005 1.75 3.141592653589793 flow_4_35 0 5.0 2.0,-1.75 -42.01184423494182 -1.5707963267948966 flow_5_13 0 5.0 2.0,284.0 1.75 3.141592653589793 flow_4_37 0 5.0 2.0,-19.047000000000126 1.75 3.141592653589793 flow_4_36 0 5.0 2.0,-1.75 69.63499999999988 -1.5707963267948966 flow_0_35 0 5.0 2.0,-1.75 -273.7650000000003 -1.5707963267948966 flow_0_34 0 5.0 2.0,99.27687500000005 -1.75 0.0 flow_6_35 0 5.0 2.0,;HHL_QHDD_N r r,HHL_QHDD_S r r,HHL_QHDD_E g g,HHL_QHDD_W g g,
35.71700000000013 -1.75 0.0 flow_6_36 0 5.0 2.0,-275.0 -1.75 0.0 flow_6_37 0 5.0 2.0,1.75 290.43500000000037 1.5707963267948966 flow_2_34 0 5.0 2.0,1.75 -52.96499999999986 1.5707963267948966 flow_2_35 0 5.0 2.0,-5.25 284.0 -1.5707963267948966 flow_1_13 0 5.0 2.0,145.72500000000006 -1.75 0.0 flow_6_34 0 5.0 2.0,5.25 -284.0 1.5707963267948966 flow_3_13 0 5.0 2.0,-145.72500000000006 1.75 3.141592653589793 flow_4_34 0 5.0 2.0,1.75 57.34514423494182 1.5707963267948966 flow_7_13 0 5.0 2.0,-115.83343750000005 1.75 3.141592653589793 flow_4_35 0 5.0 2.0,-1.75 -57.34514423494182 -1.5707963267948966 flow_5_13 0 5.0 2.0,275.0 1.75 3.141592653589793 flow_4_37 0 5.0 2.0,-35.71700000000013 1.75 3.141592653589793 flow_4_36 0 5.0 2.0,-1.75 52.96499999999986 -1.5707963267948966 flow_0_35 0 5.0 2.0,-1.75 -290.43500000000037 -1.5707963267948966 flow_0_34 0 5.0 2.0,115.83343750000005 -1.75 0.0 flow_6_35 0 5.0 2.0,;HHL_QHDD_N r r,HHL_QHDD_S r r,HHL_QHDD_E g g,HHL_QHDD_W g g,
52.38700000000013 -1.75 0.0 flow_6_36 0 5.0 2.0,-264.0 -1.75 0.0 flow_6_37 0 5.0 2.0,1.75 -37.961999999999878 1.5707963267948966 flow_2_35 0 5.0 2.0,-5.25 275.0 -1.5707963267948966 flow_1_13 0 5.0 2.0,162.395 -1.75 0.0 flow_6_34 0 5.0 2.0,5.25 -275.0 1.5707963267948966 flow_3_13 0 5.0 2.0,-162.395 1.75 3.141592653589793 flow_4_34 0 5.0 2.0,1.75 73.84679423494183 1.5707963267948966 flow_7_13 0 5.0 2.0,-132.44671875000004 1.75 3.141592653589793 flow_4_35 0 5.0 2.0,-1.75 -73.84679423494183 -1.5707963267948966 flow_5_13 0 5.0 2.0,264.0 1.75 3.141592653589793 flow_4_37 0 5.0 2.0,-52.38700000000013 1.75 3.141592653589793 flow_4_36 0 5.0 2.0,-1.75 37.961999999999878 -1.5707963267948966 flow_0_35 0 5.0 2.0,132.44671875000004 -1.75 0.0 flow_6_35 0 5.0 2.0,;HHL_QHDD_N r r,HHL_QHDD_S r r,HHL_QHDD_E g g,HHL_QHDD_W g g,
-1.75 299.0 -1.5707963267948966 flow_0_36 0 5.0 2.0,69.05700000000013 -1.75 0.0 flow_6_36 0 5.0 2.0,-251.0 -1.75 0.0 flow_6_37 0 5.0 2.0,1.75 -26.292999999999894 1.5707963267948966 flow_2_35 0 5.0 2.0,-5.25 264.0 -1.5707963267948966 flow_1_13 0 5.0 2.0,179.06500000000006 -1.75 0.0 flow_6_34 0 5.0 2.0,5.25 -264.0 1.5707963267948966 flow_3_13 0 5.0 2.0,-179.06500000000006 1.75 3.141592653589793 flow_4_34 0 5.0 2.0,1.75 90.51679423494183 1.5707963267948966 flow_7_13 0 5.0 2.0,-149.08835937500005 1.75 3.141592653589793 flow_4_35 0 5.0 2.0,-1.75 -90.51679423494183 -1.5707963267948966 flow_5_13 0 5.0 2.0,251.0 1.75 3.141592653589793 flow_4_37 0 5.0 2.0,-69.05700000000013 1.75 3.141592653589793 flow_4_36 0 5.0 2.0,-1.75 26.292999999999894 -1.5707963267948966 flow_0_35 0 5.0 2.0,1.75 -299.0 1.5707963267948966 flow_2_36 0 5.0 2.0,149.08835937500005 -1.75 0.0 flow_6_35 0 5.0 2.0,;HHL_QHDD_N r r,HHL_QHDD_S r r,HHL_QHDD_E g g,HHL_QHDD_W g g,
-1.75 296.0 -1.5707963267948966 flow_0_36 0 5.0 2.0,85.72700000000013 -1.75 0.0 flow_6_36 0 5.0 2.0,-236.0 -1.75 0.0 flow_6_37 0 5.0 2.0,1.75 -17.957999999999914 1.5707963267948966 flow_2_35 0 5.0 2.0,-5.25 251.0 -1.5707963267948966 flow_1_13 0 5.0 2.0,195.73500000000008 -1.75 0.0 flow_6_34 0 5.0 2.0,5.25 -251.0 1.5707963267948966 flow_3_13 0 5.0 2.0,-195.73500000000008 1.75 3.141592653589793 flow_4_34 0 5.0 2.0,1.75 107.18679423494183 1.5707963267948966 flow_7_13 0 5.0 2.0,-165.74417968750005 1.75 3.141592653589793 flow_4_35 0 5.0 2.0,-1.75 -107.18679423494183 -1.5707963267948966 flow_5_13 0 5.0 2.0,236.0 1.75 3.141592653589793 flow_4_37 0 5.0 2.0,-85.72700000000013 1.75 3.141592653589793 flow_4_36 0 5.0 2.0,-1.75 17.957999999999914 -1.5707963267948966 flow_0_35 0 5.0 2.0,1.75 -296.0 1.5707963267948966 flow_2_36 0 5.0 2.0,165.74417968750005 -1.75 0.0 flow_6_35 0 5.0 2.0,;HHL_QHDD_N r r,HHL_QHDD_S r r,HHL_QHDD_E g g,HHL_QHDD_W g g,
-1.75 291.0 -1.5707963267948966 flow_0_36 0 5.0 2.0,102.39700000000014 -1.75 0.0 flow_6_36 0 5.0 2.0,-219.665 -1.75 0.0 flow_6_37 0 5.0 2.0,1.75 -12.956999999999937 1.5707963267948966 flow_2_35 0 5.0 2.0,-5.25 236.0 -1.5707963267948966 flow_1_13 0 5.0 2.0,212.4050000000001 -1.75 0.0 flow_6_34 0 5.0 2.0,5.25 -236.0 1.5707963267948966 flow_3_13 0 5.0 2.0,-212.4050000000001 1.75 3.141592653589793 flow_4_34 0 5.0 2.0,1.75 123.85679423494183 1.5707963267948966 flow_7_13 0 5.0 2.0,-182.40708984375005 1.75 3.141592653589793 flow_4_35 0 5.0 2.0,-1.75 -123.85679423494183 -1.5707963267948966 flow_5_13 0 5.0 2.0,219.665 1.75 3.141592653589793 flow_4_37 0 5.0 2.0,-102.39700000000014 1.75 3.141592653589793 flow_4_36 0 5.0 2.0,-1.75 12.956999999999937 -1.5707963267948966 flow_0_35 0 5.0 2.0,1.75 -291.0 1.5707963267948966 flow_2_36 0 5.0 2.0,182.40708984375005 -1.75 0.0 flow_6_35 0 5.0 2.0,;HHL_QHDD_N r r,HHL_QHDD_S r r,HHL_QHDD_E g g,HHL_QHDD_W g g,
-1.75 284.0 -1.5707963267948966 flow_0_36 0 5.0 2.0,119.06700000000014 -1.75 0.0 flow_6_36 0 5.0 2.0,-202.995 -1.75 0.0 flow_6_37 0 5.0 2.0,1.75 -11.289999999999964 1.5707963267948966 flow_2_35 0 5.0 2.0,-5.25 219.665 -1.5707963267948966 flow_1_13 0 5.0 2.0,229.0750000000001 -1.75 0.0 flow_6_34 0 5.0 2.0,5.25 -219.665 1.5707963267948966 flow_3_13 0 5.0 2.0,-229.0750000000001 1.75 3.141592653589793 flow_4_34 0 5.0 2.0,1.75 140.52679423494184 1.5707963267948966 flow_7_13 0 5.0 2.0,-199.07354492187506 1.75 3.141592653589793 flow_4_35 0 5.0 2.0,-1.75 -140.52679423494184 -1.5707963267948966 flow_5_13 0 5.0 2.0,202.995 1.75 3.141592653589793 flow_4_37 0 5.0 2.0,-119.06700000000014 1.75 3.141592653589793 flow_4_36 0 5.0 2.0,-1.75 11.289999999999964 -1.5707963267948966 flow_0_35 0 5.0 2.0,1.75 -284.0 1.5707963267948966 flow_2_36 0 5.0 2.0,199.07354492187506 -1.75 0.0 flow_6_35 0 5.0 2.0,;HHL_QHDD_N r r,HHL_QHDD_S r r,HHL_QHDD_E g g,HHL_QHDD_W g g,
-1.75 275.0 -1.5707963267948966 flow_0_36 0 5.0 2.0,135.73700000000015 -1.75 0.0 flow_6_36 0 5.0 2.0,-186.325 -1.75 0.0 flow_6_37 0 5.0 2.0,1.75 -11.289999999999964 1.5707963267948966 flow_2_35 0 5.0 2.0,-5.25 202.995 -1.5707963267948966 flow_1_13 0 5.0 2.0,245.74500000000013 -1.75 0.0 flow_6_34 0 5.0 2.0,5.25 -202.995 1.5707963267948966 flow_3_13 0 5.0 2.0,-245.74500000000013 1.75 3.141592653589793 flow_4_34 0 5.0 2.0,1.75 157.19679423494183 1.5707963267948966 flow_7_13 0 5.0 2.0,-215.74177246093758 1.75 3.141592653589793 flow_4_35 0 5.0 2.0,-1.75 -157.19679423494183 -1.5707963267948966 flow_5_13 0 5.0 2.0,186.325 1.75 3.141592653589793 flow_4_37 0 5.0 2.0,-135.73700000000015 1.75 3.141592653589793 flow_4_36 0 5.0 2.0,-1.75 11.289999999999964 -1.5707963267948966 flow_0_35 0 5.0 2.0,1.75 -275.0 1.5707963267948966 flow_2_36 0 5.0 2.0,215.74177246093758 -1.75 0.0 flow_6_35 0 5.0 2.0,;HHL_QHDD_N r r,HHL_QHDD_S r r,HHL_QHDD_E g g,HHL_QHDD_W g g,
-1.75 264.0 -1.5707963267948966 flow_0_36 0 5.0 2.0,152.40700000000016 -1.75 0.0 flow_6_36 0 5.0 2.0,-169.65499999999998 -1.75 0.0 flow_6_37 0 5.0 2.0,1.75 -11.289999999999964 1.5707963267948966 flow_2_35 0 5.0 2.0,-5.25 186.325 -1.5707963267948966 flow_1_13 0 5.0 2.0,262.41500000000016 -1.75 0.0 flow_6_34 0 5.0 2.0,5.25 -186.325 1.5707963267948966 flow_3_13 0 5.0 2.0,-262.41500000000016 1.75 3.141592653589793 flow_4_34 0 5.0 2.0,1.75 173.86679423494184 1.5707963267948966 flow_7_13 0 5.0 2.0,-232.41088623046887 1.75 3.141592653589793 flow_4_35 0 5.0 2.0,-1.75 -173.86679423494184 -1.5707963267948966 flow_5_13 0 5.0 2.0,169.65499999999998 1.75 3.141592653589793 flow_4_37 0 5.0 2.0,-152.40700000000016 1.75 3.141592653589793 flow_4_36 0 5.0 2.0,-1.75 11.289999999999964 -1.5707963267948966 flow_0_35 0 5.0 2.0,1.75 -264.0 1.5707963267948966 flow_2_36 0 5.0 2.0,232.41088623046887 -1.75 0.0 flow_6_35 0 5.0 2.0,;HHL_QHDD_N r r,HHL_QHDD_S r r,HHL_QHDD_E g g,HHL_QHDD_W g g,
-1.75 251.0 -1.5707963267948966 flow_0_36 0 5.0 2.0,169.07700000000018 -1.75 0.0 flow_6_36 0 5.0 2.0,-152.98499999999997 -1.75 0.0 flow_6_37 0 5.0 2.0,1.75 -11.289999999999964 1.5707963267948966 flow_2_35 0 5.0 2.0,-5.25 169.65499999999998 -1.5707963267948966 flow_1_13 0 5.0 2.0,279.08500000000017 -1.75 0.0 flow_6_34 0 5.0 2.0,5.25 -169.65499999999998 1.5707963267948966 flow_3_13 0 5.0 2.0,-279.08500000000017 1.75 3.141592653589793 flow_4_34 0 5.0 2.0,1.75 190.53679423494186 1.5707963267948966 flow_7_13 0 5.0 2.0,-249.0804431152345 1.75 3.141592653589793 flow_4_35 0 5.0 2.0,-1.75 -190.53679423494186 -1.5707963267948966 flow_5_13 0 5.0 2.0,152.98499999999997 1.75 3.141592653589793 flow_4_37 0 5.0 2.0,-169.07700000000018 1.75 3.141592653589793 flow_4_36 0 5.0 2.0,-1.75 11.289999999999964 -1.5707963267948966 flow_0_35 0 5.0 2.0,1.75 -251.0 1.5707963267948966 flow_2_36 0 5.0 2.0,249.0804431152345 -1.75 0.0 flow_6_35 0 5.0 2.0,;HHL_QHDD_N r r,HHL_QHDD_S r r,HHL_QHDD_E g g,HHL_QHDD_W g g,
-1.75 236.0 -1.5707963267948966 flow_0_36 0 5.0 2.0,185.74700000000019 -1.75 0.0 flow_6_36 0 5.0 2.0,-136.31499999999995 -1.75 0.0 flow_6_37 0 5.0 2.0,1.75 -11.289999999999964 1.5707963267948966 flow_2_35 0 5.0 2.0,-5.25 152.98499999999997 -1.5707963267948966 flow_1_13 0 5.0 2.0,295.75500000000019 -1.75 0.0 flow_6_34 0 5.0 2.0,5.25 -152.98499999999997 1.5707963267948966 flow_3_13 0 5.0 2.0,-295.75500000000019 1.75 3.141592653589793 flow_4_34 0 5.0 2.0,1.75 207.20679423494185 1.5707963267948966 flow_7_13 0 5.0 2.0,-265.75022155761737 1.75 3.141592653589793 flow_4_35 0 5.0 2.0,-1.75 -207.20679423494185 -1.5707963267948966 flow_5_13 0 5.0 2.0,136.31499999999995 1.75 3.141592653589793 flow_4_37 0 5.0 2.0,-185.74700000000019 1.75 3.141592653589793 flow_4_36 0 5.0 2.0,-1.75 11.289999999999964 -1.5707963267948966 flow_0_35 0 5.0 2.0,1.75 -236.0 1.5707963267948966 flow_2_36 0 5.0 2.0,265.75022155761737 -1.75 0.0 flow_6_35 0 5.0 2.0,;HHL_QHDD_N r r,HHL_QHDD_S r r,HHL_QHDD_E g g,HHL_QHDD_W g g,
-1.75 219.665 -1.5707963267948966 flow_0_36 0 5.0 2.0,202.4170000000002 -1.75 0.0 flow_6_36 0 5.0 2.0,-119.64499999999993 -1.75 0.0 flow_6_37 0 5.0 2.0,1.75 -11.289999999999964 1.5707963267948966 flow_2_35 0 5.0 2.0,-5.25 136.31499999999995 -1.5707963267948966 flow_1_13 0 5.0 2.0,5.25 -136.31499999999995 1.5707963267948966 flow_3_13 0 5.0 2.0,1.75 223.87679423494189 1.5707963267948966 flow_7_13 0 5.0 2.0,-282.42011077880877 1.75 3.141592653589793 flow_4_35 0 5.0 2.0,-1.75 -223.87679423494189 -1.5707963267948966 flow_5_13 0 5.0 2.0,119.64499999999993 1.75 3.141592653589793 flow_4_37 0 5.0 2.0,-202.4170000000002 1.75 3.141592653589793 flow_4_36 0 5.0 2.0,-1.75 11.289999999999964 -1.5707963267948966 flow_0_35 0 5.0 2.0,1.75 -219.665 1.5707963267948966 flow_2_36 0 5.0 2.0,282.42011077880877 -1.75 0.0 flow_6_35 0 5.0 2.0,;HHL_QHDD_N r r,HHL_QHDD_S r r,HHL_QHDD_E g g,HHL_QHDD_W g g,
-1.75 202.995 -1.5707963267948966 flow_0_36 0 5.0 2.0,219.08700000000023 -1.75 0.0 flow_6_36 0 5.0 2.0,-102.97499999999991 -1.75 0.0 flow_6_37 0 5.0 2.0,1.75 -11.289999999999964 1.5707963267948966 flow_2_35 0 5.0 2.0,-5.25 119.64499999999993 -1.5707963267948966 flow_1_13 0 5.0 2.0,5.25 -119.64499999999993 1.5707963267948966 flow_3_13 0 5.0 2.0,1.75 240.5467942349419 1.5707963267948966 flow_7_13 0 5.0 2.0,-299.0900738525392 1.75 3.141592653589793 flow_4_35 0 5.0 2.0,-1.75 -240.5467942349419 -1.5707963267948966 flow_5_13 0 5.0 2.0,102.97499999999991 1.75 3.141592653589793 flow_4_37 0 5.0 2.0,-219.08700000000023 1.75 3.141592653589793 flow_4_36 0 5.0 2.0,-1.75 11.289999999999964 -1.5707963267948966 flow_0_35 0 5.0 2.0,1.75 -202.995 1.5707963267948966 flow_2_36 0 5.0 2.0,299.0900738525392 -1.75 0.0 flow_6_35 0 5.0 2.0,;HHL_QHDD_N r r,HHL_QHDD_S r r,HHL_QHDD_E g g,HHL_QHDD_W g g,
-1.75 186.325 -1.5707963267948966 flow_0_36 0 5.0 2.0,235.75700000000024 -1.75 0.0 flow_6_36 0 5.0 2.0,-86.30499999999987 -1.75 0.0 flow_6_37 0 5.0 2.0,1.75 -11.289999999999964 1.5707963267948966 flow_2_35 0 5.0 2.0,-5.25 102.97499999999991 -1.5707963267948966 flow_1_13 0 5.0 2.0,5.25 -102.97499999999991 1.5707963267948966 flow_3_13 0 5.0 2.0,1.75 257.216794234942 1.5707963267948966 flow_7_13 0 5.0 2.0,-1.75 -257.216794234942 -1.5707963267948966 flow_5_13 0 5.0 2.0,86.30499999999987 1.75 3.141592653589793 flow_4_37 0 5.0 2.0,-235.75700000000024 1.75 3.141592653589793 flow_4_36 0 5.0 2.0,-1.75 11.289999999999964 -1.5707963267948966 flow_0_35 0 5.0 2.0,1.75 -186.325 1.5707963267948966 flow_2_36 0 5.0 2.0,;HHL_QHDD_N r r,HHL_QHDD_S r r,HHL_QHDD_E g g,HHL_QHDD_W g g,
-1.75 169.65499999999998 -1.5707963267948966 flow_0_36 0 5.0 2.0,252.42700000000026 -1.75 0.0 flow_6_36 0 5.0 2.0,-69.63499999999988 -1.75 0.0 flow_6_37 0 5.0 2.0,1.75 -11.289999999999964 1.5707963267948966 flow_2_35 0 5.0 2.0,-5.25 86.30499999999987 -1.5707963267948966 flow_1_13 0 5.0 2.0,5.25 -86.30499999999987 1.5707963267948966 flow_3_13 0 5.0 2.0,1.75 273.88679423494195 1.5707963267948966 flow_7_13 0 5.0 2.0,-1.75 -273.88679423494195 -1.5707963267948966 flow_5_13 0 5.0 2.0,69.63499999999988 1.75 3.141592653589793 flow_4_37 0 5.0 2.0,-252.42700000000026 1.75 3.141592653589793 flow_4_36 0 5.0 2.0,-1.75 11.289999999999964 -1.5707963267948966 flow_0_35 0 5.0 2.0,1.75 -169.65499999999998 1.5707963267948966 flow_2_36 0 5.0 2.0,;HHL_QHDD_N r r,HHL_QHDD_S r r,HHL_QHDD_E g g,HHL_QHDD_W g g,
-1.75 152.98499999999997 -1.5707963267948966 flow_0_36 0 5.0 2.0,269.09700000000029 -1.75 0.0 flow_6_36 0 5.0 2.0,-52.96499999999986 -1.75 0.0 flow_6_37 0 5.0 2.0,1.75 -11.289999999999964 1.5707963267948966 flow_2_35 0 5.0 2.0,-5.25 69.63499999999988 -1.5707963267948966 flow_1_13 0 5.0 2.0,5.25 -69.63499999999988 1.5707963267948966 flow_3_13 0 5.0 2.0,1.75 290.55679423494197 1.5707963267948966 flow_7_13 0 5.0 2.0,-1.75 -290.55679423494197 -1.5707963267948966 flow_5_13 0 5.0 2.0,52.96499999999986 1.75 3.141592653589793 flow_4_37 0 5.0 2.0,-269.09700000000029 1.75 3.141592653589793 flow_4_36 0 5.0 2.0,-1.75 11.289999999999964 -1.5707963267948966 flow_0_35 0 5.0 2.0,1.75 -152.98499999999997 1.5707963267948966 flow_2_36 0 5.0 2.0,;HHL_QHDD_N r r,HHL_QHDD_S r r,HHL_QHDD_E g g,HHL_QHDD_W g g,
-1.75 136.31499999999995 -1.5707963267948966 flow_0_36 0 5.0 2.0,285.7670000000003 -1.75 0.0 flow_6_36 0 5.0 2.0,-36.294999999999848 -1.75 0.0 flow_6_37 0 5.0 2.0,1.75 -11.289999999999964 1.5707963267948966 flow_2_35 0 5.0 2.0,-5.25 52.96499999999986 -1.5707963267948966 flow_1_13 0 5.0 2.0,5.25 -52.96499999999986 1.5707963267948966 flow_3_13 0 5.0 2.0,36.294999999999848 1.75 3.141592653589793 flow_4_37 0 5.0 2.0,-285.7670000000003 1.75 3.141592653589793 flow_4_36 0 5.0 2.0,-1.75 11.289999999999964 -1.5707963267948966 flow_0_35 0 5.0 2.0,1.75 -136.31499999999995 1.5707963267948966 flow_2_36 0 5.0 2.0,;HHL_QHDD_N r r,HHL_QHDD_S r r,HHL_QHDD_E g g,HHL_QHDD_W g g,
-1.75 119.64499999999993 -1.5707963267948966 flow_0_36 0 5.0 2.0,-19.62499999999983 -1.75 0.0 flow_6_37 0 5.0 2.0,1.75 -11.289999999999964 1.5707963267948966 flow_2_35 0 5.0 2.0,-5.25 37.961999999999878 -1.5707963267948966 flow_1_13 0 5.0 2.0,5.25 -37.961999999999878 1.5707963267948966 flow_3_13 0 5.0 2.0,19.62499999999983 1.75 3.141592653589793 flow_4_37 0 5.0 2.0,-1.75 11.289999999999964 -1.5707963267948966 flow_0_35 0 5.0 2.0,299.0 1.75 3.141592653589793 flow_4_38 0 5.0 2.0,1.75 -119.64499999999993 1.5707963267948966 flow_2_36 0 5.0 2.0,-299.0 -1.75 0.0 flow_6_38 0 5.0 2.0,;HHL_QHDD_N r r,HHL_QHDD_S r r,HHL_QHDD_E g g,HHL_QHDD_W g g,
-1.75 102.97499999999991 -1.5707963267948966 flow_0_36 0 5.0 2.0,2.0450000000001866 -1.75 0.0 flow_6_37 0 5.0 2.0,1.75 -11.289999999999964 1.5707963267948966 flow_2_35 0 5.0 2.0,-5.25 26.292999999999894 -1.5707963267948966 flow_1_13 0 5.0 2.0,5.25 -26.292999999999894 1.5707963267948966 flow_3_13 0 5.0 2.0,-2.0450000000001866 1.75 3.141592653589793 flow_4_37 0 5.0 2.0,-1.75 11.289999999999964 -1.5707963267948966 flow_0_35 0 5.0 2.0,296.0 1.75 3.141592653589793 flow_4_38 0 5.0 2.0,1.75 -102.97499999999991 1.5707963267948966 flow_2_36 0 5.0 2.0,-296.0 -1.75 0.0 flow_6_38 0 5.0 2.0,;HHL_QHDD_N r r,HHL_QHDD_S r r,HHL_QHDD_E g g,HHL_QHDD_W g g,
-1.75 86.30499999999987 -1.5707963267948966 flow_0_36 0 5.0 2.0,23.715000000000189 -1.75 0.0 flow_6_37 0 5.0 2.0,1.75 -11.289999999999964 1.5707963267948966 flow_2_35 0 5.0 2.0,-5.25 17.957999999999914 -1.5707963267948966 flow_1_13 0 5.0 2.0,5.25 -17.957999999999914 1.5707963267948966 flow_3_13 0 5.0 2.0,-23.715000000000189 1.75 3.141592653589793 flow_4_37 0 5.0 2.0,-1.75 11.289999999999964 -1.5707963267948966 flow_0_35 0 5.0 2.0,291.0 1.75 3.141592653589793 flow_4_38 0 5.0 2.0,1.75 -86.30499999999987 1.5707963267948966 flow_2_36 0 5.0 2.0,-291.0 -1.75 0.0 flow_6_38 0 5.0 2.0,;HHL_QHDD_N r r,HHL_QHDD_S r r,HHL_QHDD_E g g,HHL_QHDD_W g g,
-1.75 69.63499999999988 -1.5707963267948966 flow_0_36 0 5.0 2.0,40.38500000000019 -1.75 0.0 flow_6_37 0 5.0 2.0,1.75 -11.289999999999964 1.5707963267948966 flow_2_35 0 5.0 2.0,-5.25 12.956999999999937 -1.5707963267948966 flow_1_13 0 5.0 2.0,5.25 -12.956999999999937 1.5707963267948966 flow_3_13 0 5.0 2.0,-40.38500000000019 1.75 3.141592653589793 flow_4_37 0 5.0 2.0,-1.75 11.289999999999964 -1.5707963267948966 flow_0_35 0 5.0 2.0,284.0 1.75 3.141592653589793 flow_4_38 0 5.0 2.0,1.75 -69.63499999999988 1.5707963267948966 flow_2_36 0 5.0 2.0,-284.0 -1.75 0.0 flow_6_38 0 5.0 2.0,;HHL_QHDD_N r r,HHL_QHDD_S r r,HHL_QHDD_E g g,HHL_QHDD_W g g,
-1.75 52.96499999999986 -1.5707963267948966 flow_0_36 0 5.0 2.0,57.05500000000019 -1.75 0.0 flow_6_37 0 5.0 2.0,1.75 -11.289999999999964 1.5707963267948966 flow_2_35 0 5.0 2.0,-5.25 11.289999999999964 -1.5707963267948966 flow_1_13 0 5.0 2.0,5.25 -11.289999999999964 1.5707963267948966 flow_3_13 0 5.0 2.0,-57.05500000000019 1.75 3.141592653589793 flow_4_37 0 5.0 2.0,-1.75 11.289999999999964 -1.5707963267948966 flow_0_35 0 5.0 2.0,275.0 1.75 3.141592653589793 flow_4_38 0 5.0 2.0,1.75 -52.96499999999986 1.5707963267948966 flow_2_36 0 5.0 2.0,-275.0 -1.75 0.0 flow_6_38 0 5.0 2.0,;HHL_QHDD_N r r,HHL_QHDD_S r r,HHL_QHDD_E g g,HHL_QHDD_W g g,
-1.75 38.04749554005957 -1.5707963267948966 flow_0_36 0 5.0 2.0,73.7250000000002 -1.75 0.0 flow_6_37 0 5.0 2.0,1.75 -11.289999999999964 1.5707963267948966 flow_2_35 0 5.0 2.0,-5.25 11.289999999999964 -1.5707963267948966 flow_1_13 0 5.0 2.0,5.25 -11.289999999999964 1.5707963267948966 flow_3_13 0 5.0 2.0,-73.7250000000002 1.75 3.141592653589793 flow_4_37 0 5.0 2.0,-1.75 11.289999999999964 -1.5707963267948966 flow_0_35 0 5.0 2.0,264.0 1.75 3.141592653589793 flow_4_38 0 5.0 2.0,1.75 -38.04749554005957 1.5707963267948966 flow_2_36 0 5.0 2.0,-264.0 -1.75 0.0 flow_6_38 0 5.0 2.0,;HHL_QHDD_N r r,HHL_QHDD_S r r,HHL_QHDD_E g g,HHL_QHDD_W g g,
-1.75 27.132486620178953 -1.5707963267948966 flow_0_36 0 5.0 2.0,90.3950000000002 -1.75 0.0 flow_6_37 0 5.0 2.0,1.75 -11.289999999999964 1.5707963267948966 flow_2_35 0 5.0 2.0,-5.25 11.289999999999964 -1.5707963267948966 flow_1_13 0 5.0 2.0,5.25 -11.289999999999964 1.5707963267948966 flow_3_13 0 5.0 2.0,1.75 -299.0 1.5707963267948966 flow_2_37 0 5.0 2.0,-1.75 299.0 -1.5707963267948966 flow_0_37 0 5.0 2.0,-90.3950000000002 1.75 3.141592653589793 flow_4_37 0 5.0 2.0,-1.75 11.289999999999964 -1.5707963267948966 flow_0_35 0 5.0 2.0,251.0 1.75 3.141592653589793 flow_4_38 0 5.0 2.0,1.75 -27.132486620178953 1.5707963267948966 flow_2_36 0 5.0 2.0,-251.0 -1.75 0.0 flow_6_38 0 5.0 2.0,;HHL_QHDD_N r r,HHL_QHDD_S r r,HHL_QHDD_E g g,HHL_QHDD_W g g,
-1.75 20.717477700298333 -1.5707963267948966 flow_0_36 0 5.0 2.0,107.0650000000002 -1.75 0.0 flow_6_37 0 5.0 2.0,1.75 -11.289999999999964 1.5707963267948966 flow_2_35 0 5.0 2.0,-5.25 11.289999999999964 -1.5707963267948966 flow_1_13 0 5.0 2.0,5.25 -11.289999999999964 1.5707963267948966 flow_3_13 0 5.0 2.0,1.75 -296.0 1.5707963267948966 flow_2_37 0 5.0 2.0,-1.75 296.0 -1.5707963267948966 flow_0_37 0 5.0 2.0,-107.0650000000002 1.75 3.141592653589793 flow_4_37 0 5.0 2.0,-1.75 11.289999999999964 -1.5707963267948966 flow_0_35 0 5.0 2.0,236.0 1.75 3.141592653589793 flow_4_38 0 5.0 2.0,1.75 -20.717477700298333 1.5707963267948966 flow_2_36 0 5.0 2.0,-236.0 -1.75 0.0 flow_6_38 0 5.0 2.0,;HHL_QHDD_N r r,HHL_QHDD_S r r,HHL_QHDD_E g g,HHL_QHDD_W g g,
-1.75 18.789999999999965 -1.5707963267948966 flow_0_36 0 5.0 2.0,123.7350000000002 -1.75 0.0 flow_6_37 0 5.0 2.0,1.75 -11.289999999999964 1.5707963267948966 flow_2_35 0 5.0 2.0,-5.25 11.289999999999964 -1.5707963267948966 flow_1_13 0 5.0 2.0,5.25 -11.289999999999964 1.5707963267948966 flow_3_13 0 5.0 2.0,1.75 -291.0 1.5707963267948966 flow_2_37 0 5.0 2.0,-1.75 291.0 -1.5707963267948966 flow_0_37 0 5.0 2.0,-123.7350000000002 1.75 3.141592653589793 flow_4_37 0 5.0 2.0,-1.75 11.289999999999964 -1.5707963267948966 flow_0_35 0 5.0 2.0,219.665 1.75 3.141592653589793 flow_4_38 0 5.0 2.0,1.75 -18.789999999999965 1.5707963267948966 flow_2_36 0 5.0 2.0,-219.665 -1.75 0.0 flow_6_38 0 5.0 2.0,;HHL_QHDD_N r r,HHL_QHDD_S r r,HHL_QHDD_E g g,HHL_QHDD_W g g,
-1.75 18.789999999999965 -1.5707963267948966 flow_0_36 0 5.0 2.0,140.4050000000002 -1.75 0.0 flow_6_37 0 5.0 2.0,1.75 -11.289999999999964 1.5707963267948966 flow_2_35 0 5.0 2.0,-5.25 11.289999999999964 -1.5707963267948966 flow_1_13 0 5.0 2.0,299.0 5.25 3.141592653589793 flow_5_14 0 5.0 2.0,5.25 -11.289999999999964 1.5707963267948966 flow_3_13 0 5.0 2.0,1.75 -284.0 1.5707963267948966 flow_2_37 0 5.0 2.0,-1.75 284.0 -1.5707963267948966 flow_0_37 0 5.0 2.0,-140.4050000000002 1.75 3.141592653589793 flow_4_37 0 5.0 2.0,-1.75 11.289999999999964 -1.5707963267948966 flow_0_35 0 5.0 2.0,202.995 1.75 3.141592653589793 flow_4_38 0 5.0 2.0,1.75 -18.789999999999965 1.5707963267948966 flow_2_36 0 5.0 2.0,-299.0 -5.25 0.0 flow_7_14 0 5.0 2.0,-202.995 -1.75 0.0 flow_6_38 0 5.0 2.0,;HHL_QHDD_N r r,HHL_QHDD_S r r,HHL_QHDD_E r r,HHL_QHDD_W r r,
-1.75 18.789999999999965 -1.5707963267948966 flow_0_36 0 5.0 2.0,157.07500000000023 -1.75 0.0 flow_6_37 0 5.0 2.0,1.75 -11.289999999999964 1.5707963267948966 flow_2_35 0 5.0 2.0,-5.25 11.289999999999964 -1.5707963267948966 flow_1_13 0 5.0 2.0,296.0 5.25 3.141592653589793 flow_5_14 0 5.0 2.0,5.25 -11.289999999999964 1.5707963267948966 flow_3_13 0 5.0 2.0,1.75 -275.0 1.5707963267948966 flow_2_37 0 5.0 2.0,-1.75 275.0 -1.5707963267948966 flow_0_37 0 5.0 2.0,-157.07500000000023 1.75 3.141592653589793 flow_4_37 0 5.0 2.0,-1.75 11.289999999999964 -1.5707963267948966 flow_0_35 0 5.0 2.0,186.325 1.75 3.141592653589793 flow_4_38 0 5.0 2.0,1.75 -18.789999999999965 1.5707963267948966 flow_2_36 0 5.0 2.0,-296.0 -5.25 0.0 flow_7_14 0 5.0 2.0,-186.325 -1.75 0.0 flow_6_38 0 5.0 2.0,;HHL_QHDD_N r r,HHL_QHDD_S r r,HHL_QHDD_E r r,HHL_QHDD_W r r,
-1.75 18.789999999999965 -1.5707963267948966 flow_0_36 0 5.0 2.0,173.74500000000024 -1.75 0.0 flow_6_37 0 5.0 2.0,1.75 -11.289999999999964 1.5707963267948966 flow_2_35 0 5.0 2.0,-5.25 11.289999999999964 -1.5707963267948966 flow_1_13 0 5.0 2.0,291.0 5.25 3.141592653589793 flow_5_14 0 5.0 2.0,5.25 -11.289999999999964 1.5707963267948966 flow_3_13 0 5.0 2.0,1.75 -264.0 1.5707963267948966 flow_2_37 0 5.0 2.0,-1.75 264.0 -1.5707963267948966 flow_0_37 0 5.0 2.0,-173.74500000000024 1.75 3.141592653589793 flow_4_37 0 5.0 2.0,-1.75 11.289999999999964 -1.5707963267948966 flow_0_35 0 5.0 2.0,169.65499999999998 1.75 3.141592653589793 flow_4_38 0 5.0 2.0,1.75 -18.789999999999965 1.5707963267948966 flow_2_36 0 5.0 2.0,-291.0 -5.25 0.0 flow_7_14 0 5.0 2.0,-169.65499999999998 -1.75 0.0 flow_6_38 0 5.0 2.0,;HHL_QHDD_N r r,HHL_QHDD_S r r,HHL_QHDD_E r r,HHL_QHDD_W r r,
-1.75 18.789999999999965 -1.5707963267948966 flow_0_36 0 5.0 2.0,190.41500000000026 -1.75 0.0 flow_6_37 0 5.0 2.0,1.75 -11.289999999999964 1.5707963267948966 flow_2_35 0 5.0 2.0,-5.25 10.289999999999964 -1.5707963267948966 flow_1_13 0 5.0 2.0,284.0 5.25 3.141592653589793 flow_5_14 0 5.0 2.0,5.25 -10.289999999999964 1.5707963267948966 flow_3_13 0 5.0 2.0,1.75 -251.0 1.5707963267948966 flow_2_37 0 5.0 2.0,-1.75 251.0 -1.5707963267948966 flow_0_37 0 5.0 2.0,-190.41500000000026 1.75 3.141592653589793 flow_4_37 0 5.0 2.0,-1.75 11.289999999999964 -1.5707963267948966 flow_0_35 0 5.0 2.0,152.98499999999997 1.75 3.141592653589793 flow_4_38 0 5.0 2.0,1.75 -18.789999999999965 1.5707963267948966 flow_2_36 0 5.0 2.0,-284.0 -5.25 0.0 flow_7_14 0 5.0 2.0,-152.98499999999997 -1.75 0.0 flow_6_38 0 5.0 2.0,;HHL_QHDD_N g g,HHL_QHDD_S g g,HHL_QHDD_E r r,HHL_QHDD_W r r,
-1.75 18.789999999999965 -1.5707963267948966 flow_0_36 0 5.0 2.0,207.08500000000027 -1.75 0.0 flow_6_37 0 5.0 2.0,1.75 -11.289999999999964 1.5707963267948966 flow_2_35 0 5.0 2.0,1.75 2.2899999999999638 -1.5707963267948966 flow_1_13 0 5.0 2.0,275.0 5.25 3.141592653589793 flow_5_14 0 5.0 2.0,-1.75 -2.2899999999999638 1.5707963267948966 flow_3_13 0 5.0 2.0,1.75 -236.0 1.5707963267948966 flow_2_37 0 5.0 2.0,-1.75 236.0 -1.5707963267948966 flow_0_37 0 5.0 2.0,-207.08500000000027 1.75 3.141592653589793 flow_4_37 0 5.0 2.0,-1.75 11.289999999999964 -1.5707963267948966 flow_0_35 0 5.0 2.0,136.31499999999995 1.75 3.141592653589793 flow_4_38 0 5.0 2.0,1.75 -18.789999999999965 1.5707963267948966 flow_2_36 0 5.0 2.0,-275.0 -5.25 0.0 flow_7_14 0 5.0 2.0,-136.31499999999995 -1.75 0.0 flow_6_38 0 5.0 2.0,;HHL_QHDD_N g g,HHL_QHDD_S g g,HHL_QHDD_E r r,HHL_QHDD_W r r,
-1.75 18.789999999999965 -1.5707963267948966 flow_0_36 0 5.0 2.0,223.75500000000029 -1.75 0.0 flow_6_37 0 5.0 2.0,1.75 -11.289999999999964 1.5707963267948966 flow_2_35 0 5.0 2.0,4.136076680789127 -1.2848105204249146 -0.4939413689195812 flow_1_13 0 5.0 2.0,264.0 5.25 3.141592653589793 flow_5_14 0 5.0 2.0,-4.136076680789127 1.2848105204249146 2.647651284670212 flow_3_13 0 5.0 2.0,1.75 -219.665 1.5707963267948966 flow_2_37 0 5.0 2.0,-1.75 219.665 -1.5707963267948966 flow_0_37 0 5.0 2.0,-223.75500000000029 1.75 3.141592653589793 flow_4_37 0 5.0 2.0,-1.75 11.289999999999964 -1.5707963267948966 flow_0_35 0 5.0 2.0,119.64499999999993 1.75 3.141592653589793 flow_4_38 0 5.0 2.0,1.75 -18.789999999999965 1.5707963267948966 flow_2_36 0 5.0 2.0,-264.0 -5.25 0.0 flow_7_14 0 5.0 2.0,-119.64499999999993 -1.75 0.0 flow_6_38 0 5.0 2.0,;HHL_QHDD_N g g,HHL_QHDD_S g g,HHL_QHDD_E r r,HHL_QHDD_W r r,
-1.75 18.789999999999965 -1.5707963267948966 flow_0_36 0 5.0 2.0,240.4250000000003 -1.75 0.0 flow_6_37 0 5.0 2.0,1.75 -10.289999999999964 1.5707963267948966 flow_2_35 0 5.0 2.0,16.018794234941688 -1.75 0.0 flow_1_13 0 5.0 2.0,251.0 5.25 3.141592653589793 flow_5_14 0 5.0 2.0,-16.018794234941688 1.75 3.141592653589793 flow_3_13 0 5.0 2.0,1.75 -202.995 1.5707963267948966 flow_2_37 0 5.0 2.0,-1.75 202.995 -1.5707963267948966 flow_0_37 0 5.0 2.0,-240.4250000000003 1.75 3.141592653589793 flow_4_37 0 5.0 2.0,-1.75 10.289999999999964 -1.5707963267948966 flow_0_35 0 5.0 2.0,102.97499999999991 1.75 3.141592653589793 flow_4_38 0 5.0 2.0,1.75 -18.789999999999965 1.5707963267948966 flow_2_36 0 5.0 2.0,-251.0 -5.25 0.0 flow_7_14 0 5.0 2.0,-102.97499999999991 -1.75 0.0 flow_6_38 0 5.0 2.0,;HHL_QHDD_N g g,HHL_QHDD_S g g,HHL_QHDD_E r r,HHL_QHDD_W r r,
-1.75 18.039999999999965 -1.5707963267948966 flow_0_36 0 5.0 2.0,257.0950000000003 -1.75 0.0 flow_6_37 0 5.0 2.0,1.75 -2.2899999999999638 1.5707963267948966 flow_2_35 0 5.0 2.0,25.018794234941688 -1.75 0.0 flow_1_13 0 5.0 2.0,236.0 5.25 3.141592653589793 flow_5_14 0 5.0 2.0,-25.018794234941688 1.75 3.141592653589793 flow_3_13 0 5.0 2.0,1.75 -186.325 1.5707963267948966 flow_2_37 0 5.0 2.0,-1.75 186.325 -1.5707963267948966 flow_0_37 0 5.0 2.0,-257.0950000000003 1.75 3.141592653589793 flow_4_37 0 5.0 2.0,-1.75 2.2899999999999638 -1.5707963267948966 flow_0_35 0 5.0 2.0,86.30499999999987 1.75 3.141592653589793 flow_4_38 0 5.0 2.0,1.75 -18.039999999999965 1.5707963267948966 flow_2_36 0 5.0 2.0,-236.0 -5.25 0.0 flow_7_14 0 5.0 2.0,-86.30499999999987 -1.75 0.0 flow_6_38 0 5.0 2.0,;HHL_QHDD_N g g,HHL_QHDD_S g g,HHL_QHDD_E r r,HHL_QHDD_W r r,
-1.75 15.539999999999964 -1.5707963267948966 flow_0_36 0 5.0 2.0,273.7650000000003 -1.75 0.0 flow_6_37 0 5.0 2.0,1.75 2.7100000000000366 1.5707963267948966 flow_2_35 0 5.0 2.0,36.01879423494169 -1.75 0.0 flow_1_13 0 5.0 2.0,219.665 5.25 3.141592653589793 flow_5_14 0 5.0 2.0,-36.01879423494169 1.75 3.141592653589793 flow_3_13 0 5.0 2.0,1.75 -169.65499999999998 1.5707963267948966 flow_2_37 0 5.0 2.0,-1.75 169.65499999999998 -1.5707963267948966 flow_0_37 0 5.0 2.0,-273.7650000000003 1.75 3.141592653589793 flow_4_37 0 5.0 2.0,-1.75 -2.7100000000000366 -1.5707963267948966 flow_0_35 0 5.0 2.0,69.63499999999988 1.75 3.141592653589793 flow_4_38 0 5.0 2.0,1.75 -15.539999999999964 1.5707963267948966 flow_2_36 0 5.0 2.0,-219.665 -5.25 0.0 flow_7_14 0 5.0 2.0,-69.63499999999988 -1.75 0.0 flow_6_38 0 5.0 2.0,;HHL_QHDD_N g g,HHL_QHDD_S g g,HHL_QHDD_E r r,HHL_QHDD_W r r,
-1.75 11.039999999999964 -1.5707963267948966 flow_0_36 0 5.0 2.0,290.43500000000037 -1.75 0.0 flow_6_37 0 5.0 2.0,1.75 14.710000000000037 1.5707963267948966 flow_2_35 0 5.0 2.0,49.01879423494169 -1.75 0.0 flow_1_13 0 5.0 2.0,202.995 5.25 3.141592653589793 flow_5_14 0 5.0 2.0,-49.01879423494169 1.75 3.141592653589793 flow_3_13 0 5.0 2.0,1.75 -152.98499999999997 1.5707963267948966 flow_2_37 0 5.0 2.0,-1.75 152.98499999999997 -1.5707963267948966 flow_0_37 0 5.0 2.0,-290.43500000000037 1.75 3.141592653589793 flow_4_37 0 5.0 2.0,-1.75 -14.710000000000037 -1.5707963267948966 flow_0_35 0 5.0 2.0,52.96499999999986 1.75 3.141592653589793 flow_4_38 0 5.0 2.0,1.75 -11.039999999999964 1.5707963267948966 flow_2_36 0 5.0 2.0,-202.995 -5.25 0.0 flow_7_14 0 5.0 2.0,-52.96499999999986 -1.75 0.0 flow_6_38 0 5.0 2.0,;HHL_QHDD_N g g,HHL_QHDD_S g g,HHL_QHDD_E r r,HHL_QHDD_W r r,
-1.75 -0.4600000000000364 -1.5707963267948966 flow_0_36 0 5.0 2.0,1.75 23.710000000000038 1.5707963267948966 flow_2_35 0 5.0 2.0,64.01879423494168 -1.75 0.0 flow_1_13 0 5.0 2.0,186.325 5.25 3.141592653589793 flow_5_14 0 5.0 2.0,-64.01879423494168 1.75 3.141592653589793 flow_3_13 0 5.0 2.0,1.75 -136.31499999999995 1.5707963267948966 flow_2_37 0 5.0 2.0,-1.75 136.31499999999995 -1.5707963267948966 flow_0_37 0 5.0 2.0,299.0 1.75 3.141592653589793 flow_4_39 0 5.0 2.0,-1.75 -23.710000000000038 -1.5707963267948966 flow_0_35 0 5.0 2.0,-299.0 -1.75 0.0 flow_6_39 0 5.0 2.0,37.961999999999878 1.75 3.141592653589793 flow_4_38 0 5.0 2.0,1.75 0.4600000000000364 1.5707963267948966 flow_2_36 0 5.0 2.0,-186.325 -5.25 0.0 flow_7_14 0 5.0 2.0,-37.961999999999878 -1.75 0.0 flow_6_38 0 5.0 2.0,;HHL_QHDD_N g g,HHL_QHDD_S g g,HHL_QHDD_E r r,HHL_QHDD_W r r,
-1.75 -13.960000000000037 -1.5707963267948966 flow_0_36 0 5.0 2.0,1.75 34.710000000000039 1.5707963267948966 flow_2_35 0 5.0 2.0,80.35379423494169 -1.75 0.0 flow_1_13 0 5.0 2.0,169.65499999999998 5.25 3.141592653589793 flow_5_14 0 5.0 2.0,-80.35379423494169 1.75 3.141592653589793 flow_3_13 0 5.0 2.0,1.75 -119.64499999999993 1.5707963267948966 flow_2_37 0 5.0 2.0,-1.75 119.64499999999993 -1.5707963267948966 flow_0_37 0 5.0 2.0,296.0 1.75 3.141592653589793 flow_4_39 0 5.0 2.0,-1.75 -34.710000000000039 -1.5707963267948966 flow_0_35 0 5.0 2.0,-296.0 -1.75 0.0 flow_6_39 0 5.0 2.0,26.292999999999894 1.75 3.141592653589793 flow_4_38 0 5.0 2.0,1.75 13.960000000000037 1.5707963267948966 flow_2_36 0 5.0 2.0,-169.65499999999998 -5.25 0.0 flow_7_14 0 5.0 2.0,-26.292999999999894 -1.75 0.0 flow_6_38 0 5.0 2.0,;HHL_QHDD_N g g,HHL_QHDD_S g g,HHL_QHDD_E r r,HHL_QHDD_W r r,
-1.75 -24.460000000000038 -1.5707963267948966 flow_0_36 0 5.0 2.0,1.75 47.710000000000039 1.5707963267948966 flow_2_35 0 5.0 2.0,97.02379423494169 -1.75 0.0 flow_1_13 0 5.0 2.0,152.98499999999997 5.25 3.141592653589793 flow_5_14 0 5.0 2.0,-97.02379423494169 1.75 3.141592653589793 flow_3_13 0 5.0 2.0,1.75 -102.97499999999991 1.5707963267948966 flow_2_37 0 5.0 2.0,-1.75 102.97499999999991 -1.5707963267948966 flow_0_37 0 5.0 2.0,291.0 1.75 3.141592653589793 flow_4_39 0 5.0 2.0,-1.75 -47.710000000000039 -1.5707963267948966 flow_0_35 0 5.0 2.0,-291.0 -1.75 0.0 flow_6_39 0 5.0 2.0,17.957999999999914 1.75 3.141592653589793 flow_4_38 0 5.0 2.0,1.75 24.460000000000038 1.5707963267948966 flow_2_36 0 5.0 2.0,-152.98499999999997 -5.25 0.0 flow_7_14 0 5.0 2.0,-17.957999999999914 -1.75 0.0 flow_6_38 0 5.0 2.0,;HHL_QHDD_N g g,HHL_QHDD_S g g,HHL_QHDD_E r r,HHL_QHDD_W r r,
-1.75 -36.835000000000039 -1.5707963267948966 flow_0_36 0 5.0 2.0,1.75 62.710000000000039 1.5707963267948966 flow_2_35 0 5.0 2.0,113.69379423494169 -1.75 0.0 flow_1_13 0 5.0 2.0,136.31499999999995 5.25 3.141592653589793 flow_5_14 0 5.0 2.0,-113.69379423494169 1.75 3.141592653589793 flow_3_13 0 5.0 2.0,1.75 -86.30499999999987 1.5707963267948966 flow_2_37 0 5.0 2.0,-1.75 86.30499999999987 -1.5707963267948966 flow_0_37 0 5.0 2.0,284.0 1.75 3.141592653589793 flow_4_39 0 5.0 2.0,-1.75 -62.710000000000039 -1.5707963267948966 flow_0_35 0 5.0 2.0,-284.0 -1.75 0.0 flow_6_39 0 5.0 2.0,12.956999999999937 1.75 3.141592653589793 flow_4_38 0 5.0 2.0,1.75 36.835000000000039 1.5707963267948966 flow_2_36 0 5.0 2.0,-136.31499999999995 -5.25 0.0 flow_7_14 0 5.0 2.0,-12.956999999999937 -1.75 0.0 flow_6_38 0 5.0 2.0,;HHL_QHDD_N g g,HHL_QHDD_S g g,HHL_QHDD_E r r,HHL_QHDD_W r r,
-1.75 -51.02250000000004 -1.5707963267948966 flow_0_36 0 5.0 2.0,1.75 79.04500000000005 1.5707963267948966 flow_2_35 0 5.0 2.0,130.36379423494169 -1.75 0.0 flow_1_13 0 5.0 2.0,119.64499999999993 5.25 3.141592653589793 flow_5_14 0 5.0 2.0,-130.36379423494169 1.75 3.141592653589793 flow_3_13 0 5.0 2.0,1.75 -69.63499999999988 1.5707963267948966 flow_2_37 0 5.0 2.0,-1.75 69.63499999999988 -1.5707963267948966 flow_0_37 0 5.0 2.0,275.0 1.75 3.141592653589793 flow_4_39 0 5.0 2.0,-1.75 -79.04500000000005 -1.5707963267948966 flow_0_35 0 5.0 2.0,-275.0 -1.75 0.0 flow_6_39 0 5.0 2.0,11.289999999999964 1.75 3.141592653589793 flow_4_38 0 5.0 2.0,1.75 51.02250000000004 1.5707963267948966 flow_2_36 0 5.0 2.0,-119.64499999999993 -5.25 0.0 flow_7_14 0 5.0 2.0,-11.289999999999964 -1.75 0.0 flow_6_38 0 5.0 2.0,;HHL_QHDD_N g g,HHL_QHDD_S g g,HHL_QHDD_E r r,HHL_QHDD_W r r,
-1.75 -66.61750000000004 -1.5707963267948966 flow_0_36 0 5.0 2.0,1.75 95.71500000000005 1.5707963267948966 flow_2_35 0 5.0 2.0,147.0337942349417 -1.75 0.0 flow_1_13 0 5.0 2.0,102.97499999999991 5.25 3.141592653589793 flow_5_14 0 5.0 2.0,-147.0337942349417 1.75 3.141592653589793 flow_3_13 0 5.0 2.0,1.75 -52.96499999999986 1.5707963267948966 flow_2_37 0 5.0 2.0,-1.75 52.96499999999986 -1.5707963267948966 flow_0_37 0 5.0 2.0,264.0 1.75 3.141592653589793 flow_4_39 0 5.0 2.0,-1.75 -95.71500000000005 -1.5707963267948966 flow_0_35 0 5.0 2.0,-264.0 -1.75 0.0 flow_6_39 0 5.0 2.0,11.289999999999964 1.75 3.141592653589793 flow_4_38 0 5.0 2.0,1.75 66.61750000000004 1.5707963267948966 flow_2_36 0 5.0 2.0,-102.97499999999991 -5.25 0.0 flow_7_14 0 5.0 2.0,-11.289999999999964 -1.75 0.0 flow_6_38 0 5.0 2.0,;HHL_QHDD_N g g,HHL_QHDD_S g g,HHL_QHDD_E r r,HHL_QHDD_W r r,
-1.75 -82.83375000000004 -1.5707963267948966 flow_0_36 0 5.0 2.0,1.75 112.38500000000005 1.5707963267948966 flow_2_35 0 5.0 2.0,163.7037942349417 -1.75 0.0 flow_1_13 0 5.0 2.0,86.30499999999987 5.25 3.141592653589793 flow_5_14 0 5.0 2.0,-163.7037942349417 1.75 3.141592653589793 flow_3_13 0 5.0 2.0,1.75 -36.294999999999848 1.5707963267948966 flow_2_37 0 5.0 2.0,-1.75 36.294999999999848 -1.5707963267948966 flow_0_37 0 5.0 2.0,251.0 1.75 3.141592653589793 flow_4_39 0 5.0 2.0,-1.75 -112.38500000000005 -1.5707963267948966 flow_0_35 0 5.0 2.0,-251.0 -1.75 0.0 flow_6_39 0 5.0 2.0,11.289999999999964 1.75 3.141592653589793 flow_4_38 0 5.0 2.0,1.75 82.83375000000004 1.5707963267948966 flow_2_36 0 5.0 2.0,-86.30499999999987 -5.25 0.0 flow_7_14 0 5.0 2.0,-11.289999999999964 -1.75 0.0 flow_6_38 0 5.0 2.0,;HHL_QHDD_N g g,HHL_QHDD_S g g,HHL_QHDD_E r r,HHL_QHDD_W r r,
-1.75 -99.27687500000005 -1.5707963267948966 flow_0_36 0 5.0 2.0,1.75 129.05500000000007 1.5707963267948966 flow_2_35 0 5.0 2.0,180.37379423494174 -1.75 0.0 flow_1_13 0 5.0 2.0,1.75 -299.0 1.5707963267948966 flow_2_38 0 5.0 2.0,69.63499999999988 5.25 3.141592653589793 flow_5_14 0 5.0 2.0,-1.75 299.0 -1.5707963267948966 flow_0_38 0 5.0 2.0,-180.37379423494174 1.75 3.141592653589793 flow_3_13 0 5.0 2.0,1.75 -19.62499999999983 1.5707963267948966 flow_2_37 0 5.0 2.0,-1.75 19.62499999999983 -1.5707963267948966 flow_0_37 0 5.0 2.0,236.0 1.75 3.141592653589793 flow_4_39 0 5.0 2.0,-1.75 -129.05500000000007 -1.5707963267948966 flow_0_35 0 5.0 2.0,-236.0 -1.75 0.0 flow_6_39 0 5.0 2.0,11.289999999999964 1.75 3.141592653589793 flow_4_38 0 5.0 2.0,1.75 99.27687500000005 1.5707963267948966 flow_2_36 0 5.0 2.0,-69.63499999999988 -5.25 0.0 flow_7_14 0 5.0 2.0,-11.289999999999964 -1.75 0.0 flow_6_38 0 5.0 2.0,;HHL_QHDD_N g g,HHL_QHDD_S g g,HHL_QHDD_E r r,HHL_QHDD_W r r,
-1.75 -115.83343750000005 -1.5707963267948966 flow_0_36 0 5.0 2.0,1.75 145.72500000000006 1.5707963267948966 flow_2_35 0 5.0 2.0,197.04379423494175 -1.75 0.0 flow_1_13 0 5.0 2.0,1.75 -296.0 1.5707963267948966 flow_2_38 0 5.0 2.0,52.96499999999986 5.25 3.141592653589793 flow_5_14 0 5.0 2.0,-1.75 296.0 -1.5707963267948966 flow_0_38 0 5.0 2.0,-197.04379423494175 1.75 3.141592653589793 flow_3_13 0 5.0 2.0,1.75 2.0450000000001866 1.5707963267948966 flow_2_37 0 5.0 2.0,-1.75 -2.0450000000001866 -1.5707963267948966 flow_0_37 0 5.0 2.0,219.665 1.75 3.141592653589793 flow_4_39 0 5.0 2.0,-1.75 -145.72500000000006 -1.5707963267948966 flow_0_35 0 5.0 2.0,-219.665 -1.75 0.0 flow_6_39 0 5.0 2.0,11.289999999999964 1.75 3.141592653589793 flow_4_38 0 5.0 2.0,1.75 115.83343750000005 1.5707963267948966 flow_2_36 0 5.0 2.0,-52.96499999999986 -5.25 0.0 flow_7_14 0 5.0 2.0,-11.289999999999964 -1.75 0.0 flow_6_38 0 5.0 2.0,;HHL_QHDD_N g g,HHL_QHDD_S g g,HHL_QHDD_E r r,HHL_QHDD_W r r,
-1.75 -132.44671875000004 -1.5707963267948966 flow_0_36 0 5.0 2.0,1.75 162.395 1.5707963267948966 flow_2_35 0 5.0 2.0,213.71379423494177 -1.75 0.0 flow_1_13 0 5.0 2.0,1.75 -291.0 1.5707963267948966 flow_2_38 0 5.0 2.0,37.961999999999878 5.25 3.141592653589793 flow_5_14 0 5.0 2.0,-1.75 291.0 -1.5707963267948966 flow_0_38 0 5.0 2.0,-213.71379423494177 1.75 3.141592653589793 flow_3_13 0 5.0 2.0,1.75 23.715000000000189 1.5707963267948966 flow_2_37 0 5.0 2.0,-1.75 -23.715000000000189 -1.5707963267948966 flow_0_37 0 5.0 2.0,202.995 1.75 3.141592653589793 flow_4_39 0 5.0 2.0,-1.75 -162.395 -1.5707963267948966 flow_0_35 0 5.0 2.0,-202.995 -1.75 0.0 flow_6_39 0 5.0 2.0,11.289999999999964 1.75 3.141592653589793 flow_4_38 0 5.0 2.0,1.75 132.44671875000004 1.5707963267948966 flow_2_36 0 5.0 2.0,-37.961999999999878 -5.25 0.0 flow_7_14 0 5.0 2.0,-11.289999999999964 -1.75 0.0 flow_6_38 0 5.0 2.0,;HHL_QHDD_N g g,HHL_QHDD_S g g,HHL_QHDD_E r r,HHL_QHDD_W r r,
-1.75 -149.08835937500005 -1.5707963267948966 flow_0_36 0 5.0 2.0,1.75 179.06500000000006 1.5707963267948966 flow_2_35 0 5.0 2.0,230.38379423494178 -1.75 0.0 flow_1_13 0 5.0 2.0,1.75 -284.0 1.5707963267948966 flow_2_38 0 5.0 2.0,26.292999999999894 5.25 3.141592653589793 flow_5_14 0 5.0 2.0,-1.75 284.0 -1.5707963267948966 flow_0_38 0 5.0 2.0,-230.38379423494178 1.75 3.141592653589793 flow_3_13 0 5.0 2.0,1.75 40.38500000000019 1.5707963267948966 flow_2_37 0 5.0 2.0,-1.75 -40.38500000000019 -1.5707963267948966 flow_0_37 0 5.0 2.0,186.325 1.75 3.141592653589793 flow_4_39 0 5.0 2.0,-1.75 -179.06500000000006 -1.5707963267948966 flow_0_35 0 5.0 2.0,-186.325 -1.75 0.0 flow_6_39 0 5.0 2.0,11.289999999999964 1.75 3.141592653589793 flow_4_38 0 5.0 2.0,1.75 149.08835937500005 1.5707963267948966 flow_2_36 0 5.0 2.0,-26.292999999999894 -5.25 0.0 flow_7_14 0 5.0 2.0,-11.289999999999964 -1.75 0.0 flow_6_38 0 5.0 2.0,;HHL_QHDD_N g g,HHL_QHDD_S g g,HHL_QHDD_E r r,HHL_QHDD_W r r,
-1.75 -165.74417968750005 -1.5707963267948966 flow_0_36 0 5.0 2.0,1.75 195.73500000000008 1.5707963267948966 flow_2_35 0 5.0 2.0,247.0537942349418 -1.75 0.0 flow_1_13 0 5.0 2.0,1.75 -275.0 1.5707963267948966 flow_2_38 0 5.0 2.0,17.957999999999914 5.25 3.141592653589793 flow_5_14 0 5.0 2.0,-1.75 275.0 -1.5707963267948966 flow_0_38 0 5.0 2.0,-247.0537942349418 1.75 3.141592653589793 flow_3_13 0 5.0 2.0,1.75 57.05500000000019 1.5707963267948966 flow_2_37 0 5.0 2.0,-1.75 -57.05500000000019 -1.5707963267948966 flow_0_37 0 5.0 2.0,169.65499999999998 1.75 3.141592653589793 flow_4_39 0 5.0 2.0,-1.75 -195.73500000000008 -1.5707963267948966 flow_0_35 0 5.0 2.0,-169.65499999999998 -1.75 0.0 flow_6_39 0 5.0 2.0,11.289999999999964 1.75 3.141592653589793 flow_4_38 0 5.0 2.0,1.75 165.74417968750005 1.5707963267948966 flow_2_36 0 5.0 2.0,-17.957999999999914 -5.25 0.0 flow_7_14 0 5.0 2.0,-11.289999999999964 -1.75 0.0 flow_6_38 0 5.0 2.0,;HHL_QHDD_N g g,HHL_QHDD_S g g,HHL_QHDD_E r r,HHL_QHDD_W r r,
-1.75 -182.40708984375005 -1.5707963267948966 flow_0_36 0 5.0 2.0,1.75 212.4050000000001 1.5707963267948966 flow_2_35 0 5.0 2.0,263.7237942349418 -1.75 0.0 flow_1_13 0 5.0 2.0,1.75 -264.0 1.5707963267948966 flow_2_38 0 5.0 2.0,12.956999999999937 5.25 3.141592653589793 flow_5_14 0 5.0 2.0,-1.75 264.0 -1.5707963267948966 flow_0_38 0 5.0 2.0,-263.7237942349418 1.75 3.141592653589793 flow_3_13 0 5.0 2.0,1.75 73.7250000000002 1.5707963267948966 flow_2_37 0 5.0 2.0,-1.75 -73.7250000000002 -1.5707963267948966 flow_0_37 0 5.0 2.0,152.98499999999997 1.75 3.141592653589793 flow_4_39 0 5.0 2.0,-1.75 -212.4050000000001 -1.5707963267948966 flow_0_35 0 5.0 2.0,-152.98499999999997 -1.75 0.0 flow_6_39 0 5.0 2.0,11.289999999999964 1.75 3.141592653589793 flow_4_38 0 5.0 2.0,1.75 182.40708984375005 1.5707963267948966 flow_2_36 0 5.0 2.0,-12.956999999999937 -5.25 0.0 flow_7_14 0 5.0 2.0,-11.289999999999964 -1.75 0.0 flow_6_38 0 5.0 2.0,;HHL_QHDD_N g g,HHL_QHDD_S g g,HHL_QHDD_E r r,HHL_QHDD_W r r,
-1.75 -199.07354492187506 -1.5707963267948966 flow_0_36 0 5.0 2.0,1.75 229.0750000000001 1.5707963267948966 flow_2_35 0 5.0 2.0,280.3937942349418 -1.75 0.0 flow_1_13 0 5.0 2.0,1.75 -251.0 1.5707963267948966 flow_2_38 0 5.0 2.0,11.289999999999964 5.25 3.141592653589793 flow_5_14 0 5.0 2.0,-1.75 251.0 -1.5707963267948966 flow_0_38 0 5.0 2.0,-280.3937942349418 1.75 3.141592653589793 flow_3_13 0 5.0 2.0,1.75 90.3950000000002 1.5707963267948966 flow_2_37 0 5.0 2.0,-1.75 -90.3950000000002 -1.5707963267948966 flow_0_37 0 5.0 2.0,136.31499999999995 1.75 3.141592653589793 flow_4_39 0 5.0 2.0,-1.75 -229.0750000000001 -1.5707963267948966 flow_0_35 0 5.0 2.0,-136.31499999999995 -1.75 0.0 flow_6_39 0 5.0 2.0,11.289999999999964 1.75 3.141592653589793 flow_4_38 0 5.0 2.0,1.75 199.07354492187506 1.5707963267948966 flow_2_36 0 5.0 2.0,-11.289999999999964 -5.25 0.0 flow_7_14 0 5.0 2.0,-11.289999999999964 -1.75 0.0 flow_6_38 0 5.0 2.0,;HHL_QHDD_N g g,HHL_QHDD_S g g,HHL_QHDD_E r r,HHL_QHDD_W r r,
-1.75 -215.74177246093758 -1.5707963267948966 flow_0_36 0 5.0 2.0,1.75 245.74500000000013 1.5707963267948966 flow_2_35 0 5.0 2.0,297.06379423494186 -1.75 0.0 flow_1_13 0 5.0 2.0,1.75 -236.0 1.5707963267948966 flow_2_38 0 5.0 2.0,11.289999999999964 5.25 3.141592653589793 flow_5_14 0 5.0 2.0,-1.75 236.0 -1.5707963267948966 flow_0_38 0 5.0 2.0,-297.06379423494186 1.75 3.141592653589793 flow_3_13 0 5.0 2.0,1.75 107.0650000000002 1.5707963267948966 flow_2_37 0 5.0 2.0,-1.75 -107.0650000000002 -1.5707963267948966 flow_0_37 0 5.0 2.0,119.64499999999993 1.75 3.141592653589793 flow_4_39 0 5.0 2.0,-1.75 -245.74500000000013 -1.5707963267948966 flow_0_35 0 5.0 2.0,-119.64499999999993 -1.75 0.0 flow_6_39 0 5.0 2.0,11.289999999999964 1.75 3.141592653589793 flow_4_38 0 5.0 2.0,1.75 215.74177246093758 1.5707963267948966 flow_2_36 0 5.0 2.0,-11.289999999999964 -5.25 0.0 flow_7_14 0 5.0 2.0,-11.289999999999964 -1.75 0.0 flow_6_38 0 5.0 2.0,;HHL_QHDD_N g g,HHL_QHDD_S g g,HHL_QHDD_E r r,HHL_QHDD_W r r,
-1.75 -232.41088623046887 -1.5707963267948966 flow_0_36 0 5.0 2.0,1.75 262.41500000000016 1.5707963267948966 flow_2_35 0 5.0 2.0,1.75 -219.665 1.5707963267948966 flow_2_38 0 5.0 2.0,11.289999999999964 5.25 3.141592653589793 flow_5_14 0 5.0 2.0,-1.75 219.665 -1.5707963267948966 flow_0_38 0 5.0 2.0,1.75 123.7350000000002 1.5707963267948966 flow_2_37 0 5.0 2.0,-1.75 -123.7350000000002 -1.5707963267948966 flow_0_37 0 5.0 2.0,102.97499999999991 1.75 3.141592653589793 flow_4_39 0 5.0 2.0,-1.75 -262.41500000000016 -1.5707963267948966 flow_0_35 0 5.0 2.0,-102.97499999999991 -1.75 0.0 flow_6_39 0 5.0 2.0,11.289999999999964 1.75 3.141592653589793 flow_4_38 0 5.0 2.0,1.75 232.41088623046887 1.5707963267948966 flow_2_36 0 5.0 2.0,-11.289999999999964 -5.25 0.0 flow_7_14 0 5.0 2.0,-11.289999999999964 -1.75 0.0 flow_6_38 0 5.0 2.0,;HHL_QHDD_N g g,HHL_QHDD_S g g,HHL_QHDD_E r r,HHL_QHDD_W r r,
-1.75 -249.0804431152345 -1.5707963267948966 flow_0_36 0 5.0 2.0,1.75 279.08500000000017 1.5707963267948966 flow_2_35 0 5.0 2.0,1.75 -202.995 1.5707963267948966 flow_2_38 0 5.0 2.0,11.289999999999964 5.25 3.141592653589793 flow_5_14 0 5.0 2.0,-1.75 202.995 -1.5707963267948966 flow_0_38 0 5.0 2.0,1.75 140.4050000000002 1.5707963267948966 flow_2_37 0 5.0 2.0,-1.75 -140.4050000000002 -1.5707963267948966 flow_0_37 0 5.0 2.0,86.30499999999987 1.75 3.141592653589793 flow_4_39 0 5.0 2.0,-1.75 -279.08500000000017 -1.5707963267948966 flow_0_35 0 5.0 2.0,-86.30499999999987 -1.75 0.0 flow_6_39 0 5.0 2.0,11.289999999999964 1.75 3.141592653589793 flow_4_38 0 5.0 2.0,1.75 249.0804431152345 1.5707963267948966 flow_2_36 0 5.0 2.0,-11.289999999999964 -5.25 0.0 flow_7_14 0 5.0 2.0,-11.289999999999964 -1.75 0.0 flow_6_38 0 5.0 2.0,;HHL_QHDD_N g g,HHL_QHDD_S g g,HHL_QHDD_E r r,HHL_QHDD_W r r,
