-10.0 299.0 -1.5707963267948966 flow_7_0 0 5.0 2.0,-299.0 -6.0 0.0 flow_0_0 0 5.0 2.0,299.0 6.0 3.141592653589793 flow_1_0 0 5.0 2.0,-6.0 299.0 -1.5707963267948966 flow_3_0 0 5.0 2.0,299.0 10.0 3.141592653589793 flow_10_0 0 5.0 2.0,2.0 -299.0 1.5707963267948966 flow_11_0 0 5.0 2.0,6.0 -299.0 1.5707963267948966 flow_2_0 0 5.0 2.0,-299.0 -2.0 0.0 flow_5_0 0 5.0 2.0,-2.0 299.0 -1.5707963267948966 flow_9_0 0 5.0 2.0,10.0 -299.0 1.5707963267948966 flow_4_0 0 5.0 2.0,-299.0 -10.0 0.0 flow_8_0 0 5.0 2.0,299.0 2.0 3.141592653589793 flow_6_0 0 5.0 2.0,;road_0_1_0 r r g,road_1_0_1 r r g,road_1_2_3 r r g,road_2_1_2 r r g,
-10.0 296.0 -1.5707963267948966 flow_7_0 0 5.0 2.0,-296.0 -6.0 0.0 flow_0_0 0 5.0 2.0,296.0 6.0 3.141592653589793 flow_1_0 0 5.0 2.0,-6.0 296.0 -1.5707963267948966 flow_3_0 0 5.0 2.0,296.0 10.0 3.141592653589793 flow_10_0 0 5.0 2.0,2.0 -296.0 1.5707963267948966 flow_11_0 0 5.0 2.0,6.0 -296.0 1.5707963267948966 flow_2_0 0 5.0 2.0,-296.0 -2.0 0.0 flow_5_0 0 5.0 2.0,-2.0 296.0 -1.5707963267948966 flow_9_0 0 5.0 2.0,10.0 -296.0 1.5707963267948966 flow_4_0 0 5.0 2.0,-296.0 -10.0 0.0 flow_8_0 0 5.0 2.0,296.0 2.0 3.141592653589793 flow_6_0 0 5.0 2.0,;road_0_1_0 r r g,road_1_0_1 r r g,road_1_2_3 r r g,road_2_1_2 r r g,
-10.0 291.0 -1.5707963267948966 flow_7_0 0 5.0 2.0,-291.0 -6.0 0.0 flow_0_0 0 5.0 2.0,291.0 6.0 3.141592653589793 flow_1_0 0 5.0 2.0,-6.0 291.0 -1.5707963267948966 flow_3_0 0 5.0 2.0,291.0 10.0 3.141592653589793 flow_10_0 0 5.0 2.0,2.0 -291.0 1.5707963267948966 flow_11_0 0 5.0 2.0,6.0 -291.0 1.5707963267948966 flow_2_0 0 5.0 2.0,-291.0 -2.0 0.0 flow_5_0 0 5.0 2.0,-2.0 291.0 -1.5707963267948966 flow_9_0 0 5.0 2.0,10.0 -291.0 1.5707963267948966 flow_4_0 0 5.0 2.0,-291.0 -10.0 0.0 flow_8_0 0 5.0 2.0,291.0 2.0 3.141592653589793 flow_6_0 0 5.0 2.0,;road_0_1_0 r r g,road_1_0_1 r r g,road_1_2_3 r r g,road_2_1_2 r r g,
-10.0 284.0 -1.5707963267948966 flow_7_0 0 5.0 2.0,-284.0 -6.0 0.0 flow_0_0 0 5.0 2.0,284.0 6.0 3.141592653589793 flow_1_0 0 5.0 2.0,-6.0 284.0 -1.5707963267948966 flow_3_0 0 5.0 2.0,284.0 10.0 3.141592653589793 flow_10_0 0 5.0 2.0,2.0 -284.0 1.5707963267948966 flow_11_0 0 5.0 2.0,6.0 -284.0 1.5707963267948966 flow_2_0 0 5.0 2.0,-284.0 -2.0 0.0 flow_5_0 0 5.0 2.0,-2.0 284.0 -1.5707963267948966 flow_9_0 0 5.0 2.0,10.0 -284.0 1.5707963267948966 flow_4_0 0 5.0 2.0,-284.0 -10.0 0.0 flow_8_0 0 5.0 2.0,284.0 2.0 3.141592653589793 flow_6_0 0 5.0 2.0,;road_0_1_0 r r g,road_1_0_1 r r g,road_1_2_3 r r g,road_2_1_2 r r g,
-10.0 275.0 -1.5707963267948966 flow_7_0 0 5.0 2.0,-275.0 -6.0 0.0 flow_0_0 0 5.0 2.0,275.0 6.0 3.141592653589793 flow_1_0 0 5.0 2.0,-6.0 275.0 -1.5707963267948966 flow_3_0 0 5.0 2.0,275.0 10.0 3.141592653589793 flow_10_0 0 5.0 2.0,2.0 -275.0 1.5707963267948966 flow_11_0 0 5.0 2.0,6.0 -275.0 1.5707963267948966 flow_2_0 0 5.0 2.0,-275.0 -2.0 0.0 flow_5_0 0 5.0 2.0,-2.0 275.0 -1.5707963267948966 flow_9_0 0 5.0 2.0,10.0 -275.0 1.5707963267948966 flow_4_0 0 5.0 2.0,-275.0 -10.0 0.0 flow_8_0 0 5.0 2.0,275.0 2.0 3.141592653589793 flow_6_0 0 5.0 2.0,;road_0_1_0 r g g,road_1_0_1 r r g,road_1_2_3 r r g,road_2_1_2 r g g,
-10.0 264.0 -1.5707963267948966 flow_7_0 0 5.0 2.0,-264.0 -6.0 0.0 flow_0_0 0 5.0 2.0,264.0 6.0 3.141592653589793 flow_1_0 0 5.0 2.0,2.0 -299.0 1.5707963267948966 flow_11_1 0 5.0 2.0,-6.0 264.0 -1.5707963267948966 flow_3_0 0 5.0 2.0,264.0 10.0 3.141592653589793 flow_10_0 0 5.0 2.0,10.0 -299.0 1.5707963267948966 flow_4_1 0 5.0 2.0,299.0 2.0 3.141592653589793 flow_6_1 0 5.0 2.0,-6.0 299.0 -1.5707963267948966 flow_3_1 0 5.0 2.0,6.0 -299.0 1.5707963267948966 flow_2_1 0 5.0 2.0,2.0 -264.0 1.5707963267948966 flow_11_0 0 5.0 2.0,6.0 -264.0 1.5707963267948966 flow_2_0 0 5.0 2.0,-264.0 -2.0 0.0 flow_5_0 0 5.0 2.0,299.0 6.0 3.141592653589793 flow_1_1 0 5.0 2.0,-2.0 264.0 -1.5707963267948966 flow_9_0 0 5.0 2.0,299.0 10.0 3.141592653589793 flow_10_1 0 5.0 2.0,-299.0 -6.0 0.0 flow_0_1 0 5.0 2.0,-299.0 -2.0 0.0 flow_5_1 0 5.0 2.0,-299.0 -10.0 0.0 flow_8_1 0 5.0 2.0,10.0 -264.0 1.5707963267948966 flow_4_0 0 5.0 2.0,-264.0 -10.0 0.0 flow_8_0 0 5.0 2.0,-10.0 299.0 -1.5707963267948966 flow_7_1 0 5.0 2.0,-2.0 299.0 -1.5707963267948966 flow_9_1 0 5.0 2.0,264.0 2.0 3.141592653589793 flow_6_0 0 5.0 2.0,;road_0_1_0 r g g,road_1_0_1 r r g,road_1_2_3 r r g,road_2_1_2 r g g,
-10.0 251.0 -1.5707963267948966 flow_7_0 0 5.0 2.0,-251.0 -6.0 0.0 flow_0_0 0 5.0 2.0,251.0 6.0 3.141592653589793 flow_1_0 0 5.0 2.0,2.0 -296.0 1.5707963267948966 flow_11_1 0 5.0 2.0,-6.0 251.0 -1.5707963267948966 flow_3_0 0 5.0 2.0,251.0 10.0 3.141592653589793 flow_10_0 0 5.0 2.0,10.0 -296.0 1.5707963267948966 flow_4_1 0 5.0 2.0,296.0 2.0 3.141592653589793 flow_6_1 0 5.0 2.0,-6.0 296.0 -1.5707963267948966 flow_3_1 0 5.0 2.0,6.0 -296.0 1.5707963267948966 flow_2_1 0 5.0 2.0,2.0 -251.0 1.5707963267948966 flow_11_0 0 5.0 2.0,6.0 -251.0 1.5707963267948966 flow_2_0 0 5.0 2.0,-251.0 -2.0 0.0 flow_5_0 0 5.0 2.0,296.0 6.0 3.141592653589793 flow_1_1 0 5.0 2.0,-2.0 251.0 -1.5707963267948966 flow_9_0 0 5.0 2.0,296.0 10.0 3.141592653589793 flow_10_1 0 5.0 2.0,-296.0 -6.0 0.0 flow_0_1 0 5.0 2.0,-296.0 -2.0 0.0 flow_5_1 0 5.0 2.0,-296.0 -10.0 0.0 flow_8_1 0 5.0 2.0,10.0 -251.0 1.5707963267948966 flow_4_0 0 5.0 2.0,-251.0 -10.0 0.0 flow_8_0 0 5.0 2.0,-10.0 296.0 -1.5707963267948966 flow_7_1 0 5.0 2.0,-2.0 296.0 -1.5707963267948966 flow_9_1 0 5.0 2.0,251.0 2.0 3.141592653589793 flow_6_0 0 5.0 2.0,;road_0_1_0 r g g,road_1_0_1 r r g,road_1_2_3 r r g,road_2_1_2 r g g,
-10.0 236.0 -1.5707963267948966 flow_7_0 0 5.0 2.0,-236.0 -6.0 0.0 flow_0_0 0 5.0 2.0,236.0 6.0 3.141592653589793 flow_1_0 0 5.0 2.0,2.0 -291.0 1.5707963267948966 flow_11_1 0 5.0 2.0,-6.0 236.0 -1.5707963267948966 flow_3_0 0 5.0 2.0,236.0 10.0 3.141592653589793 flow_10_0 0 5.0 2.0,10.0 -291.0 1.5707963267948966 flow_4_1 0 5.0 2.0,291.0 2.0 3.141592653589793 flow_6_1 0 5.0 2.0,-6.0 291.0 -1.5707963267948966 flow_3_1 0 5.0 2.0,6.0 -291.0 1.5707963267948966 flow_2_1 0 5.0 2.0,2.0 -236.0 1.5707963267948966 flow_11_0 0 5.0 2.0,6.0 -236.0 1.5707963267948966 flow_2_0 0 5.0 2.0,-236.0 -2.0 0.0 flow_5_0 0 5.0 2.0,291.0 6.0 3.141592653589793 flow_1_1 0 5.0 2.0,-2.0 236.0 -1.5707963267948966 flow_9_0 0 5.0 2.0,291.0 10.0 3.141592653589793 flow_10_1 0 5.0 2.0,-291.0 -6.0 0.0 flow_0_1 0 5.0 2.0,-291.0 -2.0 0.0 flow_5_1 0 5.0 2.0,-291.0 -10.0 0.0 flow_8_1 0 5.0 2.0,10.0 -236.0 1.5707963267948966 flow_4_0 0 5.0 2.0,-236.0 -10.0 0.0 flow_8_0 0 5.0 2.0,-10.0 291.0 -1.5707963267948966 flow_7_1 0 5.0 2.0,-2.0 291.0 -1.5707963267948966 flow_9_1 0 5.0 2.0,236.0 2.0 3.141592653589793 flow_6_0 0 5.0 2.0,;road_0_1_0 r g g,road_1_0_1 r r g,road_1_2_3 r r g,road_2_1_2 r g g,
-10.0 219.665 -1.5707963267948966 flow_7_0 0 5.0 2.0,-219.665 -6.0 0.0 flow_0_0 0 5.0 2.0,219.665 6.0 3.141592653589793 flow_1_0 0 5.0 2.0,2.0 -284.0 1.5707963267948966 flow_11_1 0 5.0 2.0,-6.0 219.665 -1.5707963267948966 flow_3_0 0 5.0 2.0,219.665 10.0 3.141592653589793 flow_10_0 0 5.0 2.0,10.0 -284.0 1.5707963267948966 flow_4_1 0 5.0 2.0,284.0 2.0 3.141592653589793 flow_6_1 0 5.0 2.0,-6.0 284.0 -1.5707963267948966 flow_3_1 0 5.0 2.0,6.0 -284.0 1.5707963267948966 flow_2_1 0 5.0 2.0,2.0 -219.665 1.5707963267948966 flow_11_0 0 5.0 2.0,6.0 -219.665 1.5707963267948966 flow_2_0 0 5.0 2.0,-219.665 -2.0 0.0 flow_5_0 0 5.0 2.0,284.0 6.0 3.141592653589793 flow_1_1 0 5.0 2.0,-2.0 219.665 -1.5707963267948966 flow_9_0 0 5.0 2.0,284.0 10.0 3.141592653589793 flow_10_1 0 5.0 2.0,-284.0 -6.0 0.0 flow_0_1 0 5.0 2.0,-284.0 -2.0 0.0 flow_5_1 0 5.0 2.0,-284.0 -10.0 0.0 flow_8_1 0 5.0 2.0,10.0 -219.665 1.5707963267948966 flow_4_0 0 5.0 2.0,-219.665 -10.0 0.0 flow_8_0 0 5.0 2.0,-10.0 284.0 -1.5707963267948966 flow_7_1 0 5.0 2.0,-2.0 284.0 -1.5707963267948966 flow_9_1 0 5.0 2.0,219.665 2.0 3.141592653589793 flow_6_0 0 5.0 2.0,;road_0_1_0 r g g,road_1_0_1 r r g,road_1_2_3 r r g,road_2_1_2 r g g,
-10.0 202.995 -1.5707963267948966 flow_7_0 0 5.0 2.0,-202.995 -6.0 0.0 flow_0_0 0 5.0 2.0,202.995 6.0 3.141592653589793 flow_1_0 0 5.0 2.0,2.0 -275.0 1.5707963267948966 flow_11_1 0 5.0 2.0,-6.0 202.995 -1.5707963267948966 flow_3_0 0 5.0 2.0,202.995 10.0 3.141592653589793 flow_10_0 0 5.0 2.0,10.0 -275.0 1.5707963267948966 flow_4_1 0 5.0 2.0,275.0 2.0 3.141592653589793 flow_6_1 0 5.0 2.0,-6.0 275.0 -1.5707963267948966 flow_3_1 0 5.0 2.0,6.0 -275.0 1.5707963267948966 flow_2_1 0 5.0 2.0,2.0 -202.995 1.5707963267948966 flow_11_0 0 5.0 2.0,6.0 -202.995 1.5707963267948966 flow_2_0 0 5.0 2.0,-202.995 -2.0 0.0 flow_5_0 0 5.0 2.0,275.0 6.0 3.141592653589793 flow_1_1 0 5.0 2.0,-2.0 202.995 -1.5707963267948966 flow_9_0 0 5.0 2.0,275.0 10.0 3.141592653589793 flow_10_1 0 5.0 2.0,-275.0 -6.0 0.0 flow_0_1 0 5.0 2.0,-275.0 -2.0 0.0 flow_5_1 0 5.0 2.0,-275.0 -10.0 0.0 flow_8_1 0 5.0 2.0,10.0 -202.995 1.5707963267948966 flow_4_0 0 5.0 2.0,-202.995 -10.0 0.0 flow_8_0 0 5.0 2.0,-10.0 275.0 -1.5707963267948966 flow_7_1 0 5.0 2.0,-2.0 275.0 -1.5707963267948966 flow_9_1 0 5.0 2.0,202.995 2.0 3.141592653589793 flow_6_0 0 5.0 2.0,;road_0_1_0 r g g,road_1_0_1 r r g,road_1_2_3 r r g,road_2_1_2 r g g,
-10.0 186.325 -1.5707963267948966 flow_7_0 0 5.0 2.0,-2.0 299.0 -1.5707963267948966 flow_9_2 0 5.0 2.0,-186.325 -6.0 0.0 flow_0_0 0 5.0 2.0,186.325 6.0 3.141592653589793 flow_1_0 0 5.0 2.0,-299.0 -10.0 0.0 flow_8_2 0 5.0 2.0,2.0 -264.0 1.5707963267948966 flow_11_1 0 5.0 2.0,299.0 10.0 3.141592653589793 flow_10_2 0 5.0 2.0,-6.0 186.325 -1.5707963267948966 flow_3_0 0 5.0 2.0,186.325 10.0 3.141592653589793 flow_10_0 0 5.0 2.0,-299.0 -2.0 0.0 flow_5_2 0 5.0 2.0,10.0 -264.0 1.5707963267948966 flow_4_1 0 5.0 2.0,264.0 2.0 3.141592653589793 flow_6_1 0 5.0 2.0,-6.0 264.0 -1.5707963267948966 flow_3_1 0 5.0 2.0,6.0 -264.0 1.5707963267948966 flow_2_1 0 5.0 2.0,2.0 -186.325 1.5707963267948966 flow_11_0 0 5.0 2.0,6.0 -186.325 1.5707963267948966 flow_2_0 0 5.0 2.0,299.0 6.0 3.141592653589793 flow_1_2 0 5.0 2.0,-186.325 -2.0 0.0 flow_5_0 0 5.0 2.0,264.0 6.0 3.141592653589793 flow_1_1 0 5.0 2.0,-2.0 186.325 -1.5707963267948966 flow_9_0 0 5.0 2.0,10.0 -299.0 1.5707963267948966 flow_4_2 0 5.0 2.0,2.0 -299.0 1.5707963267948966 flow_11_2 0 5.0 2.0,-10.0 299.0 -1.5707963267948966 flow_7_2 0 5.0 2.0,264.0 10.0 3.141592653589793 flow_10_1 0 5.0 2.0,-264.0 -6.0 0.0 flow_0_1 0 5.0 2.0,-264.0 -2.0 0.0 flow_5_1 0 5.0 2.0,299.0 2.0 3.141592653589793 flow_6_2 0 5.0 2.0,-264.0 -10.0 0.0 flow_8_1 0 5.0 2.0,-299.0 -6.0 0.0 flow_0_2 0 5.0 2.0,10.0 -186.325 1.5707963267948966 flow_4_0 0 5.0 2.0,-186.325 -10.0 0.0 flow_8_0 0 5.0 2.0,-10.0 264.0 -1.5707963267948966 flow_7_1 0 5.0 2.0,-6.0 299.0 -1.5707963267948966 flow_3_2 0 5.0 2.0,6.0 -299.0 1.5707963267948966 flow_2_2 0 5.0 2.0,-2.0 264.0 -1.5707963267948966 flow_9_1 0 5.0 2.0,186.325 2.0 3.141592653589793 flow_6_0 0 5.0 2.0,;road_0_1_0 r g g,road_1_0_1 r r g,road_1_2_3 r r g,road_2_1_2 r g g,
-10.0 169.65499999999998 -1.5707963267948966 flow_7_0 0 5.0 2.0,-2.0 296.0 -1.5707963267948966 flow_9_2 0 5.0 2.0,-169.65499999999998 -6.0 0.0 flow_0_0 0 5.0 2.0,169.65499999999998 6.0 3.141592653589793 flow_1_0 0 5.0 2.0,-296.0 -10.0 0.0 flow_8_2 0 5.0 2.0,2.0 -251.0 1.5707963267948966 flow_11_1 0 5.0 2.0,296.0 10.0 3.141592653589793 flow_10_2 0 5.0 2.0,-6.0 169.65499999999998 -1.5707963267948966 flow_3_0 0 5.0 2.0,169.65499999999998 10.0 3.141592653589793 flow_10_0 0 5.0 2.0,-296.0 -2.0 0.0 flow_5_2 0 5.0 2.0,10.0 -251.0 1.5707963267948966 flow_4_1 0 5.0 2.0,251.0 2.0 3.141592653589793 flow_6_1 0 5.0 2.0,-6.0 251.0 -1.5707963267948966 flow_3_1 0 5.0 2.0,6.0 -251.0 1.5707963267948966 flow_2_1 0 5.0 2.0,2.0 -169.65499999999998 1.5707963267948966 flow_11_0 0 5.0 2.0,6.0 -169.65499999999998 1.5707963267948966 flow_2_0 0 5.0 2.0,296.0 6.0 3.141592653589793 flow_1_2 0 5.0 2.0,-169.65499999999998 -2.0 0.0 flow_5_0 0 5.0 2.0,251.0 6.0 3.141592653589793 flow_1_1 0 5.0 2.0,-2.0 169.65499999999998 -1.5707963267948966 flow_9_0 0 5.0 2.0,10.0 -296.0 1.5707963267948966 flow_4_2 0 5.0 2.0,2.0 -296.0 1.5707963267948966 flow_11_2 0 5.0 2.0,-10.0 296.0 -1.5707963267948966 flow_7_2 0 5.0 2.0,251.0 10.0 3.141592653589793 flow_10_1 0 5.0 2.0,-251.0 -6.0 0.0 flow_0_1 0 5.0 2.0,-251.0 -2.0 0.0 flow_5_1 0 5.0 2.0,296.0 2.0 3.141592653589793 flow_6_2 0 5.0 2.0,-251.0 -10.0 0.0 flow_8_1 0 5.0 2.0,-296.0 -6.0 0.0 flow_0_2 0 5.0 2.0,10.0 -169.65499999999998 1.5707963267948966 flow_4_0 0 5.0 2.0,-169.65499999999998 -10.0 0.0 flow_8_0 0 5.0 2.0,-10.0 251.0 -1.5707963267948966 flow_7_1 0 5.0 2.0,-6.0 296.0 -1.5707963267948966 flow_3_2 0 5.0 2.0,6.0 -296.0 1.5707963267948966 flow_2_2 0 5.0 2.0,-2.0 251.0 -1.5707963267948966 flow_9_1 0 5.0 2.0,169.65499999999998 2.0 3.141592653589793 flow_6_0 0 5.0 2.0,;road_0_1_0 r g g,road_1_0_1 r r g,road_1_2_3 r r g,road_2_1_2 r g g,
-10.0 152.98499999999997 -1.5707963267948966 flow_7_0 0 5.0 2.0,-2.0 291.0 -1.5707963267948966 flow_9_2 0 5.0 2.0,-152.98499999999997 -6.0 0.0 flow_0_0 0 5.0 2.0,152.98499999999997 6.0 3.141592653589793 flow_1_0 0 5.0 2.0,-291.0 -10.0 0.0 flow_8_2 0 5.0 2.0,2.0 -236.0 1.5707963267948966 flow_11_1 0 5.0 2.0,291.0 10.0 3.141592653589793 flow_10_2 0 5.0 2.0,-6.0 152.98499999999997 -1.5707963267948966 flow_3_0 0 5.0 2.0,152.98499999999997 10.0 3.141592653589793 flow_10_0 0 5.0 2.0,-291.0 -2.0 0.0 flow_5_2 0 5.0 2.0,10.0 -236.0 1.5707963267948966 flow_4_1 0 5.0 2.0,236.0 2.0 3.141592653589793 flow_6_1 0 5.0 2.0,-6.0 236.0 -1.5707963267948966 flow_3_1 0 5.0 2.0,6.0 -236.0 1.5707963267948966 flow_2_1 0 5.0 2.0,2.0 -152.98499999999997 1.5707963267948966 flow_11_0 0 5.0 2.0,6.0 -152.98499999999997 1.5707963267948966 flow_2_0 0 5.0 2.0,291.0 6.0 3.141592653589793 flow_1_2 0 5.0 2.0,-152.98499999999997 -2.0 0.0 flow_5_0 0 5.0 2.0,236.0 6.0 3.141592653589793 flow_1_1 0 5.0 2.0,-2.0 152.98499999999997 -1.5707963267948966 flow_9_0 0 5.0 2.0,10.0 -291.0 1.5707963267948966 flow_4_2 0 5.0 2.0,2.0 -291.0 1.5707963267948966 flow_11_2 0 5.0 2.0,-10.0 291.0 -1.5707963267948966 flow_7_2 0 5.0 2.0,236.0 10.0 3.141592653589793 flow_10_1 0 5.0 2.0,-236.0 -6.0 0.0 flow_0_1 0 5.0 2.0,-236.0 -2.0 0.0 flow_5_1 0 5.0 2.0,291.0 2.0 3.141592653589793 flow_6_2 0 5.0 2.0,-236.0 -10.0 0.0 flow_8_1 0 5.0 2.0,-291.0 -6.0 0.0 flow_0_2 0 5.0 2.0,10.0 -152.98499999999997 1.5707963267948966 flow_4_0 0 5.0 2.0,-152.98499999999997 -10.0 0.0 flow_8_0 0 5.0 2.0,-10.0 236.0 -1.5707963267948966 flow_7_1 0 5.0 2.0,-6.0 291.0 -1.5707963267948966 flow_3_2 0 5.0 2.0,6.0 -291.0 1.5707963267948966 flow_2_2 0 5.0 2.0,-2.0 236.0 -1.5707963267948966 flow_9_1 0 5.0 2.0,152.98499999999997 2.0 3.141592653589793 flow_6_0 0 5.0 2.0,;road_0_1_0 r g g,road_1_0_1 r r g,road_1_2_3 r r g,road_2_1_2 r g g,
-10.0 136.31499999999995 -1.5707963267948966 flow_7_0 0 5.0 2.0,-2.0 284.0 -1.5707963267948966 flow_9_2 0 5.0 2.0,-136.31499999999995 -6.0 0.0 flow_0_0 0 5.0 2.0,136.31499999999995 6.0 3.141592653589793 flow_1_0 0 5.0 2.0,-284.0 -10.0 0.0 flow_8_2 0 5.0 2.0,2.0 -219.665 1.5707963267948966 flow_11_1 0 5.0 2.0,284.0 10.0 3.141592653589793 flow_10_2 0 5.0 2.0,-6.0 136.31499999999995 -1.5707963267948966 flow_3_0 0 5.0 2.0,136.31499999999995 10.0 3.141592653589793 flow_10_0 0 5.0 2.0,-284.0 -2.0 0.0 flow_5_2 0 5.0 2.0,10.0 -219.665 1.5707963267948966 flow_4_1 0 5.0 2.0,219.665 2.0 3.141592653589793 flow_6_1 0 5.0 2.0,-6.0 219.665 -1.5707963267948966 flow_3_1 0 5.0 2.0,6.0 -219.665 1.5707963267948966 flow_2_1 0 5.0 2.0,2.0 -136.31499999999995 1.5707963267948966 flow_11_0 0 5.0 2.0,6.0 -136.31499999999995 1.5707963267948966 flow_2_0 0 5.0 2.0,284.0 6.0 3.141592653589793 flow_1_2 0 5.0 2.0,-136.31499999999995 -2.0 0.0 flow_5_0 0 5.0 2.0,219.665 6.0 3.141592653589793 flow_1_1 0 5.0 2.0,-2.0 136.31499999999995 -1.5707963267948966 flow_9_0 0 5.0 2.0,10.0 -284.0 1.5707963267948966 flow_4_2 0 5.0 2.0,2.0 -284.0 1.5707963267948966 flow_11_2 0 5.0 2.0,-10.0 284.0 -1.5707963267948966 flow_7_2 0 5.0 2.0,219.665 10.0 3.141592653589793 flow_10_1 0 5.0 2.0,-219.665 -6.0 0.0 flow_0_1 0 5.0 2.0,-219.665 -2.0 0.0 flow_5_1 0 5.0 2.0,284.0 2.0 3.141592653589793 flow_6_2 0 5.0 2.0,-219.665 -10.0 0.0 flow_8_1 0 5.0 2.0,-284.0 -6.0 0.0 flow_0_2 0 5.0 2.0,10.0 -136.31499999999995 1.5707963267948966 flow_4_0 0 5.0 2.0,-136.31499999999995 -10.0 0.0 flow_8_0 0 5.0 2.0,-10.0 219.665 -1.5707963267948966 flow_7_1 0 5.0 2.0,-6.0 284.0 -1.5707963267948966 flow_3_2 0 5.0 2.0,6.0 -284.0 1.5707963267948966 flow_2_2 0 5.0 2.0,-2.0 219.665 -1.5707963267948966 flow_9_1 0 5.0 2.0,136.31499999999995 2.0 3.141592653589793 flow_6_0 0 5.0 2.0,;road_0_1_0 r g g,road_1_0_1 r r g,road_1_2_3 r r g,road_2_1_2 r g g,
-10.0 119.64499999999993 -1.5707963267948966 flow_7_0 0 5.0 2.0,-2.0 275.0 -1.5707963267948966 flow_9_2 0 5.0 2.0,-119.64499999999993 -6.0 0.0 flow_0_0 0 5.0 2.0,119.64499999999993 6.0 3.141592653589793 flow_1_0 0 5.0 2.0,-275.0 -10.0 0.0 flow_8_2 0 5.0 2.0,2.0 -202.995 1.5707963267948966 flow_11_1 0 5.0 2.0,275.0 10.0 3.141592653589793 flow_10_2 0 5.0 2.0,-6.0 119.64499999999993 -1.5707963267948966 flow_3_0 0 5.0 2.0,119.64499999999993 10.0 3.141592653589793 flow_10_0 0 5.0 2.0,-275.0 -2.0 0.0 flow_5_2 0 5.0 2.0,10.0 -202.995 1.5707963267948966 flow_4_1 0 5.0 2.0,202.995 2.0 3.141592653589793 flow_6_1 0 5.0 2.0,-6.0 202.995 -1.5707963267948966 flow_3_1 0 5.0 2.0,6.0 -202.995 1.5707963267948966 flow_2_1 0 5.0 2.0,2.0 -119.64499999999993 1.5707963267948966 flow_11_0 0 5.0 2.0,6.0 -119.64499999999993 1.5707963267948966 flow_2_0 0 5.0 2.0,275.0 6.0 3.141592653589793 flow_1_2 0 5.0 2.0,-119.64499999999993 -2.0 0.0 flow_5_0 0 5.0 2.0,202.995 6.0 3.141592653589793 flow_1_1 0 5.0 2.0,-2.0 119.64499999999993 -1.5707963267948966 flow_9_0 0 5.0 2.0,10.0 -275.0 1.5707963267948966 flow_4_2 0 5.0 2.0,2.0 -275.0 1.5707963267948966 flow_11_2 0 5.0 2.0,-10.0 275.0 -1.5707963267948966 flow_7_2 0 5.0 2.0,202.995 10.0 3.141592653589793 flow_10_1 0 5.0 2.0,-202.995 -6.0 0.0 flow_0_1 0 5.0 2.0,-202.995 -2.0 0.0 flow_5_1 0 5.0 2.0,275.0 2.0 3.141592653589793 flow_6_2 0 5.0 2.0,-202.995 -10.0 0.0 flow_8_1 0 5.0 2.0,-275.0 -6.0 0.0 flow_0_2 0 5.0 2.0,10.0 -119.64499999999993 1.5707963267948966 flow_4_0 0 5.0 2.0,-119.64499999999993 -10.0 0.0 flow_8_0 0 5.0 2.0,-10.0 202.995 -1.5707963267948966 flow_7_1 0 5.0 2.0,-6.0 275.0 -1.5707963267948966 flow_3_2 0 5.0 2.0,6.0 -275.0 1.5707963267948966 flow_2_2 0 5.0 2.0,-2.0 202.995 -1.5707963267948966 flow_9_1 0 5.0 2.0,119.64499999999993 2.0 3.141592653589793 flow_6_0 0 5.0 2.0,;road_0_1_0 r g g,road_1_0_1 r r g,road_1_2_3 r r g,road_2_1_2 r g g,
-10.0 102.97499999999991 -1.5707963267948966 flow_7_0 0 5.0 2.0,-2.0 264.0 -1.5707963267948966 flow_9_2 0 5.0 2.0,-102.97499999999991 -6.0 0.0 flow_0_0 0 5.0 2.0,102.97499999999991 6.0 3.141592653589793 flow_1_0 0 5.0 2.0,-264.0 -10.0 0.0 flow_8_2 0 5.0 2.0,2.0 -186.325 1.5707963267948966 flow_11_1 0 5.0 2.0,264.0 10.0 3.141592653589793 flow_10_2 0 5.0 2.0,-299.0 -6.0 0.0 flow_0_3 0 5.0 2.0,-6.0 102.97499999999991 -1.5707963267948966 flow_3_0 0 5.0 2.0,102.97499999999991 10.0 3.141592653589793 flow_10_0 0 5.0 2.0,299.0 6.0 3.141592653589793 flow_1_3 0 5.0 2.0,-299.0 -2.0 0.0 flow_5_3 0 5.0 2.0,-264.0 -2.0 0.0 flow_5_2 0 5.0 2.0,10.0 -186.325 1.5707963267948966 flow_4_1 0 5.0 2.0,186.325 2.0 3.141592653589793 flow_6_1 0 5.0 2.0,299.0 2.0 3.141592653589793 flow_6_3 0 5.0 2.0,-6.0 186.325 -1.5707963267948966 flow_3_1 0 5.0 2.0,6.0 -186.325 1.5707963267948966 flow_2_1 0 5.0 2.0,2.0 -102.97499999999991 1.5707963267948966 flow_11_0 0 5.0 2.0,-2.0 299.0 -1.5707963267948966 flow_9_3 0 5.0 2.0,6.0 -102.97499999999991 1.5707963267948966 flow_2_0 0 5.0 2.0,264.0 6.0 3.141592653589793 flow_1_2 0 5.0 2.0,-102.97499999999991 -2.0 0.0 flow_5_0 0 5.0 2.0,299.0 10.0 3.141592653589793 flow_10_3 0 5.0 2.0,186.325 6.0 3.141592653589793 flow_1_1 0 5.0 2.0,-299.0 -10.0 0.0 flow_8_3 0 5.0 2.0,-2.0 102.97499999999991 -1.5707963267948966 flow_9_0 0 5.0 2.0,10.0 -264.0 1.5707963267948966 flow_4_2 0 5.0 2.0,2.0 -264.0 1.5707963267948966 flow_11_2 0 5.0 2.0,-10.0 264.0 -1.5707963267948966 flow_7_2 0 5.0 2.0,186.325 10.0 3.141592653589793 flow_10_1 0 5.0 2.0,-186.325 -6.0 0.0 flow_0_1 0 5.0 2.0,-186.325 -2.0 0.0 flow_5_1 0 5.0 2.0,264.0 2.0 3.141592653589793 flow_6_2 0 5.0 2.0,-186.325 -10.0 0.0 flow_8_1 0 5.0 2.0,-264.0 -6.0 0.0 flow_0_2 0 5.0 2.0,-6.0 299.0 -1.5707963267948966 flow_3_3 0 5.0 2.0,10.0 -102.97499999999991 1.5707963267948966 flow_4_0 0 5.0 2.0,10.0 -299.0 1.5707963267948966 flow_4_3 0 5.0 2.0,-10.0 299.0 -1.5707963267948966 flow_7_3 0 5.0 2.0,-102.97499999999991 -10.0 0.0 flow_8_0 0 5.0 2.0,6.0 -299.0 1.5707963267948966 flow_2_3 0 5.0 2.0,-10.0 186.325 -1.5707963267948966 flow_7_1 0 5.0 2.0,-6.0 264.0 -1.5707963267948966 flow_3_2 0 5.0 2.0,6.0 -264.0 1.5707963267948966 flow_2_2 0 5.0 2.0,-2.0 186.325 -1.5707963267948966 flow_9_1 0 5.0 2.0,2.0 -299.0 1.5707963267948966 flow_11_3 0 5.0 2.0,102.97499999999991 2.0 3.141592653589793 flow_6_0 0 5.0 2.0,;road_0_1_0 r g g,road_1_0_1 r r g,road_1_2_3 r r g,road_2_1_2 r g g,
-10.0 86.3049999999999 -1.5707963267948966 flow_7_0 0 5.0 2.0,-2.0 251.0 -1.5707963267948966 flow_9_2 0 5.0 2.0,-86.3049999999999 -6.0 0.0 flow_0_0 0 5.0 2.0,86.3049999999999 6.0 3.141592653589793 flow_1_0 0 5.0 2.0,-251.0 -10.0 0.0 flow_8_2 0 5.0 2.0,2.0 -169.65499999999998 1.5707963267948966 flow_11_1 0 5.0 2.0,251.0 10.0 3.141592653589793 flow_10_2 0 5.0 2.0,-296.0 -6.0 0.0 flow_0_3 0 5.0 2.0,-6.0 86.3049999999999 -1.5707963267948966 flow_3_0 0 5.0 2.0,86.3049999999999 10.0 3.141592653589793 flow_10_0 0 5.0 2.0,296.0 6.0 3.141592653589793 flow_1_3 0 5.0 2.0,-296.0 -2.0 0.0 flow_5_3 0 5.0 2.0,-251.0 -2.0 0.0 flow_5_2 0 5.0 2.0,10.0 -169.65499999999998 1.5707963267948966 flow_4_1 0 5.0 2.0,169.65499999999998 2.0 3.141592653589793 flow_6_1 0 5.0 2.0,296.0 2.0 3.141592653589793 flow_6_3 0 5.0 2.0,-6.0 169.65499999999998 -1.5707963267948966 flow_3_1 0 5.0 2.0,6.0 -169.65499999999998 1.5707963267948966 flow_2_1 0 5.0 2.0,2.0 -86.3049999999999 1.5707963267948966 flow_11_0 0 5.0 2.0,-2.0 296.0 -1.5707963267948966 flow_9_3 0 5.0 2.0,6.0 -86.3049999999999 1.5707963267948966 flow_2_0 0 5.0 2.0,251.0 6.0 3.141592653589793 flow_1_2 0 5.0 2.0,-86.3049999999999 -2.0 0.0 flow_5_0 0 5.0 2.0,296.0 10.0 3.141592653589793 flow_10_3 0 5.0 2.0,169.65499999999998 6.0 3.141592653589793 flow_1_1 0 5.0 2.0,-296.0 -10.0 0.0 flow_8_3 0 5.0 2.0,-2.0 86.3049999999999 -1.5707963267948966 flow_9_0 0 5.0 2.0,10.0 -251.0 1.5707963267948966 flow_4_2 0 5.0 2.0,2.0 -251.0 1.5707963267948966 flow_11_2 0 5.0 2.0,-10.0 251.0 -1.5707963267948966 flow_7_2 0 5.0 2.0,169.65499999999998 10.0 3.141592653589793 flow_10_1 0 5.0 2.0,-169.65499999999998 -6.0 0.0 flow_0_1 0 5.0 2.0,-169.65499999999998 -2.0 0.0 flow_5_1 0 5.0 2.0,251.0 2.0 3.141592653589793 flow_6_2 0 5.0 2.0,-169.65499999999998 -10.0 0.0 flow_8_1 0 5.0 2.0,-251.0 -6.0 0.0 flow_0_2 0 5.0 2.0,-6.0 296.0 -1.5707963267948966 flow_3_3 0 5.0 2.0,10.0 -86.3049999999999 1.5707963267948966 flow_4_0 0 5.0 2.0,10.0 -296.0 1.5707963267948966 flow_4_3 0 5.0 2.0,-10.0 296.0 -1.5707963267948966 flow_7_3 0 5.0 2.0,-86.3049999999999 -10.0 0.0 flow_8_0 0 5.0 2.0,6.0 -296.0 1.5707963267948966 flow_2_3 0 5.0 2.0,-10.0 169.65499999999998 -1.5707963267948966 flow_7_1 0 5.0 2.0,-6.0 251.0 -1.5707963267948966 flow_3_2 0 5.0 2.0,6.0 -251.0 1.5707963267948966 flow_2_2 0 5.0 2.0,-2.0 169.65499999999998 -1.5707963267948966 flow_9_1 0 5.0 2.0,2.0 -296.0 1.5707963267948966 flow_11_3 0 5.0 2.0,86.3049999999999 2.0 3.141592653589793 flow_6_0 0 5.0 2.0,;road_0_1_0 r g g,road_1_0_1 r r g,road_1_2_3 r r g,road_2_1_2 r g g,
-10.0 69.63499999999988 -1.5707963267948966 flow_7_0 0 5.0 2.0,-2.0 236.0 -1.5707963267948966 flow_9_2 0 5.0 2.0,-69.63499999999988 -6.0 0.0 flow_0_0 0 5.0 2.0,69.63499999999988 6.0 3.141592653589793 flow_1_0 0 5.0 2.0,-236.0 -10.0 0.0 flow_8_2 0 5.0 2.0,2.0 -152.98499999999997 1.5707963267948966 flow_11_1 0 5.0 2.0,236.0 10.0 3.141592653589793 flow_10_2 0 5.0 2.0,-291.0 -6.0 0.0 flow_0_3 0 5.0 2.0,-6.0 69.63499999999988 -1.5707963267948966 flow_3_0 0 5.0 2.0,69.63499999999988 10.0 3.141592653589793 flow_10_0 0 5.0 2.0,291.0 6.0 3.141592653589793 flow_1_3 0 5.0 2.0,-291.0 -2.0 0.0 flow_5_3 0 5.0 2.0,-236.0 -2.0 0.0 flow_5_2 0 5.0 2.0,10.0 -152.98499999999997 1.5707963267948966 flow_4_1 0 5.0 2.0,152.98499999999997 2.0 3.141592653589793 flow_6_1 0 5.0 2.0,291.0 2.0 3.141592653589793 flow_6_3 0 5.0 2.0,-6.0 152.98499999999997 -1.5707963267948966 flow_3_1 0 5.0 2.0,6.0 -152.98499999999997 1.5707963267948966 flow_2_1 0 5.0 2.0,2.0 -69.63499999999988 1.5707963267948966 flow_11_0 0 5.0 2.0,-2.0 291.0 -1.5707963267948966 flow_9_3 0 5.0 2.0,6.0 -69.63499999999988 1.5707963267948966 flow_2_0 0 5.0 2.0,236.0 6.0 3.141592653589793 flow_1_2 0 5.0 2.0,-69.63499999999988 -2.0 0.0 flow_5_0 0 5.0 2.0,291.0 10.0 3.141592653589793 flow_10_3 0 5.0 2.0,152.98499999999997 6.0 3.141592653589793 flow_1_1 0 5.0 2.0,-291.0 -10.0 0.0 flow_8_3 0 5.0 2.0,-2.0 69.63499999999988 -1.5707963267948966 flow_9_0 0 5.0 2.0,10.0 -236.0 1.5707963267948966 flow_4_2 0 5.0 2.0,2.0 -236.0 1.5707963267948966 flow_11_2 0 5.0 2.0,-10.0 236.0 -1.5707963267948966 flow_7_2 0 5.0 2.0,152.98499999999997 10.0 3.141592653589793 flow_10_1 0 5.0 2.0,-152.98499999999997 -6.0 0.0 flow_0_1 0 5.0 2.0,-152.98499999999997 -2.0 0.0 flow_5_1 0 5.0 2.0,236.0 2.0 3.141592653589793 flow_6_2 0 5.0 2.0,-152.98499999999997 -10.0 0.0 flow_8_1 0 5.0 2.0,-236.0 -6.0 0.0 flow_0_2 0 5.0 2.0,-6.0 291.0 -1.5707963267948966 flow_3_3 0 5.0 2.0,10.0 -69.63499999999988 1.5707963267948966 flow_4_0 0 5.0 2.0,10.0 -291.0 1.5707963267948966 flow_4_3 0 5.0 2.0,-10.0 291.0 -1.5707963267948966 flow_7_3 0 5.0 2.0,-69.63499999999988 -10.0 0.0 flow_8_0 0 5.0 2.0,6.0 -291.0 1.5707963267948966 flow_2_3 0 5.0 2.0,-10.0 152.98499999999997 -1.5707963267948966 flow_7_1 0 5.0 2.0,-6.0 236.0 -1.5707963267948966 flow_3_2 0 5.0 2.0,6.0 -236.0 1.5707963267948966 flow_2_2 0 5.0 2.0,-2.0 152.98499999999997 -1.5707963267948966 flow_9_1 0 5.0 2.0,2.0 -291.0 1.5707963267948966 flow_11_3 0 5.0 2.0,69.63499999999988 2.0 3.141592653589793 flow_6_0 0 5.0 2.0,;road_0_1_0 r g g,road_1_0_1 r r g,road_1_2_3 r r g,road_2_1_2 r g g,
-10.0 55.21499999999986 -1.5707963267948966 flow_7_0 0 5.0 2.0,-2.0 219.665 -1.5707963267948966 flow_9_2 0 5.0 2.0,-52.96499999999986 -6.0 0.0 flow_0_0 0 5.0 2.0,52.96499999999986 6.0 3.141592653589793 flow_1_0 0 5.0 2.0,-219.665 -10.0 0.0 flow_8_2 0 5.0 2.0,2.0 -136.31499999999995 1.5707963267948966 flow_11_1 0 5.0 2.0,219.665 10.0 3.141592653589793 flow_10_2 0 5.0 2.0,-284.0 -6.0 0.0 flow_0_3 0 5.0 2.0,-6.0 54.63199999999986 -1.5707963267948966 flow_3_0 0 5.0 2.0,55.21499999999986 10.0 3.141592653589793 flow_10_0 0 5.0 2.0,284.0 6.0 3.141592653589793 flow_1_3 0 5.0 2.0,-284.0 -2.0 0.0 flow_5_3 0 5.0 2.0,-219.665 -2.0 0.0 flow_5_2 0 5.0 2.0,10.0 -136.31499999999995 1.5707963267948966 flow_4_1 0 5.0 2.0,136.31499999999995 2.0 3.141592653589793 flow_6_1 0 5.0 2.0,284.0 2.0 3.141592653589793 flow_6_3 0 5.0 2.0,-6.0 136.31499999999995 -1.5707963267948966 flow_3_1 0 5.0 2.0,6.0 -136.31499999999995 1.5707963267948966 flow_2_1 0 5.0 2.0,2.0 -54.63199999999986 1.5707963267948966 flow_11_0 0 5.0 2.0,-2.0 284.0 -1.5707963267948966 flow_9_3 0 5.0 2.0,6.0 -54.63199999999986 1.5707963267948966 flow_2_0 0 5.0 2.0,219.665 6.0 3.141592653589793 flow_1_2 0 5.0 2.0,-54.63199999999986 -2.0 0.0 flow_5_0 0 5.0 2.0,284.0 10.0 3.141592653589793 flow_10_3 0 5.0 2.0,136.31499999999995 6.0 3.141592653589793 flow_1_1 0 5.0 2.0,-284.0 -10.0 0.0 flow_8_3 0 5.0 2.0,-2.0 54.63199999999986 -1.5707963267948966 flow_9_0 0 5.0 2.0,10.0 -219.665 1.5707963267948966 flow_4_2 0 5.0 2.0,2.0 -219.665 1.5707963267948966 flow_11_2 0 5.0 2.0,-10.0 219.665 -1.5707963267948966 flow_7_2 0 5.0 2.0,136.31499999999995 10.0 3.141592653589793 flow_10_1 0 5.0 2.0,-136.31499999999995 -6.0 0.0 flow_0_1 0 5.0 2.0,-136.31499999999995 -2.0 0.0 flow_5_1 0 5.0 2.0,219.665 2.0 3.141592653589793 flow_6_2 0 5.0 2.0,-136.31499999999995 -10.0 0.0 flow_8_1 0 5.0 2.0,-219.665 -6.0 0.0 flow_0_2 0 5.0 2.0,-6.0 284.0 -1.5707963267948966 flow_3_3 0 5.0 2.0,10.0 -55.21499999999986 1.5707963267948966 flow_4_0 0 5.0 2.0,10.0 -284.0 1.5707963267948966 flow_4_3 0 5.0 2.0,-10.0 284.0 -1.5707963267948966 flow_7_3 0 5.0 2.0,-55.21499999999986 -10.0 0.0 flow_8_0 0 5.0 2.0,6.0 -284.0 1.5707963267948966 flow_2_3 0 5.0 2.0,-10.0 136.31499999999995 -1.5707963267948966 flow_7_1 0 5.0 2.0,-6.0 219.665 -1.5707963267948966 flow_3_2 0 5.0 2.0,6.0 -219.665 1.5707963267948966 flow_2_2 0 5.0 2.0,-2.0 136.31499999999995 -1.5707963267948966 flow_9_1 0 5.0 2.0,2.0 -284.0 1.5707963267948966 flow_11_3 0 5.0 2.0,54.63199999999986 2.0 3.141592653589793 flow_6_0 0 5.0 2.0,;road_0_1_0 r g g,road_1_0_1 r r g,road_1_2_3 r r g,road_2_1_2 r g g,
-10.0 44.96334999999985 -1.5707963267948966 flow_7_0 0 5.0 2.0,-2.0 202.995 -1.5707963267948966 flow_9_2 0 5.0 2.0,-36.294999999999848 -6.0 0.0 flow_0_0 0 5.0 2.0,36.294999999999848 6.0 3.141592653589793 flow_1_0 0 5.0 2.0,-202.995 -10.0 0.0 flow_8_2 0 5.0 2.0,2.0 -119.64499999999993 1.5707963267948966 flow_11_1 0 5.0 2.0,202.995 10.0 3.141592653589793 flow_10_2 0 5.0 2.0,-275.0 -6.0 0.0 flow_0_3 0 5.0 2.0,-6.0 42.62959999999987 -1.5707963267948966 flow_3_0 0 5.0 2.0,44.96334999999985 10.0 3.141592653589793 flow_10_0 0 5.0 2.0,275.0 6.0 3.141592653589793 flow_1_3 0 5.0 2.0,-275.0 -2.0 0.0 flow_5_3 0 5.0 2.0,-202.995 -2.0 0.0 flow_5_2 0 5.0 2.0,10.0 -119.64499999999993 1.5707963267948966 flow_4_1 0 5.0 2.0,119.64499999999993 2.0 3.141592653589793 flow_6_1 0 5.0 2.0,275.0 2.0 3.141592653589793 flow_6_3 0 5.0 2.0,-6.0 119.64499999999993 -1.5707963267948966 flow_3_1 0 5.0 2.0,6.0 -119.64499999999993 1.5707963267948966 flow_2_1 0 5.0 2.0,2.0 -42.62959999999987 1.5707963267948966 flow_11_0 0 5.0 2.0,-2.0 275.0 -1.5707963267948966 flow_9_3 0 5.0 2.0,6.0 -42.62959999999987 1.5707963267948966 flow_2_0 0 5.0 2.0,202.995 6.0 3.141592653589793 flow_1_2 0 5.0 2.0,-42.62959999999987 -2.0 0.0 flow_5_0 0 5.0 2.0,275.0 10.0 3.141592653589793 flow_10_3 0 5.0 2.0,119.64499999999993 6.0 3.141592653589793 flow_1_1 0 5.0 2.0,-275.0 -10.0 0.0 flow_8_3 0 5.0 2.0,-2.0 42.62959999999987 -1.5707963267948966 flow_9_0 0 5.0 2.0,10.0 -202.995 1.5707963267948966 flow_4_2 0 5.0 2.0,2.0 -202.995 1.5707963267948966 flow_11_2 0 5.0 2.0,-10.0 202.995 -1.5707963267948966 flow_7_2 0 5.0 2.0,119.64499999999993 10.0 3.141592653589793 flow_10_1 0 5.0 2.0,-119.64499999999993 -6.0 0.0 flow_0_1 0 5.0 2.0,-119.64499999999993 -2.0 0.0 flow_5_1 0 5.0 2.0,202.995 2.0 3.141592653589793 flow_6_2 0 5.0 2.0,-119.64499999999993 -10.0 0.0 flow_8_1 0 5.0 2.0,-202.995 -6.0 0.0 flow_0_2 0 5.0 2.0,-6.0 275.0 -1.5707963267948966 flow_3_3 0 5.0 2.0,10.0 -44.96334999999985 1.5707963267948966 flow_4_0 0 5.0 2.0,10.0 -275.0 1.5707963267948966 flow_4_3 0 5.0 2.0,-10.0 275.0 -1.5707963267948966 flow_7_3 0 5.0 2.0,-44.96334999999985 -10.0 0.0 flow_8_0 0 5.0 2.0,6.0 -275.0 1.5707963267948966 flow_2_3 0 5.0 2.0,-10.0 119.64499999999993 -1.5707963267948966 flow_7_1 0 5.0 2.0,-6.0 202.995 -1.5707963267948966 flow_3_2 0 5.0 2.0,6.0 -202.995 1.5707963267948966 flow_2_2 0 5.0 2.0,-2.0 119.64499999999993 -1.5707963267948966 flow_9_1 0 5.0 2.0,2.0 -275.0 1.5707963267948966 flow_11_3 0 5.0 2.0,42.62959999999987 2.0 3.141592653589793 flow_6_0 0 5.0 2.0,;road_0_1_0 r g g,road_1_0_1 r r g,road_1_2_3 r r g,road_2_1_2 r g g,
-2.0 299.0 -1.5707963267948966 flow_9_4 0 5.0 2.0,-10.0 36.63004999999987 -1.5707963267948966 flow_7_0 0 5.0 2.0,-2.0 186.325 -1.5707963267948966 flow_9_2 0 5.0 2.0,-19.62499999999983 -6.0 0.0 flow_0_0 0 5.0 2.0,19.62499999999983 6.0 3.141592653589793 flow_1_0 0 5.0 2.0,-186.325 -10.0 0.0 flow_8_2 0 5.0 2.0,2.0 -102.97499999999991 1.5707963267948966 flow_11_1 0 5.0 2.0,186.325 10.0 3.141592653589793 flow_10_2 0 5.0 2.0,-264.0 -6.0 0.0 flow_0_3 0 5.0 2.0,-6.0 33.29439999999988 -1.5707963267948966 flow_3_0 0 5.0 2.0,36.63004999999987 10.0 3.141592653589793 flow_10_0 0 5.0 2.0,264.0 6.0 3.141592653589793 flow_1_3 0 5.0 2.0,-264.0 -2.0 0.0 flow_5_3 0 5.0 2.0,-186.325 -2.0 0.0 flow_5_2 0 5.0 2.0,-10.0 299.0 -1.5707963267948966 flow_7_4 0 5.0 2.0,10.0 -102.97499999999991 1.5707963267948966 flow_4_1 0 5.0 2.0,299.0 6.0 3.141592653589793 flow_1_4 0 5.0 2.0,102.97499999999991 2.0 3.141592653589793 flow_6_1 0 5.0 2.0,264.0 2.0 3.141592653589793 flow_6_3 0 5.0 2.0,-6.0 102.97499999999991 -1.5707963267948966 flow_3_1 0 5.0 2.0,6.0 -102.97499999999991 1.5707963267948966 flow_2_1 0 5.0 2.0,2.0 -33.29439999999988 1.5707963267948966 flow_11_0 0 5.0 2.0,-2.0 264.0 -1.5707963267948966 flow_9_3 0 5.0 2.0,6.0 -33.29439999999988 1.5707963267948966 flow_2_0 0 5.0 2.0,-299.0 -10.0 0.0 flow_8_4 0 5.0 2.0,299.0 2.0 3.141592653589793 flow_6_4 0 5.0 2.0,299.0 10.0 3.141592653589793 flow_10_4 0 5.0 2.0,2.0 -299.0 1.5707963267948966 flow_11_4 0 5.0 2.0,186.325 6.0 3.141592653589793 flow_1_2 0 5.0 2.0,-33.29439999999988 -2.0 0.0 flow_5_0 0 5.0 2.0,264.0 10.0 3.141592653589793 flow_10_3 0 5.0 2.0,102.97499999999991 6.0 3.141592653589793 flow_1_1 0 5.0 2.0,-264.0 -10.0 0.0 flow_8_3 0 5.0 2.0,-299.0 -6.0 0.0 flow_0_4 0 5.0 2.0,-2.0 33.29439999999988 -1.5707963267948966 flow_9_0 0 5.0 2.0,10.0 -186.325 1.5707963267948966 flow_4_2 0 5.0 2.0,2.0 -186.325 1.5707963267948966 flow_11_2 0 5.0 2.0,-6.0 299.0 -1.5707963267948966 flow_3_4 0 5.0 2.0,-10.0 186.325 -1.5707963267948966 flow_7_2 0 5.0 2.0,102.97499999999991 10.0 3.141592653589793 flow_10_1 0 5.0 2.0,-102.97499999999991 -6.0 0.0 flow_0_1 0 5.0 2.0,-102.97499999999991 -2.0 0.0 flow_5_1 0 5.0 2.0,186.325 2.0 3.141592653589793 flow_6_2 0 5.0 2.0,-102.97499999999991 -10.0 0.0 flow_8_1 0 5.0 2.0,-186.325 -6.0 0.0 flow_0_2 0 5.0 2.0,-6.0 264.0 -1.5707963267948966 flow_3_3 0 5.0 2.0,10.0 -36.63004999999987 1.5707963267948966 flow_4_0 0 5.0 2.0,-299.0 -2.0 0.0 flow_5_4 0 5.0 2.0,10.0 -264.0 1.5707963267948966 flow_4_3 0 5.0 2.0,-10.0 264.0 -1.5707963267948966 flow_7_3 0 5.0 2.0,-36.63004999999987 -10.0 0.0 flow_8_0 0 5.0 2.0,6.0 -264.0 1.5707963267948966 flow_2_3 0 5.0 2.0,-10.0 102.97499999999991 -1.5707963267948966 flow_7_1 0 5.0 2.0,-6.0 186.325 -1.5707963267948966 flow_3_2 0 5.0 2.0,6.0 -299.0 1.5707963267948966 flow_2_4 0 5.0 2.0,6.0 -186.325 1.5707963267948966 flow_2_2 0 5.0 2.0,-2.0 102.97499999999991 -1.5707963267948966 flow_9_1 0 5.0 2.0,2.0 -264.0 1.5707963267948966 flow_11_3 0 5.0 2.0,33.29439999999988 2.0 3.141592653589793 flow_6_0 0 5.0 2.0,10.0 -299.0 1.5707963267948966 flow_4_4 0 5.0 2.0,;road_0_1_0 r g g,road_1_0_1 r r g,road_1_2_3 r r g,road_2_1_2 r g g,
-2.0 296.0 -1.5707963267948966 flow_9_4 0 5.0 2.0,-10.0 28.29674999999986 -1.5707963267948966 flow_7_0 0 5.0 2.0,-2.0 169.65499999999998 -1.5707963267948966 flow_9_2 0 5.0 2.0,-2.9549999999998279 -6.0 0.0 flow_0_0 0 5.0 2.0,2.9549999999998279 6.0 3.141592653589793 flow_1_0 0 5.0 2.0,-169.65499999999998 -10.0 0.0 flow_8_2 0 5.0 2.0,2.0 -86.3049999999999 1.5707963267948966 flow_11_1 0 5.0 2.0,169.65499999999998 10.0 3.141592653589793 flow_10_2 0 5.0 2.0,-251.0 -6.0 0.0 flow_0_3 0 5.0 2.0,-6.0 26.626399999999877 -1.5707963267948966 flow_3_0 0 5.0 2.0,28.29674999999986 10.0 3.141592653589793 flow_10_0 0 5.0 2.0,251.0 6.0 3.141592653589793 flow_1_3 0 5.0 2.0,-251.0 -2.0 0.0 flow_5_3 0 5.0 2.0,-169.65499999999998 -2.0 0.0 flow_5_2 0 5.0 2.0,-10.0 296.0 -1.5707963267948966 flow_7_4 0 5.0 2.0,10.0 -86.3049999999999 1.5707963267948966 flow_4_1 0 5.0 2.0,296.0 6.0 3.141592653589793 flow_1_4 0 5.0 2.0,86.3049999999999 2.0 3.141592653589793 flow_6_1 0 5.0 2.0,251.0 2.0 3.141592653589793 flow_6_3 0 5.0 2.0,-6.0 86.3049999999999 -1.5707963267948966 flow_3_1 0 5.0 2.0,6.0 -86.3049999999999 1.5707963267948966 flow_2_1 0 5.0 2.0,2.0 -26.626399999999877 1.5707963267948966 flow_11_0 0 5.0 2.0,-2.0 251.0 -1.5707963267948966 flow_9_3 0 5.0 2.0,6.0 -26.626399999999877 1.5707963267948966 flow_2_0 0 5.0 2.0,-296.0 -10.0 0.0 flow_8_4 0 5.0 2.0,296.0 2.0 3.141592653589793 flow_6_4 0 5.0 2.0,296.0 10.0 3.141592653589793 flow_10_4 0 5.0 2.0,2.0 -296.0 1.5707963267948966 flow_11_4 0 5.0 2.0,169.65499999999998 6.0 3.141592653589793 flow_1_2 0 5.0 2.0,-26.626399999999877 -2.0 0.0 flow_5_0 0 5.0 2.0,251.0 10.0 3.141592653589793 flow_10_3 0 5.0 2.0,86.3049999999999 6.0 3.141592653589793 flow_1_1 0 5.0 2.0,-251.0 -10.0 0.0 flow_8_3 0 5.0 2.0,-296.0 -6.0 0.0 flow_0_4 0 5.0 2.0,-2.0 26.626399999999877 -1.5707963267948966 flow_9_0 0 5.0 2.0,10.0 -169.65499999999998 1.5707963267948966 flow_4_2 0 5.0 2.0,2.0 -169.65499999999998 1.5707963267948966 flow_11_2 0 5.0 2.0,-6.0 296.0 -1.5707963267948966 flow_3_4 0 5.0 2.0,-10.0 169.65499999999998 -1.5707963267948966 flow_7_2 0 5.0 2.0,86.3049999999999 10.0 3.141592653589793 flow_10_1 0 5.0 2.0,-86.3049999999999 -6.0 0.0 flow_0_1 0 5.0 2.0,-86.3049999999999 -2.0 0.0 flow_5_1 0 5.0 2.0,169.65499999999998 2.0 3.141592653589793 flow_6_2 0 5.0 2.0,-86.3049999999999 -10.0 0.0 flow_8_1 0 5.0 2.0,-169.65499999999998 -6.0 0.0 flow_0_2 0 5.0 2.0,-6.0 251.0 -1.5707963267948966 flow_3_3 0 5.0 2.0,10.0 -28.29674999999986 1.5707963267948966 flow_4_0 0 5.0 2.0,-296.0 -2.0 0.0 flow_5_4 0 5.0 2.0,10.0 -251.0 1.5707963267948966 flow_4_3 0 5.0 2.0,-10.0 251.0 -1.5707963267948966 flow_7_3 0 5.0 2.0,-28.29674999999986 -10.0 0.0 flow_8_0 0 5.0 2.0,6.0 -251.0 1.5707963267948966 flow_2_3 0 5.0 2.0,-10.0 86.3049999999999 -1.5707963267948966 flow_7_1 0 5.0 2.0,-6.0 169.65499999999998 -1.5707963267948966 flow_3_2 0 5.0 2.0,6.0 -296.0 1.5707963267948966 flow_2_4 0 5.0 2.0,6.0 -169.65499999999998 1.5707963267948966 flow_2_2 0 5.0 2.0,-2.0 86.3049999999999 -1.5707963267948966 flow_9_1 0 5.0 2.0,2.0 -251.0 1.5707963267948966 flow_11_3 0 5.0 2.0,26.626399999999877 2.0 3.141592653589793 flow_6_0 0 5.0 2.0,10.0 -296.0 1.5707963267948966 flow_4_4 0 5.0 2.0,;road_0_1_0 r g g,road_1_0_1 r r g,road_1_2_3 r r g,road_2_1_2 r g g,
-2.0 291.0 -1.5707963267948966 flow_9_4 0 5.0 2.0,-10.001921025350646 19.96350051833775 -1.6233793884058383 flow_7_0 0 5.0 2.0,-2.0 152.98499999999997 -1.5707963267948966 flow_9_2 0 5.0 2.0,13.715000000000174 -5.999999999999999 2.0947604238210499e-16 flow_0_0 0 5.0 2.0,-13.715000000000174 5.999999999999999 -3.141592653589793 flow_1_0 0 5.0 2.0,-152.98499999999997 -10.0 0.0 flow_8_2 0 5.0 2.0,2.0 -69.63499999999988 1.5707963267948966 flow_11_1 0 5.0 2.0,152.98499999999997 10.0 3.141592653589793 flow_10_2 0 5.0 2.0,-236.0 -6.0 0.0 flow_0_3 0 5.0 2.0,-6.0 22.62559999999985 -1.5707963267948966 flow_3_0 0 5.0 2.0,19.96350051833775 10.001921025350646 3.0890095919788518 flow_10_0 0 5.0 2.0,236.0 6.0 3.141592653589793 flow_1_3 0 5.0 2.0,-236.0 -2.0 0.0 flow_5_3 0 5.0 2.0,-152.98499999999997 -2.0 0.0 flow_5_2 0 5.0 2.0,-10.0 291.0 -1.5707963267948966 flow_7_4 0 5.0 2.0,10.0 -69.63499999999988 1.5707963267948966 flow_4_1 0 5.0 2.0,291.0 6.0 3.141592653589793 flow_1_4 0 5.0 2.0,69.63499999999988 2.0 3.141592653589793 flow_6_1 0 5.0 2.0,236.0 2.0 3.141592653589793 flow_6_3 0 5.0 2.0,-6.0 69.63499999999988 -1.5707963267948966 flow_3_1 0 5.0 2.0,6.0 -69.63499999999988 1.5707963267948966 flow_2_1 0 5.0 2.0,2.0 -22.62559999999985 1.5707963267948966 flow_11_0 0 5.0 2.0,-2.0 236.0 -1.5707963267948966 flow_9_3 0 5.0 2.0,6.0 -22.62559999999985 1.5707963267948966 flow_2_0 0 5.0 2.0,-291.0 -10.0 0.0 flow_8_4 0 5.0 2.0,291.0 2.0 3.141592653589793 flow_6_4 0 5.0 2.0,291.0 10.0 3.141592653589793 flow_10_4 0 5.0 2.0,2.0 -291.0 1.5707963267948966 flow_11_4 0 5.0 2.0,152.98499999999997 6.0 3.141592653589793 flow_1_2 0 5.0 2.0,-22.62559999999985 -2.0 0.0 flow_5_0 0 5.0 2.0,236.0 10.0 3.141592653589793 flow_10_3 0 5.0 2.0,69.63499999999988 6.0 3.141592653589793 flow_1_1 0 5.0 2.0,-236.0 -10.0 0.0 flow_8_3 0 5.0 2.0,-291.0 -6.0 0.0 flow_0_4 0 5.0 2.0,-2.0 22.62559999999985 -1.5707963267948966 flow_9_0 0 5.0 2.0,10.0 -152.98499999999997 1.5707963267948966 flow_4_2 0 5.0 2.0,2.0 -152.98499999999997 1.5707963267948966 flow_11_2 0 5.0 2.0,-6.0 291.0 -1.5707963267948966 flow_3_4 0 5.0 2.0,-10.0 152.98499999999997 -1.5707963267948966 flow_7_2 0 5.0 2.0,69.63499999999988 10.0 3.141592653589793 flow_10_1 0 5.0 2.0,-69.63499999999988 -6.0 0.0 flow_0_1 0 5.0 2.0,-69.63499999999988 -2.0 0.0 flow_5_1 0 5.0 2.0,152.98499999999997 2.0 3.141592653589793 flow_6_2 0 5.0 2.0,-69.63499999999988 -10.0 0.0 flow_8_1 0 5.0 2.0,-152.98499999999997 -6.0 0.0 flow_0_2 0 5.0 2.0,-6.0 236.0 -1.5707963267948966 flow_3_3 0 5.0 2.0,10.001921025350646 -19.96350051833775 1.518213265183955 flow_4_0 0 5.0 2.0,-291.0 -2.0 0.0 flow_5_4 0 5.0 2.0,10.0 -236.0 1.5707963267948966 flow_4_3 0 5.0 2.0,-10.0 236.0 -1.5707963267948966 flow_7_3 0 5.0 2.0,-19.96350051833775 -10.001921025350646 -0.05258306161094157 flow_8_0 0 5.0 2.0,6.0 -236.0 1.5707963267948966 flow_2_3 0 5.0 2.0,-10.0 69.63499999999988 -1.5707963267948966 flow_7_1 0 5.0 2.0,-6.0 152.98499999999997 -1.5707963267948966 flow_3_2 0 5.0 2.0,6.0 -291.0 1.5707963267948966 flow_2_4 0 5.0 2.0,6.0 -152.98499999999997 1.5707963267948966 flow_2_2 0 5.0 2.0,-2.0 69.63499999999988 -1.5707963267948966 flow_9_1 0 5.0 2.0,2.0 -236.0 1.5707963267948966 flow_11_3 0 5.0 2.0,22.62559999999985 2.0 3.141592653589793 flow_6_0 0 5.0 2.0,10.0 -291.0 1.5707963267948966 flow_4_4 0 5.0 2.0,;road_0_1_0 r g g,road_1_0_1 r r g,road_1_2_3 r r g,road_2_1_2 r g g,
-2.0 284.0 -1.5707963267948966 flow_9_4 0 5.0 2.0,-13.476783965535605 11.700813119107233 -2.4558631426835069 flow_7_0 0 5.0 2.0,-2.0 136.31499999999995 -1.5707963267948966 flow_9_2 0 5.0 2.0,30.385000000000177 -6.0 0.0 flow_0_0 0 5.0 2.0,-30.385000000000177 6.0 3.141592653589793 flow_1_0 0 5.0 2.0,-136.31499999999995 -10.0 0.0 flow_8_2 0 5.0 2.0,2.0 -54.63199999999986 1.5707963267948966 flow_11_1 0 5.0 2.0,136.31499999999995 10.0 3.141592653589793 flow_10_2 0 5.0 2.0,-219.665 -6.0 0.0 flow_0_3 0 5.0 2.0,-6.0 21.29199999999986 -1.5707963267948966 flow_3_0 0 5.0 2.0,11.700813119107233 13.476783965535605 2.2565258377011836 flow_10_0 0 5.0 2.0,219.665 6.0 3.141592653589793 flow_1_3 0 5.0 2.0,-219.665 -2.0 0.0 flow_5_3 0 5.0 2.0,-136.31499999999995 -2.0 0.0 flow_5_2 0 5.0 2.0,-10.0 284.0 -1.5707963267948966 flow_7_4 0 5.0 2.0,10.0 -55.21499999999986 1.5707963267948966 flow_4_1 0 5.0 2.0,284.0 6.0 3.141592653589793 flow_1_4 0 5.0 2.0,54.63199999999986 2.0 3.141592653589793 flow_6_1 0 5.0 2.0,219.665 2.0 3.141592653589793 flow_6_3 0 5.0 2.0,-6.0 54.63199999999986 -1.5707963267948966 flow_3_1 0 5.0 2.0,6.0 -54.63199999999986 1.5707963267948966 flow_2_1 0 5.0 2.0,2.0 -21.29199999999986 1.5707963267948966 flow_11_0 0 5.0 2.0,-2.0 219.665 -1.5707963267948966 flow_9_3 0 5.0 2.0,6.0 -21.29199999999986 1.5707963267948966 flow_2_0 0 5.0 2.0,-284.0 -10.0 0.0 flow_8_4 0 5.0 2.0,284.0 2.0 3.141592653589793 flow_6_4 0 5.0 2.0,284.0 10.0 3.141592653589793 flow_10_4 0 5.0 2.0,2.0 -284.0 1.5707963267948966 flow_11_4 0 5.0 2.0,136.31499999999995 6.0 3.141592653589793 flow_1_2 0 5.0 2.0,-21.29199999999986 -2.0 0.0 flow_5_0 0 5.0 2.0,219.665 10.0 3.141592653589793 flow_10_3 0 5.0 2.0,52.96499999999986 6.0 3.141592653589793 flow_1_1 0 5.0 2.0,-219.665 -10.0 0.0 flow_8_3 0 5.0 2.0,-284.0 -6.0 0.0 flow_0_4 0 5.0 2.0,-2.0 21.29199999999986 -1.5707963267948966 flow_9_0 0 5.0 2.0,10.0 -136.31499999999995 1.5707963267948966 flow_4_2 0 5.0 2.0,2.0 -136.31499999999995 1.5707963267948966 flow_11_2 0 5.0 2.0,-6.0 284.0 -1.5707963267948966 flow_3_4 0 5.0 2.0,-10.0 136.31499999999995 -1.5707963267948966 flow_7_2 0 5.0 2.0,55.21499999999986 10.0 3.141592653589793 flow_10_1 0 5.0 2.0,-52.96499999999986 -6.0 0.0 flow_0_1 0 5.0 2.0,-54.63199999999986 -2.0 0.0 flow_5_1 0 5.0 2.0,136.31499999999995 2.0 3.141592653589793 flow_6_2 0 5.0 2.0,-55.21499999999986 -10.0 0.0 flow_8_1 0 5.0 2.0,-136.31499999999995 -6.0 0.0 flow_0_2 0 5.0 2.0,-6.0 219.665 -1.5707963267948966 flow_3_3 0 5.0 2.0,13.476783965535605 -11.700813119107233 0.6857295109062868 flow_4_0 0 5.0 2.0,-284.0 -2.0 0.0 flow_5_4 0 5.0 2.0,10.0 -219.665 1.5707963267948966 flow_4_3 0 5.0 2.0,-10.0 219.665 -1.5707963267948966 flow_7_3 0 5.0 2.0,-11.700813119107233 -13.476783965535605 -0.8850668158886099 flow_8_0 0 5.0 2.0,6.0 -219.665 1.5707963267948966 flow_2_3 0 5.0 2.0,-10.0 55.21499999999986 -1.5707963267948966 flow_7_1 0 5.0 2.0,-6.0 136.31499999999995 -1.5707963267948966 flow_3_2 0 5.0 2.0,6.0 -284.0 1.5707963267948966 flow_2_4 0 5.0 2.0,6.0 -136.31499999999995 1.5707963267948966 flow_2_2 0 5.0 2.0,-2.0 54.63199999999986 -1.5707963267948966 flow_9_1 0 5.0 2.0,2.0 -219.665 1.5707963267948966 flow_11_3 0 5.0 2.0,21.29199999999986 2.0 3.141592653589793 flow_6_0 0 5.0 2.0,10.0 -284.0 1.5707963267948966 flow_4_4 0 5.0 2.0,;road_0_1_0 r g g,road_1_0_1 r r g,road_1_2_3 r r g,road_2_1_2 r g g,
-2.0 275.0 -1.5707963267948966 flow_9_4 0 5.0 2.0,-24.487578828660206 10.0 3.141592653589793 flow_7_0 0 5.0 2.0,-2.0 119.64499999999993 -1.5707963267948966 flow_9_2 0 5.0 2.0,47.05500000000018 -9.334 0.0 flow_0_0 1 5.0 2.0,-47.05500000000018 6.0 3.141592653589793 flow_1_0 0 5.0 2.0,-119.64499999999993 -10.0 0.0 flow_8_2 0 5.0 2.0,2.0 -42.62959999999987 1.5707963267948966 flow_11_1 0 5.0 2.0,119.64499999999993 10.0 3.141592653589793 flow_10_2 0 5.0 2.0,-202.995 -6.0 0.0 flow_0_3 0 5.0 2.0,-6.0 21.29199999999986 -1.5707963267948966 flow_3_0 0 5.0 2.0,10.0 24.487578828660206 1.5707963267948966 flow_10_0 0 5.0 2.0,202.995 6.0 3.141592653589793 flow_1_3 0 5.0 2.0,-202.995 -2.0 0.0 flow_5_3 0 5.0 2.0,-119.64499999999993 -2.0 0.0 flow_5_2 0 5.0 2.0,-10.0 275.0 -1.5707963267948966 flow_7_4 0 5.0 2.0,10.0 -44.96334999999985 1.5707963267948966 flow_4_1 0 5.0 2.0,275.0 6.0 3.141592653589793 flow_1_4 0 5.0 2.0,42.62959999999987 2.0 3.141592653589793 flow_6_1 0 5.0 2.0,202.995 2.0 3.141592653589793 flow_6_3 0 5.0 2.0,-6.0 42.62959999999987 -1.5707963267948966 flow_3_1 0 5.0 2.0,6.0 -42.62959999999987 1.5707963267948966 flow_2_1 0 5.0 2.0,2.0 -21.29199999999986 1.5707963267948966 flow_11_0 0 5.0 2.0,-2.0 202.995 -1.5707963267948966 flow_9_3 0 5.0 2.0,6.0 -21.29199999999986 1.5707963267948966 flow_2_0 0 5.0 2.0,-275.0 -10.0 0.0 flow_8_4 0 5.0 2.0,275.0 2.0 3.141592653589793 flow_6_4 0 5.0 2.0,275.0 10.0 3.141592653589793 flow_10_4 0 5.0 2.0,2.0 -275.0 1.5707963267948966 flow_11_4 0 5.0 2.0,119.64499999999993 6.0 3.141592653589793 flow_1_2 0 5.0 2.0,-21.29199999999986 -2.0 0.0 flow_5_0 0 5.0 2.0,202.995 10.0 3.141592653589793 flow_10_3 0 5.0 2.0,36.294999999999848 6.0 3.141592653589793 flow_1_1 0 5.0 2.0,-202.995 -10.0 0.0 flow_8_3 0 5.0 2.0,-275.0 -6.0 0.0 flow_0_4 0 5.0 2.0,-2.0 21.29199999999986 -1.5707963267948966 flow_9_0 0 5.0 2.0,10.0 -119.64499999999993 1.5707963267948966 flow_4_2 0 5.0 2.0,2.0 -119.64499999999993 1.5707963267948966 flow_11_2 0 5.0 2.0,-6.0 275.0 -1.5707963267948966 flow_3_4 0 5.0 2.0,-10.0 119.64499999999993 -1.5707963267948966 flow_7_2 0 5.0 2.0,44.96334999999985 10.0 3.141592653589793 flow_10_1 0 5.0 2.0,-36.294999999999848 -6.0 0.0 flow_0_1 0 5.0 2.0,-42.62959999999987 -2.0 0.0 flow_5_1 0 5.0 2.0,119.64499999999993 2.0 3.141592653589793 flow_6_2 0 5.0 2.0,-44.96334999999985 -10.0 0.0 flow_8_1 0 5.0 2.0,-119.64499999999993 -6.0 0.0 flow_0_2 0 5.0 2.0,-6.0 202.995 -1.5707963267948966 flow_3_3 0 5.0 2.0,24.254446621495199 -10.0 0.0 flow_4_0 0 5.0 2.0,-275.0 -2.0 0.0 flow_5_4 0 5.0 2.0,10.0 -202.995 1.5707963267948966 flow_4_3 0 5.0 2.0,-10.0 202.995 -1.5707963267948966 flow_7_3 0 5.0 2.0,-10.0 -24.487578828660206 -1.5707963267948966 flow_8_0 0 5.0 2.0,6.0 -202.995 1.5707963267948966 flow_2_3 0 5.0 2.0,-10.0 44.96334999999985 -1.5707963267948966 flow_7_1 0 5.0 2.0,-6.0 119.64499999999993 -1.5707963267948966 flow_3_2 0 5.0 2.0,6.0 -275.0 1.5707963267948966 flow_2_4 0 5.0 2.0,6.0 -119.64499999999993 1.5707963267948966 flow_2_2 0 5.0 2.0,-2.0 42.62959999999987 -1.5707963267948966 flow_9_1 0 5.0 2.0,2.0 -202.995 1.5707963267948966 flow_11_3 0 5.0 2.0,21.29199999999986 2.0 3.141592653589793 flow_6_0 0 5.0 2.0,10.0 -275.0 1.5707963267948966 flow_4_4 0 5.0 2.0,;road_0_1_0 r g g,road_1_0_1 r r g,road_1_2_3 r r g,road_2_1_2 r g g,
-2.0 264.0 -1.5707963267948966 flow_9_4 0 5.0 2.0,-37.820878828660209 10.0 3.141592653589793 flow_7_0 0 5.0 2.0,-2.0 102.97499999999991 -1.5707963267948966 flow_9_2 0 5.0 2.0,299.0 10.0 3.141592653589793 flow_10_5 0 5.0 2.0,-63.72500000000018 6.0 3.141592653589793 flow_1_0 0 5.0 2.0,-102.97499999999991 -10.0 0.0 flow_8_2 0 5.0 2.0,2.0 -33.90380486671046 1.5707963267948966 flow_11_1 0 5.0 2.0,102.97499999999991 10.0 3.141592653589793 flow_10_2 0 5.0 2.0,-186.325 -6.0 0.0 flow_0_3 0 5.0 2.0,2.0 -299.0 1.5707963267948966 flow_11_5 0 5.0 2.0,-6.0 21.29199999999986 -1.5707963267948966 flow_3_0 0 5.0 2.0,299.0 6.0 3.141592653589793 flow_1_5 0 5.0 2.0,10.0 37.820878828660209 1.5707963267948966 flow_10_0 0 5.0 2.0,186.325 6.0 3.141592653589793 flow_1_3 0 5.0 2.0,-186.325 -2.0 0.0 flow_5_3 0 5.0 2.0,-102.97499999999991 -2.0 0.0 flow_5_2 0 5.0 2.0,-299.0 -6.0 0.0 flow_0_5 0 5.0 2.0,299.0 2.0 3.141592653589793 flow_6_5 0 5.0 2.0,-10.0 264.0 -1.5707963267948966 flow_7_4 0 5.0 2.0,-10.0 299.0 -1.5707963267948966 flow_7_5 0 5.0 2.0,10.0 -36.63004999999987 1.5707963267948966 flow_4_1 0 5.0 2.0,264.0 6.0 3.141592653589793 flow_1_4 0 5.0 2.0,-2.0 299.0 -1.5707963267948966 flow_9_5 0 5.0 2.0,33.90380486671046 2.0 3.141592653589793 flow_6_1 0 5.0 2.0,186.325 2.0 3.141592653589793 flow_6_3 0 5.0 2.0,-6.0 33.90380486671046 -1.5707963267948966 flow_3_1 0 5.0 2.0,6.0 -33.90380486671046 1.5707963267948966 flow_2_1 0 5.0 2.0,2.0 -21.29199999999986 1.5707963267948966 flow_11_0 0 5.0 2.0,-2.0 186.325 -1.5707963267948966 flow_9_3 0 5.0 2.0,6.0 -21.29199999999986 1.5707963267948966 flow_2_0 0 5.0 2.0,-264.0 -10.0 0.0 flow_8_4 0 5.0 2.0,264.0 2.0 3.141592653589793 flow_6_4 0 5.0 2.0,264.0 10.0 3.141592653589793 flow_10_4 0 5.0 2.0,2.0 -264.0 1.5707963267948966 flow_11_4 0 5.0 2.0,102.97499999999991 6.0 3.141592653589793 flow_1_2 0 5.0 2.0,-299.0 -10.0 0.0 flow_8_5 0 5.0 2.0,-21.29199999999986 -2.0 0.0 flow_5_0 0 5.0 2.0,186.325 10.0 3.141592653589793 flow_10_3 0 5.0 2.0,19.62499999999983 6.0 3.141592653589793 flow_1_1 0 5.0 2.0,-186.325 -10.0 0.0 flow_8_3 0 5.0 2.0,10.0 -299.0 1.5707963267948966 flow_4_5 0 5.0 2.0,-264.0 -6.0 0.0 flow_0_4 0 5.0 2.0,-2.0 21.29199999999986 -1.5707963267948966 flow_9_0 0 5.0 2.0,10.0 -102.97499999999991 1.5707963267948966 flow_4_2 0 5.0 2.0,2.0 -102.97499999999991 1.5707963267948966 flow_11_2 0 5.0 2.0,-6.0 264.0 -1.5707963267948966 flow_3_4 0 5.0 2.0,-10.0 102.97499999999991 -1.5707963267948966 flow_7_2 0 5.0 2.0,36.63004999999987 10.0 3.141592653589793 flow_10_1 0 5.0 2.0,-19.62499999999983 -6.0 0.0 flow_0_1 0 5.0 2.0,-33.90380486671046 -2.0 0.0 flow_5_1 0 5.0 2.0,102.97499999999991 2.0 3.141592653589793 flow_6_2 0 5.0 2.0,-36.63004999999987 -10.0 0.0 flow_8_1 0 5.0 2.0,-102.97499999999991 -6.0 0.0 flow_0_2 0 5.0 2.0,-6.0 186.325 -1.5707963267948966 flow_3_3 0 5.0 2.0,6.0 -299.0 1.5707963267948966 flow_2_5 0 5.0 2.0,37.12148220716519 -10.0 0.0 flow_4_0 0 5.0 2.0,-264.0 -2.0 0.0 flow_5_4 0 5.0 2.0,63.72500000000018 -10.0 0.0 flow_0_0 0 5.0 2.0,10.0 -186.325 1.5707963267948966 flow_4_3 0 5.0 2.0,-10.0 186.325 -1.5707963267948966 flow_7_3 0 5.0 2.0,-299.0 -2.0 0.0 flow_5_5 0 5.0 2.0,-10.0 -37.820878828660209 -1.5707963267948966 flow_8_0 0 5.0 2.0,-6.0 299.0 -1.5707963267948966 flow_3_5 0 5.0 2.0,6.0 -186.325 1.5707963267948966 flow_2_3 0 5.0 2.0,-10.0 36.63004999999987 -1.5707963267948966 flow_7_1 0 5.0 2.0,-6.0 102.97499999999991 -1.5707963267948966 flow_3_2 0 5.0 2.0,6.0 -264.0 1.5707963267948966 flow_2_4 0 5.0 2.0,6.0 -102.97499999999991 1.5707963267948966 flow_2_2 0 5.0 2.0,-2.0 33.90380486671046 -1.5707963267948966 flow_9_1 0 5.0 2.0,2.0 -186.325 1.5707963267948966 flow_11_3 0 5.0 2.0,21.29199999999986 2.0 3.141592653589793 flow_6_0 0 5.0 2.0,10.0 -264.0 1.5707963267948966 flow_4_4 0 5.0 2.0,;road_0_1_0 r g g,road_1_0_1 r r g,road_1_2_3 r r g,road_2_1_2 r g g,
-2.0 251.0 -1.5707963267948966 flow_9_4 0 5.0 2.0,-53.15417882866021 10.0 3.141592653589793 flow_7_0 0 5.0 2.0,-2.0 86.3049999999999 -1.5707963267948966 flow_9_2 0 5.0 2.0,296.0 10.0 3.141592653589793 flow_10_5 0 5.0 2.0,-80.39500000000018 6.0 3.141592653589793 flow_1_0 0 5.0 2.0,-86.3049999999999 -10.0 0.0 flow_8_2 0 5.0 2.0,2.0 -29.371014600131674 1.5707963267948966 flow_11_1 0 5.0 2.0,86.3049999999999 10.0 3.141592653589793 flow_10_2 0 5.0 2.0,-169.65499999999998 -6.0 0.0 flow_0_3 0 5.0 2.0,2.0 -296.0 1.5707963267948966 flow_11_5 0 5.0 2.0,-6.0 21.29199999999986 -1.5707963267948966 flow_3_0 0 5.0 2.0,296.0 6.0 3.141592653589793 flow_1_5 0 5.0 2.0,10.0 53.15417882866021 1.5707963267948966 flow_10_0 0 5.0 2.0,169.65499999999998 6.0 3.141592653589793 flow_1_3 0 5.0 2.0,-169.65499999999998 -2.0 0.0 flow_5_3 0 5.0 2.0,-86.3049999999999 -2.0 0.0 flow_5_2 0 5.0 2.0,-296.0 -6.0 0.0 flow_0_5 0 5.0 2.0,296.0 2.0 3.141592653589793 flow_6_5 0 5.0 2.0,-10.0 251.0 -1.5707963267948966 flow_7_4 0 5.0 2.0,-10.0 296.0 -1.5707963267948966 flow_7_5 0 5.0 2.0,10.0 -28.29674999999986 1.5707963267948966 flow_4_1 0 5.0 2.0,251.0 6.0 3.141592653589793 flow_1_4 0 5.0 2.0,-2.0 296.0 -1.5707963267948966 flow_9_5 0 5.0 2.0,29.371014600131674 2.0 3.141592653589793 flow_6_1 0 5.0 2.0,169.65499999999998 2.0 3.141592653589793 flow_6_3 0 5.0 2.0,-6.0 29.371014600131674 -1.5707963267948966 flow_3_1 0 5.0 2.0,6.0 -29.371014600131674 1.5707963267948966 flow_2_1 0 5.0 2.0,2.0 -21.29199999999986 1.5707963267948966 flow_11_0 0 5.0 2.0,-2.0 169.65499999999998 -1.5707963267948966 flow_9_3 0 5.0 2.0,6.0 -21.29199999999986 1.5707963267948966 flow_2_0 0 5.0 2.0,-251.0 -10.0 0.0 flow_8_4 0 5.0 2.0,251.0 2.0 3.141592653589793 flow_6_4 0 5.0 2.0,251.0 10.0 3.141592653589793 flow_10_4 0 5.0 2.0,2.0 -251.0 1.5707963267948966 flow_11_4 0 5.0 2.0,86.3049999999999 6.0 3.141592653589793 flow_1_2 0 5.0 2.0,-296.0 -10.0 0.0 flow_8_5 0 5.0 2.0,-21.29199999999986 -2.0 0.0 flow_5_0 0 5.0 2.0,169.65499999999998 10.0 3.141592653589793 flow_10_3 0 5.0 2.0,2.9549999999998279 6.0 3.141592653589793 flow_1_1 0 5.0 2.0,-169.65499999999998 -10.0 0.0 flow_8_3 0 5.0 2.0,10.0 -296.0 1.5707963267948966 flow_4_5 0 5.0 2.0,-251.0 -6.0 0.0 flow_0_4 0 5.0 2.0,-2.0 21.29199999999986 -1.5707963267948966 flow_9_0 0 5.0 2.0,10.0 -86.3049999999999 1.5707963267948966 flow_4_2 0 5.0 2.0,2.0 -86.3049999999999 1.5707963267948966 flow_11_2 0 5.0 2.0,-6.0 251.0 -1.5707963267948966 flow_3_4 0 5.0 2.0,-10.0 86.3049999999999 -1.5707963267948966 flow_7_2 0 5.0 2.0,28.29674999999986 10.0 3.141592653589793 flow_10_1 0 5.0 2.0,-2.9549999999998279 -6.0 0.0 flow_0_1 0 5.0 2.0,-29.371014600131674 -2.0 0.0 flow_5_1 0 5.0 2.0,86.3049999999999 2.0 3.141592653589793 flow_6_2 0 5.0 2.0,-28.29674999999986 -10.0 0.0 flow_8_1 0 5.0 2.0,-86.3049999999999 -6.0 0.0 flow_0_2 0 5.0 2.0,-6.0 169.65499999999998 -1.5707963267948966 flow_3_3 0 5.0 2.0,6.0 -296.0 1.5707963267948966 flow_2_5 0 5.0 2.0,50.39134579123922 -7.465461683504383 0.0 flow_4_0 -1 5.0 2.0,-251.0 -2.0 0.0 flow_5_4 0 5.0 2.0,80.39500000000018 -6.666 0.0 flow_0_0 -1 5.0 2.0,10.0 -169.65499999999998 1.5707963267948966 flow_4_3 0 5.0 2.0,-10.0 169.65499999999998 -1.5707963267948966 flow_7_3 0 5.0 2.0,-296.0 -2.0 0.0 flow_5_5 0 5.0 2.0,-10.0 -53.15417882866021 -1.5707963267948966 flow_8_0 0 5.0 2.0,-6.0 296.0 -1.5707963267948966 flow_3_5 0 5.0 2.0,6.0 -169.65499999999998 1.5707963267948966 flow_2_3 0 5.0 2.0,-10.0 28.29674999999986 -1.5707963267948966 flow_7_1 0 5.0 2.0,-6.0 86.3049999999999 -1.5707963267948966 flow_3_2 0 5.0 2.0,6.0 -251.0 1.5707963267948966 flow_2_4 0 5.0 2.0,6.0 -86.3049999999999 1.5707963267948966 flow_2_2 0 5.0 2.0,-2.0 29.371014600131674 -1.5707963267948966 flow_9_1 0 5.0 2.0,2.0 -169.65499999999998 1.5707963267948966 flow_11_3 0 5.0 2.0,21.29199999999986 2.0 3.141592653589793 flow_6_0 0 5.0 2.0,10.0 -251.0 1.5707963267948966 flow_4_4 0 5.0 2.0,;road_0_1_0 r g g,road_1_0_1 r r g,road_1_2_3 r r g,road_2_1_2 r g g,
-2.0 236.0 -1.5707963267948966 flow_9_4 0 5.0 2.0,-69.6558288286602 10.0 3.141592653589793 flow_7_0 0 5.0 2.0,-2.0 69.63499999999988 -1.5707963267948966 flow_9_2 0 5.0 2.0,291.0 10.0 3.141592653589793 flow_10_5 0 5.0 2.0,-97.0650000000002 6.0 3.141592653589793 flow_1_0 0 5.0 2.0,-69.63499999999988 -10.0 0.0 flow_8_2 0 5.0 2.0,2.0 -28.791999999999804 1.5707963267948966 flow_11_1 0 5.0 2.0,69.63499999999988 10.0 3.141592653589793 flow_10_2 0 5.0 2.0,-152.98499999999997 -6.0 0.0 flow_0_3 0 5.0 2.0,2.0 -291.0 1.5707963267948966 flow_11_5 0 5.0 2.0,-6.0 21.29199999999986 -1.5707963267948966 flow_3_0 0 5.0 2.0,291.0 6.0 3.141592653589793 flow_1_5 0 5.0 2.0,10.0 69.6558288286602 1.5707963267948966 flow_10_0 0 5.0 2.0,152.98499999999997 6.0 3.141592653589793 flow_1_3 0 5.0 2.0,-152.98499999999997 -2.0 0.0 flow_5_3 0 5.0 2.0,-69.63499999999988 -2.0 0.0 flow_5_2 0 5.0 2.0,-291.0 -6.0 0.0 flow_0_5 0 5.0 2.0,291.0 2.0 3.141592653589793 flow_6_5 0 5.0 2.0,-10.0 236.0 -1.5707963267948966 flow_7_4 0 5.0 2.0,-10.0 291.0 -1.5707963267948966 flow_7_5 0 5.0 2.0,10.001921025350646 -19.96350051833775 1.518213265183955 flow_4_1 0 5.0 2.0,236.0 6.0 3.141592653589793 flow_1_4 0 5.0 2.0,-2.0 291.0 -1.5707963267948966 flow_9_5 0 5.0 2.0,28.791999999999804 2.0 3.141592653589793 flow_6_1 0 5.0 2.0,152.98499999999997 2.0 3.141592653589793 flow_6_3 0 5.0 2.0,-6.0 28.791999999999804 -1.5707963267948966 flow_3_1 0 5.0 2.0,6.0 -28.791999999999804 1.5707963267948966 flow_2_1 0 5.0 2.0,2.0 -21.29199999999986 1.5707963267948966 flow_11_0 0 5.0 2.0,-2.0 152.98499999999997 -1.5707963267948966 flow_9_3 0 5.0 2.0,6.0 -21.29199999999986 1.5707963267948966 flow_2_0 0 5.0 2.0,-236.0 -10.0 0.0 flow_8_4 0 5.0 2.0,64.06403737371731 -6.0 0.0 flow_4_0 0 5.0 2.0,236.0 2.0 3.141592653589793 flow_6_4 0 5.0 2.0,236.0 10.0 3.141592653589793 flow_10_4 0 5.0 2.0,2.0 -236.0 1.5707963267948966 flow_11_4 0 5.0 2.0,69.63499999999988 6.0 3.141592653589793 flow_1_2 0 5.0 2.0,97.0650000000002 -6.0 0.0 flow_0_0 0 5.0 2.0,-291.0 -10.0 0.0 flow_8_5 0 5.0 2.0,-21.29199999999986 -2.0 0.0 flow_5_0 0 5.0 2.0,152.98499999999997 10.0 3.141592653589793 flow_10_3 0 5.0 2.0,-13.715000000000174 5.999999999999999 -3.141592653589793 flow_1_1 0 5.0 2.0,-152.98499999999997 -10.0 0.0 flow_8_3 0 5.0 2.0,10.0 -291.0 1.5707963267948966 flow_4_5 0 5.0 2.0,-236.0 -6.0 0.0 flow_0_4 0 5.0 2.0,-2.0 21.29199999999986 -1.5707963267948966 flow_9_0 0 5.0 2.0,10.0 -69.63499999999988 1.5707963267948966 flow_4_2 0 5.0 2.0,2.0 -69.63499999999988 1.5707963267948966 flow_11_2 0 5.0 2.0,-6.0 236.0 -1.5707963267948966 flow_3_4 0 5.0 2.0,-10.0 69.63499999999988 -1.5707963267948966 flow_7_2 0 5.0 2.0,19.96350051833775 10.001921025350646 3.0890095919788518 flow_10_1 0 5.0 2.0,13.715000000000174 -5.999999999999999 2.0947604238210499e-16 flow_0_1 0 5.0 2.0,-28.791999999999804 -2.0 0.0 flow_5_1 0 5.0 2.0,69.63499999999988 2.0 3.141592653589793 flow_6_2 0 5.0 2.0,-19.96350051833775 -10.001921025350646 -0.05258306161094157 flow_8_1 0 5.0 2.0,-69.63499999999988 -6.0 0.0 flow_0_2 0 5.0 2.0,-6.0 152.98499999999997 -1.5707963267948966 flow_3_3 0 5.0 2.0,6.0 -291.0 1.5707963267948966 flow_2_5 0 5.0 2.0,-236.0 -2.0 0.0 flow_5_4 0 5.0 2.0,10.0 -152.98499999999997 1.5707963267948966 flow_4_3 0 5.0 2.0,-10.0 152.98499999999997 -1.5707963267948966 flow_7_3 0 5.0 2.0,-291.0 -2.0 0.0 flow_5_5 0 5.0 2.0,-10.0 -69.6558288286602 -1.5707963267948966 flow_8_0 0 5.0 2.0,-6.0 291.0 -1.5707963267948966 flow_3_5 0 5.0 2.0,6.0 -152.98499999999997 1.5707963267948966 flow_2_3 0 5.0 2.0,-10.001921025350646 19.96350051833775 -1.6233793884058383 flow_7_1 0 5.0 2.0,-6.0 69.63499999999988 -1.5707963267948966 flow_3_2 0 5.0 2.0,6.0 -236.0 1.5707963267948966 flow_2_4 0 5.0 2.0,6.0 -69.63499999999988 1.5707963267948966 flow_2_2 0 5.0 2.0,-2.0 28.791999999999804 -1.5707963267948966 flow_9_1 0 5.0 2.0,2.0 -152.98499999999997 1.5707963267948966 flow_11_3 0 5.0 2.0,21.29199999999986 2.0 3.141592653589793 flow_6_0 0 5.0 2.0,10.0 -236.0 1.5707963267948966 flow_4_4 0 5.0 2.0,;road_0_1_0 r g g,road_1_0_1 r r g,road_1_2_3 r r g,road_2_1_2 r g g,
-2.0 219.665 -1.5707963267948966 flow_9_4 0 5.0 2.0,-86.3258288286602 10.0 3.141592653589793 flow_7_0 0 5.0 2.0,-2.0 54.839907713151948 -1.5707963267948966 flow_9_2 0 5.0 2.0,284.0 10.0 3.141592653589793 flow_10_5 0 5.0 2.0,-113.73500000000019 6.0 3.141592653589793 flow_1_0 0 5.0 2.0,-55.21499999999986 -10.0 0.0 flow_8_2 0 5.0 2.0,2.0 -28.791999999999804 1.5707963267948966 flow_11_1 0 5.0 2.0,55.21499999999986 10.0 3.141592653589793 flow_10_2 0 5.0 2.0,-136.31499999999995 -6.0 0.0 flow_0_3 0 5.0 2.0,2.0 -284.0 1.5707963267948966 flow_11_5 0 5.0 2.0,-6.0 21.29199999999986 -1.5707963267948966 flow_3_0 0 5.0 2.0,284.0 6.0 3.141592653589793 flow_1_5 0 5.0 2.0,10.0 86.3258288286602 1.5707963267948966 flow_10_0 0 5.0 2.0,136.31499999999995 6.0 3.141592653589793 flow_1_3 0 5.0 2.0,-136.31499999999995 -2.0 0.0 flow_5_3 0 5.0 2.0,-54.839907713151948 -2.0 0.0 flow_5_2 0 5.0 2.0,-284.0 -6.0 0.0 flow_0_5 0 5.0 2.0,284.0 2.0 3.141592653589793 flow_6_5 0 5.0 2.0,-10.0 219.665 -1.5707963267948966 flow_7_4 0 5.0 2.0,-10.0 284.0 -1.5707963267948966 flow_7_5 0 5.0 2.0,13.476783965535605 -11.700813119107233 0.6857295109062868 flow_4_1 0 5.0 2.0,219.665 6.0 3.141592653589793 flow_1_4 0 5.0 2.0,-2.0 284.0 -1.5707963267948966 flow_9_5 0 5.0 2.0,28.791999999999804 2.0 3.141592653589793 flow_6_1 0 5.0 2.0,136.31499999999995 2.0 3.141592653589793 flow_6_3 0 5.0 2.0,-6.0 28.791999999999804 -1.5707963267948966 flow_3_1 0 5.0 2.0,6.0 -28.791999999999804 1.5707963267948966 flow_2_1 0 5.0 2.0,2.0 -21.29199999999986 1.5707963267948966 flow_11_0 0 5.0 2.0,-2.0 136.31499999999995 -1.5707963267948966 flow_9_3 0 5.0 2.0,6.0 -21.29199999999986 1.5707963267948966 flow_2_0 0 5.0 2.0,-219.665 -10.0 0.0 flow_8_4 0 5.0 2.0,78.2385024225223 -8.735247703026385 0.0 flow_4_0 1 5.0 2.0,219.665 2.0 3.141592653589793 flow_6_4 0 5.0 2.0,219.665 10.0 3.141592653589793 flow_10_4 0 5.0 2.0,2.0 -219.665 1.5707963267948966 flow_11_4 0 5.0 2.0,52.96499999999986 6.0 3.141592653589793 flow_1_2 0 5.0 2.0,113.73500000000019 -9.334 0.0 flow_0_0 1 5.0 2.0,-284.0 -10.0 0.0 flow_8_5 0 5.0 2.0,-21.29199999999986 -2.0 0.0 flow_5_0 0 5.0 2.0,136.31499999999995 10.0 3.141592653589793 flow_10_3 0 5.0 2.0,-30.385000000000177 6.0 3.141592653589793 flow_1_1 0 5.0 2.0,-136.31499999999995 -10.0 0.0 flow_8_3 0 5.0 2.0,10.0 -284.0 1.5707963267948966 flow_4_5 0 5.0 2.0,-219.665 -6.0 0.0 flow_0_4 0 5.0 2.0,-2.0 21.29199999999986 -1.5707963267948966 flow_9_0 0 5.0 2.0,10.0 -55.21499999999986 1.5707963267948966 flow_4_2 0 5.0 2.0,2.0 -54.839907713151948 1.5707963267948966 flow_11_2 0 5.0 2.0,-6.0 219.665 -1.5707963267948966 flow_3_4 0 5.0 2.0,-10.0 55.21499999999986 -1.5707963267948966 flow_7_2 0 5.0 2.0,11.700813119107233 13.476783965535605 2.2565258377011836 flow_10_1 0 5.0 2.0,30.385000000000177 -6.0 0.0 flow_0_1 0 5.0 2.0,-28.791999999999804 -2.0 0.0 flow_5_1 0 5.0 2.0,54.839907713151948 2.0 3.141592653589793 flow_6_2 0 5.0 2.0,-11.700813119107233 -13.476783965535605 -0.8850668158886099 flow_8_1 0 5.0 2.0,-52.96499999999986 -6.0 0.0 flow_0_2 0 5.0 2.0,-6.0 136.31499999999995 -1.5707963267948966 flow_3_3 0 5.0 2.0,6.0 -284.0 1.5707963267948966 flow_2_5 0 5.0 2.0,-219.665 -2.0 0.0 flow_5_4 0 5.0 2.0,10.0 -136.31499999999995 1.5707963267948966 flow_4_3 0 5.0 2.0,-10.0 136.31499999999995 -1.5707963267948966 flow_7_3 0 5.0 2.0,-284.0 -2.0 0.0 flow_5_5 0 5.0 2.0,-10.0 -86.3258288286602 -1.5707963267948966 flow_8_0 0 5.0 2.0,-6.0 284.0 -1.5707963267948966 flow_3_5 0 5.0 2.0,6.0 -136.31499999999995 1.5707963267948966 flow_2_3 0 5.0 2.0,-13.476783965535605 11.700813119107233 -2.4558631426835069 flow_7_1 0 5.0 2.0,-6.0 54.839907713151948 -1.5707963267948966 flow_3_2 0 5.0 2.0,6.0 -219.665 1.5707963267948966 flow_2_4 0 5.0 2.0,6.0 -54.839907713151948 1.5707963267948966 flow_2_2 0 5.0 2.0,-2.0 28.791999999999804 -1.5707963267948966 flow_9_1 0 5.0 2.0,2.0 -136.31499999999995 1.5707963267948966 flow_11_3 0 5.0 2.0,21.29199999999986 2.0 3.141592653589793 flow_6_0 0 5.0 2.0,10.0 -219.665 1.5707963267948966 flow_4_4 0 5.0 2.0,;road_0_1_0 r g g,road_1_0_1 r r g,road_1_2_3 r r g,road_2_1_2 r g g,
-2.0 202.995 -1.5707963267948966 flow_9_4 0 5.0 2.0,-102.9958288286602 10.0 3.141592653589793 flow_7_0 0 5.0 2.0,-2.0 44.16972313945607 -1.5707963267948966 flow_9_2 0 5.0 2.0,275.0 10.0 3.141592653589793 flow_10_5 0 5.0 2.0,-130.4050000000002 6.0 3.141592653589793 flow_1_0 0 5.0 2.0,-44.96334999999985 -10.0 0.0 flow_8_2 0 5.0 2.0,2.0 -28.791999999999804 1.5707963267948966 flow_11_1 0 5.0 2.0,44.96334999999985 10.0 3.141592653589793 flow_10_2 0 5.0 2.0,-119.64499999999993 -6.0 0.0 flow_0_3 0 5.0 2.0,2.0 -275.0 1.5707963267948966 flow_11_5 0 5.0 2.0,-6.0 21.29199999999986 -1.5707963267948966 flow_3_0 0 5.0 2.0,275.0 6.0 3.141592653589793 flow_1_5 0 5.0 2.0,10.0 102.9958288286602 1.5707963267948966 flow_10_0 0 5.0 2.0,119.64499999999993 6.0 3.141592653589793 flow_1_3 0 5.0 2.0,-119.64499999999993 -2.0 0.0 flow_5_3 0 5.0 2.0,-44.16972313945607 -2.0 0.0 flow_5_2 0 5.0 2.0,-275.0 -6.0 0.0 flow_0_5 0 5.0 2.0,275.0 2.0 3.141592653589793 flow_6_5 0 5.0 2.0,92.73850544164488 -10.0 0.0 flow_4_0 0 5.0 2.0,-10.0 202.995 -1.5707963267948966 flow_7_4 0 5.0 2.0,-10.0 275.0 -1.5707963267948966 flow_7_5 0 5.0 2.0,24.487578828660206 -10.0 0.0 flow_4_1 0 5.0 2.0,202.995 6.0 3.141592653589793 flow_1_4 0 5.0 2.0,-2.0 275.0 -1.5707963267948966 flow_9_5 0 5.0 2.0,28.791999999999804 2.0 3.141592653589793 flow_6_1 0 5.0 2.0,119.64499999999993 2.0 3.141592653589793 flow_6_3 0 5.0 2.0,-6.0 28.791999999999804 -1.5707963267948966 flow_3_1 0 5.0 2.0,6.0 -28.791999999999804 1.5707963267948966 flow_2_1 0 5.0 2.0,2.0 -21.29199999999986 1.5707963267948966 flow_11_0 0 5.0 2.0,-2.0 119.64499999999993 -1.5707963267948966 flow_9_3 0 5.0 2.0,6.0 -21.29199999999986 1.5707963267948966 flow_2_0 0 5.0 2.0,-202.995 -10.0 0.0 flow_8_4 0 5.0 2.0,202.995 2.0 3.141592653589793 flow_6_4 0 5.0 2.0,202.995 10.0 3.141592653589793 flow_10_4 0 5.0 2.0,2.0 -202.995 1.5707963267948966 flow_11_4 0 5.0 2.0,36.294999999999848 6.0 3.141592653589793 flow_1_2 0 5.0 2.0,-275.0 -10.0 0.0 flow_8_5 0 5.0 2.0,-21.29199999999986 -2.0 0.0 flow_5_0 0 5.0 2.0,119.64499999999993 10.0 3.141592653589793 flow_10_3 0 5.0 2.0,-47.05500000000018 6.0 3.141592653589793 flow_1_1 0 5.0 2.0,-119.64499999999993 -10.0 0.0 flow_8_3 0 5.0 2.0,10.0 -275.0 1.5707963267948966 flow_4_5 0 5.0 2.0,-202.995 -6.0 0.0 flow_0_4 0 5.0 2.0,-2.0 21.29199999999986 -1.5707963267948966 flow_9_0 0 5.0 2.0,10.0 -44.96334999999985 1.5707963267948966 flow_4_2 0 5.0 2.0,2.0 -44.16972313945607 1.5707963267948966 flow_11_2 0 5.0 2.0,-6.0 202.995 -1.5707963267948966 flow_3_4 0 5.0 2.0,-10.0 44.96334999999985 -1.5707963267948966 flow_7_2 0 5.0 2.0,10.0 24.487578828660206 1.5707963267948966 flow_10_1 0 5.0 2.0,47.05500000000018 -2.6659999999999997 0.0 flow_0_1 -1 5.0 2.0,-28.791999999999804 -2.0 0.0 flow_5_1 0 5.0 2.0,44.16972313945607 2.0 3.141592653589793 flow_6_2 0 5.0 2.0,-10.0 -24.487578828660206 -1.5707963267948966 flow_8_1 0 5.0 2.0,-36.294999999999848 -6.0 0.0 flow_0_2 0 5.0 2.0,-6.0 119.64499999999993 -1.5707963267948966 flow_3_3 0 5.0 2.0,6.0 -275.0 1.5707963267948966 flow_2_5 0 5.0 2.0,-202.995 -2.0 0.0 flow_5_4 0 5.0 2.0,10.0 -119.64499999999993 1.5707963267948966 flow_4_3 0 5.0 2.0,-10.0 119.64499999999993 -1.5707963267948966 flow_7_3 0 5.0 2.0,-275.0 -2.0 0.0 flow_5_5 0 5.0 2.0,-10.0 -102.9958288286602 -1.5707963267948966 flow_8_0 0 5.0 2.0,-6.0 275.0 -1.5707963267948966 flow_3_5 0 5.0 2.0,6.0 -119.64499999999993 1.5707963267948966 flow_2_3 0 5.0 2.0,-24.487578828660206 10.0 3.141592653589793 flow_7_1 0 5.0 2.0,-6.0 44.16972313945607 -1.5707963267948966 flow_3_2 0 5.0 2.0,6.0 -202.995 1.5707963267948966 flow_2_4 0 5.0 2.0,130.4050000000002 -10.0 0.0 flow_0_0 0 5.0 2.0,6.0 -44.16972313945607 1.5707963267948966 flow_2_2 0 5.0 2.0,-2.0 28.791999999999804 -1.5707963267948966 flow_9_1 0 5.0 2.0,2.0 -119.64499999999993 1.5707963267948966 flow_11_3 0 5.0 2.0,21.29199999999986 2.0 3.141592653589793 flow_6_0 0 5.0 2.0,10.0 -202.995 1.5707963267948966 flow_4_4 0 5.0 2.0,;road_0_1_0 r g g,road_1_0_1 r r g,road_1_2_3 r r g,road_2_1_2 r g g,
-2.0 186.325 -1.5707963267948966 flow_9_4 0 5.0 2.0,-119.66582882866021 10.0 3.141592653589793 flow_7_0 0 5.0 2.0,-2.0 37.99953856576019 -1.5707963267948966 flow_9_2 0 5.0 2.0,264.0 10.0 3.141592653589793 flow_10_5 0 5.0 2.0,-147.0750000000002 6.0 3.141592653589793 flow_1_0 0 5.0 2.0,-2.0 299.0 -1.5707963267948966 flow_9_6 0 5.0 2.0,-36.63004999999987 -10.0 0.0 flow_8_2 0 5.0 2.0,2.0 -28.791999999999804 1.5707963267948966 flow_11_1 0 5.0 2.0,36.63004999999987 10.0 3.141592653589793 flow_10_2 0 5.0 2.0,-102.97499999999991 -6.0 0.0 flow_0_3 0 5.0 2.0,2.0 -264.0 1.5707963267948966 flow_11_5 0 5.0 2.0,-6.0 21.29199999999986 -1.5707963267948966 flow_3_0 0 5.0 2.0,264.0 6.0 3.141592653589793 flow_1_5 0 5.0 2.0,10.0 119.66582882866021 1.5707963267948966 flow_10_0 0 5.0 2.0,102.97499999999991 6.0 3.141592653589793 flow_1_3 0 5.0 2.0,-102.97499999999991 -2.0 0.0 flow_5_3 0 5.0 2.0,299.0 2.0 3.141592653589793 flow_6_6 0 5.0 2.0,2.0 -299.0 1.5707963267948966 flow_11_6 0 5.0 2.0,-37.99953856576019 -2.0 0.0 flow_5_2 0 5.0 2.0,-264.0 -6.0 0.0 flow_0_5 0 5.0 2.0,264.0 2.0 3.141592653589793 flow_6_5 0 5.0 2.0,107.53939316721265 -7.144398414395539 0.0 flow_4_0 -1 5.0 2.0,-10.0 186.325 -1.5707963267948966 flow_7_4 0 5.0 2.0,-299.0 -2.0 0.0 flow_5_6 0 5.0 2.0,-10.0 264.0 -1.5707963267948966 flow_7_5 0 5.0 2.0,37.820878828660209 -10.0 0.0 flow_4_1 0 5.0 2.0,186.325 6.0 3.141592653589793 flow_1_4 0 5.0 2.0,-2.0 264.0 -1.5707963267948966 flow_9_5 0 5.0 2.0,28.791999999999804 2.0 3.141592653589793 flow_6_1 0 5.0 2.0,102.97499999999991 2.0 3.141592653589793 flow_6_3 0 5.0 2.0,-6.0 28.791999999999804 -1.5707963267948966 flow_3_1 0 5.0 2.0,6.0 -28.791999999999804 1.5707963267948966 flow_2_1 0 5.0 2.0,2.0 -21.29199999999986 1.5707963267948966 flow_11_0 0 5.0 2.0,-2.0 102.97499999999991 -1.5707963267948966 flow_9_3 0 5.0 2.0,6.0 -21.29199999999986 1.5707963267948966 flow_2_0 0 5.0 2.0,-186.325 -10.0 0.0 flow_8_4 0 5.0 2.0,-6.0 299.0 -1.5707963267948966 flow_3_6 0 5.0 2.0,186.325 2.0 3.141592653589793 flow_6_4 0 5.0 2.0,186.325 10.0 3.141592653589793 flow_10_4 0 5.0 2.0,2.0 -186.325 1.5707963267948966 flow_11_4 0 5.0 2.0,19.62499999999983 6.0 3.141592653589793 flow_1_2 0 5.0 2.0,-10.0 299.0 -1.5707963267948966 flow_7_6 0 5.0 2.0,-264.0 -10.0 0.0 flow_8_5 0 5.0 2.0,-21.29199999999986 -2.0 0.0 flow_5_0 0 5.0 2.0,102.97499999999991 10.0 3.141592653589793 flow_10_3 0 5.0 2.0,-299.0 -6.0 0.0 flow_0_6 0 5.0 2.0,-63.72500000000018 6.0 3.141592653589793 flow_1_1 0 5.0 2.0,-102.97499999999991 -10.0 0.0 flow_8_3 0 5.0 2.0,10.0 -264.0 1.5707963267948966 flow_4_5 0 5.0 2.0,-186.325 -6.0 0.0 flow_0_4 0 5.0 2.0,-2.0 21.29199999999986 -1.5707963267948966 flow_9_0 0 5.0 2.0,10.0 -36.63004999999987 1.5707963267948966 flow_4_2 0 5.0 2.0,2.0 -37.99953856576019 1.5707963267948966 flow_11_2 0 5.0 2.0,-6.0 186.325 -1.5707963267948966 flow_3_4 0 5.0 2.0,-10.0 36.63004999999987 -1.5707963267948966 flow_7_2 0 5.0 2.0,7.1333400000000009 37.820878828660209 1.5707963267948966 flow_10_1 -1 5.0 2.0,-28.791999999999804 -2.0 0.0 flow_5_1 0 5.0 2.0,37.99953856576019 2.0 3.141592653589793 flow_6_2 0 5.0 2.0,-7.1333400000000009 -37.820878828660209 -1.5707963267948966 flow_8_1 -1 5.0 2.0,-19.62499999999983 -6.0 0.0 flow_0_2 0 5.0 2.0,-6.0 102.97499999999991 -1.5707963267948966 flow_3_3 0 5.0 2.0,6.0 -264.0 1.5707963267948966 flow_2_5 0 5.0 2.0,299.0 6.0 3.141592653589793 flow_1_6 0 5.0 2.0,10.0 -299.0 1.5707963267948966 flow_4_6 0 5.0 2.0,-186.325 -2.0 0.0 flow_5_4 0 5.0 2.0,10.0 -102.97499999999991 1.5707963267948966 flow_4_3 0 5.0 2.0,-10.0 102.97499999999991 -1.5707963267948966 flow_7_3 0 5.0 2.0,-264.0 -2.0 0.0 flow_5_5 0 5.0 2.0,-10.0 -119.66582882866021 -1.5707963267948966 flow_8_0 0 5.0 2.0,-299.0 -10.0 0.0 flow_8_6 0 5.0 2.0,-6.0 264.0 -1.5707963267948966 flow_3_5 0 5.0 2.0,6.0 -299.0 1.5707963267948966 flow_2_6 0 5.0 2.0,6.0 -102.97499999999991 1.5707963267948966 flow_2_3 0 5.0 2.0,-37.820878828660209 10.0 3.141592653589793 flow_7_1 0 5.0 2.0,-6.0 37.99953856576019 -1.5707963267948966 flow_3_2 0 5.0 2.0,6.0 -186.325 1.5707963267948966 flow_2_4 0 5.0 2.0,147.0750000000002 -6.666 0.0 flow_0_0 -1 5.0 2.0,63.72500000000018 -2.0 0.0 flow_0_1 0 5.0 2.0,6.0 -37.99953856576019 1.5707963267948966 flow_2_2 0 5.0 2.0,-2.0 28.791999999999804 -1.5707963267948966 flow_9_1 0 5.0 2.0,2.0 -102.97499999999991 1.5707963267948966 flow_11_3 0 5.0 2.0,299.0 10.0 3.141592653589793 flow_10_6 0 5.0 2.0,21.29199999999986 2.0 3.141592653589793 flow_6_0 0 5.0 2.0,10.0 -186.325 1.5707963267948966 flow_4_4 0 5.0 2.0,;road_0_1_0 r g g,road_1_0_1 r r g,road_1_2_3 r r g,road_2_1_2 r g g,
-2.0 169.65499999999998 -1.5707963267948966 flow_9_4 0 5.0 2.0,-136.33582882866024 10.0 3.141592653589793 flow_7_0 0 5.0 2.0,-2.0 36.2919999999998 -1.5707963267948966 flow_9_2 0 5.0 2.0,251.0 10.0 3.141592653589793 flow_10_5 0 5.0 2.0,-163.74500000000018 6.0 3.141592653589793 flow_1_0 0 5.0 2.0,-2.0 296.0 -1.5707963267948966 flow_9_6 0 5.0 2.0,-28.29674999999986 -10.0 0.0 flow_8_2 0 5.0 2.0,2.0 -28.791999999999804 1.5707963267948966 flow_11_1 0 5.0 2.0,6.0 53.15417882866021 1.5707963267948966 flow_10_1 0 5.0 2.0,28.29674999999986 10.0 3.141592653589793 flow_10_2 0 5.0 2.0,-86.3049999999999 -6.0 0.0 flow_0_3 0 5.0 2.0,2.0 -251.0 1.5707963267948966 flow_11_5 0 5.0 2.0,-6.0 21.29199999999986 -1.5707963267948966 flow_3_0 0 5.0 2.0,251.0 6.0 3.141592653589793 flow_1_5 0 5.0 2.0,10.0 136.33582882866024 1.5707963267948966 flow_10_0 0 5.0 2.0,86.3049999999999 6.0 3.141592653589793 flow_1_3 0 5.0 2.0,-86.3049999999999 -2.0 0.0 flow_5_3 0 5.0 2.0,296.0 2.0 3.141592653589793 flow_6_6 0 5.0 2.0,2.0 -296.0 1.5707963267948966 flow_11_6 0 5.0 2.0,-36.2919999999998 -2.0 0.0 flow_5_2 0 5.0 2.0,-251.0 -6.0 0.0 flow_0_5 0 5.0 2.0,251.0 2.0 3.141592653589793 flow_6_5 0 5.0 2.0,-10.0 169.65499999999998 -1.5707963267948966 flow_7_4 0 5.0 2.0,-296.0 -2.0 0.0 flow_5_6 0 5.0 2.0,-10.0 251.0 -1.5707963267948966 flow_7_5 0 5.0 2.0,53.15417882866021 -10.0 0.0 flow_4_1 0 5.0 2.0,169.65499999999998 6.0 3.141592653589793 flow_1_4 0 5.0 2.0,163.74500000000018 -6.0 0.0 flow_0_0 0 5.0 2.0,-2.0 251.0 -1.5707963267948966 flow_9_5 0 5.0 2.0,28.791999999999804 2.0 3.141592653589793 flow_6_1 0 5.0 2.0,86.3049999999999 2.0 3.141592653589793 flow_6_3 0 5.0 2.0,-6.0 28.791999999999804 -1.5707963267948966 flow_3_1 0 5.0 2.0,6.0 -28.791999999999804 1.5707963267948966 flow_2_1 0 5.0 2.0,2.0 -21.29199999999986 1.5707963267948966 flow_11_0 0 5.0 2.0,-2.0 86.3049999999999 -1.5707963267948966 flow_9_3 0 5.0 2.0,6.0 -21.29199999999986 1.5707963267948966 flow_2_0 0 5.0 2.0,-169.65499999999998 -10.0 0.0 flow_8_4 0 5.0 2.0,-6.0 296.0 -1.5707963267948966 flow_3_6 0 5.0 2.0,169.65499999999998 2.0 3.141592653589793 flow_6_4 0 5.0 2.0,169.65499999999998 10.0 3.141592653589793 flow_10_4 0 5.0 2.0,2.0 -169.65499999999998 1.5707963267948966 flow_11_4 0 5.0 2.0,2.9549999999998279 6.0 3.141592653589793 flow_1_2 0 5.0 2.0,-10.0 296.0 -1.5707963267948966 flow_7_6 0 5.0 2.0,-251.0 -10.0 0.0 flow_8_5 0 5.0 2.0,-21.29199999999986 -2.0 0.0 flow_5_0 0 5.0 2.0,86.3049999999999 10.0 3.141592653589793 flow_10_3 0 5.0 2.0,-296.0 -6.0 0.0 flow_0_6 0 5.0 2.0,-80.39500000000018 6.0 3.141592653589793 flow_1_1 0 5.0 2.0,-86.3049999999999 -10.0 0.0 flow_8_3 0 5.0 2.0,10.0 -251.0 1.5707963267948966 flow_4_5 0 5.0 2.0,-169.65499999999998 -6.0 0.0 flow_0_4 0 5.0 2.0,-2.0 21.29199999999986 -1.5707963267948966 flow_9_0 0 5.0 2.0,10.0 -28.29674999999986 1.5707963267948966 flow_4_2 0 5.0 2.0,2.0 -36.2919999999998 1.5707963267948966 flow_11_2 0 5.0 2.0,-6.0 169.65499999999998 -1.5707963267948966 flow_3_4 0 5.0 2.0,-10.0 28.29674999999986 -1.5707963267948966 flow_7_2 0 5.0 2.0,-28.791999999999804 -2.0 0.0 flow_5_1 0 5.0 2.0,36.2919999999998 2.0 3.141592653589793 flow_6_2 0 5.0 2.0,-2.9549999999998279 -6.0 0.0 flow_0_2 0 5.0 2.0,-6.0 86.3049999999999 -1.5707963267948966 flow_3_3 0 5.0 2.0,6.0 -251.0 1.5707963267948966 flow_2_5 0 5.0 2.0,-6.0 -53.15417882866021 -1.5707963267948966 flow_8_1 0 5.0 2.0,296.0 6.0 3.141592653589793 flow_1_6 0 5.0 2.0,10.0 -296.0 1.5707963267948966 flow_4_6 0 5.0 2.0,-169.65499999999998 -2.0 0.0 flow_5_4 0 5.0 2.0,10.0 -86.3049999999999 1.5707963267948966 flow_4_3 0 5.0 2.0,-10.0 86.3049999999999 -1.5707963267948966 flow_7_3 0 5.0 2.0,-251.0 -2.0 0.0 flow_5_5 0 5.0 2.0,122.57641374744367 -6.0 0.0 flow_4_0 0 5.0 2.0,-10.0 -136.33582882866024 -1.5707963267948966 flow_8_0 0 5.0 2.0,-296.0 -10.0 0.0 flow_8_6 0 5.0 2.0,-6.0 251.0 -1.5707963267948966 flow_3_5 0 5.0 2.0,6.0 -296.0 1.5707963267948966 flow_2_6 0 5.0 2.0,6.0 -86.3049999999999 1.5707963267948966 flow_2_3 0 5.0 2.0,-53.15417882866021 10.0 3.141592653589793 flow_7_1 0 5.0 2.0,-6.0 36.2919999999998 -1.5707963267948966 flow_3_2 0 5.0 2.0,6.0 -169.65499999999998 1.5707963267948966 flow_2_4 0 5.0 2.0,80.39500000000018 -2.0 0.0 flow_0_1 0 5.0 2.0,6.0 -36.2919999999998 1.5707963267948966 flow_2_2 0 5.0 2.0,-2.0 28.791999999999804 -1.5707963267948966 flow_9_1 0 5.0 2.0,2.0 -86.3049999999999 1.5707963267948966 flow_11_3 0 5.0 2.0,296.0 10.0 3.141592653589793 flow_10_6 0 5.0 2.0,21.29199999999986 2.0 3.141592653589793 flow_6_0 0 5.0 2.0,10.0 -169.65499999999998 1.5707963267948966 flow_4_4 0 5.0 2.0,;road_0_1_0 r g g,road_1_0_1 r r g,road_1_2_3 r r g,road_2_1_2 r g g,
-2.0 152.98499999999997 -1.5707963267948966 flow_9_4 0 5.0 2.0,-153.0058288286602 10.0 3.141592653589793 flow_7_0 0 5.0 2.0,-2.0 36.2919999999998 -1.5707963267948966 flow_9_2 0 5.0 2.0,236.0 10.0 3.141592653589793 flow_10_5 0 5.0 2.0,-180.4150000000002 6.0 3.141592653589793 flow_1_0 0 5.0 2.0,-2.0 291.0 -1.5707963267948966 flow_9_6 0 5.0 2.0,-19.96350051833775 -10.001921025350646 -0.05258306161094157 flow_8_2 0 5.0 2.0,2.0 -28.791999999999804 1.5707963267948966 flow_11_1 0 5.0 2.0,2.6659999999999997 69.6558288286602 1.5707963267948966 flow_10_1 -1 5.0 2.0,19.96350051833775 10.001921025350646 3.0890095919788518 flow_10_2 0 5.0 2.0,-69.63499999999988 -6.0 0.0 flow_0_3 0 5.0 2.0,2.0 -236.0 1.5707963267948966 flow_11_5 0 5.0 2.0,-6.0 21.29199999999986 -1.5707963267948966 flow_3_0 0 5.0 2.0,236.0 6.0 3.141592653589793 flow_1_5 0 5.0 2.0,10.0 153.0058288286602 1.5707963267948966 flow_10_0 0 5.0 2.0,69.63499999999988 6.0 3.141592653589793 flow_1_3 0 5.0 2.0,-70.25383915992916 -2.0 0.0 flow_5_3 0 5.0 2.0,291.0 2.0 3.141592653589793 flow_6_6 0 5.0 2.0,2.0 -291.0 1.5707963267948966 flow_11_6 0 5.0 2.0,-36.2919999999998 -2.0 0.0 flow_5_2 0 5.0 2.0,-236.0 -6.0 0.0 flow_0_5 0 5.0 2.0,236.0 2.0 3.141592653589793 flow_6_5 0 5.0 2.0,-10.0 152.98499999999997 -1.5707963267948966 flow_7_4 0 5.0 2.0,-291.0 -2.0 0.0 flow_5_6 0 5.0 2.0,-10.0 236.0 -1.5707963267948966 flow_7_5 0 5.0 2.0,69.6558288286602 -10.0 0.0 flow_4_1 0 5.0 2.0,152.98499999999997 6.0 3.141592653589793 flow_1_4 0 5.0 2.0,180.4150000000002 -9.334 0.0 flow_0_0 1 5.0 2.0,-2.0 236.0 -1.5707963267948966 flow_9_5 0 5.0 2.0,28.791999999999804 2.0 3.141592653589793 flow_6_1 0 5.0 2.0,70.25383915992916 2.0 3.141592653589793 flow_6_3 0 5.0 2.0,-6.0 28.791999999999804 -1.5707963267948966 flow_3_1 0 5.0 2.0,6.0 -28.791999999999804 1.5707963267948966 flow_2_1 0 5.0 2.0,2.0 -21.29199999999986 1.5707963267948966 flow_11_0 0 5.0 2.0,-2.0 70.25383915992916 -1.5707963267948966 flow_9_3 0 5.0 2.0,6.0 -21.29199999999986 1.5707963267948966 flow_2_0 0 5.0 2.0,-152.98499999999997 -10.0 0.0 flow_8_4 0 5.0 2.0,-6.0 291.0 -1.5707963267948966 flow_3_6 0 5.0 2.0,152.98499999999997 2.0 3.141592653589793 flow_6_4 0 5.0 2.0,152.98499999999997 10.0 3.141592653589793 flow_10_4 0 5.0 2.0,2.0 -152.98499999999997 1.5707963267948966 flow_11_4 0 5.0 2.0,-13.715000000000174 5.999999999999999 -3.141592653589793 flow_1_2 0 5.0 2.0,-10.0 291.0 -1.5707963267948966 flow_7_6 0 5.0 2.0,-236.0 -10.0 0.0 flow_8_5 0 5.0 2.0,-21.29199999999986 -2.0 0.0 flow_5_0 0 5.0 2.0,69.63499999999988 10.0 3.141592653589793 flow_10_3 0 5.0 2.0,-291.0 -6.0 0.0 flow_0_6 0 5.0 2.0,-97.0650000000002 6.0 3.141592653589793 flow_1_1 0 5.0 2.0,-69.63499999999988 -10.0 0.0 flow_8_3 0 5.0 2.0,10.0 -236.0 1.5707963267948966 flow_4_5 0 5.0 2.0,-152.98499999999997 -6.0 0.0 flow_0_4 0 5.0 2.0,-2.0 21.29199999999986 -1.5707963267948966 flow_9_0 0 5.0 2.0,10.001921025350646 -19.96350051833775 1.518213265183955 flow_4_2 0 5.0 2.0,2.0 -36.2919999999998 1.5707963267948966 flow_11_2 0 5.0 2.0,-6.0 152.98499999999997 -1.5707963267948966 flow_3_4 0 5.0 2.0,-10.001921025350646 19.96350051833775 -1.6233793884058383 flow_7_2 0 5.0 2.0,-28.791999999999804 -2.0 0.0 flow_5_1 0 5.0 2.0,36.2919999999998 2.0 3.141592653589793 flow_6_2 0 5.0 2.0,13.715000000000174 -5.999999999999999 2.0947604238210499e-16 flow_0_2 0 5.0 2.0,-6.0 70.25383915992916 -1.5707963267948966 flow_3_3 0 5.0 2.0,6.0 -236.0 1.5707963267948966 flow_2_5 0 5.0 2.0,-2.6659999999999997 -69.6558288286602 -1.5707963267948966 flow_8_1 -1 5.0 2.0,291.0 6.0 3.141592653589793 flow_1_6 0 5.0 2.0,10.0 -291.0 1.5707963267948966 flow_4_6 0 5.0 2.0,-152.98499999999997 -2.0 0.0 flow_5_4 0 5.0 2.0,10.0 -69.63499999999988 1.5707963267948966 flow_4_3 0 5.0 2.0,-10.0 69.63499999999988 -1.5707963267948966 flow_7_3 0 5.0 2.0,-236.0 -2.0 0.0 flow_5_5 0 5.0 2.0,138.80943036366356 -9.334 0.0 flow_4_0 1 5.0 2.0,-10.0 -153.0058288286602 -1.5707963267948966 flow_8_0 0 5.0 2.0,-291.0 -10.0 0.0 flow_8_6 0 5.0 2.0,-6.0 236.0 -1.5707963267948966 flow_3_5 0 5.0 2.0,6.0 -291.0 1.5707963267948966 flow_2_6 0 5.0 2.0,6.0 -70.25383915992916 1.5707963267948966 flow_2_3 0 5.0 2.0,-69.6558288286602 10.0 3.141592653589793 flow_7_1 0 5.0 2.0,-6.0 36.2919999999998 -1.5707963267948966 flow_3_2 0 5.0 2.0,6.0 -152.98499999999997 1.5707963267948966 flow_2_4 0 5.0 2.0,97.0650000000002 -2.0 0.0 flow_0_1 0 5.0 2.0,6.0 -36.2919999999998 1.5707963267948966 flow_2_2 0 5.0 2.0,-2.0 28.791999999999804 -1.5707963267948966 flow_9_1 0 5.0 2.0,2.0 -70.25383915992916 1.5707963267948966 flow_11_3 0 5.0 2.0,291.0 10.0 3.141592653589793 flow_10_6 0 5.0 2.0,21.29199999999986 2.0 3.141592653589793 flow_6_0 0 5.0 2.0,10.0 -152.98499999999997 1.5707963267948966 flow_4_4 0 5.0 2.0,;road_0_1_0 r g g,road_1_0_1 r r g,road_1_2_3 r r g,road_2_1_2 r g g,
-2.0 136.31499999999995 -1.5707963267948966 flow_9_4 0 5.0 2.0,-169.6758288286602 10.0 3.141592653589793 flow_7_0 0 5.0 2.0,-2.0 36.2919999999998 -1.5707963267948966 flow_9_2 0 5.0 2.0,219.665 10.0 3.141592653589793 flow_10_5 0 5.0 2.0,-197.0850000000002 6.0 3.141592653589793 flow_1_0 0 5.0 2.0,-2.0 284.0 -1.5707963267948966 flow_9_6 0 5.0 2.0,-11.700813119107233 -13.476783965535605 -0.8850668158886099 flow_8_2 0 5.0 2.0,2.0 -28.791999999999804 1.5707963267948966 flow_11_1 0 5.0 2.0,11.700813119107233 13.476783965535605 2.2565258377011836 flow_10_2 0 5.0 2.0,-52.96499999999986 -6.0 0.0 flow_0_3 0 5.0 2.0,2.0 -219.665 1.5707963267948966 flow_11_5 0 5.0 2.0,-6.0 21.29199999999986 -1.5707963267948966 flow_3_0 0 5.0 2.0,219.665 6.0 3.141592653589793 flow_1_5 0 5.0 2.0,10.0 169.6758288286602 1.5707963267948966 flow_10_0 0 5.0 2.0,52.96499999999986 6.0 3.141592653589793 flow_1_3 0 5.0 2.0,-57.0715174797877 -2.0 0.0 flow_5_3 0 5.0 2.0,284.0 2.0 3.141592653589793 flow_6_6 0 5.0 2.0,2.0 -284.0 1.5707963267948966 flow_11_6 0 5.0 2.0,-36.2919999999998 -2.0 0.0 flow_5_2 0 5.0 2.0,-219.665 -6.0 0.0 flow_0_5 0 5.0 2.0,219.665 2.0 3.141592653589793 flow_6_5 0 5.0 2.0,-10.0 136.31499999999995 -1.5707963267948966 flow_7_4 0 5.0 2.0,-284.0 -2.0 0.0 flow_5_6 0 5.0 2.0,-10.0 219.665 -1.5707963267948966 flow_7_5 0 5.0 2.0,86.3258288286602 -10.0 0.0 flow_4_1 0 5.0 2.0,136.31499999999995 6.0 3.141592653589793 flow_1_4 0 5.0 2.0,-2.0 219.665 -1.5707963267948966 flow_9_5 0 5.0 2.0,28.791999999999804 2.0 3.141592653589793 flow_6_1 0 5.0 2.0,57.0715174797877 2.0 3.141592653589793 flow_6_3 0 5.0 2.0,-6.0 28.791999999999804 -1.5707963267948966 flow_3_1 0 5.0 2.0,6.0 -28.791999999999804 1.5707963267948966 flow_2_1 0 5.0 2.0,2.0 -21.29199999999986 1.5707963267948966 flow_11_0 0 5.0 2.0,-2.0 57.0715174797877 -1.5707963267948966 flow_9_3 0 5.0 2.0,6.0 -21.29199999999986 1.5707963267948966 flow_2_0 0 5.0 2.0,-136.31499999999995 -10.0 0.0 flow_8_4 0 5.0 2.0,155.47943036366355 -10.0 0.0 flow_4_0 0 5.0 2.0,-6.0 284.0 -1.5707963267948966 flow_3_6 0 5.0 2.0,136.31499999999995 2.0 3.141592653589793 flow_6_4 0 5.0 2.0,136.31499999999995 10.0 3.141592653589793 flow_10_4 0 5.0 2.0,2.0 -136.31499999999995 1.5707963267948966 flow_11_4 0 5.0 2.0,-30.385000000000177 6.0 3.141592653589793 flow_1_2 0 5.0 2.0,-10.0 284.0 -1.5707963267948966 flow_7_6 0 5.0 2.0,-219.665 -10.0 0.0 flow_8_5 0 5.0 2.0,-21.29199999999986 -2.0 0.0 flow_5_0 0 5.0 2.0,55.21499999999986 10.0 3.141592653589793 flow_10_3 0 5.0 2.0,-284.0 -6.0 0.0 flow_0_6 0 5.0 2.0,-113.73500000000019 6.0 3.141592653589793 flow_1_1 0 5.0 2.0,-55.21499999999986 -10.0 0.0 flow_8_3 0 5.0 2.0,10.0 -219.665 1.5707963267948966 flow_4_5 0 5.0 2.0,-136.31499999999995 -6.0 0.0 flow_0_4 0 5.0 2.0,-2.0 21.29199999999986 -1.5707963267948966 flow_9_0 0 5.0 2.0,13.476783965535605 -11.700813119107233 0.6857295109062868 flow_4_2 0 5.0 2.0,2.0 -36.2919999999998 1.5707963267948966 flow_11_2 0 5.0 2.0,2.0 86.3258288286602 1.5707963267948966 flow_10_1 0 5.0 2.0,-6.0 136.31499999999995 -1.5707963267948966 flow_3_4 0 5.0 2.0,-13.476783965535605 11.700813119107233 -2.4558631426835069 flow_7_2 0 5.0 2.0,-2.0 -86.3258288286602 -1.5707963267948966 flow_8_1 0 5.0 2.0,-28.791999999999804 -2.0 0.0 flow_5_1 0 5.0 2.0,36.2919999999998 2.0 3.141592653589793 flow_6_2 0 5.0 2.0,30.385000000000177 -6.0 0.0 flow_0_2 0 5.0 2.0,-6.0 57.0715174797877 -1.5707963267948966 flow_3_3 0 5.0 2.0,6.0 -219.665 1.5707963267948966 flow_2_5 0 5.0 2.0,284.0 6.0 3.141592653589793 flow_1_6 0 5.0 2.0,10.0 -284.0 1.5707963267948966 flow_4_6 0 5.0 2.0,-136.31499999999995 -2.0 0.0 flow_5_4 0 5.0 2.0,10.0 -55.21499999999986 1.5707963267948966 flow_4_3 0 5.0 2.0,-10.0 55.21499999999986 -1.5707963267948966 flow_7_3 0 5.0 2.0,-219.665 -2.0 0.0 flow_5_5 0 5.0 2.0,-10.0 -169.6758288286602 -1.5707963267948966 flow_8_0 0 5.0 2.0,-284.0 -10.0 0.0 flow_8_6 0 5.0 2.0,-6.0 219.665 -1.5707963267948966 flow_3_5 0 5.0 2.0,6.0 -284.0 1.5707963267948966 flow_2_6 0 5.0 2.0,6.0 -57.0715174797877 1.5707963267948966 flow_2_3 0 5.0 2.0,-86.3258288286602 10.0 3.141592653589793 flow_7_1 0 5.0 2.0,197.0850000000002 -10.0 0.0 flow_0_0 0 5.0 2.0,-6.0 36.2919999999998 -1.5707963267948966 flow_3_2 0 5.0 2.0,6.0 -136.31499999999995 1.5707963267948966 flow_2_4 0 5.0 2.0,113.73500000000019 -2.0 0.0 flow_0_1 0 5.0 2.0,6.0 -36.2919999999998 1.5707963267948966 flow_2_2 0 5.0 2.0,-2.0 28.791999999999804 -1.5707963267948966 flow_9_1 0 5.0 2.0,2.0 -57.0715174797877 1.5707963267948966 flow_11_3 0 5.0 2.0,284.0 10.0 3.141592653589793 flow_10_6 0 5.0 2.0,21.29199999999986 2.0 3.141592653589793 flow_6_0 0 5.0 2.0,10.0 -136.31499999999995 1.5707963267948966 flow_4_4 0 5.0 2.0,;road_0_1_0 r g g,road_1_0_1 r r g,road_1_2_3 r r g,road_2_1_2 r g g,
-2.0 119.64499999999993 -1.5707963267948966 flow_9_4 0 5.0 2.0,-186.34582882866023 10.0 3.141592653589793 flow_7_0 0 5.0 2.0,-2.0 36.2919999999998 -1.5707963267948966 flow_9_2 0 5.0 2.0,202.995 10.0 3.141592653589793 flow_10_5 0 5.0 2.0,-213.75500000000023 6.0 3.141592653589793 flow_1_0 0 5.0 2.0,-2.0 275.0 -1.5707963267948966 flow_9_6 0 5.0 2.0,-10.0 -24.487578828660206 -1.5707963267948966 flow_8_2 0 5.0 2.0,2.0 -28.791999999999804 1.5707963267948966 flow_11_1 0 5.0 2.0,10.0 24.487578828660206 1.5707963267948966 flow_10_2 0 5.0 2.0,-36.294999999999848 -6.0 0.0 flow_0_3 0 5.0 2.0,2.0 -202.995 1.5707963267948966 flow_11_5 0 5.0 2.0,-6.0 21.29199999999986 -1.5707963267948966 flow_3_0 0 5.0 2.0,202.995 6.0 3.141592653589793 flow_1_5 0 5.0 2.0,10.0 186.34582882866023 1.5707963267948966 flow_10_0 0 5.0 2.0,36.294999999999848 6.0 3.141592653589793 flow_1_3 0 5.0 2.0,-48.389195799646248 -2.0 0.0 flow_5_3 0 5.0 2.0,275.0 2.0 3.141592653589793 flow_6_6 0 5.0 2.0,2.0 -275.0 1.5707963267948966 flow_11_6 0 5.0 2.0,-36.2919999999998 -2.0 0.0 flow_5_2 0 5.0 2.0,-202.995 -6.0 0.0 flow_0_5 0 5.0 2.0,202.995 2.0 3.141592653589793 flow_6_5 0 5.0 2.0,-10.0 119.64499999999993 -1.5707963267948966 flow_7_4 0 5.0 2.0,-275.0 -2.0 0.0 flow_5_6 0 5.0 2.0,-10.0 202.995 -1.5707963267948966 flow_7_5 0 5.0 2.0,100.74582882866021 -7.565999999999999 0.0 flow_4_1 -1 5.0 2.0,119.64499999999993 6.0 3.141592653589793 flow_1_4 0 5.0 2.0,-2.0 202.995 -1.5707963267948966 flow_9_5 0 5.0 2.0,28.791999999999804 2.0 3.141592653589793 flow_6_1 0 5.0 2.0,48.389195799646248 2.0 3.141592653589793 flow_6_3 0 5.0 2.0,-6.0 28.791999999999804 -1.5707963267948966 flow_3_1 0 5.0 2.0,6.0 -28.791999999999804 1.5707963267948966 flow_2_1 0 5.0 2.0,2.0 -21.29199999999986 1.5707963267948966 flow_11_0 0 5.0 2.0,-2.0 48.389195799646248 -1.5707963267948966 flow_9_3 0 5.0 2.0,6.0 -21.29199999999986 1.5707963267948966 flow_2_0 0 5.0 2.0,-119.64499999999993 -10.0 0.0 flow_8_4 0 5.0 2.0,172.14943036366356 -6.666 0.0 flow_4_0 -1 5.0 2.0,-6.0 275.0 -1.5707963267948966 flow_3_6 0 5.0 2.0,119.64499999999993 2.0 3.141592653589793 flow_6_4 0 5.0 2.0,119.64499999999993 10.0 3.141592653589793 flow_10_4 0 5.0 2.0,2.0 -119.64499999999993 1.5707963267948966 flow_11_4 0 5.0 2.0,-47.05500000000018 6.0 3.141592653589793 flow_1_2 0 5.0 2.0,-10.0 275.0 -1.5707963267948966 flow_7_6 0 5.0 2.0,-202.995 -10.0 0.0 flow_8_5 0 5.0 2.0,-21.29199999999986 -2.0 0.0 flow_5_0 0 5.0 2.0,44.96334999999985 10.0 3.141592653589793 flow_10_3 0 5.0 2.0,-275.0 -6.0 0.0 flow_0_6 0 5.0 2.0,-130.4050000000002 6.0 3.141592653589793 flow_1_1 0 5.0 2.0,-44.96334999999985 -10.0 0.0 flow_8_3 0 5.0 2.0,10.0 -202.995 1.5707963267948966 flow_4_5 0 5.0 2.0,-119.64499999999993 -6.0 0.0 flow_0_4 0 5.0 2.0,-2.0 21.29199999999986 -1.5707963267948966 flow_9_0 0 5.0 2.0,24.487578828660206 -10.0 0.0 flow_4_2 0 5.0 2.0,2.0 -36.2919999999998 1.5707963267948966 flow_11_2 0 5.0 2.0,5.334000000000001 102.9958288286602 1.5707963267948966 flow_10_1 1 5.0 2.0,-6.0 119.64499999999993 -1.5707963267948966 flow_3_4 0 5.0 2.0,-24.487578828660206 10.0 3.141592653589793 flow_7_2 0 5.0 2.0,-5.334000000000001 -102.9958288286602 -1.5707963267948966 flow_8_1 1 5.0 2.0,-28.791999999999804 -2.0 0.0 flow_5_1 0 5.0 2.0,36.2919999999998 2.0 3.141592653589793 flow_6_2 0 5.0 2.0,47.05500000000018 -6.0 0.0 flow_0_2 0 5.0 2.0,-6.0 48.389195799646248 -1.5707963267948966 flow_3_3 0 5.0 2.0,6.0 -202.995 1.5707963267948966 flow_2_5 0 5.0 2.0,275.0 6.0 3.141592653589793 flow_1_6 0 5.0 2.0,10.0 -275.0 1.5707963267948966 flow_4_6 0 5.0 2.0,-119.64499999999993 -2.0 0.0 flow_5_4 0 5.0 2.0,10.0 -44.96334999999985 1.5707963267948966 flow_4_3 0 5.0 2.0,-10.0 44.96334999999985 -1.5707963267948966 flow_7_3 0 5.0 2.0,-202.995 -2.0 0.0 flow_5_5 0 5.0 2.0,-10.0 -186.34582882866023 -1.5707963267948966 flow_8_0 0 5.0 2.0,-275.0 -10.0 0.0 flow_8_6 0 5.0 2.0,-6.0 202.995 -1.5707963267948966 flow_3_5 0 5.0 2.0,6.0 -275.0 1.5707963267948966 flow_2_6 0 5.0 2.0,6.0 -48.389195799646248 1.5707963267948966 flow_2_3 0 5.0 2.0,-102.9958288286602 10.0 3.141592653589793 flow_7_1 0 5.0 2.0,213.75500000000023 -6.666 0.0 flow_0_0 -1 5.0 2.0,-6.0 36.2919999999998 -1.5707963267948966 flow_3_2 0 5.0 2.0,6.0 -119.64499999999993 1.5707963267948966 flow_2_4 0 5.0 2.0,130.4050000000002 -2.0 0.0 flow_0_1 1 5.0 2.0,6.0 -36.2919999999998 1.5707963267948966 flow_2_2 0 5.0 2.0,-2.0 28.791999999999804 -1.5707963267948966 flow_9_1 0 5.0 2.0,2.0 -48.389195799646248 1.5707963267948966 flow_11_3 0 5.0 2.0,275.0 10.0 3.141592653589793 flow_10_6 0 5.0 2.0,21.29199999999986 2.0 3.141592653589793 flow_6_0 0 5.0 2.0,10.0 -119.64499999999993 1.5707963267948966 flow_4_4 0 5.0 2.0,;road_0_1_0 r r g,road_1_0_1 r g g,road_1_2_3 r g g,road_2_1_2 r r g,
2.0 -299.0 1.5707963267948966 flow_11_7 0 5.0 2.0,-2.0 102.97499999999991 -1.5707963267948966 flow_9_4 0 5.0 2.0,-203.01582882866024 10.0 3.141592653589793 flow_7_0 0 5.0 2.0,230.42500000000025 -6.0 0.0 flow_0_0 0 5.0 2.0,-2.0 36.2919999999998 -1.5707963267948966 flow_9_2 0 5.0 2.0,-299.0 -6.0 0.0 flow_0_7 0 5.0 2.0,188.81943036366358 -6.0 0.0 flow_4_0 0 5.0 2.0,186.325 10.0 3.141592653589793 flow_10_5 0 5.0 2.0,-230.42500000000025 6.0 3.141592653589793 flow_1_0 0 5.0 2.0,-2.0 264.0 -1.5707963267948966 flow_9_6 0 5.0 2.0,-10.0 -37.820878828660209 -1.5707963267948966 flow_8_2 0 5.0 2.0,2.0 -28.791999999999804 1.5707963267948966 flow_11_1 0 5.0 2.0,10.0 37.820878828660209 1.5707963267948966 flow_10_2 0 5.0 2.0,-19.62499999999983 -6.0 0.0 flow_0_3 0 5.0 2.0,2.0 -186.325 1.5707963267948966 flow_11_5 0 5.0 2.0,-6.0 20.29199999999986 -1.5707963267948966 flow_3_0 0 5.0 2.0,186.325 6.0 3.141592653589793 flow_1_5 0 5.0 2.0,10.0 203.01582882866024 1.5707963267948966 flow_10_0 0 5.0 2.0,19.62499999999983 6.0 3.141592653589793 flow_1_3 0 5.0 2.0,-44.20687411950479 -2.0 0.0 flow_5_3 0 5.0 2.0,264.0 2.0 3.141592653589793 flow_6_6 0 5.0 2.0,2.0 -264.0 1.5707963267948966 flow_11_6 0 5.0 2.0,-36.2919999999998 -2.0 0.0 flow_5_2 0 5.0 2.0,-186.325 -6.0 0.0 flow_0_5 0 5.0 2.0,186.325 2.0 3.141592653589793 flow_6_5 0 5.0 2.0,-10.0 102.97499999999991 -1.5707963267948966 flow_7_4 0 5.0 2.0,-264.0 -2.0 0.0 flow_5_6 0 5.0 2.0,-10.0 186.325 -1.5707963267948966 flow_7_5 0 5.0 2.0,299.0 2.0 3.141592653589793 flow_6_7 0 5.0 2.0,-299.0 -10.0 0.0 flow_8_7 0 5.0 2.0,102.97499999999991 6.0 3.141592653589793 flow_1_4 0 5.0 2.0,-2.0 186.325 -1.5707963267948966 flow_9_5 0 5.0 2.0,28.791999999999804 2.0 3.141592653589793 flow_6_1 0 5.0 2.0,44.20687411950479 2.0 3.141592653589793 flow_6_3 0 5.0 2.0,-6.0 28.791999999999804 -1.5707963267948966 flow_3_1 0 5.0 2.0,6.0 -28.791999999999804 1.5707963267948966 flow_2_1 0 5.0 2.0,2.0 -21.29199999999986 1.5707963267948966 flow_11_0 0 5.0 2.0,-2.0 44.20687411950479 -1.5707963267948966 flow_9_3 0 5.0 2.0,-2.0 299.0 -1.5707963267948966 flow_9_7 0 5.0 2.0,6.0 -20.29199999999986 1.5707963267948966 flow_2_0 0 5.0 2.0,-102.97499999999991 -10.0 0.0 flow_8_4 0 5.0 2.0,299.0 10.0 3.141592653589793 flow_10_7 0 5.0 2.0,-6.0 264.0 -1.5707963267948966 flow_3_6 0 5.0 2.0,102.97499999999991 2.0 3.141592653589793 flow_6_4 0 5.0 2.0,102.97499999999991 10.0 3.141592653589793 flow_10_4 0 5.0 2.0,2.0 -102.97499999999991 1.5707963267948966 flow_11_4 0 5.0 2.0,-63.72500000000018 6.0 3.141592653589793 flow_1_2 0 5.0 2.0,-10.0 264.0 -1.5707963267948966 flow_7_6 0 5.0 2.0,-186.325 -10.0 0.0 flow_8_5 0 5.0 2.0,-21.29199999999986 -2.0 0.0 flow_5_0 0 5.0 2.0,299.0 6.0 3.141592653589793 flow_1_7 0 5.0 2.0,36.63004999999987 10.0 3.141592653589793 flow_10_3 0 5.0 2.0,-264.0 -6.0 0.0 flow_0_6 0 5.0 2.0,-147.0750000000002 6.0 3.141592653589793 flow_1_1 0 5.0 2.0,-36.63004999999987 -10.0 0.0 flow_8_3 0 5.0 2.0,10.0 -186.325 1.5707963267948966 flow_4_5 0 5.0 2.0,-102.97499999999991 -6.0 0.0 flow_0_4 0 5.0 2.0,-2.0 21.29199999999986 -1.5707963267948966 flow_9_0 0 5.0 2.0,6.0 119.66582882866021 1.5707963267948966 flow_10_1 0 5.0 2.0,37.820878828660209 -10.0 0.0 flow_4_2 0 5.0 2.0,-10.0 299.0 -1.5707963267948966 flow_7_7 0 5.0 2.0,2.0 -36.2919999999998 1.5707963267948966 flow_11_2 0 5.0 2.0,-6.0 102.97499999999991 -1.5707963267948966 flow_3_4 0 5.0 2.0,-37.820878828660209 10.0 3.141592653589793 flow_7_2 0 5.0 2.0,-6.0 299.0 -1.5707963267948966 flow_3_7 0 5.0 2.0,-28.791999999999804 -2.0 0.0 flow_5_1 0 5.0 2.0,36.2919999999998 2.0 3.141592653589793 flow_6_2 0 5.0 2.0,63.72500000000018 -2.6659999999999997 0.0 flow_0_2 -1 5.0 2.0,-6.0 44.20687411950479 -1.5707963267948966 flow_3_3 0 5.0 2.0,-299.0 -2.0 0.0 flow_5_7 0 5.0 2.0,6.0 -186.325 1.5707963267948966 flow_2_5 0 5.0 2.0,264.0 6.0 3.141592653589793 flow_1_6 0 5.0 2.0,113.91582882866021 -6.0 0.0 flow_4_1 0 5.0 2.0,10.0 -264.0 1.5707963267948966 flow_4_6 0 5.0 2.0,-102.97499999999991 -2.0 0.0 flow_5_4 0 5.0 2.0,10.0 -36.63004999999987 1.5707963267948966 flow_4_3 0 5.0 2.0,-6.0 -119.66582882866021 -1.5707963267948966 flow_8_1 0 5.0 2.0,-10.0 36.63004999999987 -1.5707963267948966 flow_7_3 0 5.0 2.0,-186.325 -2.0 0.0 flow_5_5 0 5.0 2.0,-10.0 -203.01582882866024 -1.5707963267948966 flow_8_0 0 5.0 2.0,-264.0 -10.0 0.0 flow_8_6 0 5.0 2.0,-6.0 186.325 -1.5707963267948966 flow_3_5 0 5.0 2.0,6.0 -264.0 1.5707963267948966 flow_2_6 0 5.0 2.0,6.0 -44.20687411950479 1.5707963267948966 flow_2_3 0 5.0 2.0,-119.66582882866021 10.0 3.141592653589793 flow_7_1 0 5.0 2.0,6.0 -299.0 1.5707963267948966 flow_2_7 0 5.0 2.0,10.0 -299.0 1.5707963267948966 flow_4_7 0 5.0 2.0,-6.0 36.2919999999998 -1.5707963267948966 flow_3_2 0 5.0 2.0,6.0 -102.97499999999991 1.5707963267948966 flow_2_4 0 5.0 2.0,147.0750000000002 -2.0 0.0 flow_0_1 0 5.0 2.0,6.0 -36.2919999999998 1.5707963267948966 flow_2_2 0 5.0 2.0,-2.0 28.791999999999804 -1.5707963267948966 flow_9_1 0 5.0 2.0,2.0 -44.20687411950479 1.5707963267948966 flow_11_3 0 5.0 2.0,264.0 10.0 3.141592653589793 flow_10_6 0 5.0 2.0,21.29199999999986 2.0 3.141592653589793 flow_6_0 0 5.0 2.0,10.0 -102.97499999999991 1.5707963267948966 flow_4_4 0 5.0 2.0,;road_0_1_0 r r g,road_1_0_1 r g g,road_1_2_3 r g g,road_2_1_2 r r g,
2.0 -296.0 1.5707963267948966 flow_11_7 0 5.0 2.0,-2.0 86.3049999999999 -1.5707963267948966 flow_9_4 0 5.0 2.0,-219.68582882866026 10.0 3.141592653589793 flow_7_0 0 5.0 2.0,247.09500000000026 -9.334 0.0 flow_0_0 1 5.0 2.0,-2.0 36.2919999999998 -1.5707963267948966 flow_9_2 0 5.0 2.0,-296.0 -6.0 0.0 flow_0_7 0 5.0 2.0,205.4894303636636 -9.334 0.0 flow_4_0 1 5.0 2.0,169.65499999999998 10.0 3.141592653589793 flow_10_5 0 5.0 2.0,-247.09500000000026 6.0 3.141592653589793 flow_1_0 0 5.0 2.0,-2.0 251.0 -1.5707963267948966 flow_9_6 0 5.0 2.0,-10.0 -53.15417882866021 -1.5707963267948966 flow_8_2 0 5.0 2.0,2.0 -28.791999999999804 1.5707963267948966 flow_11_1 0 5.0 2.0,10.0 53.15417882866021 1.5707963267948966 flow_10_2 0 5.0 2.0,-2.9549999999998279 -6.0 0.0 flow_0_3 0 5.0 2.0,2.0 -169.65499999999998 1.5707963267948966 flow_11_5 0 5.0 2.0,-6.0 17.29199999999986 -1.5707963267948966 flow_3_0 0 5.0 2.0,169.65499999999998 6.0 3.141592653589793 flow_1_5 0 5.0 2.0,10.0 219.68582882866026 1.5707963267948966 flow_10_0 0 5.0 2.0,2.9549999999998279 6.0 3.141592653589793 flow_1_3 0 5.0 2.0,-43.7919999999998 -2.0 0.0 flow_5_3 0 5.0 2.0,251.0 2.0 3.141592653589793 flow_6_6 0 5.0 2.0,2.0 -251.0 1.5707963267948966 flow_11_6 0 5.0 2.0,-36.2919999999998 -2.0 0.0 flow_5_2 0 5.0 2.0,-169.65499999999998 -6.0 0.0 flow_0_5 0 5.0 2.0,169.65499999999998 2.0 3.141592653589793 flow_6_5 0 5.0 2.0,-10.0 86.3049999999999 -1.5707963267948966 flow_7_4 0 5.0 2.0,-251.0 -2.0 0.0 flow_5_6 0 5.0 2.0,-10.0 169.65499999999998 -1.5707963267948966 flow_7_5 0 5.0 2.0,296.0 2.0 3.141592653589793 flow_6_7 0 5.0 2.0,-296.0 -10.0 0.0 flow_8_7 0 5.0 2.0,86.3049999999999 6.0 3.141592653589793 flow_1_4 0 5.0 2.0,-2.0 169.65499999999998 -1.5707963267948966 flow_9_5 0 5.0 2.0,28.791999999999804 2.0 3.141592653589793 flow_6_1 0 5.0 2.0,43.7919999999998 2.0 3.141592653589793 flow_6_3 0 5.0 2.0,-6.0 28.04199999999986 -1.5707963267948966 flow_3_1 0 5.0 2.0,6.0 -28.04199999999986 1.5707963267948966 flow_2_1 0 5.0 2.0,2.0 -21.29199999999986 1.5707963267948966 flow_11_0 0 5.0 2.0,-2.0 43.7919999999998 -1.5707963267948966 flow_9_3 0 5.0 2.0,-2.0 296.0 -1.5707963267948966 flow_9_7 0 5.0 2.0,6.0 -17.29199999999986 1.5707963267948966 flow_2_0 0 5.0 2.0,-86.3049999999999 -10.0 0.0 flow_8_4 0 5.0 2.0,296.0 10.0 3.141592653589793 flow_10_7 0 5.0 2.0,-6.0 251.0 -1.5707963267948966 flow_3_6 0 5.0 2.0,86.3049999999999 2.0 3.141592653589793 flow_6_4 0 5.0 2.0,86.3049999999999 10.0 3.141592653589793 flow_10_4 0 5.0 2.0,2.0 -86.3049999999999 1.5707963267948966 flow_11_4 0 5.0 2.0,-80.39500000000018 6.0 3.141592653589793 flow_1_2 0 5.0 2.0,-10.0 251.0 -1.5707963267948966 flow_7_6 0 5.0 2.0,-169.65499999999998 -10.0 0.0 flow_8_5 0 5.0 2.0,-21.29199999999986 -2.0 0.0 flow_5_0 0 5.0 2.0,296.0 6.0 3.141592653589793 flow_1_7 0 5.0 2.0,28.29674999999986 10.0 3.141592653589793 flow_10_3 0 5.0 2.0,-251.0 -6.0 0.0 flow_0_6 0 5.0 2.0,-163.74500000000018 6.0 3.141592653589793 flow_1_1 0 5.0 2.0,-28.29674999999986 -10.0 0.0 flow_8_3 0 5.0 2.0,10.0 -169.65499999999998 1.5707963267948966 flow_4_5 0 5.0 2.0,-86.3049999999999 -6.0 0.0 flow_0_4 0 5.0 2.0,-2.0 21.29199999999986 -1.5707963267948966 flow_9_0 0 5.0 2.0,2.6659999999999997 136.33582882866024 1.5707963267948966 flow_10_1 -1 5.0 2.0,53.15417882866021 -10.0 0.0 flow_4_2 0 5.0 2.0,-10.0 296.0 -1.5707963267948966 flow_7_7 0 5.0 2.0,2.0 -36.2919999999998 1.5707963267948966 flow_11_2 0 5.0 2.0,-6.0 86.3049999999999 -1.5707963267948966 flow_3_4 0 5.0 2.0,-53.15417882866021 10.0 3.141592653589793 flow_7_2 0 5.0 2.0,-6.0 296.0 -1.5707963267948966 flow_3_7 0 5.0 2.0,-28.791999999999804 -2.0 0.0 flow_5_1 0 5.0 2.0,80.39500000000018 -2.0 0.0 flow_0_2 0 5.0 2.0,36.2919999999998 2.0 3.141592653589793 flow_6_2 0 5.0 2.0,-6.0 43.7919999999998 -1.5707963267948966 flow_3_3 0 5.0 2.0,-296.0 -2.0 0.0 flow_5_7 0 5.0 2.0,6.0 -169.65499999999998 1.5707963267948966 flow_2_5 0 5.0 2.0,251.0 6.0 3.141592653589793 flow_1_6 0 5.0 2.0,129.08582882866024 -9.234 0.0 flow_4_1 1 5.0 2.0,10.0 -251.0 1.5707963267948966 flow_4_6 0 5.0 2.0,-86.3049999999999 -2.0 0.0 flow_5_4 0 5.0 2.0,10.0 -28.29674999999986 1.5707963267948966 flow_4_3 0 5.0 2.0,-2.6659999999999997 -136.33582882866024 -1.5707963267948966 flow_8_1 -1 5.0 2.0,-10.0 28.29674999999986 -1.5707963267948966 flow_7_3 0 5.0 2.0,-169.65499999999998 -2.0 0.0 flow_5_5 0 5.0 2.0,-10.0 -219.68582882866026 -1.5707963267948966 flow_8_0 0 5.0 2.0,-251.0 -10.0 0.0 flow_8_6 0 5.0 2.0,-6.0 169.65499999999998 -1.5707963267948966 flow_3_5 0 5.0 2.0,6.0 -251.0 1.5707963267948966 flow_2_6 0 5.0 2.0,6.0 -43.7919999999998 1.5707963267948966 flow_2_3 0 5.0 2.0,-136.33582882866024 10.0 3.141592653589793 flow_7_1 0 5.0 2.0,6.0 -296.0 1.5707963267948966 flow_2_7 0 5.0 2.0,10.0 -296.0 1.5707963267948966 flow_4_7 0 5.0 2.0,-6.0 36.2919999999998 -1.5707963267948966 flow_3_2 0 5.0 2.0,6.0 -86.3049999999999 1.5707963267948966 flow_2_4 0 5.0 2.0,163.74500000000018 -2.0 0.0 flow_0_1 0 5.0 2.0,6.0 -36.2919999999998 1.5707963267948966 flow_2_2 0 5.0 2.0,-2.0 28.791999999999804 -1.5707963267948966 flow_9_1 0 5.0 2.0,2.0 -43.7919999999998 1.5707963267948966 flow_11_3 0 5.0 2.0,251.0 10.0 3.141592653589793 flow_10_6 0 5.0 2.0,21.29199999999986 2.0 3.141592653589793 flow_6_0 0 5.0 2.0,10.0 -86.3049999999999 1.5707963267948966 flow_4_4 0 5.0 2.0,;road_0_1_0 r r g,road_1_0_1 r g g,road_1_2_3 r g g,road_2_1_2 r r g,
2.0 -291.0 1.5707963267948966 flow_11_7 0 5.0 2.0,-2.0 71.26613513975355 -1.5707963267948966 flow_9_4 0 5.0 2.0,-236.35582882866027 10.0 3.141592653589793 flow_7_0 0 5.0 2.0,-2.0 36.2919999999998 -1.5707963267948966 flow_9_2 0 5.0 2.0,-291.0 -6.0 0.0 flow_0_7 0 5.0 2.0,152.98499999999997 10.0 3.141592653589793 flow_10_5 0 5.0 2.0,-263.76500000000029 6.0 3.141592653589793 flow_1_0 0 5.0 2.0,-2.0 236.0 -1.5707963267948966 flow_9_6 0 5.0 2.0,-10.0 -69.6558288286602 -1.5707963267948966 flow_8_2 0 5.0 2.0,2.0 -28.791999999999804 1.5707963267948966 flow_11_1 0 5.0 2.0,10.0 69.6558288286602 1.5707963267948966 flow_10_2 0 5.0 2.0,13.715000000000174 -5.999999999999999 2.0947604238210499e-16 flow_0_3 0 5.0 2.0,2.0 -152.98499999999997 1.5707963267948966 flow_11_5 0 5.0 2.0,-6.0 13.958666666666526 -1.5707963267948966 flow_3_0 0 5.0 2.0,152.98499999999997 6.0 3.141592653589793 flow_1_5 0 5.0 2.0,10.0 236.35582882866027 1.5707963267948966 flow_10_0 0 5.0 2.0,-13.715000000000174 5.999999999999999 -3.141592653589793 flow_1_3 0 5.0 2.0,-43.7919999999998 -2.0 0.0 flow_5_3 0 5.0 2.0,236.0 2.0 3.141592653589793 flow_6_6 0 5.0 2.0,2.0 -236.0 1.5707963267948966 flow_11_6 0 5.0 2.0,-36.2919999999998 -2.0 0.0 flow_5_2 0 5.0 2.0,-152.98499999999997 -6.0 0.0 flow_0_5 0 5.0 2.0,152.98499999999997 2.0 3.141592653589793 flow_6_5 0 5.0 2.0,-10.0 69.63499999999988 -1.5707963267948966 flow_7_4 0 5.0 2.0,-236.0 -2.0 0.0 flow_5_6 0 5.0 2.0,-10.0 152.98499999999997 -1.5707963267948966 flow_7_5 0 5.0 2.0,291.0 2.0 3.141592653589793 flow_6_7 0 5.0 2.0,-291.0 -10.0 0.0 flow_8_7 0 5.0 2.0,69.63499999999988 6.0 3.141592653589793 flow_1_4 0 5.0 2.0,-2.0 152.98499999999997 -1.5707963267948966 flow_9_5 0 5.0 2.0,28.791999999999804 2.0 3.141592653589793 flow_6_1 0 5.0 2.0,43.7919999999998 2.0 3.141592653589793 flow_6_3 0 5.0 2.0,263.76500000000029 -10.0 0.0 flow_0_0 0 5.0 2.0,-6.0 25.541999999999974 -1.5707963267948966 flow_3_1 0 5.0 2.0,6.0 -25.541999999999974 1.5707963267948966 flow_2_1 0 5.0 2.0,222.1594303636636 -10.0 0.0 flow_4_0 0 5.0 2.0,2.0 -21.29199999999986 1.5707963267948966 flow_11_0 0 5.0 2.0,-2.0 43.7919999999998 -1.5707963267948966 flow_9_3 0 5.0 2.0,-2.0 291.0 -1.5707963267948966 flow_9_7 0 5.0 2.0,6.0 -13.958666666666526 1.5707963267948966 flow_2_0 0 5.0 2.0,145.5058288286602 -10.0 0.0 flow_4_1 0 5.0 2.0,2.0 153.0058288286602 1.5707963267948966 flow_10_1 0 5.0 2.0,-69.63499999999988 -10.0 0.0 flow_8_4 0 5.0 2.0,291.0 10.0 3.141592653589793 flow_10_7 0 5.0 2.0,-6.0 236.0 -1.5707963267948966 flow_3_6 0 5.0 2.0,71.26613513975355 2.0 3.141592653589793 flow_6_4 0 5.0 2.0,69.63499999999988 10.0 3.141592653589793 flow_10_4 0 5.0 2.0,2.0 -71.26613513975355 1.5707963267948966 flow_11_4 0 5.0 2.0,-97.0650000000002 6.0 3.141592653589793 flow_1_2 0 5.0 2.0,-10.0 236.0 -1.5707963267948966 flow_7_6 0 5.0 2.0,-152.98499999999997 -10.0 0.0 flow_8_5 0 5.0 2.0,-21.29199999999986 -2.0 0.0 flow_5_0 0 5.0 2.0,291.0 6.0 3.141592653589793 flow_1_7 0 5.0 2.0,19.96350051833775 10.001921025350646 3.0890095919788518 flow_10_3 0 5.0 2.0,-236.0 -6.0 0.0 flow_0_6 0 5.0 2.0,-180.4150000000002 6.0 3.141592653589793 flow_1_1 0 5.0 2.0,-19.96350051833775 -10.001921025350646 -0.05258306161094157 flow_8_3 0 5.0 2.0,10.0 -152.98499999999997 1.5707963267948966 flow_4_5 0 5.0 2.0,-69.63499999999988 -6.0 0.0 flow_0_4 0 5.0 2.0,-2.0 21.29199999999986 -1.5707963267948966 flow_9_0 0 5.0 2.0,69.6558288286602 -10.0 0.0 flow_4_2 0 5.0 2.0,-10.0 291.0 -1.5707963267948966 flow_7_7 0 5.0 2.0,2.0 -36.2919999999998 1.5707963267948966 flow_11_2 0 5.0 2.0,-6.0 71.26613513975355 -1.5707963267948966 flow_3_4 0 5.0 2.0,-2.0 -153.0058288286602 -1.5707963267948966 flow_8_1 0 5.0 2.0,-69.6558288286602 10.0 3.141592653589793 flow_7_2 0 5.0 2.0,-6.0 291.0 -1.5707963267948966 flow_3_7 0 5.0 2.0,-28.791999999999804 -2.0 0.0 flow_5_1 0 5.0 2.0,97.0650000000002 -2.0 0.0 flow_0_2 0 5.0 2.0,36.2919999999998 2.0 3.141592653589793 flow_6_2 0 5.0 2.0,-6.0 43.7919999999998 -1.5707963267948966 flow_3_3 0 5.0 2.0,-291.0 -2.0 0.0 flow_5_7 0 5.0 2.0,6.0 -152.98499999999997 1.5707963267948966 flow_2_5 0 5.0 2.0,236.0 6.0 3.141592653589793 flow_1_6 0 5.0 2.0,10.0 -236.0 1.5707963267948966 flow_4_6 0 5.0 2.0,-71.26613513975355 -2.0 0.0 flow_5_4 0 5.0 2.0,10.001921025350646 -19.96350051833775 1.518213265183955 flow_4_3 0 5.0 2.0,-10.001921025350646 19.96350051833775 -1.6233793884058383 flow_7_3 0 5.0 2.0,-152.98499999999997 -2.0 0.0 flow_5_5 0 5.0 2.0,-10.0 -236.35582882866027 -1.5707963267948966 flow_8_0 0 5.0 2.0,-236.0 -10.0 0.0 flow_8_6 0 5.0 2.0,-6.0 152.98499999999997 -1.5707963267948966 flow_3_5 0 5.0 2.0,6.0 -236.0 1.5707963267948966 flow_2_6 0 5.0 2.0,6.0 -43.7919999999998 1.5707963267948966 flow_2_3 0 5.0 2.0,-153.0058288286602 10.0 3.141592653589793 flow_7_1 0 5.0 2.0,6.0 -291.0 1.5707963267948966 flow_2_7 0 5.0 2.0,10.0 -291.0 1.5707963267948966 flow_4_7 0 5.0 2.0,-6.0 36.2919999999998 -1.5707963267948966 flow_3_2 0 5.0 2.0,6.0 -71.26613513975355 1.5707963267948966 flow_2_4 0 5.0 2.0,180.4150000000002 -2.0 0.0 flow_0_1 0 5.0 2.0,6.0 -36.2919999999998 1.5707963267948966 flow_2_2 0 5.0 2.0,-2.0 28.791999999999804 -1.5707963267948966 flow_9_1 0 5.0 2.0,2.0 -43.7919999999998 1.5707963267948966 flow_11_3 0 5.0 2.0,236.0 10.0 3.141592653589793 flow_10_6 0 5.0 2.0,21.29199999999986 2.0 3.141592653589793 flow_6_0 0 5.0 2.0,10.0 -69.63499999999988 1.5707963267948966 flow_4_4 0 5.0 2.0,;road_0_1_0 r r g,road_1_0_1 r g g,road_1_2_3 r g g,road_2_1_2 r r g,
2.0 -284.0 1.5707963267948966 flow_11_7 0 5.0 2.0,-2.0 60.10840541926083 -1.5707963267948966 flow_9_4 0 5.0 2.0,-253.02582882866029 10.0 3.141592653589793 flow_7_0 0 5.0 2.0,-2.0 36.2919999999998 -1.5707963267948966 flow_9_2 0 5.0 2.0,-284.0 -6.0 0.0 flow_0_7 0 5.0 2.0,136.31499999999995 10.0 3.141592653589793 flow_10_5 0 5.0 2.0,-280.4350000000003 6.0 3.141592653589793 flow_1_0 0 5.0 2.0,-2.0 219.665 -1.5707963267948966 flow_9_6 0 5.0 2.0,-10.0 -86.3258288286602 -1.5707963267948966 flow_8_2 0 5.0 2.0,2.0 -28.791999999999804 1.5707963267948966 flow_11_1 0 5.0 2.0,10.0 86.3258288286602 1.5707963267948966 flow_10_2 0 5.0 2.0,30.385000000000177 -6.0 0.0 flow_0_3 0 5.0 2.0,2.0 -136.31499999999995 1.5707963267948966 flow_11_5 0 5.0 2.0,-6.0 10.29199999999986 -1.5707963267948966 flow_3_0 0 5.0 2.0,136.31499999999995 6.0 3.141592653589793 flow_1_5 0 5.0 2.0,10.0 253.02582882866029 1.5707963267948966 flow_10_0 0 5.0 2.0,-30.385000000000177 6.0 3.141592653589793 flow_1_3 0 5.0 2.0,-43.7919999999998 -2.0 0.0 flow_5_3 0 5.0 2.0,219.665 2.0 3.141592653589793 flow_6_6 0 5.0 2.0,2.0 -219.665 1.5707963267948966 flow_11_6 0 5.0 2.0,-36.2919999999998 -2.0 0.0 flow_5_2 0 5.0 2.0,-136.31499999999995 -6.0 0.0 flow_0_5 0 5.0 2.0,136.31499999999995 2.0 3.141592653589793 flow_6_5 0 5.0 2.0,-10.0 55.21499999999986 -1.5707963267948966 flow_7_4 0 5.0 2.0,-219.665 -2.0 0.0 flow_5_6 0 5.0 2.0,-10.0 136.31499999999995 -1.5707963267948966 flow_7_5 0 5.0 2.0,284.0 2.0 3.141592653589793 flow_6_7 0 5.0 2.0,-284.0 -10.0 0.0 flow_8_7 0 5.0 2.0,54.63199999999986 6.0 3.141592653589793 flow_1_4 0 5.0 2.0,-2.0 136.31499999999995 -1.5707963267948966 flow_9_5 0 5.0 2.0,28.791999999999804 2.0 3.141592653589793 flow_6_1 0 5.0 2.0,43.7919999999998 2.0 3.141592653589793 flow_6_3 0 5.0 2.0,280.4350000000003 -10.0 0.0 flow_0_0 0 5.0 2.0,-6.0 22.037173134062074 -1.5707963267948966 flow_3_1 0 5.0 2.0,6.0 -22.037173134062074 1.5707963267948966 flow_2_1 0 5.0 2.0,238.82943036366363 -6.666 0.0 flow_4_0 -1 5.0 2.0,2.0 -21.29199999999986 1.5707963267948966 flow_11_0 0 5.0 2.0,-2.0 43.7919999999998 -1.5707963267948966 flow_9_3 0 5.0 2.0,-2.0 284.0 -1.5707963267948966 flow_9_7 0 5.0 2.0,6.0 -10.29199999999986 1.5707963267948966 flow_2_0 0 5.0 2.0,159.9258288286602 -7.565999999999999 0.0 flow_4_1 -1 5.0 2.0,5.334000000000001 169.6758288286602 1.5707963267948966 flow_10_1 1 5.0 2.0,-55.21499999999986 -10.0 0.0 flow_8_4 0 5.0 2.0,284.0 10.0 3.141592653589793 flow_10_7 0 5.0 2.0,-6.0 219.665 -1.5707963267948966 flow_3_6 0 5.0 2.0,60.10840541926083 2.0 3.141592653589793 flow_6_4 0 5.0 2.0,55.21499999999986 10.0 3.141592653589793 flow_10_4 0 5.0 2.0,2.0 -60.10840541926083 1.5707963267948966 flow_11_4 0 5.0 2.0,-113.73500000000019 6.0 3.141592653589793 flow_1_2 0 5.0 2.0,-10.0 219.665 -1.5707963267948966 flow_7_6 0 5.0 2.0,-136.31499999999995 -10.0 0.0 flow_8_5 0 5.0 2.0,-21.29199999999986 -2.0 0.0 flow_5_0 0 5.0 2.0,284.0 6.0 3.141592653589793 flow_1_7 0 5.0 2.0,11.700813119107233 13.476783965535605 2.2565258377011836 flow_10_3 0 5.0 2.0,-219.665 -6.0 0.0 flow_0_6 0 5.0 2.0,-197.0850000000002 6.0 3.141592653589793 flow_1_1 0 5.0 2.0,-11.700813119107233 -13.476783965535605 -0.8850668158886099 flow_8_3 0 5.0 2.0,10.0 -136.31499999999995 1.5707963267948966 flow_4_5 0 5.0 2.0,-54.63199999999986 -6.0 0.0 flow_0_4 0 5.0 2.0,-2.0 21.29199999999986 -1.5707963267948966 flow_9_0 0 5.0 2.0,86.3258288286602 -6.666 0.0 flow_4_2 -1 5.0 2.0,-10.0 284.0 -1.5707963267948966 flow_7_7 0 5.0 2.0,2.0 -36.2919999999998 1.5707963267948966 flow_11_2 0 5.0 2.0,-6.0 60.10840541926083 -1.5707963267948966 flow_3_4 0 5.0 2.0,-5.334000000000001 -169.6758288286602 -1.5707963267948966 flow_8_1 1 5.0 2.0,-86.3258288286602 10.0 3.141592653589793 flow_7_2 0 5.0 2.0,-6.0 284.0 -1.5707963267948966 flow_3_7 0 5.0 2.0,-28.791999999999804 -2.0 0.0 flow_5_1 0 5.0 2.0,113.73500000000019 -2.0 0.0 flow_0_2 0 5.0 2.0,36.2919999999998 2.0 3.141592653589793 flow_6_2 0 5.0 2.0,-6.0 43.7919999999998 -1.5707963267948966 flow_3_3 0 5.0 2.0,-284.0 -2.0 0.0 flow_5_7 0 5.0 2.0,6.0 -136.31499999999995 1.5707963267948966 flow_2_5 0 5.0 2.0,219.665 6.0 3.141592653589793 flow_1_6 0 5.0 2.0,10.0 -219.665 1.5707963267948966 flow_4_6 0 5.0 2.0,-60.10840541926083 -2.0 0.0 flow_5_4 0 5.0 2.0,13.476783965535605 -11.700813119107233 0.6857295109062868 flow_4_3 0 5.0 2.0,-13.476783965535605 11.700813119107233 -2.4558631426835069 flow_7_3 0 5.0 2.0,-136.31499999999995 -2.0 0.0 flow_5_5 0 5.0 2.0,-10.0 -253.02582882866029 -1.5707963267948966 flow_8_0 0 5.0 2.0,-219.665 -10.0 0.0 flow_8_6 0 5.0 2.0,-6.0 136.31499999999995 -1.5707963267948966 flow_3_5 0 5.0 2.0,6.0 -219.665 1.5707963267948966 flow_2_6 0 5.0 2.0,6.0 -43.7919999999998 1.5707963267948966 flow_2_3 0 5.0 2.0,-169.6758288286602 10.0 3.141592653589793 flow_7_1 0 5.0 2.0,6.0 -284.0 1.5707963267948966 flow_2_7 0 5.0 2.0,10.0 -284.0 1.5707963267948966 flow_4_7 0 5.0 2.0,-6.0 35.2919999999998 -1.5707963267948966 flow_3_2 0 5.0 2.0,6.0 -60.10840541926083 1.5707963267948966 flow_2_4 0 5.0 2.0,197.0850000000002 -2.0 0.0 flow_0_1 1 5.0 2.0,6.0 -35.2919999999998 1.5707963267948966 flow_2_2 0 5.0 2.0,-2.0 28.791999999999804 -1.5707963267948966 flow_9_1 0 5.0 2.0,2.0 -43.7919999999998 1.5707963267948966 flow_11_3 0 5.0 2.0,219.665 10.0 3.141592653589793 flow_10_6 0 5.0 2.0,21.29199999999986 2.0 3.141592653589793 flow_6_0 0 5.0 2.0,10.0 -55.21499999999986 1.5707963267948966 flow_4_4 0 5.0 2.0,;road_0_1_0 r r g,road_1_0_1 r g g,road_1_2_3 r g g,road_2_1_2 r r g,
2.0 -275.0 1.5707963267948966 flow_11_7 0 5.0 2.0,-2.0 53.45067569876812 -1.5707963267948966 flow_9_4 0 5.0 2.0,-269.6958288286603 10.0 3.141592653589793 flow_7_0 0 5.0 2.0,6.0 186.34582882866023 1.5707963267948966 flow_10_1 0 5.0 2.0,-2.0 36.2919999999998 -1.5707963267948966 flow_9_2 0 5.0 2.0,-275.0 -6.0 0.0 flow_0_7 0 5.0 2.0,119.64499999999993 10.0 3.141592653589793 flow_10_5 0 5.0 2.0,-297.1050000000003 6.0 3.141592653589793 flow_1_0 0 5.0 2.0,-2.0 202.995 -1.5707963267948966 flow_9_6 0 5.0 2.0,-10.0 -102.9958288286602 -1.5707963267948966 flow_8_2 0 5.0 2.0,2.0 -28.791999999999804 1.5707963267948966 flow_11_1 0 5.0 2.0,10.0 102.9958288286602 1.5707963267948966 flow_10_2 0 5.0 2.0,47.05500000000018 -6.0 0.0 flow_0_3 -1 5.0 2.0,2.0 -119.64499999999993 1.5707963267948966 flow_11_5 0 5.0 2.0,-6.0 4.625333333333192 -1.5707963267948966 flow_3_0 0 5.0 2.0,119.64499999999993 6.0 3.141592653589793 flow_1_5 0 5.0 2.0,10.0 269.6958288286603 1.5707963267948966 flow_10_0 0 5.0 2.0,-47.05500000000018 6.0 3.141592653589793 flow_1_3 0 5.0 2.0,-43.7919999999998 -2.0 0.0 flow_5_3 0 5.0 2.0,202.995 2.0 3.141592653589793 flow_6_6 0 5.0 2.0,2.0 -202.995 1.5707963267948966 flow_11_6 0 5.0 2.0,-36.2919999999998 -2.0 0.0 flow_5_2 0 5.0 2.0,-119.64499999999993 -6.0 0.0 flow_0_5 0 5.0 2.0,119.64499999999993 2.0 3.141592653589793 flow_6_5 0 5.0 2.0,-10.0 44.96334999999985 -1.5707963267948966 flow_7_4 0 5.0 2.0,-202.995 -2.0 0.0 flow_5_6 0 5.0 2.0,-10.0 119.64499999999993 -1.5707963267948966 flow_7_5 0 5.0 2.0,275.0 2.0 3.141592653589793 flow_6_7 0 5.0 2.0,-275.0 -10.0 0.0 flow_8_7 0 5.0 2.0,42.62959999999987 6.0 3.141592653589793 flow_1_4 0 5.0 2.0,-2.0 119.64499999999993 -1.5707963267948966 flow_9_5 0 5.0 2.0,28.791999999999804 2.0 3.141592653589793 flow_6_1 0 5.0 2.0,43.7919999999998 2.0 3.141592653589793 flow_6_3 0 5.0 2.0,297.1050000000003 -10.0 0.0 flow_0_0 0 5.0 2.0,-6.0 17.89830814525851 -1.5707963267948966 flow_3_1 0 5.0 2.0,6.0 -17.89830814525851 1.5707963267948966 flow_2_1 0 5.0 2.0,2.0 -21.29199999999986 1.5707963267948966 flow_11_0 0 5.0 2.0,-2.0 43.7919999999998 -1.5707963267948966 flow_9_3 0 5.0 2.0,-2.0 275.0 -1.5707963267948966 flow_9_7 0 5.0 2.0,6.0 -4.625333333333192 1.5707963267948966 flow_2_0 0 5.0 2.0,-44.96334999999985 -10.0 0.0 flow_8_4 0 5.0 2.0,275.0 10.0 3.141592653589793 flow_10_7 0 5.0 2.0,-6.0 202.995 -1.5707963267948966 flow_3_6 0 5.0 2.0,53.45067569876812 2.0 3.141592653589793 flow_6_4 0 5.0 2.0,44.96334999999985 10.0 3.141592653589793 flow_10_4 0 5.0 2.0,2.0 -53.45067569876812 1.5707963267948966 flow_11_4 0 5.0 2.0,-130.4050000000002 6.0 3.141592653589793 flow_1_2 0 5.0 2.0,-10.0 202.995 -1.5707963267948966 flow_7_6 0 5.0 2.0,-119.64499999999993 -10.0 0.0 flow_8_5 0 5.0 2.0,-21.29199999999986 -2.0 0.0 flow_5_0 0 5.0 2.0,275.0 6.0 3.141592653589793 flow_1_7 0 5.0 2.0,10.0 24.487578828660206 1.5707963267948966 flow_10_3 0 5.0 2.0,-202.995 -6.0 0.0 flow_0_6 0 5.0 2.0,-213.75500000000023 6.0 3.141592653589793 flow_1_1 0 5.0 2.0,-10.0 -24.487578828660206 -1.5707963267948966 flow_8_3 0 5.0 2.0,10.0 -119.64499999999993 1.5707963267948966 flow_4_5 0 5.0 2.0,102.9958288286602 -6.0 0.0 flow_4_2 0 5.0 2.0,-42.62959999999987 -6.0 0.0 flow_0_4 0 5.0 2.0,-2.0 21.29199999999986 -1.5707963267948966 flow_9_0 0 5.0 2.0,-10.0 275.0 -1.5707963267948966 flow_7_7 0 5.0 2.0,2.0 -36.2919999999998 1.5707963267948966 flow_11_2 0 5.0 2.0,-6.0 53.45067569876812 -1.5707963267948966 flow_3_4 0 5.0 2.0,-102.9958288286602 10.0 3.141592653589793 flow_7_2 0 5.0 2.0,-6.0 -186.34582882866023 -1.5707963267948966 flow_8_1 0 5.0 2.0,-6.0 275.0 -1.5707963267948966 flow_3_7 0 5.0 2.0,-28.791999999999804 -2.0 0.0 flow_5_1 0 5.0 2.0,130.4050000000002 -2.0 0.0 flow_0_2 0 5.0 2.0,36.2919999999998 2.0 3.141592653589793 flow_6_2 0 5.0 2.0,-6.0 43.0419999999998 -1.5707963267948966 flow_3_3 0 5.0 2.0,-275.0 -2.0 0.0 flow_5_7 0 5.0 2.0,6.0 -119.64499999999993 1.5707963267948966 flow_2_5 0 5.0 2.0,202.995 6.0 3.141592653589793 flow_1_6 0 5.0 2.0,10.0 -202.995 1.5707963267948966 flow_4_6 0 5.0 2.0,-53.45067569876812 -2.0 0.0 flow_5_4 0 5.0 2.0,24.487578828660206 -10.0 0.0 flow_4_3 0 5.0 2.0,-24.487578828660206 10.0 3.141592653589793 flow_7_3 0 5.0 2.0,-119.64499999999993 -2.0 0.0 flow_5_5 0 5.0 2.0,-10.0 -269.6958288286603 -1.5707963267948966 flow_8_0 0 5.0 2.0,-202.995 -10.0 0.0 flow_8_6 0 5.0 2.0,-6.0 119.64499999999993 -1.5707963267948966 flow_3_5 0 5.0 2.0,255.49943036366364 -6.0 0.0 flow_4_0 0 5.0 2.0,173.09582882866023 -6.0 0.0 flow_4_1 0 5.0 2.0,6.0 -202.995 1.5707963267948966 flow_2_6 0 5.0 2.0,6.0 -43.0419999999998 1.5707963267948966 flow_2_3 0 5.0 2.0,-186.34582882866023 10.0 3.141592653589793 flow_7_1 0 5.0 2.0,6.0 -275.0 1.5707963267948966 flow_2_7 0 5.0 2.0,10.0 -275.0 1.5707963267948966 flow_4_7 0 5.0 2.0,-6.0 32.2919999999998 -1.5707963267948966 flow_3_2 0 5.0 2.0,6.0 -53.45067569876812 1.5707963267948966 flow_2_4 0 5.0 2.0,213.75500000000023 -2.0 0.0 flow_0_1 0 5.0 2.0,6.0 -32.2919999999998 1.5707963267948966 flow_2_2 0 5.0 2.0,-2.0 28.791999999999804 -1.5707963267948966 flow_9_1 0 5.0 2.0,2.0 -43.7919999999998 1.5707963267948966 flow_11_3 0 5.0 2.0,202.995 10.0 3.141592653589793 flow_10_6 0 5.0 2.0,21.29199999999986 2.0 3.141592653589793 flow_6_0 0 5.0 2.0,10.0 -44.96334999999985 1.5707963267948966 flow_4_4 0 5.0 2.0,;road_0_1_0 r r g,road_1_0_1 r g g,road_1_2_3 r g g,road_2_1_2 r r g,
2.0 -264.0 1.5707963267948966 flow_11_7 0 5.0 2.0,-10.0 299.0 -1.5707963267948966 flow_7_8 0 5.0 2.0,-2.0 51.2919999999998 -1.5707963267948966 flow_9_4 0 5.0 2.0,-286.3658288286603 10.0 3.141592653589793 flow_7_0 0 5.0 2.0,2.6659999999999997 203.01582882866024 1.5707963267948966 flow_10_1 -1 5.0 2.0,-2.0 36.2919999999998 -1.5707963267948966 flow_9_2 0 5.0 2.0,-264.0 -6.0 0.0 flow_0_7 0 5.0 2.0,102.97499999999991 10.0 3.141592653589793 flow_10_5 0 5.0 2.0,-2.0 186.325 -1.5707963267948966 flow_9_6 0 5.0 2.0,-10.0 -119.66582882866021 -1.5707963267948966 flow_8_2 0 5.0 2.0,2.0 -28.791999999999804 1.5707963267948966 flow_11_1 0 5.0 2.0,10.0 119.66582882866021 1.5707963267948966 flow_10_2 0 5.0 2.0,63.72500000000018 -9.334 0.0 flow_0_3 1 5.0 2.0,2.0 -102.97499999999991 1.5707963267948966 flow_11_5 0 5.0 2.0,-6.0 -3.041333333333477 -1.5707963267948966 flow_3_0 0 5.0 2.0,102.97499999999991 6.0 3.141592653589793 flow_1_5 0 5.0 2.0,10.0 286.3658288286603 1.5707963267948966 flow_10_0 0 5.0 2.0,-63.72500000000018 6.0 3.141592653589793 flow_1_3 0 5.0 2.0,-43.7919999999998 -2.0 0.0 flow_5_3 0 5.0 2.0,186.325 2.0 3.141592653589793 flow_6_6 0 5.0 2.0,2.0 -186.325 1.5707963267948966 flow_11_6 0 5.0 2.0,-36.2919999999998 -2.0 0.0 flow_5_2 0 5.0 2.0,-102.97499999999991 -6.0 0.0 flow_0_5 0 5.0 2.0,102.97499999999991 2.0 3.141592653589793 flow_6_5 0 5.0 2.0,-10.0 36.63004999999987 -1.5707963267948966 flow_7_4 0 5.0 2.0,-186.325 -2.0 0.0 flow_5_6 0 5.0 2.0,-10.0 102.97499999999991 -1.5707963267948966 flow_7_5 0 5.0 2.0,264.0 2.0 3.141592653589793 flow_6_7 0 5.0 2.0,-264.0 -10.0 0.0 flow_8_7 0 5.0 2.0,33.29439999999988 6.0 3.141592653589793 flow_1_4 0 5.0 2.0,299.0 2.0 3.141592653589793 flow_6_8 0 5.0 2.0,-2.0 102.97499999999991 -1.5707963267948966 flow_9_5 0 5.0 2.0,28.791999999999804 2.0 3.141592653589793 flow_6_1 0 5.0 2.0,43.7919999999998 2.0 3.141592653589793 flow_6_3 0 5.0 2.0,-6.0 12.37536918346133 -1.5707963267948966 flow_3_1 0 5.0 2.0,6.0 -12.37536918346133 1.5707963267948966 flow_2_1 0 5.0 2.0,2.0 -21.29199999999986 1.5707963267948966 flow_11_0 0 5.0 2.0,-2.0 43.7919999999998 -1.5707963267948966 flow_9_3 0 5.0 2.0,-2.0 264.0 -1.5707963267948966 flow_9_7 0 5.0 2.0,6.0 3.041333333333477 1.5707963267948966 flow_2_0 0 5.0 2.0,-36.63004999999987 -10.0 0.0 flow_8_4 0 5.0 2.0,264.0 10.0 3.141592653589793 flow_10_7 0 5.0 2.0,-6.0 186.325 -1.5707963267948966 flow_3_6 0 5.0 2.0,51.2919999999998 2.0 3.141592653589793 flow_6_4 0 5.0 2.0,36.63004999999987 10.0 3.141592653589793 flow_10_4 0 5.0 2.0,2.0 -51.2919999999998 1.5707963267948966 flow_11_4 0 5.0 2.0,-147.0750000000002 6.0 3.141592653589793 flow_1_2 0 5.0 2.0,-10.0 186.325 -1.5707963267948966 flow_7_6 0 5.0 2.0,-102.97499999999991 -10.0 0.0 flow_8_5 0 5.0 2.0,-21.29199999999986 -2.0 0.0 flow_5_0 0 5.0 2.0,264.0 6.0 3.141592653589793 flow_1_7 0 5.0 2.0,7.1333400000000009 37.820878828660209 1.5707963267948966 flow_10_3 -1 5.0 2.0,-6.0 299.0 -1.5707963267948966 flow_3_8 0 5.0 2.0,-186.325 -6.0 0.0 flow_0_6 0 5.0 2.0,-230.42500000000025 6.0 3.141592653589793 flow_1_1 0 5.0 2.0,-299.0 -6.0 0.0 flow_0_8 0 5.0 2.0,-7.1333400000000009 -37.820878828660209 -1.5707963267948966 flow_8_3 -1 5.0 2.0,-2.0 299.0 -1.5707963267948966 flow_9_8 0 5.0 2.0,10.0 -102.97499999999991 1.5707963267948966 flow_4_5 0 5.0 2.0,119.66582882866021 -9.334 0.0 flow_4_2 1 5.0 2.0,6.0 -299.0 1.5707963267948966 flow_2_8 0 5.0 2.0,-33.29439999999988 -6.0 0.0 flow_0_4 0 5.0 2.0,-2.0 21.29199999999986 -1.5707963267948966 flow_9_0 0 5.0 2.0,-10.0 264.0 -1.5707963267948966 flow_7_7 0 5.0 2.0,2.0 -36.2919999999998 1.5707963267948966 flow_11_2 0 5.0 2.0,-6.0 50.52412326031097 -1.5707963267948966 flow_3_4 0 5.0 2.0,-119.66582882866021 10.0 3.141592653589793 flow_7_2 0 5.0 2.0,-2.6659999999999997 -203.01582882866024 -1.5707963267948966 flow_8_1 -1 5.0 2.0,-6.0 264.0 -1.5707963267948966 flow_3_7 0 5.0 2.0,-28.791999999999804 -2.0 0.0 flow_5_1 0 5.0 2.0,147.0750000000002 -2.0 0.0 flow_0_2 0 5.0 2.0,36.2919999999998 2.0 3.141592653589793 flow_6_2 0 5.0 2.0,10.0 -299.0 1.5707963267948966 flow_4_8 0 5.0 2.0,-6.0 40.5419999999998 -1.5707963267948966 flow_3_3 0 5.0 2.0,-264.0 -2.0 0.0 flow_5_7 0 5.0 2.0,6.0 -102.97499999999991 1.5707963267948966 flow_2_5 0 5.0 2.0,186.325 6.0 3.141592653589793 flow_1_6 0 5.0 2.0,10.0 -186.325 1.5707963267948966 flow_4_6 0 5.0 2.0,-51.2919999999998 -2.0 0.0 flow_5_4 0 5.0 2.0,37.6719216214952 -10.0 0.0 flow_4_3 0 5.0 2.0,-299.0 -10.0 0.0 flow_8_8 0 5.0 2.0,2.0 -299.0 1.5707963267948966 flow_11_8 0 5.0 2.0,-299.0 -2.0 0.0 flow_5_8 0 5.0 2.0,-37.820878828660209 10.0 3.141592653589793 flow_7_3 0 5.0 2.0,-102.97499999999991 -2.0 0.0 flow_5_5 0 5.0 2.0,-10.0 -286.3658288286603 -1.5707963267948966 flow_8_0 0 5.0 2.0,-186.325 -10.0 0.0 flow_8_6 0 5.0 2.0,-6.0 102.97499999999991 -1.5707963267948966 flow_3_5 0 5.0 2.0,272.16943036366367 -2.6659999999999997 0.0 flow_4_0 -1 5.0 2.0,188.26582882866024 -6.0 0.0 flow_4_1 0 5.0 2.0,6.0 -186.325 1.5707963267948966 flow_2_6 0 5.0 2.0,6.0 -40.5419999999998 1.5707963267948966 flow_2_3 0 5.0 2.0,-203.01582882866024 10.0 3.141592653589793 flow_7_1 0 5.0 2.0,6.0 -264.0 1.5707963267948966 flow_2_7 0 5.0 2.0,10.0 -264.0 1.5707963267948966 flow_4_7 0 5.0 2.0,-6.0 27.291999999999804 -1.5707963267948966 flow_3_2 0 5.0 2.0,6.0 -50.52412326031097 1.5707963267948966 flow_2_4 0 5.0 2.0,230.42500000000025 -2.0 0.0 flow_0_1 0 5.0 2.0,6.0 -27.291999999999804 1.5707963267948966 flow_2_2 0 5.0 2.0,299.0 6.0 3.141592653589793 flow_1_8 0 5.0 2.0,-2.0 28.791999999999804 -1.5707963267948966 flow_9_1 0 5.0 2.0,299.0 10.0 3.141592653589793 flow_10_8 0 5.0 2.0,2.0 -43.7919999999998 1.5707963267948966 flow_11_3 0 5.0 2.0,186.325 10.0 3.141592653589793 flow_10_6 0 5.0 2.0,21.29199999999986 2.0 3.141592653589793 flow_6_0 0 5.0 2.0,10.0 -36.63004999999987 1.5707963267948966 flow_4_4 0 5.0 2.0,;road_0_1_0 r r g,road_1_0_1 r g g,road_1_2_3 r g g,road_2_1_2 r r g,
2.0 -251.0 1.5707963267948966 flow_11_7 0 5.0 2.0,-10.0 296.0 -1.5707963267948966 flow_7_8 0 5.0 2.0,-2.0 51.2919999999998 -1.5707963267948966 flow_9_4 0 5.0 2.0,-2.0 36.2919999999998 -1.5707963267948966 flow_9_2 0 5.0 2.0,-251.0 -6.0 0.0 flow_0_7 0 5.0 2.0,86.3049999999999 10.0 3.141592653589793 flow_10_5 0 5.0 2.0,136.33582882866024 -10.0 0.0 flow_4_2 0 5.0 2.0,-2.0 169.65499999999998 -1.5707963267948966 flow_9_6 0 5.0 2.0,-10.0 -136.33582882866024 -1.5707963267948966 flow_8_2 0 5.0 2.0,2.0 219.68582882866026 1.5707963267948966 flow_10_1 0 5.0 2.0,2.0 -28.791999999999804 1.5707963267948966 flow_11_1 0 5.0 2.0,10.0 136.33582882866024 1.5707963267948966 flow_10_2 0 5.0 2.0,2.0 -86.71383294817724 1.5707963267948966 flow_11_5 0 5.0 2.0,-5.999999999999999 -12.70800000000014 -1.5707963267948964 flow_3_0 0 5.0 2.0,86.3049999999999 6.0 3.141592653589793 flow_1_5 0 5.0 2.0,-80.39500000000018 6.0 3.141592653589793 flow_1_3 0 5.0 2.0,-43.7919999999998 -2.0 0.0 flow_5_3 0 5.0 2.0,169.65499999999998 2.0 3.141592653589793 flow_6_6 0 5.0 2.0,2.0 -169.65499999999998 1.5707963267948966 flow_11_6 0 5.0 2.0,-36.2919999999998 -2.0 0.0 flow_5_2 0 5.0 2.0,-86.3049999999999 -6.0 0.0 flow_0_5 0 5.0 2.0,86.71383294817724 2.0 3.141592653589793 flow_6_5 0 5.0 2.0,-10.0 28.29674999999986 -1.5707963267948966 flow_7_4 0 5.0 2.0,-169.65499999999998 -2.0 0.0 flow_5_6 0 5.0 2.0,-10.0 86.3049999999999 -1.5707963267948966 flow_7_5 0 5.0 2.0,251.0 2.0 3.141592653589793 flow_6_7 0 5.0 2.0,6.0 53.15417882866021 1.5707963267948966 flow_10_3 0 5.0 2.0,-251.0 -10.0 0.0 flow_8_7 0 5.0 2.0,26.626399999999877 6.0 3.141592653589793 flow_1_4 0 5.0 2.0,296.0 2.0 3.141592653589793 flow_6_8 0 5.0 2.0,-2.0 86.71383294817724 -1.5707963267948966 flow_9_5 0 5.0 2.0,28.791999999999804 2.0 3.141592653589793 flow_6_1 0 5.0 2.0,43.7919999999998 2.0 3.141592653589793 flow_6_3 0 5.0 2.0,-6.0 5.250351258397259 -1.5707963267948966 flow_3_1 0 5.0 2.0,-2.0 -219.68582882866026 -1.5707963267948966 flow_8_1 0 5.0 2.0,6.0 -5.250351258397259 1.5707963267948966 flow_2_1 0 5.0 2.0,2.0 -21.29199999999986 1.5707963267948966 flow_11_0 0 5.0 2.0,-2.0 43.7919999999998 -1.5707963267948966 flow_9_3 0 5.0 2.0,-2.0 251.0 -1.5707963267948966 flow_9_7 0 5.0 2.0,5.999999999999999 12.70800000000014 1.5707963267948968 flow_2_0 0 5.0 2.0,-28.29674999999986 -10.0 0.0 flow_8_4 0 5.0 2.0,251.0 10.0 3.141592653589793 flow_10_7 0 5.0 2.0,-6.0 169.65499999999998 -1.5707963267948966 flow_3_6 0 5.0 2.0,51.2919999999998 2.0 3.141592653589793 flow_6_4 0 5.0 2.0,28.29674999999986 10.0 3.141592653589793 flow_10_4 0 5.0 2.0,-6.0 -53.15417882866021 -1.5707963267948966 flow_8_3 0 5.0 2.0,2.0 -51.2919999999998 1.5707963267948966 flow_11_4 0 5.0 2.0,-163.74500000000018 6.0 3.141592653589793 flow_1_2 0 5.0 2.0,-10.0 169.65499999999998 -1.5707963267948966 flow_7_6 0 5.0 2.0,-86.3049999999999 -10.0 0.0 flow_8_5 0 5.0 2.0,-21.29199999999986 -2.0 0.0 flow_5_0 0 5.0 2.0,251.0 6.0 3.141592653589793 flow_1_7 0 5.0 2.0,-6.0 296.0 -1.5707963267948966 flow_3_8 0 5.0 2.0,-169.65499999999998 -6.0 0.0 flow_0_6 0 5.0 2.0,-247.09500000000026 6.0 3.141592653589793 flow_1_1 0 5.0 2.0,-296.0 -6.0 0.0 flow_0_8 0 5.0 2.0,-2.0 296.0 -1.5707963267948966 flow_9_8 0 5.0 2.0,10.0 -86.3049999999999 1.5707963267948966 flow_4_5 0 5.0 2.0,80.39500000000018 -10.0 0.0 flow_0_3 0 5.0 2.0,6.0 -296.0 1.5707963267948966 flow_2_8 0 5.0 2.0,-26.626399999999877 -6.0 0.0 flow_0_4 0 5.0 2.0,-2.0 21.29199999999986 -1.5707963267948966 flow_9_0 0 5.0 2.0,-10.0 251.0 -1.5707963267948966 flow_7_7 0 5.0 2.0,2.0 -36.2919999999998 1.5707963267948966 flow_11_2 0 5.0 2.0,-6.0 48.07874810388941 -1.5707963267948966 flow_3_4 0 5.0 2.0,-136.33582882866024 10.0 3.141592653589793 flow_7_2 0 5.0 2.0,-6.0 251.0 -1.5707963267948966 flow_3_7 0 5.0 2.0,-28.791999999999804 -2.0 0.0 flow_5_1 0 5.0 2.0,288.83943036366369 -2.0 0.0 flow_4_0 0 5.0 2.0,163.74500000000018 -2.0 0.0 flow_0_2 0 5.0 2.0,36.2919999999998 2.0 3.141592653589793 flow_6_2 0 5.0 2.0,10.0 -296.0 1.5707963267948966 flow_4_8 0 5.0 2.0,-6.0 36.0419999999998 -1.5707963267948966 flow_3_3 0 5.0 2.0,-251.0 -2.0 0.0 flow_5_7 0 5.0 2.0,6.0 -86.59038147932015 1.5707963267948966 flow_2_5 0 5.0 2.0,169.65499999999998 6.0 3.141592653589793 flow_1_6 0 5.0 2.0,10.0 -169.65499999999998 1.5707963267948966 flow_4_6 0 5.0 2.0,-51.2919999999998 -2.0 0.0 flow_5_4 0 5.0 2.0,52.36596081074769 -10.0 0.0 flow_4_3 0 5.0 2.0,-296.0 -10.0 0.0 flow_8_8 0 5.0 2.0,2.0 -296.0 1.5707963267948966 flow_11_8 0 5.0 2.0,-296.0 -2.0 0.0 flow_5_8 0 5.0 2.0,-53.15417882866021 10.0 3.141592653589793 flow_7_3 0 5.0 2.0,-86.71383294817724 -2.0 0.0 flow_5_5 0 5.0 2.0,-169.65499999999998 -10.0 0.0 flow_8_6 0 5.0 2.0,-6.0 86.59038147932015 -1.5707963267948966 flow_3_5 0 5.0 2.0,204.68582882866026 -6.0 0.0 flow_4_1 0 5.0 2.0,6.0 -169.65499999999998 1.5707963267948966 flow_2_6 0 5.0 2.0,6.0 -36.0419999999998 1.5707963267948966 flow_2_3 0 5.0 2.0,-219.68582882866026 10.0 3.141592653589793 flow_7_1 0 5.0 2.0,6.0 -251.0 1.5707963267948966 flow_2_7 0 5.0 2.0,10.0 -251.0 1.5707963267948966 flow_4_7 0 5.0 2.0,-6.0 20.993391876399359 -1.5707963267948966 flow_3_2 0 5.0 2.0,6.0 -48.07874810388941 1.5707963267948966 flow_2_4 0 5.0 2.0,247.09500000000026 -2.0 0.0 flow_0_1 0 5.0 2.0,6.0 -20.993391876399359 1.5707963267948966 flow_2_2 0 5.0 2.0,296.0 6.0 3.141592653589793 flow_1_8 0 5.0 2.0,-2.0 28.791999999999804 -1.5707963267948966 flow_9_1 0 5.0 2.0,296.0 10.0 3.141592653589793 flow_10_8 0 5.0 2.0,2.0 -43.7919999999998 1.5707963267948966 flow_11_3 0 5.0 2.0,169.65499999999998 10.0 3.141592653589793 flow_10_6 0 5.0 2.0,21.29199999999986 2.0 3.141592653589793 flow_6_0 0 5.0 2.0,10.0 -28.29674999999986 1.5707963267948966 flow_4_4 0 5.0 2.0,;road_0_1_0 r r g,road_1_0_1 r g g,road_1_2_3 r g g,road_2_1_2 r r g,
2.0 -236.0 1.5707963267948966 flow_11_7 0 5.0 2.0,-10.0 291.0 -1.5707963267948966 flow_7_8 0 5.0 2.0,-2.0 51.2919999999998 -1.5707963267948966 flow_9_4 0 5.0 2.0,-2.0 36.2919999999998 -1.5707963267948966 flow_9_2 0 5.0 2.0,-236.0 -6.0 0.0 flow_0_7 0 5.0 2.0,69.63499999999988 10.0 3.141592653589793 flow_10_5 0 5.0 2.0,153.0058288286602 -10.0 0.0 flow_4_2 0 5.0 2.0,-2.0 152.98499999999997 -1.5707963267948966 flow_9_6 0 5.0 2.0,-10.0 -153.0058288286602 -1.5707963267948966 flow_8_2 0 5.0 2.0,5.334000000000001 236.35582882866027 1.5707963267948966 flow_10_1 1 5.0 2.0,2.0 -28.791999999999804 1.5707963267948966 flow_11_1 0 5.0 2.0,10.0 153.0058288286602 1.5707963267948966 flow_10_2 0 5.0 2.0,2.0 -73.1114988445319 1.5707963267948966 flow_11_5 0 5.0 2.0,-6.0 -24.374666666666813 -1.5707963267948966 flow_3_0 0 5.0 2.0,69.63499999999988 6.0 3.141592653589793 flow_1_5 0 5.0 2.0,-97.0650000000002 6.0 3.141592653589793 flow_1_3 0 5.0 2.0,-43.7919999999998 -2.0 0.0 flow_5_3 0 5.0 2.0,152.98499999999997 2.0 3.141592653589793 flow_6_6 0 5.0 2.0,2.0 -152.98499999999997 1.5707963267948966 flow_11_6 0 5.0 2.0,-36.2919999999998 -2.0 0.0 flow_5_2 0 5.0 2.0,-69.63499999999988 -6.0 0.0 flow_0_5 0 5.0 2.0,73.1114988445319 2.0 3.141592653589793 flow_6_5 0 5.0 2.0,-10.001921025350646 19.96350051833775 -1.6233793884058383 flow_7_4 0 5.0 2.0,-152.98499999999997 -2.0 0.0 flow_5_6 0 5.0 2.0,-10.0 69.63499999999988 -1.5707963267948966 flow_7_5 0 5.0 2.0,236.0 2.0 3.141592653589793 flow_6_7 0 5.0 2.0,6.0 69.6558288286602 1.5707963267948966 flow_10_3 0 5.0 2.0,-236.0 -10.0 0.0 flow_8_7 0 5.0 2.0,22.62559999999985 6.0 3.141592653589793 flow_1_4 0 5.0 2.0,291.0 2.0 3.141592653589793 flow_6_8 0 5.0 2.0,-2.0 73.1114988445319 -1.5707963267948966 flow_9_5 0 5.0 2.0,28.791999999999804 2.0 3.141592653589793 flow_6_1 0 5.0 2.0,43.7919999999998 2.0 3.141592653589793 flow_6_3 0 5.0 2.0,-6.0 -3.6454910374681059 -1.5707963267948966 flow_3_1 0 5.0 2.0,-5.334000000000001 -236.35582882866027 -1.5707963267948966 flow_8_1 1 5.0 2.0,6.0 3.6454910374681059 1.5707963267948966 flow_2_1 0 5.0 2.0,2.0 -21.29199999999986 1.5707963267948966 flow_11_0 0 5.0 2.0,-2.0 43.7919999999998 -1.5707963267948966 flow_9_3 0 5.0 2.0,-2.0 236.0 -1.5707963267948966 flow_9_7 0 5.0 2.0,6.0 24.374666666666813 1.5707963267948966 flow_2_0 0 5.0 2.0,-19.96350051833775 -10.001921025350646 -0.05258306161094157 flow_8_4 0 5.0 2.0,236.0 10.0 3.141592653589793 flow_10_7 0 5.0 2.0,-6.0 152.98499999999997 -1.5707963267948966 flow_3_6 0 5.0 2.0,51.2919999999998 2.0 3.141592653589793 flow_6_4 0 5.0 2.0,19.96350051833775 10.001921025350646 3.0890095919788518 flow_10_4 0 5.0 2.0,-6.0 -69.6558288286602 -1.5707963267948966 flow_8_3 0 5.0 2.0,2.0 -51.2919999999998 1.5707963267948966 flow_11_4 0 5.0 2.0,-180.4150000000002 6.0 3.141592653589793 flow_1_2 0 5.0 2.0,-10.0 152.98499999999997 -1.5707963267948966 flow_7_6 0 5.0 2.0,-69.63499999999988 -10.0 0.0 flow_8_5 0 5.0 2.0,-21.29199999999986 -2.0 0.0 flow_5_0 0 5.0 2.0,236.0 6.0 3.141592653589793 flow_1_7 0 5.0 2.0,-6.0 291.0 -1.5707963267948966 flow_3_8 0 5.0 2.0,-152.98499999999997 -6.0 0.0 flow_0_6 0 5.0 2.0,-263.76500000000029 6.0 3.141592653589793 flow_1_1 0 5.0 2.0,-291.0 -6.0 0.0 flow_0_8 0 5.0 2.0,-2.0 291.0 -1.5707963267948966 flow_9_8 0 5.0 2.0,10.0 -69.63499999999988 1.5707963267948966 flow_4_5 0 5.0 2.0,97.0650000000002 -10.0 0.0 flow_0_3 -1 5.0 2.0,6.0 -291.0 1.5707963267948966 flow_2_8 0 5.0 2.0,-22.62559999999985 -6.0 0.0 flow_0_4 0 5.0 2.0,-2.0 21.29199999999986 -1.5707963267948966 flow_9_0 0 5.0 2.0,-10.0 236.0 -1.5707963267948966 flow_7_7 0 5.0 2.0,2.0 -36.2919999999998 1.5707963267948966 flow_11_2 0 5.0 2.0,-6.0 43.65254539425894 -1.5707963267948966 flow_3_4 0 5.0 2.0,-153.0058288286602 10.0 3.141592653589793 flow_7_2 0 5.0 2.0,-6.0 236.0 -1.5707963267948966 flow_3_7 0 5.0 2.0,-28.791999999999804 -2.0 0.0 flow_5_1 0 5.0 2.0,180.4150000000002 -2.0 0.0 flow_0_2 0 5.0 2.0,36.2919999999998 2.0 3.141592653589793 flow_6_2 0 5.0 2.0,10.0 -291.0 1.5707963267948966 flow_4_8 0 5.0 2.0,-6.0 29.818043907299456 -1.5707963267948966 flow_3_3 0 5.0 2.0,-236.0 -2.0 0.0 flow_5_7 0 5.0 2.0,6.0 -72.18927909820764 1.5707963267948966 flow_2_5 0 5.0 2.0,152.98499999999997 6.0 3.141592653589793 flow_1_6 0 5.0 2.0,10.0 -152.98499999999997 1.5707963267948966 flow_4_6 0 5.0 2.0,-51.2919999999998 -2.0 0.0 flow_5_4 0 5.0 2.0,65.72576626822202 -7.726616375577269 0.0 flow_4_3 -1 5.0 2.0,-291.0 -10.0 0.0 flow_8_8 0 5.0 2.0,2.0 -291.0 1.5707963267948966 flow_11_8 0 5.0 2.0,-291.0 -2.0 0.0 flow_5_8 0 5.0 2.0,-69.6558288286602 10.0 3.141592653589793 flow_7_3 0 5.0 2.0,-73.1114988445319 -2.0 0.0 flow_5_5 0 5.0 2.0,-152.98499999999997 -10.0 0.0 flow_8_6 0 5.0 2.0,-6.0 72.18927909820764 -1.5707963267948966 flow_3_5 0 5.0 2.0,220.0617647906621 -6.0 0.0 flow_4_1 0 5.0 2.0,6.0 -152.98499999999997 1.5707963267948966 flow_2_6 0 5.0 2.0,6.0 -29.818043907299456 1.5707963267948966 flow_2_3 0 5.0 2.0,-236.35582882866027 10.0 3.141592653589793 flow_7_1 0 5.0 2.0,6.0 -236.0 1.5707963267948966 flow_2_7 0 5.0 2.0,10.0 -236.0 1.5707963267948966 flow_4_7 0 5.0 2.0,-6.0 13.840617086132284 -1.5707963267948966 flow_3_2 0 5.0 2.0,6.0 -43.65254539425894 1.5707963267948966 flow_2_4 0 5.0 2.0,263.76500000000029 -5.334000000000001 0.0 flow_0_1 1 5.0 2.0,6.0 -13.840617086132284 1.5707963267948966 flow_2_2 0 5.0 2.0,291.0 6.0 3.141592653589793 flow_1_8 0 5.0 2.0,-2.0 28.791999999999804 -1.5707963267948966 flow_9_1 0 5.0 2.0,291.0 10.0 3.141592653589793 flow_10_8 0 5.0 2.0,2.0 -43.7919999999998 1.5707963267948966 flow_11_3 0 5.0 2.0,152.98499999999997 10.0 3.141592653589793 flow_10_6 0 5.0 2.0,21.29199999999986 2.0 3.141592653589793 flow_6_0 0 5.0 2.0,10.001921025350646 -19.96350051833775 1.518213265183955 flow_4_4 0 5.0 2.0,;road_0_1_0 r r g,road_1_0_1 r g g,road_1_2_3 r g g,road_2_1_2 r r g,
6.0 253.02582882866029 1.5707963267948966 flow_10_1 0 5.0 2.0,2.0 -219.665 1.5707963267948966 flow_11_7 0 5.0 2.0,-10.0 284.0 -1.5707963267948966 flow_7_8 0 5.0 2.0,-2.0 51.2919999999998 -1.5707963267948966 flow_9_4 0 5.0 2.0,-2.0 36.2919999999998 -1.5707963267948966 flow_9_2 0 5.0 2.0,-219.665 -6.0 0.0 flow_0_7 0 5.0 2.0,280.4350000000003 -6.0 0.0 flow_0_1 0 5.0 2.0,55.21499999999986 10.0 3.141592653589793 flow_10_5 0 5.0 2.0,169.6758288286602 -10.0 0.0 flow_4_2 0 5.0 2.0,-2.0 136.31499999999995 -1.5707963267948966 flow_9_6 0 5.0 2.0,-10.0 -169.6758288286602 -1.5707963267948966 flow_8_2 0 5.0 2.0,2.0 -28.791999999999804 1.5707963267948966 flow_11_1 0 5.0 2.0,78.09268439033568 -6.0 0.0 flow_4_3 0 5.0 2.0,10.0 169.6758288286602 1.5707963267948966 flow_10_2 0 5.0 2.0,2.0 -64.00916474088655 1.5707963267948966 flow_11_5 0 5.0 2.0,-3.0666666666666666 -38.04133333333348 -1.5707963267948966 flow_3_0 -1 5.0 2.0,54.63199999999986 6.0 3.141592653589793 flow_1_5 0 5.0 2.0,-113.73500000000019 6.0 3.141592653589793 flow_1_3 0 5.0 2.0,-43.7919999999998 -2.0 0.0 flow_5_3 0 5.0 2.0,136.31499999999995 2.0 3.141592653589793 flow_6_6 0 5.0 2.0,2.0 -136.31499999999995 1.5707963267948966 flow_11_6 0 5.0 2.0,-36.2919999999998 -2.0 0.0 flow_5_2 0 5.0 2.0,-54.63199999999986 -6.0 0.0 flow_0_5 0 5.0 2.0,64.00916474088655 2.0 3.141592653589793 flow_6_5 0 5.0 2.0,-13.476783965535605 11.700813119107233 -2.4558631426835069 flow_7_4 0 5.0 2.0,-136.31499999999995 -2.0 0.0 flow_5_6 0 5.0 2.0,-10.0 55.21499999999986 -1.5707963267948966 flow_7_5 0 5.0 2.0,219.665 2.0 3.141592653589793 flow_6_7 0 5.0 2.0,6.0 86.3258288286602 1.5707963267948966 flow_10_3 0 5.0 2.0,-219.665 -10.0 0.0 flow_8_7 0 5.0 2.0,21.29199999999986 6.0 3.141592653589793 flow_1_4 0 5.0 2.0,284.0 2.0 3.141592653589793 flow_6_8 0 5.0 2.0,-2.0 64.00916474088655 -1.5707963267948966 flow_9_5 0 5.0 2.0,28.791999999999804 2.0 3.141592653589793 flow_6_1 0 5.0 2.0,43.7919999999998 2.0 3.141592653589793 flow_6_3 0 5.0 2.0,-5.999999999999999 -14.426745518734123 -1.5707963267948968 flow_3_1 0 5.0 2.0,5.999999999999999 14.426745518734123 1.5707963267948964 flow_2_1 0 5.0 2.0,2.0 -21.29199999999986 1.5707963267948966 flow_11_0 0 5.0 2.0,-2.0 43.7919999999998 -1.5707963267948966 flow_9_3 0 5.0 2.0,-2.0 219.665 -1.5707963267948966 flow_9_7 0 5.0 2.0,3.0666666666666666 38.04133333333348 1.5707963267948966 flow_2_0 -1 5.0 2.0,-11.700813119107233 -13.476783965535605 -0.8850668158886099 flow_8_4 0 5.0 2.0,219.665 10.0 3.141592653589793 flow_10_7 0 5.0 2.0,-6.0 136.31499999999995 -1.5707963267948966 flow_3_6 0 5.0 2.0,51.2919999999998 2.0 3.141592653589793 flow_6_4 0 5.0 2.0,11.700813119107233 13.476783965535605 2.2565258377011836 flow_10_4 0 5.0 2.0,-6.0 -86.3258288286602 -1.5707963267948966 flow_8_3 0 5.0 2.0,2.0 -51.2919999999998 1.5707963267948966 flow_11_4 0 5.0 2.0,-197.0850000000002 6.0 3.141592653589793 flow_1_2 0 5.0 2.0,-10.0 136.31499999999995 -1.5707963267948966 flow_7_6 0 5.0 2.0,-55.21499999999986 -10.0 0.0 flow_8_5 0 5.0 2.0,-21.29199999999986 -2.0 0.0 flow_5_0 0 5.0 2.0,219.665 6.0 3.141592653589793 flow_1_7 0 5.0 2.0,-6.0 284.0 -1.5707963267948966 flow_3_8 0 5.0 2.0,-136.31499999999995 -6.0 0.0 flow_0_6 0 5.0 2.0,-280.4350000000003 6.0 3.141592653589793 flow_1_1 0 5.0 2.0,-284.0 -6.0 0.0 flow_0_8 0 5.0 2.0,-2.0 284.0 -1.5707963267948966 flow_9_8 0 5.0 2.0,10.0 -55.21499999999986 1.5707963267948966 flow_4_5 0 5.0 2.0,113.73500000000019 -6.666 0.0 flow_0_3 -1 5.0 2.0,-6.0 -253.02582882866029 -1.5707963267948966 flow_8_1 0 5.0 2.0,6.0 -284.0 1.5707963267948966 flow_2_8 0 5.0 2.0,-21.29199999999986 -6.0 0.0 flow_0_4 0 5.0 2.0,-2.0 21.29199999999986 -1.5707963267948966 flow_9_0 0 5.0 2.0,-10.0 219.665 -1.5707963267948966 flow_7_7 0 5.0 2.0,2.0 -36.2919999999998 1.5707963267948966 flow_11_2 0 5.0 2.0,-6.0 37.67930562760415 -1.5707963267948966 flow_3_4 0 5.0 2.0,-169.6758288286602 10.0 3.141592653589793 flow_7_2 0 5.0 2.0,-6.0 219.665 -1.5707963267948966 flow_3_7 0 5.0 2.0,-28.791999999999804 -2.0 0.0 flow_5_1 0 5.0 2.0,197.0850000000002 -2.0 0.0 flow_0_2 0 5.0 2.0,36.2919999999998 2.0 3.141592653589793 flow_6_2 0 5.0 2.0,10.0 -284.0 1.5707963267948966 flow_4_8 0 5.0 2.0,-6.0 22.541136799149116 -1.5707963267948966 flow_3_3 0 5.0 2.0,-219.665 -2.0 0.0 flow_5_7 0 5.0 2.0,6.0 -60.511715389119618 1.5707963267948966 flow_2_5 0 5.0 2.0,136.31499999999995 6.0 3.141592653589793 flow_1_6 0 5.0 2.0,10.0 -136.31499999999995 1.5707963267948966 flow_4_6 0 5.0 2.0,-51.2919999999998 -2.0 0.0 flow_5_4 0 5.0 2.0,-284.0 -10.0 0.0 flow_8_8 0 5.0 2.0,2.0 -284.0 1.5707963267948966 flow_11_8 0 5.0 2.0,-284.0 -2.0 0.0 flow_5_8 0 5.0 2.0,-86.3258288286602 10.0 3.141592653589793 flow_7_3 0 5.0 2.0,-64.00916474088655 -2.0 0.0 flow_5_5 0 5.0 2.0,-136.31499999999995 -10.0 0.0 flow_8_6 0 5.0 2.0,-6.0 60.511715389119618 -1.5707963267948966 flow_3_5 0 5.0 2.0,235.14363671466578 -6.0 0.0 flow_4_1 1 5.0 2.0,6.0 -136.31499999999995 1.5707963267948966 flow_2_6 0 5.0 2.0,6.0 -22.541136799149116 1.5707963267948966 flow_2_3 0 5.0 2.0,-253.02582882866029 10.0 3.141592653589793 flow_7_1 0 5.0 2.0,6.0 -219.665 1.5707963267948966 flow_2_7 0 5.0 2.0,10.0 -219.665 1.5707963267948966 flow_4_7 0 5.0 2.0,-6.0 5.373602450365745 -1.5707963267948966 flow_3_2 0 5.0 2.0,6.0 -37.67930562760415 1.5707963267948966 flow_2_4 0 5.0 2.0,6.0 -5.373602450365745 1.5707963267948966 flow_2_2 0 5.0 2.0,284.0 6.0 3.141592653589793 flow_1_8 0 5.0 2.0,-2.0 28.791999999999804 -1.5707963267948966 flow_9_1 0 5.0 2.0,284.0 10.0 3.141592653589793 flow_10_8 0 5.0 2.0,2.0 -43.7919999999998 1.5707963267948966 flow_11_3 0 5.0 2.0,136.31499999999995 10.0 3.141592653589793 flow_10_6 0 5.0 2.0,21.29199999999986 2.0 3.141592653589793 flow_6_0 0 5.0 2.0,13.476783965535605 -11.700813119107233 0.6857295109062868 flow_4_4 0 5.0 2.0,;road_0_1_0 r r g,road_1_0_1 r g g,road_1_2_3 r g g,road_2_1_2 r r g,
6.0 269.6958288286603 1.5707963267948966 flow_10_1 0 5.0 2.0,2.0 -202.995 1.5707963267948966 flow_11_7 0 5.0 2.0,-10.0 275.0 -1.5707963267948966 flow_7_8 0 5.0 2.0,-2.0 51.2919999999998 -1.5707963267948966 flow_9_4 0 5.0 2.0,-2.0 36.2919999999998 -1.5707963267948966 flow_9_2 0 5.0 2.0,-202.995 -6.0 0.0 flow_0_7 0 5.0 2.0,297.1050000000003 -6.0 0.0 flow_0_1 0 5.0 2.0,44.96334999999985 10.0 3.141592653589793 flow_10_5 0 5.0 2.0,186.34582882866023 -10.0 0.0 flow_4_2 0 5.0 2.0,-2.0 119.64499999999993 -1.5707963267948966 flow_9_6 0 5.0 2.0,-10.0 -186.34582882866023 -1.5707963267948966 flow_8_2 0 5.0 2.0,2.0 -28.791999999999804 1.5707963267948966 flow_11_1 0 5.0 2.0,92.45960251244932 -2.926616375577268 0.0 flow_4_3 -1 5.0 2.0,10.0 186.34582882866023 1.5707963267948966 flow_10_2 0 5.0 2.0,2.0 -59.4068306372412 1.5707963267948966 flow_11_5 0 5.0 2.0,42.62959999999987 6.0 3.141592653589793 flow_1_5 0 5.0 2.0,-130.4050000000002 6.0 3.141592653589793 flow_1_3 0 5.0 2.0,-43.7919999999998 -2.0 0.0 flow_5_3 0 5.0 2.0,119.64499999999993 2.0 3.141592653589793 flow_6_6 0 5.0 2.0,2.0 -119.64499999999993 1.5707963267948966 flow_11_6 0 5.0 2.0,-36.2919999999998 -2.0 0.0 flow_5_2 0 5.0 2.0,-42.62959999999987 -6.0 0.0 flow_0_5 0 5.0 2.0,59.4068306372412 2.0 3.141592653589793 flow_6_5 0 5.0 2.0,-24.487578828660206 10.0 3.141592653589793 flow_7_4 0 5.0 2.0,-119.64499999999993 -2.0 0.0 flow_5_6 0 5.0 2.0,130.4050000000002 -6.0 0.0 flow_0_3 0 5.0 2.0,-10.0 44.96334999999985 -1.5707963267948966 flow_7_5 0 5.0 2.0,202.995 2.0 3.141592653589793 flow_6_7 0 5.0 2.0,6.0 102.9958288286602 1.5707963267948966 flow_10_3 0 5.0 2.0,-202.995 -10.0 0.0 flow_8_7 0 5.0 2.0,21.29199999999986 6.0 3.141592653589793 flow_1_4 0 5.0 2.0,275.0 2.0 3.141592653589793 flow_6_8 0 5.0 2.0,-2.0 59.4068306372412 -1.5707963267948966 flow_9_5 0 5.0 2.0,28.791999999999804 2.0 3.141592653589793 flow_6_1 0 5.0 2.0,43.7919999999998 2.0 3.141592653589793 flow_6_3 0 5.0 2.0,-6.0 -27.150706092700469 -1.5707963267948966 flow_3_1 0 5.0 2.0,6.0 27.150706092700469 1.5707963267948966 flow_2_1 0 5.0 2.0,2.0 -21.29199999999986 1.5707963267948966 flow_11_0 0 5.0 2.0,-2.0 43.7919999999998 -1.5707963267948966 flow_9_3 0 5.0 2.0,-2.0 202.995 -1.5707963267948966 flow_9_7 0 5.0 2.0,-10.0 -24.487578828660206 -1.5707963267948966 flow_8_4 0 5.0 2.0,202.995 10.0 3.141592653589793 flow_10_7 0 5.0 2.0,-6.0 119.64499999999993 -1.5707963267948966 flow_3_6 0 5.0 2.0,51.2919999999998 2.0 3.141592653589793 flow_6_4 0 5.0 2.0,10.0 24.487578828660206 1.5707963267948966 flow_10_4 0 5.0 2.0,-6.0 -102.9958288286602 -1.5707963267948966 flow_8_3 0 5.0 2.0,2.0 -51.2919999999998 1.5707963267948966 flow_11_4 0 5.0 2.0,-213.75500000000023 6.0 3.141592653589793 flow_1_2 0 5.0 2.0,-10.0 119.64499999999993 -1.5707963267948966 flow_7_6 0 5.0 2.0,-44.96334999999985 -10.0 0.0 flow_8_5 0 5.0 2.0,-21.29199999999986 -2.0 0.0 flow_5_0 0 5.0 2.0,202.995 6.0 3.141592653589793 flow_1_7 0 5.0 2.0,-6.0 275.0 -1.5707963267948966 flow_3_8 0 5.0 2.0,-119.64499999999993 -6.0 0.0 flow_0_6 0 5.0 2.0,-297.1050000000003 6.0 3.141592653589793 flow_1_1 0 5.0 2.0,-275.0 -6.0 0.0 flow_0_8 0 5.0 2.0,2.0 53.70800000000015 1.5707963267948966 flow_2_0 0 5.0 2.0,-2.0 275.0 -1.5707963267948966 flow_9_8 0 5.0 2.0,10.0 -44.96334999999985 1.5707963267948966 flow_4_5 0 5.0 2.0,-6.0 -269.6958288286603 -1.5707963267948966 flow_8_1 0 5.0 2.0,6.0 -275.0 1.5707963267948966 flow_2_8 0 5.0 2.0,-21.29199999999986 -6.0 0.0 flow_0_4 0 5.0 2.0,-2.0 21.29199999999986 -1.5707963267948966 flow_9_0 0 5.0 2.0,-10.0 202.995 -1.5707963267948966 flow_7_7 0 5.0 2.0,2.0 -36.2919999999998 1.5707963267948966 flow_11_2 0 5.0 2.0,-6.0 30.79099443633902 -1.5707963267948966 flow_3_4 0 5.0 2.0,-186.34582882866023 10.0 3.141592653589793 flow_7_2 0 5.0 2.0,-6.0 202.995 -1.5707963267948966 flow_3_7 0 5.0 2.0,-28.791999999999804 -2.0 0.0 flow_5_1 0 5.0 2.0,213.75500000000023 -2.0 0.0 flow_0_2 0 5.0 2.0,36.2919999999998 2.0 3.141592653589793 flow_6_2 0 5.0 2.0,10.0 -275.0 1.5707963267948966 flow_4_8 0 5.0 2.0,-2.0 -53.70800000000015 -1.5707963267948966 flow_3_0 0 5.0 2.0,-6.0 14.3406159658158 -1.5707963267948966 flow_3_3 0 5.0 2.0,-202.995 -2.0 0.0 flow_5_7 0 5.0 2.0,6.0 -50.43943749456275 1.5707963267948966 flow_2_5 0 5.0 2.0,119.64499999999993 6.0 3.141592653589793 flow_1_6 0 5.0 2.0,10.0 -119.64499999999993 1.5707963267948966 flow_4_6 0 5.0 2.0,-51.2919999999998 -2.0 0.0 flow_5_4 0 5.0 2.0,-275.0 -10.0 0.0 flow_8_8 0 5.0 2.0,2.0 -275.0 1.5707963267948966 flow_11_8 0 5.0 2.0,-275.0 -2.0 0.0 flow_5_8 0 5.0 2.0,-102.9958288286602 10.0 3.141592653589793 flow_7_3 0 5.0 2.0,-59.4068306372412 -2.0 0.0 flow_5_5 0 5.0 2.0,-119.64499999999993 -10.0 0.0 flow_8_6 0 5.0 2.0,-6.0 50.43943749456275 -1.5707963267948966 flow_3_5 0 5.0 2.0,251.51957267666763 -9.334 0.0 flow_4_1 1 5.0 2.0,6.0 -119.64499999999993 1.5707963267948966 flow_2_6 0 5.0 2.0,6.0 -14.3406159658158 1.5707963267948966 flow_2_3 0 5.0 2.0,-269.6958288286603 10.0 3.141592653589793 flow_7_1 0 5.0 2.0,6.0 -202.995 1.5707963267948966 flow_2_7 0 5.0 2.0,10.0 -202.995 1.5707963267948966 flow_4_7 0 5.0 2.0,-6.0 -4.721885154500691 -1.5707963267948966 flow_3_2 0 5.0 2.0,6.0 -30.79099443633902 1.5707963267948966 flow_2_4 0 5.0 2.0,6.0 4.721885154500691 1.5707963267948966 flow_2_2 0 5.0 2.0,275.0 6.0 3.141592653589793 flow_1_8 0 5.0 2.0,-2.0 28.791999999999804 -1.5707963267948966 flow_9_1 0 5.0 2.0,275.0 10.0 3.141592653589793 flow_10_8 0 5.0 2.0,2.0 -43.7919999999998 1.5707963267948966 flow_11_3 0 5.0 2.0,119.64499999999993 10.0 3.141592653589793 flow_10_6 0 5.0 2.0,21.29199999999986 2.0 3.141592653589793 flow_6_0 0 5.0 2.0,24.487578828660206 -10.0 0.0 flow_4_4 0 5.0 2.0,;road_0_1_0 r r g,road_1_0_1 r g g,road_1_2_3 r g g,road_2_1_2 r r g,
6.0 286.3658288286603 1.5707963267948966 flow_10_1 0 5.0 2.0,2.0 -186.325 1.5707963267948966 flow_11_7 0 5.0 2.0,-10.0 264.0 -1.5707963267948966 flow_7_8 0 5.0 2.0,-2.0 51.2919999999998 -1.5707963267948966 flow_9_4 0 5.0 2.0,-2.0 36.2919999999998 -1.5707963267948966 flow_9_2 0 5.0 2.0,-186.325 -6.0 0.0 flow_0_7 0 5.0 2.0,299.0 6.0 3.141592653589793 flow_1_9 0 5.0 2.0,36.63004999999987 10.0 3.141592653589793 flow_10_5 0 5.0 2.0,203.01582882866024 -10.0 0.0 flow_4_2 0 5.0 2.0,-2.0 102.97499999999991 -1.5707963267948966 flow_9_6 0 5.0 2.0,-10.0 -203.01582882866024 -1.5707963267948966 flow_8_2 0 5.0 2.0,2.0 -28.791999999999804 1.5707963267948966 flow_11_1 0 5.0 2.0,10.0 203.01582882866024 1.5707963267948966 flow_10_2 0 5.0 2.0,2.0 -58.791999999999777 1.5707963267948966 flow_11_5 0 5.0 2.0,33.90380486671046 6.0 3.141592653589793 flow_1_5 0 5.0 2.0,-147.0750000000002 6.0 3.141592653589793 flow_1_3 0 5.0 2.0,-43.7919999999998 -2.0 0.0 flow_5_3 0 5.0 2.0,102.97499999999991 2.0 3.141592653589793 flow_6_6 0 5.0 2.0,2.0 -102.97499999999991 1.5707963267948966 flow_11_6 0 5.0 2.0,-36.2919999999998 -2.0 0.0 flow_5_2 0 5.0 2.0,-33.90380486671046 -6.0 0.0 flow_0_5 0 5.0 2.0,58.791999999999777 2.0 3.141592653589793 flow_6_5 0 5.0 2.0,-299.0 -6.0 0.0 flow_0_9 0 5.0 2.0,-37.820878828660209 7.1333400000000009 3.141592653589793 flow_7_4 -1 5.0 2.0,-102.97499999999991 -2.0 0.0 flow_5_6 0 5.0 2.0,147.0750000000002 -6.0 0.0 flow_0_3 0 5.0 2.0,-10.0 36.63004999999987 -1.5707963267948966 flow_7_5 0 5.0 2.0,186.325 2.0 3.141592653589793 flow_6_7 0 5.0 2.0,6.0 119.66582882866021 1.5707963267948966 flow_10_3 0 5.0 2.0,-186.325 -10.0 0.0 flow_8_7 0 5.0 2.0,21.29199999999986 6.0 3.141592653589793 flow_1_4 0 5.0 2.0,264.0 2.0 3.141592653589793 flow_6_8 0 5.0 2.0,-2.0 58.791999999999777 -1.5707963267948966 flow_9_5 0 5.0 2.0,28.791999999999804 2.0 3.141592653589793 flow_6_1 0 5.0 2.0,43.7919999999998 2.0 3.141592653589793 flow_6_3 0 5.0 2.0,-6.0 -41.85556869756692 -1.5707963267948966 flow_3_1 1 5.0 2.0,6.0 41.85556869756692 1.5707963267948966 flow_2_1 1 5.0 2.0,2.0 -21.29199999999986 1.5707963267948966 flow_11_0 0 5.0 2.0,-2.0 43.7919999999998 -1.5707963267948966 flow_9_3 0 5.0 2.0,-2.0 186.325 -1.5707963267948966 flow_9_7 0 5.0 2.0,-10.0 -37.820878828660209 -1.5707963267948966 flow_8_4 0 5.0 2.0,186.325 10.0 3.141592653589793 flow_10_7 0 5.0 2.0,299.0 10.0 3.141592653589793 flow_10_9 0 5.0 2.0,-6.0 102.97499999999991 -1.5707963267948966 flow_3_6 0 5.0 2.0,51.2919999999998 2.0 3.141592653589793 flow_6_4 0 5.0 2.0,10.0 37.820878828660209 1.5707963267948966 flow_10_4 0 5.0 2.0,-6.0 -119.66582882866021 -1.5707963267948966 flow_8_3 0 5.0 2.0,2.0 -51.2919999999998 1.5707963267948966 flow_11_4 0 5.0 2.0,268.18957267666766 -10.0 0.0 flow_4_1 0 5.0 2.0,-230.42500000000025 6.0 3.141592653589793 flow_1_2 0 5.0 2.0,-299.0 -2.0 0.0 flow_5_9 0 5.0 2.0,-10.0 102.97499999999991 -1.5707963267948966 flow_7_6 0 5.0 2.0,-36.63004999999987 -10.0 0.0 flow_8_5 0 5.0 2.0,-21.29199999999986 -2.0 0.0 flow_5_0 0 5.0 2.0,6.0 -299.0 1.5707963267948966 flow_2_9 0 5.0 2.0,186.325 6.0 3.141592653589793 flow_1_7 0 5.0 2.0,-6.0 264.0 -1.5707963267948966 flow_3_8 0 5.0 2.0,-102.97499999999991 -6.0 0.0 flow_0_6 0 5.0 2.0,-264.0 -6.0 0.0 flow_0_8 0 5.0 2.0,2.0 70.37633333333349 1.5707963267948966 flow_2_0 0 5.0 2.0,-2.0 264.0 -1.5707963267948966 flow_9_8 0 5.0 2.0,10.0 -36.63004999999987 1.5707963267948966 flow_4_5 0 5.0 2.0,-6.0 -286.3658288286603 -1.5707963267948966 flow_8_1 0 5.0 2.0,6.0 -264.0 1.5707963267948966 flow_2_8 0 5.0 2.0,-21.29199999999986 -6.0 0.0 flow_0_4 0 5.0 2.0,-2.0 21.29199999999986 -1.5707963267948966 flow_9_0 0 5.0 2.0,-299.0 -10.0 0.0 flow_8_9 0 5.0 2.0,-10.0 186.325 -1.5707963267948966 flow_7_7 0 5.0 2.0,2.0 -36.2919999999998 1.5707963267948966 flow_11_2 0 5.0 2.0,-6.0 23.015674992744097 -1.5707963267948966 flow_3_4 0 5.0 2.0,-203.01582882866024 10.0 3.141592653589793 flow_7_2 0 5.0 2.0,-6.0 186.325 -1.5707963267948966 flow_3_7 0 5.0 2.0,-28.791999999999804 -2.0 0.0 flow_5_1 0 5.0 2.0,230.42500000000025 -2.0 0.0 flow_0_2 0 5.0 2.0,36.2919999999998 2.0 3.141592653589793 flow_6_2 0 5.0 2.0,10.0 -299.0 1.5707963267948966 flow_4_9 0 5.0 2.0,-10.0 299.0 -1.5707963267948966 flow_7_9 0 5.0 2.0,10.0 -264.0 1.5707963267948966 flow_4_8 0 5.0 2.0,-2.0 -70.37633333333349 -1.5707963267948966 flow_3_0 0 5.0 2.0,-6.0 4.785493504440943 -1.5707963267948966 flow_3_3 0 5.0 2.0,-186.325 -2.0 0.0 flow_5_7 0 5.0 2.0,108.47806157350617 -2.0 0.0 flow_4_3 0 5.0 2.0,6.0 -41.24914213031542 1.5707963267948966 flow_2_5 0 5.0 2.0,102.97499999999991 6.0 3.141592653589793 flow_1_6 0 5.0 2.0,10.0 -102.97499999999991 1.5707963267948966 flow_4_6 0 5.0 2.0,-51.2919999999998 -2.0 0.0 flow_5_4 0 5.0 2.0,-264.0 -10.0 0.0 flow_8_8 0 5.0 2.0,2.0 -264.0 1.5707963267948966 flow_11_8 0 5.0 2.0,-264.0 -2.0 0.0 flow_5_8 0 5.0 2.0,-119.66582882866021 10.0 3.141592653589793 flow_7_3 0 5.0 2.0,-58.791999999999777 -2.0 0.0 flow_5_5 0 5.0 2.0,2.0 -299.0 1.5707963267948966 flow_11_9 0 5.0 2.0,-102.97499999999991 -10.0 0.0 flow_8_6 0 5.0 2.0,-6.0 41.24914213031542 -1.5707963267948966 flow_3_5 0 5.0 2.0,-6.0 299.0 -1.5707963267948966 flow_3_9 0 5.0 2.0,6.0 -102.97499999999991 1.5707963267948966 flow_2_6 0 5.0 2.0,6.0 -4.785493504440943 1.5707963267948966 flow_2_3 0 5.0 2.0,-286.3658288286603 10.0 3.141592653589793 flow_7_1 0 5.0 2.0,6.0 -186.325 1.5707963267948966 flow_2_7 0 5.0 2.0,-2.0 299.0 -1.5707963267948966 flow_9_9 0 5.0 2.0,10.0 -186.325 1.5707963267948966 flow_4_7 0 5.0 2.0,-6.0 -16.617285767092164 -1.5707963267948968 flow_3_2 0 5.0 2.0,6.0 -23.015674992744097 1.5707963267948966 flow_2_4 0 5.0 2.0,6.0 16.617285767092164 1.5707963267948964 flow_2_2 0 5.0 2.0,299.0 2.0 3.141592653589793 flow_6_9 0 5.0 2.0,264.0 6.0 3.141592653589793 flow_1_8 0 5.0 2.0,-2.0 28.791999999999804 -1.5707963267948966 flow_9_1 0 5.0 2.0,264.0 10.0 3.141592653589793 flow_10_8 0 5.0 2.0,2.0 -43.7919999999998 1.5707963267948966 flow_11_3 0 5.0 2.0,102.97499999999991 10.0 3.141592653589793 flow_10_6 0 5.0 2.0,21.29199999999986 2.0 3.141592653589793 flow_6_0 0 5.0 2.0,37.820878828660209 -10.0 0.0 flow_4_4 0 5.0 2.0,;road_0_1_0 r r g,road_1_0_1 r g g,road_1_2_3 r g g,road_2_1_2 r r g,
2.0 -169.65499999999998 1.5707963267948966 flow_11_7 0 5.0 2.0,-10.0 251.0 -1.5707963267948966 flow_7_8 0 5.0 2.0,-2.0 51.2919999999998 -1.5707963267948966 flow_9_4 0 5.0 2.0,-2.0 36.2919999999998 -1.5707963267948966 flow_9_2 0 5.0 2.0,-169.65499999999998 -6.0 0.0 flow_0_7 0 5.0 2.0,296.0 6.0 3.141592653589793 flow_1_9 0 5.0 2.0,28.29674999999986 10.0 3.141592653589793 flow_10_5 0 5.0 2.0,219.68582882866026 -6.666 0.0 flow_4_2 -1 5.0 2.0,-2.0 87.69972722097998 -1.5707963267948966 flow_9_6 0 5.0 2.0,-10.0 -219.68582882866026 -1.5707963267948966 flow_8_2 0 5.0 2.0,2.0 -28.791999999999804 1.5707963267948966 flow_11_1 0 5.0 2.0,10.0 219.68582882866026 1.5707963267948966 flow_10_2 0 5.0 2.0,2.0 -58.791999999999777 1.5707963267948966 flow_11_5 0 5.0 2.0,29.371014600131674 6.0 3.141592653589793 flow_1_5 0 5.0 2.0,-163.74500000000018 6.0 3.141592653589793 flow_1_3 0 5.0 2.0,-43.7919999999998 -2.0 0.0 flow_5_3 0 5.0 2.0,87.69972722097998 2.0 3.141592653589793 flow_6_6 0 5.0 2.0,2.0 -87.69972722097998 1.5707963267948966 flow_11_6 0 5.0 2.0,-36.2919999999998 -2.0 0.0 flow_5_2 0 5.0 2.0,-29.371014600131674 -6.0 0.0 flow_0_5 0 5.0 2.0,58.791999999999777 2.0 3.141592653589793 flow_6_5 0 5.0 2.0,-296.0 -6.0 0.0 flow_0_9 0 5.0 2.0,-87.69972722097998 -2.0 0.0 flow_5_6 0 5.0 2.0,163.74500000000018 -6.0 0.0 flow_0_3 0 5.0 2.0,-10.0 28.29674999999986 -1.5707963267948966 flow_7_5 0 5.0 2.0,169.65499999999998 2.0 3.141592653589793 flow_6_7 0 5.0 2.0,6.0 136.33582882866024 1.5707963267948966 flow_10_3 0 5.0 2.0,-169.65499999999998 -10.0 0.0 flow_8_7 0 5.0 2.0,21.29199999999986 6.0 3.141592653589793 flow_1_4 0 5.0 2.0,251.0 2.0 3.141592653589793 flow_6_8 0 5.0 2.0,-2.0 58.791999999999777 -1.5707963267948966 flow_9_5 0 5.0 2.0,28.791999999999804 2.0 3.141592653589793 flow_6_1 0 5.0 2.0,43.7919999999998 2.0 3.141592653589793 flow_6_3 0 5.0 2.0,-6.0 -58.04300000000015 -1.5707963267948966 flow_3_1 1 5.0 2.0,6.0 58.04300000000015 1.5707963267948966 flow_2_1 1 5.0 2.0,2.0 -21.29199999999986 1.5707963267948966 flow_11_0 0 5.0 2.0,-2.0 43.7919999999998 -1.5707963267948966 flow_9_3 0 5.0 2.0,-2.0 169.65499999999998 -1.5707963267948966 flow_9_7 0 5.0 2.0,-10.0 -53.15417882866021 -1.5707963267948966 flow_8_4 0 5.0 2.0,169.65499999999998 10.0 3.141592653589793 flow_10_7 0 5.0 2.0,296.0 10.0 3.141592653589793 flow_10_9 0 5.0 2.0,-6.0 86.3049999999999 -1.5707963267948966 flow_3_6 0 5.0 2.0,51.2919999999998 2.0 3.141592653589793 flow_6_4 0 5.0 2.0,10.0 53.15417882866021 1.5707963267948966 flow_10_4 0 5.0 2.0,-6.0 -136.33582882866024 -1.5707963267948966 flow_8_3 0 5.0 2.0,2.0 -51.2919999999998 1.5707963267948966 flow_11_4 0 5.0 2.0,284.85957267666768 -10.0 0.0 flow_4_1 0 5.0 2.0,-247.09500000000026 6.0 3.141592653589793 flow_1_2 0 5.0 2.0,-296.0 -2.0 0.0 flow_5_9 0 5.0 2.0,-10.0 86.3049999999999 -1.5707963267948966 flow_7_6 0 5.0 2.0,-28.29674999999986 -10.0 0.0 flow_8_5 0 5.0 2.0,-21.29199999999986 -2.0 0.0 flow_5_0 0 5.0 2.0,6.0 -296.0 1.5707963267948966 flow_2_9 0 5.0 2.0,169.65499999999998 6.0 3.141592653589793 flow_1_7 0 5.0 2.0,-6.0 251.0 -1.5707963267948966 flow_3_8 0 5.0 2.0,-86.3049999999999 -6.0 0.0 flow_0_6 0 5.0 2.0,-251.0 -6.0 0.0 flow_0_8 0 5.0 2.0,2.0 87.04633333333348 1.5707963267948966 flow_2_0 0 5.0 2.0,-2.0 251.0 -1.5707963267948966 flow_9_8 0 5.0 2.0,10.0 -28.29674999999986 1.5707963267948966 flow_4_5 0 5.0 2.0,6.0 -251.0 1.5707963267948966 flow_2_8 0 5.0 2.0,-21.29199999999986 -6.0 0.0 flow_0_4 0 5.0 2.0,-2.0 21.29199999999986 -1.5707963267948966 flow_9_0 0 5.0 2.0,-296.0 -10.0 0.0 flow_8_9 0 5.0 2.0,-10.0 169.65499999999998 -1.5707963267948966 flow_7_7 0 5.0 2.0,2.0 -36.2919999999998 1.5707963267948966 flow_11_2 0 5.0 2.0,-6.0 14.011803633248804 -1.5707963267948966 flow_3_4 0 5.0 2.0,-219.68582882866026 10.0 3.141592653589793 flow_7_2 0 5.0 2.0,-6.0 169.65499999999998 -1.5707963267948966 flow_3_7 0 5.0 2.0,-28.791999999999804 -2.0 0.0 flow_5_1 0 5.0 2.0,247.09500000000026 -2.0 0.0 flow_0_2 0 5.0 2.0,36.2919999999998 2.0 3.141592653589793 flow_6_2 0 5.0 2.0,-53.15417882866021 6.0 3.141592653589793 flow_7_4 0 5.0 2.0,10.0 -296.0 1.5707963267948966 flow_4_9 0 5.0 2.0,-10.0 296.0 -1.5707963267948966 flow_7_9 0 5.0 2.0,10.0 -251.0 1.5707963267948966 flow_4_8 0 5.0 2.0,-2.0 -87.04633333333348 -1.5707963267948966 flow_3_0 0 5.0 2.0,-6.0 -6.389746284473483 -1.5707963267948966 flow_3_3 0 5.0 2.0,-169.65499999999998 -2.0 0.0 flow_5_7 0 5.0 2.0,125.14806157350617 -2.0 0.0 flow_4_3 0 5.0 2.0,6.0 -32.4574948056856 1.5707963267948966 flow_2_5 0 5.0 2.0,86.3049999999999 6.0 3.141592653589793 flow_1_6 0 5.0 2.0,10.0 -86.3049999999999 1.5707963267948966 flow_4_6 0 5.0 2.0,-51.2919999999998 -2.0 0.0 flow_5_4 0 5.0 2.0,-251.0 -10.0 0.0 flow_8_8 0 5.0 2.0,2.0 -251.0 1.5707963267948966 flow_11_8 0 5.0 2.0,-251.0 -2.0 0.0 flow_5_8 0 5.0 2.0,-136.33582882866024 10.0 3.141592653589793 flow_7_3 0 5.0 2.0,-58.791999999999777 -2.0 0.0 flow_5_5 0 5.0 2.0,2.0 -296.0 1.5707963267948966 flow_11_9 0 5.0 2.0,-86.3049999999999 -10.0 0.0 flow_8_6 0 5.0 2.0,-6.0 32.4574948056856 -1.5707963267948966 flow_3_5 0 5.0 2.0,-6.0 296.0 -1.5707963267948966 flow_3_9 0 5.0 2.0,6.0 -86.3049999999999 1.5707963267948966 flow_2_6 0 5.0 2.0,6.0 6.389746284473483 1.5707963267948966 flow_2_3 0 5.0 2.0,6.0 -169.65499999999998 1.5707963267948966 flow_2_7 0 5.0 2.0,-2.0 296.0 -1.5707963267948966 flow_9_9 0 5.0 2.0,10.0 -169.65499999999998 1.5707963267948966 flow_4_7 0 5.0 2.0,-6.0 -30.412642883546164 -1.5707963267948966 flow_3_2 0 5.0 2.0,6.0 -14.011803633248804 1.5707963267948966 flow_2_4 0 5.0 2.0,6.0 30.412642883546164 1.5707963267948966 flow_2_2 0 5.0 2.0,296.0 2.0 3.141592653589793 flow_6_9 0 5.0 2.0,251.0 6.0 3.141592653589793 flow_1_8 0 5.0 2.0,-2.0 28.791999999999804 -1.5707963267948966 flow_9_1 0 5.0 2.0,251.0 10.0 3.141592653589793 flow_10_8 0 5.0 2.0,2.0 -43.7919999999998 1.5707963267948966 flow_11_3 0 5.0 2.0,86.3049999999999 10.0 3.141592653589793 flow_10_6 0 5.0 2.0,21.29199999999986 2.0 3.141592653589793 flow_6_0 0 5.0 2.0,53.15417882866021 -10.0 0.0 flow_4_4 0 5.0 2.0,;road_0_1_0 r r g,road_1_0_1 r g g,road_1_2_3 r g g,road_2_1_2 r r g,
2.0 -152.98499999999997 1.5707963267948966 flow_11_7 0 5.0 2.0,-10.0 236.0 -1.5707963267948966 flow_7_8 0 5.0 2.0,-2.0 51.2919999999998 -1.5707963267948966 flow_9_4 0 5.0 2.0,236.35582882866027 -6.0 0.0 flow_4_2 0 5.0 2.0,-2.0 36.2919999999998 -1.5707963267948966 flow_9_2 0 5.0 2.0,-152.98499999999997 -6.0 0.0 flow_0_7 0 5.0 2.0,291.0 6.0 3.141592653589793 flow_1_9 0 5.0 2.0,19.96350051833775 10.001921025350646 3.0890095919788518 flow_10_5 0 5.0 2.0,-2.0 76.06918166294003 -1.5707963267948966 flow_9_6 0 5.0 2.0,-10.0 -236.35582882866027 -1.5707963267948966 flow_8_2 0 5.0 2.0,2.0 -28.791999999999804 1.5707963267948966 flow_11_1 0 5.0 2.0,10.0 236.35582882866027 1.5707963267948966 flow_10_2 0 5.0 2.0,2.0 -58.791999999999777 1.5707963267948966 flow_11_5 0 5.0 2.0,28.791999999999804 6.0 3.141592653589793 flow_1_5 0 5.0 2.0,-180.4150000000002 6.0 3.141592653589793 flow_1_3 0 5.0 2.0,-43.7919999999998 -2.0 0.0 flow_5_3 0 5.0 2.0,76.06918166294003 2.0 3.141592653589793 flow_6_6 0 5.0 2.0,2.0 -76.06918166294003 1.5707963267948966 flow_11_6 0 5.0 2.0,-36.2919999999998 -2.0 0.0 flow_5_2 0 5.0 2.0,-28.791999999999804 -6.0 0.0 flow_0_5 0 5.0 2.0,58.791999999999777 2.0 3.141592653589793 flow_6_5 0 5.0 2.0,-291.0 -6.0 0.0 flow_0_9 0 5.0 2.0,-76.06918166294003 -2.0 0.0 flow_5_6 0 5.0 2.0,180.4150000000002 -2.6659999999999997 0.0 flow_0_3 -1 5.0 2.0,-10.001921025350646 19.96350051833775 -1.6233793884058383 flow_7_5 0 5.0 2.0,152.98499999999997 2.0 3.141592653589793 flow_6_7 0 5.0 2.0,6.0 153.0058288286602 1.5707963267948966 flow_10_3 0 5.0 2.0,-152.98499999999997 -10.0 0.0 flow_8_7 0 5.0 2.0,21.29199999999986 6.0 3.141592653589793 flow_1_4 0 5.0 2.0,236.0 2.0 3.141592653589793 flow_6_8 0 5.0 2.0,-2.0 58.791999999999777 -1.5707963267948966 flow_9_5 0 5.0 2.0,28.791999999999804 2.0 3.141592653589793 flow_6_1 0 5.0 2.0,43.7919999999998 2.0 3.141592653589793 flow_6_3 0 5.0 2.0,-6.0 -74.71300000000015 -1.5707963267948966 flow_3_1 1 5.0 2.0,6.0 74.71300000000015 1.5707963267948966 flow_2_1 1 5.0 2.0,2.0 -21.29199999999986 1.5707963267948966 flow_11_0 0 5.0 2.0,-2.0 43.7919999999998 -1.5707963267948966 flow_9_3 0 5.0 2.0,-2.0 152.98499999999997 -1.5707963267948966 flow_9_7 0 5.0 2.0,-10.0 -69.6558288286602 -1.5707963267948966 flow_8_4 0 5.0 2.0,152.98499999999997 10.0 3.141592653589793 flow_10_7 0 5.0 2.0,291.0 10.0 3.141592653589793 flow_10_9 0 5.0 2.0,-6.0 69.63499999999988 -1.5707963267948966 flow_3_6 0 5.0 2.0,51.2919999999998 2.0 3.141592653589793 flow_6_4 0 5.0 2.0,10.0 69.6558288286602 1.5707963267948966 flow_10_4 0 5.0 2.0,-6.0 -153.0058288286602 -1.5707963267948966 flow_8_3 0 5.0 2.0,2.0 -51.2919999999998 1.5707963267948966 flow_11_4 0 5.0 2.0,-263.76500000000029 6.0 3.141592653589793 flow_1_2 0 5.0 2.0,-291.0 -2.0 0.0 flow_5_9 0 5.0 2.0,-10.0 69.63499999999988 -1.5707963267948966 flow_7_6 0 5.0 2.0,-19.96350051833775 -10.001921025350646 -0.05258306161094157 flow_8_5 0 5.0 2.0,-21.29199999999986 -2.0 0.0 flow_5_0 0 5.0 2.0,6.0 -291.0 1.5707963267948966 flow_2_9 0 5.0 2.0,152.98499999999997 6.0 3.141592653589793 flow_1_7 0 5.0 2.0,-6.0 236.0 -1.5707963267948966 flow_3_8 0 5.0 2.0,-69.63499999999988 -6.0 0.0 flow_0_6 0 5.0 2.0,-236.0 -6.0 0.0 flow_0_8 0 5.0 2.0,2.0 103.7163333333335 1.5707963267948966 flow_2_0 0 5.0 2.0,-2.0 236.0 -1.5707963267948966 flow_9_8 0 5.0 2.0,10.001921025350646 -19.96350051833775 1.518213265183955 flow_4_5 0 5.0 2.0,6.0 -236.0 1.5707963267948966 flow_2_8 0 5.0 2.0,-21.29199999999986 -6.0 0.0 flow_0_4 0 5.0 2.0,-2.0 21.29199999999986 -1.5707963267948966 flow_9_0 0 5.0 2.0,-291.0 -10.0 0.0 flow_8_9 0 5.0 2.0,-10.0 152.98499999999997 -1.5707963267948966 flow_7_7 0 5.0 2.0,2.0 -36.2919999999998 1.5707963267948966 flow_11_2 0 5.0 2.0,-6.0 3.5172187271590547 -1.5707963267948966 flow_3_4 0 5.0 2.0,-236.35582882866027 10.0 3.141592653589793 flow_7_2 0 5.0 2.0,-6.0 152.98499999999997 -1.5707963267948966 flow_3_7 0 5.0 2.0,-28.791999999999804 -2.0 0.0 flow_5_1 0 5.0 2.0,263.76500000000029 -2.0 0.0 flow_0_2 0 5.0 2.0,36.2919999999998 2.0 3.141592653589793 flow_6_2 0 5.0 2.0,-69.6558288286602 6.0 3.141592653589793 flow_7_4 0 5.0 2.0,10.0 -291.0 1.5707963267948966 flow_4_9 0 5.0 2.0,-10.0 291.0 -1.5707963267948966 flow_7_9 0 5.0 2.0,10.0 -236.0 1.5707963267948966 flow_4_8 0 5.0 2.0,-2.0 -103.7163333333335 -1.5707963267948966 flow_3_0 0 5.0 2.0,-6.0 -19.350033863123323 -1.5707963267948966 flow_3_3 0 5.0 2.0,-152.98499999999997 -2.0 0.0 flow_5_7 0 5.0 2.0,141.81806157350619 -2.0 0.0 flow_4_3 0 5.0 2.0,6.0 -23.4118402718982 1.5707963267948966 flow_2_5 0 5.0 2.0,69.63499999999988 6.0 3.141592653589793 flow_1_6 0 5.0 2.0,10.0 -69.63499999999988 1.5707963267948966 flow_4_6 0 5.0 2.0,-51.2919999999998 -2.0 0.0 flow_5_4 0 5.0 2.0,-236.0 -10.0 0.0 flow_8_8 0 5.0 2.0,2.0 -236.0 1.5707963267948966 flow_11_8 0 5.0 2.0,-236.0 -2.0 0.0 flow_5_8 0 5.0 2.0,-153.0058288286602 10.0 3.141592653589793 flow_7_3 0 5.0 2.0,-58.791999999999777 -2.0 0.0 flow_5_5 0 5.0 2.0,2.0 -291.0 1.5707963267948966 flow_11_9 0 5.0 2.0,-69.63499999999988 -10.0 0.0 flow_8_6 0 5.0 2.0,-6.0 23.4118402718982 -1.5707963267948966 flow_3_5 0 5.0 2.0,-6.0 291.0 -1.5707963267948966 flow_3_9 0 5.0 2.0,6.0 -69.63499999999988 1.5707963267948966 flow_2_6 0 5.0 2.0,6.0 19.350033863123323 1.5707963267948966 flow_2_3 0 5.0 2.0,6.0 -152.98499999999997 1.5707963267948966 flow_2_7 0 5.0 2.0,-2.0 291.0 -1.5707963267948966 flow_9_9 0 5.0 2.0,10.0 -152.98499999999997 1.5707963267948966 flow_4_7 0 5.0 2.0,-2.808223902317508 -45.77467926738146 -1.5707963267948966 flow_3_2 -1 5.0 2.0,6.0 -3.5172187271590547 1.5707963267948966 flow_2_4 0 5.0 2.0,2.808223902317508 45.77467926738146 1.5707963267948966 flow_2_2 -1 5.0 2.0,291.0 2.0 3.141592653589793 flow_6_9 0 5.0 2.0,236.0 6.0 3.141592653589793 flow_1_8 0 5.0 2.0,-2.0 28.791999999999804 -1.5707963267948966 flow_9_1 0 5.0 2.0,236.0 10.0 3.141592653589793 flow_10_8 0 5.0 2.0,2.0 -43.7919999999998 1.5707963267948966 flow_11_3 0 5.0 2.0,69.63499999999988 10.0 3.141592653589793 flow_10_6 0 5.0 2.0,21.29199999999986 2.0 3.141592653589793 flow_6_0 0 5.0 2.0,69.6558288286602 -10.0 0.0 flow_4_4 0 5.0 2.0,;road_0_1_0 r r g,road_1_0_1 r g g,road_1_2_3 r g g,road_2_1_2 r r g,
2.0 -136.31499999999995 1.5707963267948966 flow_11_7 0 5.0 2.0,-10.0 219.665 -1.5707963267948966 flow_7_8 0 5.0 2.0,-2.0 51.2919999999998 -1.5707963267948966 flow_9_4 0 5.0 2.0,253.02582882866029 -6.0 0.0 flow_4_2 0 5.0 2.0,-2.0 36.2919999999998 -1.5707963267948966 flow_9_2 0 5.0 2.0,-136.31499999999995 -6.0 0.0 flow_0_7 0 5.0 2.0,284.0 6.0 3.141592653589793 flow_1_9 0 5.0 2.0,11.700813119107233 13.476783965535605 2.2565258377011836 flow_10_5 0 5.0 2.0,-2.0 68.9386361049001 -1.5707963267948966 flow_9_6 0 5.0 2.0,-10.0 -253.02582882866029 -1.5707963267948966 flow_8_2 0 5.0 2.0,2.0 -28.791999999999804 1.5707963267948966 flow_11_1 0 5.0 2.0,10.0 253.02582882866029 1.5707963267948966 flow_10_2 0 5.0 2.0,2.0 -58.791999999999777 1.5707963267948966 flow_11_5 0 5.0 2.0,28.791999999999804 6.0 3.141592653589793 flow_1_5 0 5.0 2.0,-197.0850000000002 6.0 3.141592653589793 flow_1_3 0 5.0 2.0,-43.7919999999998 -2.0 0.0 flow_5_3 0 5.0 2.0,68.9386361049001 2.0 3.141592653589793 flow_6_6 0 5.0 2.0,2.0 -68.9386361049001 1.5707963267948966 flow_11_6 0 5.0 2.0,-36.2919999999998 -2.0 0.0 flow_5_2 0 5.0 2.0,-28.791999999999804 -6.0 0.0 flow_0_5 0 5.0 2.0,58.791999999999777 2.0 3.141592653589793 flow_6_5 0 5.0 2.0,-284.0 -6.0 0.0 flow_0_9 0 5.0 2.0,-68.9386361049001 -2.0 0.0 flow_5_6 0 5.0 2.0,-13.476783965535605 11.700813119107233 -2.4558631426835069 flow_7_5 0 5.0 2.0,136.31499999999995 2.0 3.141592653589793 flow_6_7 0 5.0 2.0,6.0 169.6758288286602 1.5707963267948966 flow_10_3 0 5.0 2.0,-136.31499999999995 -10.0 0.0 flow_8_7 0 5.0 2.0,21.29199999999986 6.0 3.141592653589793 flow_1_4 0 5.0 2.0,219.665 2.0 3.141592653589793 flow_6_8 0 5.0 2.0,-2.0 58.791999999999777 -1.5707963267948966 flow_9_5 0 5.0 2.0,28.791999999999804 2.0 3.141592653589793 flow_6_1 0 5.0 2.0,43.7919999999998 2.0 3.141592653589793 flow_6_3 0 5.0 2.0,-6.0 -91.38300000000015 -1.5707963267948966 flow_3_1 1 5.0 2.0,6.0 91.38300000000015 1.5707963267948966 flow_2_1 1 5.0 2.0,2.0 -21.29199999999986 1.5707963267948966 flow_11_0 0 5.0 2.0,-2.0 43.7919999999998 -1.5707963267948966 flow_9_3 0 5.0 2.0,-2.0 136.31499999999995 -1.5707963267948966 flow_9_7 0 5.0 2.0,2.0 61.91133963369081 1.5707963267948966 flow_2_2 0 5.0 2.0,-10.0 -86.3258288286602 -1.5707963267948966 flow_8_4 0 5.0 2.0,136.31499999999995 10.0 3.141592653589793 flow_10_7 0 5.0 2.0,284.0 10.0 3.141592653589793 flow_10_9 0 5.0 2.0,-6.0 52.96499999999986 -1.5707963267948966 flow_3_6 0 5.0 2.0,51.2919999999998 2.0 3.141592653589793 flow_6_4 0 5.0 2.0,10.0 86.3258288286602 1.5707963267948966 flow_10_4 0 5.0 2.0,-6.0 -169.6758288286602 -1.5707963267948966 flow_8_3 0 5.0 2.0,2.0 -51.2919999999998 1.5707963267948966 flow_11_4 0 5.0 2.0,-280.4350000000003 6.0 3.141592653589793 flow_1_2 0 5.0 2.0,-284.0 -2.0 0.0 flow_5_9 0 5.0 2.0,-10.0 55.21499999999986 -1.5707963267948966 flow_7_6 0 5.0 2.0,-11.700813119107233 -13.476783965535605 -0.8850668158886099 flow_8_5 0 5.0 2.0,-21.29199999999986 -2.0 0.0 flow_5_0 0 5.0 2.0,6.0 -284.0 1.5707963267948966 flow_2_9 0 5.0 2.0,136.31499999999995 6.0 3.141592653589793 flow_1_7 0 5.0 2.0,-6.0 219.665 -1.5707963267948966 flow_3_8 0 5.0 2.0,-54.839907713151948 -6.0 0.0 flow_0_6 0 5.0 2.0,-219.665 -6.0 0.0 flow_0_8 0 5.0 2.0,2.0 120.38633333333348 1.5707963267948966 flow_2_0 0 5.0 2.0,-2.0 219.665 -1.5707963267948966 flow_9_8 0 5.0 2.0,13.476783965535605 -11.700813119107233 0.6857295109062868 flow_4_5 0 5.0 2.0,-2.0 -61.91133963369081 -1.5707963267948966 flow_3_2 0 5.0 2.0,6.0 -219.665 1.5707963267948966 flow_2_8 0 5.0 2.0,-21.29199999999986 -6.0 0.0 flow_0_4 0 5.0 2.0,197.0850000000002 -2.0 0.0 flow_0_3 0 5.0 2.0,-2.0 21.29199999999986 -1.5707963267948966 flow_9_0 0 5.0 2.0,-284.0 -10.0 0.0 flow_8_9 0 5.0 2.0,-10.0 136.31499999999995 -1.5707963267948966 flow_7_7 0 5.0 2.0,2.0 -36.2919999999998 1.5707963267948966 flow_11_2 0 5.0 2.0,-6.0 -8.65647946264459 -1.5707963267948966 flow_3_4 0 5.0 2.0,-253.02582882866029 10.0 3.141592653589793 flow_7_2 0 5.0 2.0,-6.0 136.31499999999995 -1.5707963267948966 flow_3_7 0 5.0 2.0,-28.791999999999804 -2.0 0.0 flow_5_1 0 5.0 2.0,280.4350000000003 -2.0 0.0 flow_0_2 0 5.0 2.0,36.2919999999998 2.0 3.141592653589793 flow_6_2 0 5.0 2.0,-86.3258288286602 6.0 3.141592653589793 flow_7_4 0 5.0 2.0,10.0 -284.0 1.5707963267948966 flow_4_9 0 5.0 2.0,-10.0 284.0 -1.5707963267948966 flow_7_9 0 5.0 2.0,10.0 -219.665 1.5707963267948966 flow_4_8 0 5.0 2.0,-2.0 -120.38633333333348 -1.5707963267948966 flow_3_0 0 5.0 2.0,-6.0 -33.90286566121122 -1.5707963267948966 flow_3_3 0 5.0 2.0,-136.31499999999995 -2.0 0.0 flow_5_7 0 5.0 2.0,158.48806157350618 -2.0 0.0 flow_4_3 0 5.0 2.0,6.0 -13.34088327300617 1.5707963267948966 flow_2_5 0 5.0 2.0,54.839907713151948 6.0 3.141592653589793 flow_1_6 0 5.0 2.0,10.0 -55.21499999999986 1.5707963267948966 flow_4_6 0 5.0 2.0,-51.2919999999998 -2.0 0.0 flow_5_4 0 5.0 2.0,-219.665 -10.0 0.0 flow_8_8 0 5.0 2.0,2.0 -219.665 1.5707963267948966 flow_11_8 0 5.0 2.0,-219.665 -2.0 0.0 flow_5_8 0 5.0 2.0,-169.6758288286602 10.0 3.141592653589793 flow_7_3 0 5.0 2.0,-58.791999999999777 -2.0 0.0 flow_5_5 0 5.0 2.0,2.0 -284.0 1.5707963267948966 flow_11_9 0 5.0 2.0,-55.21499999999986 -10.0 0.0 flow_8_6 0 5.0 2.0,-6.0 13.34088327300617 -1.5707963267948966 flow_3_5 0 5.0 2.0,-6.0 284.0 -1.5707963267948966 flow_3_9 0 5.0 2.0,6.0 -52.96499999999986 1.5707963267948966 flow_2_6 0 5.0 2.0,6.0 33.90286566121122 1.5707963267948966 flow_2_3 0 5.0 2.0,6.0 -136.31499999999995 1.5707963267948966 flow_2_7 0 5.0 2.0,-2.0 284.0 -1.5707963267948966 flow_9_9 0 5.0 2.0,10.0 -136.31499999999995 1.5707963267948966 flow_4_7 0 5.0 2.0,6.0 8.65647946264459 1.5707963267948966 flow_2_4 0 5.0 2.0,284.0 2.0 3.141592653589793 flow_6_9 0 5.0 2.0,219.665 6.0 3.141592653589793 flow_1_8 0 5.0 2.0,-2.0 28.791999999999804 -1.5707963267948966 flow_9_1 0 5.0 2.0,219.665 10.0 3.141592653589793 flow_10_8 0 5.0 2.0,2.0 -43.7919999999998 1.5707963267948966 flow_11_3 0 5.0 2.0,55.21499999999986 10.0 3.141592653589793 flow_10_6 0 5.0 2.0,21.29199999999986 2.0 3.141592653589793 flow_6_0 0 5.0 2.0,86.3258288286602 -10.0 0.0 flow_4_4 0 5.0 2.0,;road_0_1_0 r r g,road_1_0_1 r g g,road_1_2_3 r g g,road_2_1_2 r r g,
2.0 -119.64499999999993 1.5707963267948966 flow_11_7 0 5.0 2.0,-10.0 202.995 -1.5707963267948966 flow_7_8 0 5.0 2.0,-2.0 51.2919999999998 -1.5707963267948966 flow_9_4 0 5.0 2.0,269.6958288286603 -6.0 0.0 flow_4_2 0 5.0 2.0,-2.0 36.2919999999998 -1.5707963267948966 flow_9_2 0 5.0 2.0,-119.64499999999993 -6.0 0.0 flow_0_7 0 5.0 2.0,275.0 6.0 3.141592653589793 flow_1_9 0 5.0 2.0,10.0 24.487578828660206 1.5707963267948966 flow_10_5 0 5.0 2.0,-2.0 66.30809054686017 -1.5707963267948966 flow_9_6 0 5.0 2.0,-10.0 -269.6958288286603 -1.5707963267948966 flow_8_2 0 5.0 2.0,2.0 -28.791999999999804 1.5707963267948966 flow_11_1 0 5.0 2.0,10.0 269.6958288286603 1.5707963267948966 flow_10_2 0 5.0 2.0,2.0 -58.791999999999777 1.5707963267948966 flow_11_5 0 5.0 2.0,28.791999999999804 6.0 3.141592653589793 flow_1_5 0 5.0 2.0,-213.75500000000023 6.0 3.141592653589793 flow_1_3 0 5.0 2.0,-43.7919999999998 -2.0 0.0 flow_5_3 0 5.0 2.0,66.30809054686017 2.0 3.141592653589793 flow_6_6 0 5.0 2.0,2.0 -66.30809054686017 1.5707963267948966 flow_11_6 0 5.0 2.0,-36.2919999999998 -2.0 0.0 flow_5_2 0 5.0 2.0,-28.791999999999804 -6.0 0.0 flow_0_5 0 5.0 2.0,58.791999999999777 2.0 3.141592653589793 flow_6_5 0 5.0 2.0,-275.0 -6.0 0.0 flow_0_9 0 5.0 2.0,-66.30809054686017 -2.0 0.0 flow_5_6 0 5.0 2.0,-24.487578828660206 10.0 3.141592653589793 flow_7_5 0 5.0 2.0,119.64499999999993 2.0 3.141592653589793 flow_6_7 0 5.0 2.0,6.0 186.34582882866023 1.5707963267948966 flow_10_3 0 5.0 2.0,-119.64499999999993 -10.0 0.0 flow_8_7 0 5.0 2.0,21.29199999999986 6.0 3.141592653589793 flow_1_4 0 5.0 2.0,202.995 2.0 3.141592653589793 flow_6_8 0 5.0 2.0,-2.0 58.791999999999777 -1.5707963267948966 flow_9_5 0 5.0 2.0,28.791999999999804 2.0 3.141592653589793 flow_6_1 0 5.0 2.0,43.7919999999998 2.0 3.141592653589793 flow_6_3 0 5.0 2.0,-6.0 -108.05300000000016 -1.5707963267948966 flow_3_1 1 5.0 2.0,6.0 108.05300000000016 1.5707963267948966 flow_2_1 1 5.0 2.0,2.0 -21.29199999999986 1.5707963267948966 flow_11_0 0 5.0 2.0,-2.0 43.7919999999998 -1.5707963267948966 flow_9_3 0 5.0 2.0,-2.0 119.64499999999993 -1.5707963267948966 flow_9_7 0 5.0 2.0,2.0 78.40355975579392 1.5707963267948966 flow_2_2 0 5.0 2.0,-10.0 -102.9958288286602 -1.5707963267948966 flow_8_4 0 5.0 2.0,119.64499999999993 10.0 3.141592653589793 flow_10_7 0 5.0 2.0,275.0 10.0 3.141592653589793 flow_10_9 0 5.0 2.0,-6.0 36.60848802465961 -1.5707963267948966 flow_3_6 0 5.0 2.0,51.2919999999998 2.0 3.141592653589793 flow_6_4 0 5.0 2.0,10.0 102.9958288286602 1.5707963267948966 flow_10_4 0 5.0 2.0,-6.0 -186.34582882866023 -1.5707963267948966 flow_8_3 0 5.0 2.0,2.0 -51.2919999999998 1.5707963267948966 flow_11_4 0 5.0 2.0,-297.1050000000003 6.0 3.141592653589793 flow_1_2 0 5.0 2.0,-275.0 -2.0 0.0 flow_5_9 0 5.0 2.0,-10.0 44.96334999999985 -1.5707963267948966 flow_7_6 0 5.0 2.0,-10.0 -24.487578828660206 -1.5707963267948966 flow_8_5 0 5.0 2.0,-21.29199999999986 -2.0 0.0 flow_5_0 0 5.0 2.0,6.0 -275.0 1.5707963267948966 flow_2_9 0 5.0 2.0,119.64499999999993 6.0 3.141592653589793 flow_1_7 0 5.0 2.0,-6.0 202.995 -1.5707963267948966 flow_3_8 0 5.0 2.0,-44.16972313945607 -6.0 0.0 flow_0_6 0 5.0 2.0,-202.995 -6.0 0.0 flow_0_8 0 5.0 2.0,2.0 137.0563333333335 1.5707963267948966 flow_2_0 0 5.0 2.0,-2.0 202.995 -1.5707963267948966 flow_9_8 0 5.0 2.0,24.487578828660206 -10.0 0.0 flow_4_5 0 5.0 2.0,-2.0 -78.40355975579392 -1.5707963267948966 flow_3_2 0 5.0 2.0,6.0 -202.995 1.5707963267948966 flow_2_8 0 5.0 2.0,-21.29199999999986 -6.0 0.0 flow_0_4 0 5.0 2.0,213.75500000000023 -2.0 0.0 flow_0_3 0 5.0 2.0,-2.0 21.29199999999986 -1.5707963267948966 flow_9_0 0 5.0 2.0,-275.0 -10.0 0.0 flow_8_9 0 5.0 2.0,-10.0 119.64499999999993 -1.5707963267948966 flow_7_7 0 5.0 2.0,2.0 -36.2919999999998 1.5707963267948966 flow_11_2 0 5.0 2.0,-6.0 -22.41788051144988 -1.5707963267948966 flow_3_4 0 5.0 2.0,-269.6958288286603 10.0 3.141592653589793 flow_7_2 0 5.0 2.0,-6.0 119.64499999999993 -1.5707963267948966 flow_3_7 0 5.0 2.0,-28.791999999999804 -2.0 0.0 flow_5_1 0 5.0 2.0,297.1050000000003 -2.0 0.0 flow_0_2 0 5.0 2.0,36.2919999999998 2.0 3.141592653589793 flow_6_2 0 5.0 2.0,-102.9958288286602 6.0 3.141592653589793 flow_7_4 0 5.0 2.0,10.0 -275.0 1.5707963267948966 flow_4_9 0 5.0 2.0,-10.0 275.0 -1.5707963267948966 flow_7_9 0 5.0 2.0,10.0 -202.995 1.5707963267948966 flow_4_8 0 5.0 2.0,-2.0 -137.0563333333335 -1.5707963267948966 flow_3_0 0 5.0 2.0,-6.0 -49.848097026072128 -1.5707963267948966 flow_3_3 0 5.0 2.0,-119.64499999999993 -2.0 0.0 flow_5_7 0 5.0 2.0,175.1580615735062 -5.334000000000001 0.0 flow_4_3 1 5.0 2.0,6.0 -1.7987773577298719 1.5707963267948966 flow_2_5 0 5.0 2.0,44.16972313945607 6.0 3.141592653589793 flow_1_6 0 5.0 2.0,10.0 -44.96334999999985 1.5707963267948966 flow_4_6 0 5.0 2.0,-51.2919999999998 -2.0 0.0 flow_5_4 0 5.0 2.0,-202.995 -10.0 0.0 flow_8_8 0 5.0 2.0,2.0 -202.995 1.5707963267948966 flow_11_8 0 5.0 2.0,-202.995 -2.0 0.0 flow_5_8 0 5.0 2.0,-186.34582882866023 10.0 3.141592653589793 flow_7_3 0 5.0 2.0,-58.791999999999777 -2.0 0.0 flow_5_5 0 5.0 2.0,2.0 -275.0 1.5707963267948966 flow_11_9 0 5.0 2.0,-44.96334999999985 -10.0 0.0 flow_8_6 0 5.0 2.0,-6.0 1.7987773577298719 -1.5707963267948966 flow_3_5 0 5.0 2.0,-6.0 275.0 -1.5707963267948966 flow_3_9 0 5.0 2.0,6.0 -36.60848802465961 1.5707963267948966 flow_2_6 0 5.0 2.0,6.0 49.848097026072128 1.5707963267948966 flow_2_3 0 5.0 2.0,6.0 -119.64499999999993 1.5707963267948966 flow_2_7 0 5.0 2.0,-2.0 275.0 -1.5707963267948966 flow_9_9 0 5.0 2.0,10.0 -119.64499999999993 1.5707963267948966 flow_4_7 0 5.0 2.0,6.0 22.41788051144988 1.5707963267948966 flow_2_4 0 5.0 2.0,275.0 2.0 3.141592653589793 flow_6_9 0 5.0 2.0,202.995 6.0 3.141592653589793 flow_1_8 0 5.0 2.0,-2.0 28.791999999999804 -1.5707963267948966 flow_9_1 0 5.0 2.0,202.995 10.0 3.141592653589793 flow_10_8 0 5.0 2.0,2.0 -43.7919999999998 1.5707963267948966 flow_11_3 0 5.0 2.0,44.96334999999985 10.0 3.141592653589793 flow_10_6 0 5.0 2.0,21.29199999999986 2.0 3.141592653589793 flow_6_0 0 5.0 2.0,102.9958288286602 -10.0 0.0 flow_4_4 0 5.0 2.0,;road_0_1_0 r r g,road_1_0_1 r g g,road_1_2_3 r g g,road_2_1_2 r r g,
2.0 -103.1785900587754 1.5707963267948966 flow_11_7 0 5.0 2.0,-10.0 186.325 -1.5707963267948966 flow_7_8 0 5.0 2.0,-2.0 51.2919999999998 -1.5707963267948966 flow_9_4 0 5.0 2.0,299.0 6.0 3.141592653589793 flow_1_10 0 5.0 2.0,286.3658288286603 -6.0 0.0 flow_4_2 0 5.0 2.0,-2.0 36.2919999999998 -1.5707963267948966 flow_9_2 0 5.0 2.0,-102.97499999999991 -6.0 0.0 flow_0_7 0 5.0 2.0,264.0 6.0 3.141592653589793 flow_1_9 0 5.0 2.0,10.0 37.820878828660209 1.5707963267948966 flow_10_5 0 5.0 2.0,-2.0 66.29199999999975 -1.5707963267948966 flow_9_6 0 5.0 2.0,-10.0 -286.3658288286603 -1.5707963267948966 flow_8_2 0 5.0 2.0,2.0 -28.791999999999804 1.5707963267948966 flow_11_1 0 5.0 2.0,-2.0 299.0 -1.5707963267948966 flow_9_10 0 5.0 2.0,10.0 286.3658288286603 1.5707963267948966 flow_10_2 0 5.0 2.0,2.0 -58.791999999999777 1.5707963267948966 flow_11_5 0 5.0 2.0,28.791999999999804 6.0 3.141592653589793 flow_1_5 0 5.0 2.0,-230.42500000000025 6.0 3.141592653589793 flow_1_3 0 5.0 2.0,-43.7919999999998 -2.0 0.0 flow_5_3 0 5.0 2.0,66.29199999999975 2.0 3.141592653589793 flow_6_6 0 5.0 2.0,2.0 -66.29199999999975 1.5707963267948966 flow_11_6 0 5.0 2.0,-36.2919999999998 -2.0 0.0 flow_5_2 0 5.0 2.0,-28.791999999999804 -6.0 0.0 flow_0_5 0 5.0 2.0,58.791999999999777 2.0 3.141592653589793 flow_6_5 0 5.0 2.0,-264.0 -6.0 0.0 flow_0_9 0 5.0 2.0,-66.29199999999975 -2.0 0.0 flow_5_6 0 5.0 2.0,-37.820878828660209 10.0 3.141592653589793 flow_7_5 0 5.0 2.0,103.1785900587754 2.0 3.141592653589793 flow_6_7 0 5.0 2.0,6.0 203.01582882866024 1.5707963267948966 flow_10_3 0 5.0 2.0,-102.97499999999991 -10.0 0.0 flow_8_7 0 5.0 2.0,6.0 -299.0 1.5707963267948966 flow_2_10 0 5.0 2.0,21.29199999999986 6.0 3.141592653589793 flow_1_4 0 5.0 2.0,191.8280615735062 -6.0 0.0 flow_4_3 0 5.0 2.0,186.325 2.0 3.141592653589793 flow_6_8 0 5.0 2.0,-2.0 58.791999999999777 -1.5707963267948966 flow_9_5 0 5.0 2.0,28.791999999999804 2.0 3.141592653589793 flow_6_1 0 5.0 2.0,43.7919999999998 2.0 3.141592653589793 flow_6_3 0 5.0 2.0,-6.0 -124.72300000000016 -1.5707963267948966 flow_3_1 1 5.0 2.0,2.0 -299.0 1.5707963267948966 flow_11_10 0 5.0 2.0,6.0 124.72300000000016 1.5707963267948966 flow_2_1 1 5.0 2.0,2.0 -21.29199999999986 1.5707963267948966 flow_11_0 0 5.0 2.0,-2.0 43.7919999999998 -1.5707963267948966 flow_9_3 0 5.0 2.0,-2.0 103.1785900587754 -1.5707963267948966 flow_9_7 0 5.0 2.0,2.0 95.07355975579393 1.5707963267948966 flow_2_2 0 5.0 2.0,-10.0 -119.66582882866021 -1.5707963267948966 flow_8_4 0 5.0 2.0,102.97499999999991 10.0 3.141592653589793 flow_10_7 0 5.0 2.0,264.0 10.0 3.141592653589793 flow_10_9 0 5.0 2.0,-6.0 20.61671573908103 -1.5707963267948966 flow_3_6 0 5.0 2.0,299.0 2.0 3.141592653589793 flow_6_10 0 5.0 2.0,10.0 -299.0 1.5707963267948966 flow_4_10 0 5.0 2.0,51.2919999999998 2.0 3.141592653589793 flow_6_4 0 5.0 2.0,10.0 119.66582882866021 1.5707963267948966 flow_10_4 0 5.0 2.0,-6.0 -203.01582882866024 -1.5707963267948966 flow_8_3 0 5.0 2.0,2.0 -51.2919999999998 1.5707963267948966 flow_11_4 0 5.0 2.0,-264.0 -2.0 0.0 flow_5_9 0 5.0 2.0,-10.0 36.63004999999987 -1.5707963267948966 flow_7_6 0 5.0 2.0,-10.0 -37.820878828660209 -1.5707963267948966 flow_8_5 0 5.0 2.0,-21.29199999999986 -2.0 0.0 flow_5_0 0 5.0 2.0,6.0 -264.0 1.5707963267948966 flow_2_9 0 5.0 2.0,102.97499999999991 6.0 3.141592653589793 flow_1_7 0 5.0 2.0,-6.0 186.325 -1.5707963267948966 flow_3_8 0 5.0 2.0,-37.99953856576019 -6.0 0.0 flow_0_6 0 5.0 2.0,-186.325 -6.0 0.0 flow_0_8 0 5.0 2.0,2.0 153.72633333333349 1.5707963267948966 flow_2_0 0 5.0 2.0,-2.0 186.325 -1.5707963267948966 flow_9_8 0 5.0 2.0,37.820878828660209 -7.1333400000000009 0.0 flow_4_5 -1 5.0 2.0,-299.0 -2.0 0.0 flow_5_10 0 5.0 2.0,-2.0 -95.07355975579393 -1.5707963267948966 flow_3_2 0 5.0 2.0,6.0 -186.325 1.5707963267948966 flow_2_8 0 5.0 2.0,-21.29199999999986 -6.0 0.0 flow_0_4 0 5.0 2.0,230.42500000000025 -2.0 0.0 flow_0_3 0 5.0 2.0,-2.0 21.29199999999986 -1.5707963267948966 flow_9_0 0 5.0 2.0,-264.0 -10.0 0.0 flow_8_9 0 5.0 2.0,-10.0 102.97499999999991 -1.5707963267948966 flow_7_7 0 5.0 2.0,2.0 -36.2919999999998 1.5707963267948966 flow_11_2 0 5.0 2.0,-2.81349327785388 -37.61929660997623 -1.5707963267948966 flow_3_4 -1 5.0 2.0,-286.3658288286603 10.0 3.141592653589793 flow_7_2 0 5.0 2.0,-6.0 102.97499999999991 -1.5707963267948966 flow_3_7 0 5.0 2.0,-28.791999999999804 -2.0 0.0 flow_5_1 0 5.0 2.0,36.2919999999998 2.0 3.141592653589793 flow_6_2 0 5.0 2.0,-119.66582882866021 6.0 3.141592653589793 flow_7_4 0 5.0 2.0,-6.0 299.0 -1.5707963267948966 flow_3_10 0 5.0 2.0,10.0 -264.0 1.5707963267948966 flow_4_9 0 5.0 2.0,-10.0 264.0 -1.5707963267948966 flow_7_9 0 5.0 2.0,10.0 -186.325 1.5707963267948966 flow_4_8 0 5.0 2.0,-2.0 -153.72633333333349 -1.5707963267948966 flow_3_0 0 5.0 2.0,-6.0 -66.51809702607213 -1.5707963267948966 flow_3_3 0 5.0 2.0,-103.1785900587754 -2.0 0.0 flow_5_7 0 5.0 2.0,6.0 11.249901839061323 1.5707963267948968 flow_2_5 0 5.0 2.0,37.99953856576019 6.0 3.141592653589793 flow_1_6 0 5.0 2.0,299.0 10.0 3.141592653589793 flow_10_10 0 5.0 2.0,10.0 -36.63004999999987 1.5707963267948966 flow_4_6 0 5.0 2.0,-51.2919999999998 -2.0 0.0 flow_5_4 0 5.0 2.0,-299.0 -10.0 0.0 flow_8_10 0 5.0 2.0,-186.325 -10.0 0.0 flow_8_8 0 5.0 2.0,2.0 -186.325 1.5707963267948966 flow_11_8 0 5.0 2.0,-186.325 -2.0 0.0 flow_5_8 0 5.0 2.0,-203.01582882866024 10.0 3.141592653589793 flow_7_3 0 5.0 2.0,-58.791999999999777 -2.0 0.0 flow_5_5 0 5.0 2.0,2.0 -264.0 1.5707963267948966 flow_11_9 0 5.0 2.0,-10.0 299.0 -1.5707963267948966 flow_7_10 0 5.0 2.0,-36.63004999999987 -10.0 0.0 flow_8_6 0 5.0 2.0,-6.0 -11.249901839061323 -1.5707963267948964 flow_3_5 0 5.0 2.0,-6.0 264.0 -1.5707963267948966 flow_3_9 0 5.0 2.0,6.0 -20.61671573908103 1.5707963267948966 flow_2_6 0 5.0 2.0,6.0 66.51809702607213 1.5707963267948966 flow_2_3 0 5.0 2.0,6.0 -102.97499999999991 1.5707963267948966 flow_2_7 0 5.0 2.0,-2.0 264.0 -1.5707963267948966 flow_9_9 0 5.0 2.0,10.0 -102.97499999999991 1.5707963267948966 flow_4_7 0 5.0 2.0,2.81349327785388 37.61929660997623 1.5707963267948966 flow_2_4 -1 5.0 2.0,264.0 2.0 3.141592653589793 flow_6_9 0 5.0 2.0,186.325 6.0 3.141592653589793 flow_1_8 0 5.0 2.0,-2.0 28.791999999999804 -1.5707963267948966 flow_9_1 0 5.0 2.0,186.325 10.0 3.141592653589793 flow_10_8 0 5.0 2.0,2.0 -43.7919999999998 1.5707963267948966 flow_11_3 0 5.0 2.0,36.63004999999987 10.0 3.141592653589793 flow_10_6 0 5.0 2.0,21.29199999999986 2.0 3.141592653589793 flow_6_0 0 5.0 2.0,-299.0 -6.0 0.0 flow_0_10 0 5.0 2.0,119.66582882866021 -10.0 0.0 flow_4_4 0 5.0 2.0,;road_0_1_0 r r g,road_1_0_1 r g g,road_1_2_3 r g g,road_2_1_2 r r g,
2.0 -89.16577017632634 1.5707963267948966 flow_11_7 0 5.0 2.0,-10.0 169.65499999999998 -1.5707963267948966 flow_7_8 0 5.0 2.0,-2.0 51.2919999999998 -1.5707963267948966 flow_9_4 0 5.0 2.0,296.0 6.0 3.141592653589793 flow_1_10 0 5.0 2.0,-2.0 36.2919999999998 -1.5707963267948966 flow_9_2 0 5.0 2.0,-86.3049999999999 -6.0 0.0 flow_0_7 0 5.0 2.0,251.0 6.0 3.141592653589793 flow_1_9 0 5.0 2.0,10.0 53.15417882866021 1.5707963267948966 flow_10_5 0 5.0 2.0,-2.0 66.29199999999975 -1.5707963267948966 flow_9_6 0 5.0 2.0,2.0 -28.791999999999804 1.5707963267948966 flow_11_1 0 5.0 2.0,-2.0 296.0 -1.5707963267948966 flow_9_10 0 5.0 2.0,2.0 -58.791999999999777 1.5707963267948966 flow_11_5 0 5.0 2.0,28.791999999999804 6.0 3.141592653589793 flow_1_5 0 5.0 2.0,-247.09500000000026 6.0 3.141592653589793 flow_1_3 0 5.0 2.0,-43.7919999999998 -2.0 0.0 flow_5_3 0 5.0 2.0,66.29199999999975 2.0 3.141592653589793 flow_6_6 0 5.0 2.0,2.0 -66.29199999999975 1.5707963267948966 flow_11_6 0 5.0 2.0,-36.2919999999998 -2.0 0.0 flow_5_2 0 5.0 2.0,-28.791999999999804 -6.0 0.0 flow_0_5 0 5.0 2.0,58.791999999999777 2.0 3.141592653589793 flow_6_5 0 5.0 2.0,-251.0 -6.0 0.0 flow_0_9 0 5.0 2.0,2.0 53.736196818024179 1.5707963267948966 flow_2_4 0 5.0 2.0,-66.29199999999975 -2.0 0.0 flow_5_6 0 5.0 2.0,-53.15417882866021 10.0 3.141592653589793 flow_7_5 0 5.0 2.0,89.16577017632634 2.0 3.141592653589793 flow_6_7 0 5.0 2.0,6.0 219.68582882866026 1.5707963267948966 flow_10_3 0 5.0 2.0,-86.3049999999999 -10.0 0.0 flow_8_7 0 5.0 2.0,6.0 -296.0 1.5707963267948966 flow_2_10 0 5.0 2.0,21.29199999999986 6.0 3.141592653589793 flow_1_4 0 5.0 2.0,208.49806157350623 -6.0 0.0 flow_4_3 0 5.0 2.0,169.65499999999998 2.0 3.141592653589793 flow_6_8 0 5.0 2.0,-2.0 58.791999999999777 -1.5707963267948966 flow_9_5 0 5.0 2.0,28.791999999999804 2.0 3.141592653589793 flow_6_1 0 5.0 2.0,43.7919999999998 2.0 3.141592653589793 flow_6_3 0 5.0 2.0,-6.0 -141.39300000000015 -1.5707963267948966 flow_3_1 1 5.0 2.0,2.0 -296.0 1.5707963267948966 flow_11_10 0 5.0 2.0,6.0 141.39300000000015 1.5707963267948966 flow_2_1 1 5.0 2.0,2.0 -21.29199999999986 1.5707963267948966 flow_11_0 0 5.0 2.0,-2.0 43.7919999999998 -1.5707963267948966 flow_9_3 0 5.0 2.0,-2.0 89.16577017632634 -1.5707963267948966 flow_9_7 0 5.0 2.0,2.0 111.74355975579393 1.5707963267948966 flow_2_2 0 5.0 2.0,-10.0 -136.33582882866024 -1.5707963267948966 flow_8_4 0 5.0 2.0,86.3049999999999 10.0 3.141592653589793 flow_10_7 0 5.0 2.0,251.0 10.0 3.141592653589793 flow_10_9 0 5.0 2.0,-6.0 4.525703564202615 -1.5707963267948966 flow_3_6 0 5.0 2.0,296.0 2.0 3.141592653589793 flow_6_10 0 5.0 2.0,10.0 -296.0 1.5707963267948966 flow_4_10 0 5.0 2.0,51.2919999999998 2.0 3.141592653589793 flow_6_4 0 5.0 2.0,10.0 136.33582882866024 1.5707963267948966 flow_10_4 0 5.0 2.0,-6.0 -219.68582882866026 -1.5707963267948966 flow_8_3 0 5.0 2.0,2.0 -51.2919999999998 1.5707963267948966 flow_11_4 0 5.0 2.0,-251.0 -2.0 0.0 flow_5_9 0 5.0 2.0,-2.0 -53.736196818024179 -1.5707963267948966 flow_3_4 0 5.0 2.0,-10.0 28.29674999999986 -1.5707963267948966 flow_7_6 0 5.0 2.0,-10.0 -53.15417882866021 -1.5707963267948966 flow_8_5 0 5.0 2.0,-21.29199999999986 -2.0 0.0 flow_5_0 0 5.0 2.0,6.0 -251.0 1.5707963267948966 flow_2_9 0 5.0 2.0,86.3049999999999 6.0 3.141592653589793 flow_1_7 0 5.0 2.0,-6.0 169.65499999999998 -1.5707963267948966 flow_3_8 0 5.0 2.0,-36.2919999999998 -6.0 0.0 flow_0_6 0 5.0 2.0,-169.65499999999998 -6.0 0.0 flow_0_8 0 5.0 2.0,2.0 170.39633333333348 1.5707963267948966 flow_2_0 0 5.0 2.0,-2.0 169.65499999999998 -1.5707963267948966 flow_9_8 0 5.0 2.0,-296.0 -2.0 0.0 flow_5_10 0 5.0 2.0,-2.0 -111.74355975579393 -1.5707963267948966 flow_3_2 0 5.0 2.0,6.0 -169.65499999999998 1.5707963267948966 flow_2_8 0 5.0 2.0,-21.29199999999986 -6.0 0.0 flow_0_4 0 5.0 2.0,247.09500000000026 -2.0 0.0 flow_0_3 0 5.0 2.0,-2.0 21.29199999999986 -1.5707963267948966 flow_9_0 0 5.0 2.0,-251.0 -10.0 0.0 flow_8_9 0 5.0 2.0,-10.0 86.3049999999999 -1.5707963267948966 flow_7_7 0 5.0 2.0,2.0 -36.2919999999998 1.5707963267948966 flow_11_2 0 5.0 2.0,-6.0 86.3049999999999 -1.5707963267948966 flow_3_7 0 5.0 2.0,-28.791999999999804 -2.0 0.0 flow_5_1 0 5.0 2.0,36.2919999999998 2.0 3.141592653589793 flow_6_2 0 5.0 2.0,-136.33582882866024 6.0 3.141592653589793 flow_7_4 0 5.0 2.0,53.15417882866021 -6.0 0.0 flow_4_5 0 5.0 2.0,-6.0 296.0 -1.5707963267948966 flow_3_10 0 5.0 2.0,10.0 -251.0 1.5707963267948966 flow_4_9 0 5.0 2.0,-10.0 251.0 -1.5707963267948966 flow_7_9 0 5.0 2.0,10.0 -169.65499999999998 1.5707963267948966 flow_4_8 0 5.0 2.0,-2.0 -170.39633333333348 -1.5707963267948966 flow_3_0 0 5.0 2.0,-6.0 -83.18809702607213 -1.5707963267948966 flow_3_3 0 5.0 2.0,-89.16577017632634 -2.0 0.0 flow_5_7 0 5.0 2.0,6.0 25.734953249150366 1.5707963267948966 flow_2_5 0 5.0 2.0,36.2919999999998 6.0 3.141592653589793 flow_1_6 0 5.0 2.0,296.0 10.0 3.141592653589793 flow_10_10 0 5.0 2.0,10.0 -28.29674999999986 1.5707963267948966 flow_4_6 0 5.0 2.0,-51.2919999999998 -2.0 0.0 flow_5_4 0 5.0 2.0,-296.0 -10.0 0.0 flow_8_10 0 5.0 2.0,-169.65499999999998 -10.0 0.0 flow_8_8 0 5.0 2.0,2.0 -169.65499999999998 1.5707963267948966 flow_11_8 0 5.0 2.0,-169.65499999999998 -2.0 0.0 flow_5_8 0 5.0 2.0,-219.68582882866026 10.0 3.141592653589793 flow_7_3 0 5.0 2.0,-58.791999999999777 -2.0 0.0 flow_5_5 0 5.0 2.0,2.0 -251.0 1.5707963267948966 flow_11_9 0 5.0 2.0,-10.0 296.0 -1.5707963267948966 flow_7_10 0 5.0 2.0,-28.29674999999986 -10.0 0.0 flow_8_6 0 5.0 2.0,-6.0 -25.734953249150366 -1.5707963267948966 flow_3_5 0 5.0 2.0,-6.0 251.0 -1.5707963267948966 flow_3_9 0 5.0 2.0,6.0 -4.525703564202615 1.5707963267948966 flow_2_6 0 5.0 2.0,6.0 83.18809702607213 1.5707963267948966 flow_2_3 0 5.0 2.0,6.0 -86.3049999999999 1.5707963267948966 flow_2_7 0 5.0 2.0,-2.0 251.0 -1.5707963267948966 flow_9_9 0 5.0 2.0,10.0 -86.3049999999999 1.5707963267948966 flow_4_7 0 5.0 2.0,251.0 2.0 3.141592653589793 flow_6_9 0 5.0 2.0,169.65499999999998 6.0 3.141592653589793 flow_1_8 0 5.0 2.0,-2.0 28.791999999999804 -1.5707963267948966 flow_9_1 0 5.0 2.0,169.65499999999998 10.0 3.141592653589793 flow_10_8 0 5.0 2.0,2.0 -43.7919999999998 1.5707963267948966 flow_11_3 0 5.0 2.0,28.29674999999986 10.0 3.141592653589793 flow_10_6 0 5.0 2.0,21.29199999999986 2.0 3.141592653589793 flow_6_0 0 5.0 2.0,-296.0 -6.0 0.0 flow_0_10 0 5.0 2.0,136.33582882866024 -10.0 0.0 flow_4_4 0 5.0 2.0,;road_0_1_0 r r g,road_1_0_1 r g g,road_1_2_3 r g g,road_2_1_2 r r g,
2.0 -79.65295029387727 1.5707963267948966 flow_11_7 0 5.0 2.0,-10.0 152.98499999999997 -1.5707963267948966 flow_7_8 0 5.0 2.0,-2.0 51.2919999999998 -1.5707963267948966 flow_9_4 0 5.0 2.0,291.0 6.0 3.141592653589793 flow_1_10 0 5.0 2.0,-2.0 36.2919999999998 -1.5707963267948966 flow_9_2 0 5.0 2.0,-70.25383915992916 -6.0 0.0 flow_0_7 0 5.0 2.0,236.0 6.0 3.141592653589793 flow_1_9 0 5.0 2.0,10.0 69.6558288286602 1.5707963267948966 flow_10_5 0 5.0 2.0,-2.0 66.29199999999975 -1.5707963267948966 flow_9_6 0 5.0 2.0,2.0 -28.791999999999804 1.5707963267948966 flow_11_1 0 5.0 2.0,-2.0 291.0 -1.5707963267948966 flow_9_10 0 5.0 2.0,2.0 -58.791999999999777 1.5707963267948966 flow_11_5 0 5.0 2.0,28.791999999999804 6.0 3.141592653589793 flow_1_5 0 5.0 2.0,-263.76500000000029 6.0 3.141592653589793 flow_1_3 0 5.0 2.0,-43.7919999999998 -2.0 0.0 flow_5_3 0 5.0 2.0,66.29199999999975 2.0 3.141592653589793 flow_6_6 0 5.0 2.0,2.0 -66.29199999999975 1.5707963267948966 flow_11_6 0 5.0 2.0,-36.2919999999998 -2.0 0.0 flow_5_2 0 5.0 2.0,-28.791999999999804 -6.0 0.0 flow_0_5 0 5.0 2.0,58.791999999999777 2.0 3.141592653589793 flow_6_5 0 5.0 2.0,-236.0 -6.0 0.0 flow_0_9 0 5.0 2.0,2.0 70.22183022070684 1.5707963267948966 flow_2_4 0 5.0 2.0,-66.29199999999975 -2.0 0.0 flow_5_6 0 5.0 2.0,-69.6558288286602 10.0 3.141592653589793 flow_7_5 0 5.0 2.0,79.65295029387727 2.0 3.141592653589793 flow_6_7 0 5.0 2.0,6.0 236.35582882866027 1.5707963267948966 flow_10_3 0 5.0 2.0,-69.63499999999988 -10.0 0.0 flow_8_7 0 5.0 2.0,6.0 -291.0 1.5707963267948966 flow_2_10 0 5.0 2.0,21.29199999999986 6.0 3.141592653589793 flow_1_4 0 5.0 2.0,225.16806157350625 -6.0 0.0 flow_4_3 0 5.0 2.0,152.98499999999997 2.0 3.141592653589793 flow_6_8 0 5.0 2.0,-2.0 58.791999999999777 -1.5707963267948966 flow_9_5 0 5.0 2.0,28.791999999999804 2.0 3.141592653589793 flow_6_1 0 5.0 2.0,43.7919999999998 2.0 3.141592653589793 flow_6_3 0 5.0 2.0,-6.0 -158.06300000000017 -1.5707963267948966 flow_3_1 1 5.0 2.0,2.0 -291.0 1.5707963267948966 flow_11_10 0 5.0 2.0,6.0 158.06300000000017 1.5707963267948966 flow_2_1 1 5.0 2.0,2.0 -21.29199999999986 1.5707963267948966 flow_11_0 0 5.0 2.0,-2.0 43.7919999999998 -1.5707963267948966 flow_9_3 0 5.0 2.0,-2.0 79.65295029387727 -1.5707963267948966 flow_9_7 0 5.0 2.0,2.0 128.41355975579394 1.5707963267948966 flow_2_2 0 5.0 2.0,-10.0 -153.0058288286602 -1.5707963267948966 flow_8_4 0 5.0 2.0,69.63499999999988 10.0 3.141592653589793 flow_10_7 0 5.0 2.0,236.0 10.0 3.141592653589793 flow_10_9 0 5.0 2.0,-5.999999999999999 -11.811618918072142 -1.5707963267948964 flow_3_6 0 5.0 2.0,291.0 2.0 3.141592653589793 flow_6_10 0 5.0 2.0,10.0 -291.0 1.5707963267948966 flow_4_10 0 5.0 2.0,51.2919999999998 2.0 3.141592653589793 flow_6_4 0 5.0 2.0,10.0 153.0058288286602 1.5707963267948966 flow_10_4 0 5.0 2.0,-6.0 -236.35582882866027 -1.5707963267948966 flow_8_3 0 5.0 2.0,2.0 -51.2919999999998 1.5707963267948966 flow_11_4 0 5.0 2.0,-236.0 -2.0 0.0 flow_5_9 0 5.0 2.0,-2.0 -70.22183022070684 -1.5707963267948966 flow_3_4 0 5.0 2.0,-10.001921025350646 19.96350051833775 -1.6233793884058383 flow_7_6 0 5.0 2.0,-10.0 -69.6558288286602 -1.5707963267948966 flow_8_5 0 5.0 2.0,-21.29199999999986 -2.0 0.0 flow_5_0 0 5.0 2.0,6.0 -236.0 1.5707963267948966 flow_2_9 0 5.0 2.0,70.25383915992916 6.0 3.141592653589793 flow_1_7 0 5.0 2.0,-6.0 152.98499999999997 -1.5707963267948966 flow_3_8 0 5.0 2.0,-36.2919999999998 -6.0 0.0 flow_0_6 0 5.0 2.0,-152.98499999999997 -6.0 0.0 flow_0_8 0 5.0 2.0,2.0 187.0663333333335 1.5707963267948966 flow_2_0 0 5.0 2.0,-2.0 152.98499999999997 -1.5707963267948966 flow_9_8 0 5.0 2.0,-291.0 -2.0 0.0 flow_5_10 0 5.0 2.0,-2.0 -128.41355975579394 -1.5707963267948966 flow_3_2 0 5.0 2.0,6.0 -152.98499999999997 1.5707963267948966 flow_2_8 0 5.0 2.0,-21.29199999999986 -6.0 0.0 flow_0_4 0 5.0 2.0,263.76500000000029 -2.0 0.0 flow_0_3 0 5.0 2.0,-2.0 21.29199999999986 -1.5707963267948966 flow_9_0 0 5.0 2.0,-236.0 -10.0 0.0 flow_8_9 0 5.0 2.0,-10.0 69.63499999999988 -1.5707963267948966 flow_7_7 0 5.0 2.0,2.0 -36.2919999999998 1.5707963267948966 flow_11_2 0 5.0 2.0,-6.0 69.63499999999988 -1.5707963267948966 flow_3_7 0 5.0 2.0,-28.791999999999804 -2.0 0.0 flow_5_1 0 5.0 2.0,36.2919999999998 2.0 3.141592653589793 flow_6_2 0 5.0 2.0,-153.0058288286602 6.0 3.141592653589793 flow_7_4 0 5.0 2.0,69.6558288286602 -6.0 0.0 flow_4_5 0 5.0 2.0,-6.0 291.0 -1.5707963267948966 flow_3_10 0 5.0 2.0,10.0 -236.0 1.5707963267948966 flow_4_9 0 5.0 2.0,-10.0 236.0 -1.5707963267948966 flow_7_9 0 5.0 2.0,10.0 -152.98499999999997 1.5707963267948966 flow_4_8 0 5.0 2.0,-2.0 -187.0663333333335 -1.5707963267948966 flow_3_0 0 5.0 2.0,-6.0 -99.85809702607213 -1.5707963267948966 flow_3_3 0 5.0 2.0,-79.65295029387727 -2.0 0.0 flow_5_7 0 5.0 2.0,6.0 41.67557890633585 1.5707963267948966 flow_2_5 0 5.0 2.0,36.2919999999998 6.0 3.141592653589793 flow_1_6 0 5.0 2.0,291.0 10.0 3.141592653589793 flow_10_10 0 5.0 2.0,10.001921025350646 -19.96350051833775 1.518213265183955 flow_4_6 0 5.0 2.0,-51.2919999999998 -2.0 0.0 flow_5_4 0 5.0 2.0,-291.0 -10.0 0.0 flow_8_10 0 5.0 2.0,-152.98499999999997 -10.0 0.0 flow_8_8 0 5.0 2.0,2.0 -152.98499999999997 1.5707963267948966 flow_11_8 0 5.0 2.0,-152.98499999999997 -2.0 0.0 flow_5_8 0 5.0 2.0,-236.35582882866027 10.0 3.141592653589793 flow_7_3 0 5.0 2.0,-58.791999999999777 -2.0 0.0 flow_5_5 0 5.0 2.0,2.0 -236.0 1.5707963267948966 flow_11_9 0 5.0 2.0,-10.0 291.0 -1.5707963267948966 flow_7_10 0 5.0 2.0,-19.96350051833775 -10.001921025350646 -0.05258306161094157 flow_8_6 0 5.0 2.0,-6.0 -41.67557890633585 -1.5707963267948966 flow_3_5 0 5.0 2.0,-6.0 236.0 -1.5707963267948966 flow_3_9 0 5.0 2.0,5.999999999999999 11.811618918072142 1.5707963267948968 flow_2_6 0 5.0 2.0,6.0 99.85809702607213 1.5707963267948966 flow_2_3 0 5.0 2.0,6.0 -69.63499999999988 1.5707963267948966 flow_2_7 0 5.0 2.0,-2.0 236.0 -1.5707963267948966 flow_9_9 0 5.0 2.0,10.0 -69.63499999999988 1.5707963267948966 flow_4_7 0 5.0 2.0,236.0 2.0 3.141592653589793 flow_6_9 0 5.0 2.0,152.98499999999997 6.0 3.141592653589793 flow_1_8 0 5.0 2.0,-2.0 28.791999999999804 -1.5707963267948966 flow_9_1 0 5.0 2.0,152.98499999999997 10.0 3.141592653589793 flow_10_8 0 5.0 2.0,2.0 -43.7919999999998 1.5707963267948966 flow_11_3 0 5.0 2.0,19.96350051833775 10.001921025350646 3.0890095919788518 flow_10_6 0 5.0 2.0,21.29199999999986 2.0 3.141592653589793 flow_6_0 0 5.0 2.0,-291.0 -6.0 0.0 flow_0_10 0 5.0 2.0,153.0058288286602 -10.0 0.0 flow_4_4 0 5.0 2.0,;road_0_1_0 r r g,road_1_0_1 r g g,road_1_2_3 r g g,road_2_1_2 r r g,
2.0 -74.64013041142818 1.5707963267948966 flow_11_7 0 5.0 2.0,-10.0 136.31499999999995 -1.5707963267948966 flow_7_8 0 5.0 2.0,-2.0 51.2919999999998 -1.5707963267948966 flow_9_4 0 5.0 2.0,284.0 6.0 3.141592653589793 flow_1_10 0 5.0 2.0,-2.0 36.2919999999998 -1.5707963267948966 flow_9_2 0 5.0 2.0,-57.0715174797877 -6.0 0.0 flow_0_7 0 5.0 2.0,219.665 6.0 3.141592653589793 flow_1_9 0 5.0 2.0,10.0 86.3258288286602 1.5707963267948966 flow_10_5 0 5.0 2.0,-2.0 66.29199999999975 -1.5707963267948966 flow_9_6 0 5.0 2.0,2.0 -28.791999999999804 1.5707963267948966 flow_11_1 0 5.0 2.0,-2.0 284.0 -1.5707963267948966 flow_9_10 0 5.0 2.0,2.0 -58.791999999999777 1.5707963267948966 flow_11_5 0 5.0 2.0,28.791999999999804 6.0 3.141592653589793 flow_1_5 0 5.0 2.0,-280.4350000000003 6.0 3.141592653589793 flow_1_3 0 5.0 2.0,-43.7919999999998 -2.0 0.0 flow_5_3 0 5.0 2.0,66.29199999999975 2.0 3.141592653589793 flow_6_6 0 5.0 2.0,2.0 -66.29199999999975 1.5707963267948966 flow_11_6 0 5.0 2.0,-36.2919999999998 -2.0 0.0 flow_5_2 0 5.0 2.0,-28.791999999999804 -6.0 0.0 flow_0_5 0 5.0 2.0,58.791999999999777 2.0 3.141592653589793 flow_6_5 0 5.0 2.0,-219.665 -6.0 0.0 flow_0_9 0 5.0 2.0,2.0 86.89183022070682 1.5707963267948966 flow_2_4 0 5.0 2.0,-66.29199999999975 -2.0 0.0 flow_5_6 0 5.0 2.0,-86.3258288286602 10.0 3.141592653589793 flow_7_5 0 5.0 2.0,74.64013041142818 2.0 3.141592653589793 flow_6_7 0 5.0 2.0,6.0 253.02582882866029 1.5707963267948966 flow_10_3 0 5.0 2.0,-55.21499999999986 -10.0 0.0 flow_8_7 0 5.0 2.0,6.0 -284.0 1.5707963267948966 flow_2_10 0 5.0 2.0,21.29199999999986 6.0 3.141592653589793 flow_1_4 0 5.0 2.0,241.83806157350626 -6.0 0.0 flow_4_3 0 5.0 2.0,136.31499999999995 2.0 3.141592653589793 flow_6_8 0 5.0 2.0,-2.0 58.791999999999777 -1.5707963267948966 flow_9_5 0 5.0 2.0,28.791999999999804 2.0 3.141592653589793 flow_6_1 0 5.0 2.0,43.7919999999998 2.0 3.141592653589793 flow_6_3 0 5.0 2.0,-6.0 -174.73300000000018 -1.5707963267948966 flow_3_1 1 5.0 2.0,2.0 -284.0 1.5707963267948966 flow_11_10 0 5.0 2.0,6.0 174.73300000000018 1.5707963267948966 flow_2_1 1 5.0 2.0,2.0 -21.29199999999986 1.5707963267948966 flow_11_0 0 5.0 2.0,-2.0 43.7919999999998 -1.5707963267948966 flow_9_3 0 5.0 2.0,-2.0 74.64013041142818 -1.5707963267948966 flow_9_7 0 5.0 2.0,2.0 145.08355975579395 1.5707963267948966 flow_2_2 0 5.0 2.0,-10.0 -169.6758288286602 -1.5707963267948966 flow_8_4 0 5.0 2.0,55.21499999999986 10.0 3.141592653589793 flow_10_7 0 5.0 2.0,219.665 10.0 3.141592653589793 flow_10_9 0 5.0 2.0,-6.0 -28.35753687836403 -1.5707963267948966 flow_3_6 0 5.0 2.0,284.0 2.0 3.141592653589793 flow_6_10 0 5.0 2.0,10.0 -284.0 1.5707963267948966 flow_4_10 0 5.0 2.0,51.2919999999998 2.0 3.141592653589793 flow_6_4 0 5.0 2.0,10.0 169.6758288286602 1.5707963267948966 flow_10_4 0 5.0 2.0,-6.0 -253.02582882866029 -1.5707963267948966 flow_8_3 0 5.0 2.0,2.0 -51.2919999999998 1.5707963267948966 flow_11_4 0 5.0 2.0,-219.665 -2.0 0.0 flow_5_9 0 5.0 2.0,-2.0 -86.89183022070682 -1.5707963267948966 flow_3_4 0 5.0 2.0,-13.476783965535605 11.700813119107233 -2.4558631426835069 flow_7_6 0 5.0 2.0,-10.0 -86.3258288286602 -1.5707963267948966 flow_8_5 0 5.0 2.0,-21.29199999999986 -2.0 0.0 flow_5_0 0 5.0 2.0,6.0 -219.665 1.5707963267948966 flow_2_9 0 5.0 2.0,57.0715174797877 6.0 3.141592653589793 flow_1_7 0 5.0 2.0,-6.0 136.31499999999995 -1.5707963267948966 flow_3_8 0 5.0 2.0,-36.2919999999998 -6.0 0.0 flow_0_6 0 5.0 2.0,-136.31499999999995 -6.0 0.0 flow_0_8 0 5.0 2.0,2.0 203.7363333333335 1.5707963267948966 flow_2_0 0 5.0 2.0,-2.0 136.31499999999995 -1.5707963267948966 flow_9_8 0 5.0 2.0,-284.0 -2.0 0.0 flow_5_10 0 5.0 2.0,-2.0 -145.08355975579395 -1.5707963267948966 flow_3_2 0 5.0 2.0,6.0 -136.31499999999995 1.5707963267948966 flow_2_8 0 5.0 2.0,-21.29199999999986 -6.0 0.0 flow_0_4 0 5.0 2.0,280.4350000000003 -2.0 0.0 flow_0_3 0 5.0 2.0,-2.0 21.29199999999986 -1.5707963267948966 flow_9_0 0 5.0 2.0,-219.665 -10.0 0.0 flow_8_9 0 5.0 2.0,-10.0 55.21499999999986 -1.5707963267948966 flow_7_7 0 5.0 2.0,2.0 -36.2919999999998 1.5707963267948966 flow_11_2 0 5.0 2.0,-6.0 52.96499999999986 -1.5707963267948966 flow_3_7 0 5.0 2.0,-28.791999999999804 -2.0 0.0 flow_5_1 0 5.0 2.0,36.2919999999998 2.0 3.141592653589793 flow_6_2 0 5.0 2.0,-169.6758288286602 6.0 3.141592653589793 flow_7_4 0 5.0 2.0,86.3258288286602 -6.0 0.0 flow_4_5 0 5.0 2.0,-6.0 284.0 -1.5707963267948966 flow_3_10 0 5.0 2.0,10.0 -219.665 1.5707963267948966 flow_4_9 0 5.0 2.0,-10.0 219.665 -1.5707963267948966 flow_7_9 0 5.0 2.0,10.0 -136.31499999999995 1.5707963267948966 flow_4_8 0 5.0 2.0,-2.0 -203.7363333333335 -1.5707963267948966 flow_3_0 0 5.0 2.0,-6.0 -116.52809702607213 -1.5707963267948966 flow_3_3 0 5.0 2.0,-74.64013041142818 -2.0 0.0 flow_5_7 0 5.0 2.0,6.0 58.34557890633585 1.5707963267948966 flow_2_5 0 5.0 2.0,36.2919999999998 6.0 3.141592653589793 flow_1_6 0 5.0 2.0,284.0 10.0 3.141592653589793 flow_10_10 0 5.0 2.0,13.476783965535605 -11.700813119107233 0.6857295109062868 flow_4_6 0 5.0 2.0,-51.2919999999998 -2.0 0.0 flow_5_4 0 5.0 2.0,-284.0 -10.0 0.0 flow_8_10 0 5.0 2.0,-136.31499999999995 -10.0 0.0 flow_8_8 0 5.0 2.0,2.0 -136.31499999999995 1.5707963267948966 flow_11_8 0 5.0 2.0,-136.31499999999995 -2.0 0.0 flow_5_8 0 5.0 2.0,-253.02582882866029 10.0 3.141592653589793 flow_7_3 0 5.0 2.0,-58.791999999999777 -2.0 0.0 flow_5_5 0 5.0 2.0,2.0 -219.665 1.5707963267948966 flow_11_9 0 5.0 2.0,-10.0 284.0 -1.5707963267948966 flow_7_10 0 5.0 2.0,-11.700813119107233 -13.476783965535605 -0.8850668158886099 flow_8_6 0 5.0 2.0,-6.0 -58.34557890633585 -1.5707963267948966 flow_3_5 0 5.0 2.0,-6.0 219.665 -1.5707963267948966 flow_3_9 0 5.0 2.0,6.0 28.35753687836403 1.5707963267948966 flow_2_6 0 5.0 2.0,6.0 116.52809702607213 1.5707963267948966 flow_2_3 0 5.0 2.0,6.0 -52.96499999999986 1.5707963267948966 flow_2_7 0 5.0 2.0,-2.0 219.665 -1.5707963267948966 flow_9_9 0 5.0 2.0,10.0 -55.21499999999986 1.5707963267948966 flow_4_7 0 5.0 2.0,219.665 2.0 3.141592653589793 flow_6_9 0 5.0 2.0,136.31499999999995 6.0 3.141592653589793 flow_1_8 0 5.0 2.0,-2.0 28.791999999999804 -1.5707963267948966 flow_9_1 0 5.0 2.0,136.31499999999995 10.0 3.141592653589793 flow_10_8 0 5.0 2.0,2.0 -43.7919999999998 1.5707963267948966 flow_11_3 0 5.0 2.0,11.700813119107233 13.476783965535605 2.2565258377011836 flow_10_6 0 5.0 2.0,21.29199999999986 2.0 3.141592653589793 flow_6_0 0 5.0 2.0,-284.0 -6.0 0.0 flow_0_10 0 5.0 2.0,169.6758288286602 -10.0 0.0 flow_4_4 0 5.0 2.0,;road_0_1_0 r r g,road_1_0_1 r g g,road_1_2_3 r g g,road_2_1_2 r r g,
2.0 -73.79199999999975 1.5707963267948966 flow_11_7 0 5.0 2.0,-10.0 119.64499999999993 -1.5707963267948966 flow_7_8 0 5.0 2.0,-2.0 51.2919999999998 -1.5707963267948966 flow_9_4 0 5.0 2.0,275.0 6.0 3.141592653589793 flow_1_10 0 5.0 2.0,-2.0 36.2919999999998 -1.5707963267948966 flow_9_2 0 5.0 2.0,-48.389195799646248 -6.0 0.0 flow_0_7 0 5.0 2.0,202.995 6.0 3.141592653589793 flow_1_9 0 5.0 2.0,10.0 102.9958288286602 1.5707963267948966 flow_10_5 0 5.0 2.0,-2.0 66.29199999999975 -1.5707963267948966 flow_9_6 0 5.0 2.0,2.0 -28.791999999999804 1.5707963267948966 flow_11_1 0 5.0 2.0,-2.0 275.0 -1.5707963267948966 flow_9_10 0 5.0 2.0,2.0 -58.791999999999777 1.5707963267948966 flow_11_5 0 5.0 2.0,28.791999999999804 6.0 3.141592653589793 flow_1_5 0 5.0 2.0,-297.1050000000003 6.0 3.141592653589793 flow_1_3 0 5.0 2.0,-43.7919999999998 -2.0 0.0 flow_5_3 0 5.0 2.0,66.29199999999975 2.0 3.141592653589793 flow_6_6 0 5.0 2.0,2.0 -66.29199999999975 1.5707963267948966 flow_11_6 0 5.0 2.0,-36.2919999999998 -2.0 0.0 flow_5_2 0 5.0 2.0,-28.791999999999804 -6.0 0.0 flow_0_5 0 5.0 2.0,58.791999999999777 2.0 3.141592653589793 flow_6_5 0 5.0 2.0,-202.995 -6.0 0.0 flow_0_9 0 5.0 2.0,2.0 103.56183022070683 1.5707963267948966 flow_2_4 0 5.0 2.0,-66.29199999999975 -2.0 0.0 flow_5_6 0 5.0 2.0,-102.9958288286602 10.0 3.141592653589793 flow_7_5 0 5.0 2.0,73.79199999999975 2.0 3.141592653589793 flow_6_7 0 5.0 2.0,6.0 269.6958288286603 1.5707963267948966 flow_10_3 0 5.0 2.0,-44.96334999999985 -10.0 0.0 flow_8_7 0 5.0 2.0,6.0 -275.0 1.5707963267948966 flow_2_10 0 5.0 2.0,21.29199999999986 6.0 3.141592653589793 flow_1_4 0 5.0 2.0,258.50806157350629 -6.0 0.0 flow_4_3 0 5.0 2.0,119.64499999999993 2.0 3.141592653589793 flow_6_8 0 5.0 2.0,-2.0 58.791999999999777 -1.5707963267948966 flow_9_5 0 5.0 2.0,28.791999999999804 2.0 3.141592653589793 flow_6_1 0 5.0 2.0,43.7919999999998 2.0 3.141592653589793 flow_6_3 0 5.0 2.0,-6.0 -191.4030000000002 -1.5707963267948966 flow_3_1 1 5.0 2.0,2.0 -275.0 1.5707963267948966 flow_11_10 0 5.0 2.0,6.0 191.4030000000002 1.5707963267948966 flow_2_1 1 5.0 2.0,2.0 -21.29199999999986 1.5707963267948966 flow_11_0 0 5.0 2.0,-2.0 43.7919999999998 -1.5707963267948966 flow_9_3 0 5.0 2.0,-2.0 73.79199999999975 -1.5707963267948966 flow_9_7 0 5.0 2.0,2.0 161.75355975579394 1.5707963267948966 flow_2_2 0 5.0 2.0,-10.0 -186.34582882866023 -1.5707963267948966 flow_8_4 0 5.0 2.0,44.96334999999985 10.0 3.141592653589793 flow_10_7 0 5.0 2.0,202.995 10.0 3.141592653589793 flow_10_9 0 5.0 2.0,-2.6671305314685447 -45.01905789234994 -1.5707963267948966 flow_3_6 -1 5.0 2.0,275.0 2.0 3.141592653589793 flow_6_10 0 5.0 2.0,10.0 -275.0 1.5707963267948966 flow_4_10 0 5.0 2.0,51.2919999999998 2.0 3.141592653589793 flow_6_4 0 5.0 2.0,10.0 186.34582882866023 1.5707963267948966 flow_10_4 0 5.0 2.0,-6.0 -269.6958288286603 -1.5707963267948966 flow_8_3 0 5.0 2.0,2.0 -51.2919999999998 1.5707963267948966 flow_11_4 0 5.0 2.0,-202.995 -2.0 0.0 flow_5_9 0 5.0 2.0,-2.0 -103.56183022070683 -1.5707963267948966 flow_3_4 0 5.0 2.0,-24.487578828660206 10.0 3.141592653589793 flow_7_6 0 5.0 2.0,-10.0 -102.9958288286602 -1.5707963267948966 flow_8_5 0 5.0 2.0,-21.29199999999986 -2.0 0.0 flow_5_0 0 5.0 2.0,6.0 -202.995 1.5707963267948966 flow_2_9 0 5.0 2.0,48.389195799646248 6.0 3.141592653589793 flow_1_7 0 5.0 2.0,-6.0 119.64499999999993 -1.5707963267948966 flow_3_8 0 5.0 2.0,-36.2919999999998 -6.0 0.0 flow_0_6 0 5.0 2.0,-119.64499999999993 -6.0 0.0 flow_0_8 0 5.0 2.0,2.0 220.40633333333353 1.5707963267948966 flow_2_0 0 5.0 2.0,-2.0 119.64499999999993 -1.5707963267948966 flow_9_8 0 5.0 2.0,-275.0 -2.0 0.0 flow_5_10 0 5.0 2.0,-2.0 -161.75355975579394 -1.5707963267948966 flow_3_2 0 5.0 2.0,6.0 -119.64499999999993 1.5707963267948966 flow_2_8 0 5.0 2.0,-21.29199999999986 -6.0 0.0 flow_0_4 0 5.0 2.0,297.1050000000003 -2.0 0.0 flow_0_3 0 5.0 2.0,-2.0 21.29199999999986 -1.5707963267948966 flow_9_0 0 5.0 2.0,-202.995 -10.0 0.0 flow_8_9 0 5.0 2.0,-10.0 44.96334999999985 -1.5707963267948966 flow_7_7 0 5.0 2.0,2.0 -36.2919999999998 1.5707963267948966 flow_11_2 0 5.0 2.0,-6.0 36.294999999999848 -1.5707963267948966 flow_3_7 0 5.0 2.0,-28.791999999999804 -2.0 0.0 flow_5_1 0 5.0 2.0,36.2919999999998 2.0 3.141592653589793 flow_6_2 0 5.0 2.0,-186.34582882866023 6.0 3.141592653589793 flow_7_4 0 5.0 2.0,102.9958288286602 -6.0 0.0 flow_4_5 0 5.0 2.0,-6.0 275.0 -1.5707963267948966 flow_3_10 0 5.0 2.0,10.0 -202.995 1.5707963267948966 flow_4_9 0 5.0 2.0,-10.0 202.995 -1.5707963267948966 flow_7_9 0 5.0 2.0,10.0 -119.64499999999993 1.5707963267948966 flow_4_8 0 5.0 2.0,-2.0 -220.40633333333353 -1.5707963267948966 flow_3_0 0 5.0 2.0,-6.0 -133.19809702607214 -1.5707963267948966 flow_3_3 0 5.0 2.0,-73.79199999999975 -2.0 0.0 flow_5_7 0 5.0 2.0,6.0 75.01557890633586 1.5707963267948966 flow_2_5 0 5.0 2.0,36.2919999999998 6.0 3.141592653589793 flow_1_6 0 5.0 2.0,275.0 10.0 3.141592653589793 flow_10_10 0 5.0 2.0,24.487578828660206 -10.0 0.0 flow_4_6 0 5.0 2.0,-51.2919999999998 -2.0 0.0 flow_5_4 0 5.0 2.0,-275.0 -10.0 0.0 flow_8_10 0 5.0 2.0,-119.64499999999993 -10.0 0.0 flow_8_8 0 5.0 2.0,2.0 -119.64499999999993 1.5707963267948966 flow_11_8 0 5.0 2.0,-119.64499999999993 -2.0 0.0 flow_5_8 0 5.0 2.0,-269.6958288286603 10.0 3.141592653589793 flow_7_3 0 5.0 2.0,-58.791999999999777 -2.0 0.0 flow_5_5 0 5.0 2.0,2.0 -202.995 1.5707963267948966 flow_11_9 0 5.0 2.0,-10.0 275.0 -1.5707963267948966 flow_7_10 0 5.0 2.0,-10.0 -24.487578828660206 -1.5707963267948966 flow_8_6 0 5.0 2.0,-6.0 -75.01557890633586 -1.5707963267948966 flow_3_5 0 5.0 2.0,-6.0 202.995 -1.5707963267948966 flow_3_9 0 5.0 2.0,2.6671305314685447 45.01905789234994 1.5707963267948966 flow_2_6 -1 5.0 2.0,6.0 133.19809702607214 1.5707963267948966 flow_2_3 0 5.0 2.0,6.0 -36.294999999999848 1.5707963267948966 flow_2_7 0 5.0 2.0,-2.0 202.995 -1.5707963267948966 flow_9_9 0 5.0 2.0,10.0 -44.96334999999985 1.5707963267948966 flow_4_7 0 5.0 2.0,202.995 2.0 3.141592653589793 flow_6_9 0 5.0 2.0,119.64499999999993 6.0 3.141592653589793 flow_1_8 0 5.0 2.0,-2.0 28.791999999999804 -1.5707963267948966 flow_9_1 0 5.0 2.0,119.64499999999993 10.0 3.141592653589793 flow_10_8 0 5.0 2.0,2.0 -43.7919999999998 1.5707963267948966 flow_11_3 0 5.0 2.0,10.0 24.487578828660206 1.5707963267948966 flow_10_6 0 5.0 2.0,21.29199999999986 2.0 3.141592653589793 flow_6_0 0 5.0 2.0,-275.0 -6.0 0.0 flow_0_10 0 5.0 2.0,186.34582882866023 -10.0 0.0 flow_4_4 0 5.0 2.0,;road_0_1_0 r r g,road_1_0_1 r g g,road_1_2_3 r g g,road_2_1_2 r r g,
2.0 -73.79199999999975 1.5707963267948966 flow_11_7 0 5.0 2.0,299.0 10.0 3.141592653589793 flow_10_11 0 5.0 2.0,-10.0 102.97499999999991 -1.5707963267948966 flow_7_8 0 5.0 2.0,-2.0 51.2919999999998 -1.5707963267948966 flow_9_4 0 5.0 2.0,264.0 6.0 3.141592653589793 flow_1_10 0 5.0 2.0,-2.0 36.2919999999998 -1.5707963267948966 flow_9_2 0 5.0 2.0,-44.20687411950479 -6.0 0.0 flow_0_7 0 5.0 2.0,-299.0 -10.0 0.0 flow_8_11 0 5.0 2.0,186.325 6.0 3.141592653589793 flow_1_9 0 5.0 2.0,10.0 119.66582882866021 1.5707963267948966 flow_10_5 0 5.0 2.0,-2.0 66.29199999999975 -1.5707963267948966 flow_9_6 0 5.0 2.0,2.0 -28.791999999999804 1.5707963267948966 flow_11_1 0 5.0 2.0,-2.0 264.0 -1.5707963267948966 flow_9_10 0 5.0 2.0,2.0 -58.791999999999777 1.5707963267948966 flow_11_5 0 5.0 2.0,28.791999999999804 6.0 3.141592653589793 flow_1_5 0 5.0 2.0,-43.7919999999998 -2.0 0.0 flow_5_3 0 5.0 2.0,66.29199999999975 2.0 3.141592653589793 flow_6_6 0 5.0 2.0,2.0 -66.29199999999975 1.5707963267948966 flow_11_6 0 5.0 2.0,-36.2919999999998 -2.0 0.0 flow_5_2 0 5.0 2.0,-28.791999999999804 -6.0 0.0 flow_0_5 0 5.0 2.0,58.791999999999777 2.0 3.141592653589793 flow_6_5 0 5.0 2.0,-186.325 -6.0 0.0 flow_0_9 0 5.0 2.0,2.0 120.23183022070683 1.5707963267948966 flow_2_4 0 5.0 2.0,-2.0 -61.6848183993429 -1.5707963267948966 flow_3_6 0 5.0 2.0,-66.29199999999975 -2.0 0.0 flow_5_6 0 5.0 2.0,-119.66582882866021 10.0 3.141592653589793 flow_7_5 0 5.0 2.0,73.79199999999975 2.0 3.141592653589793 flow_6_7 0 5.0 2.0,6.0 286.3658288286603 1.5707963267948966 flow_10_3 0 5.0 2.0,-36.63004999999987 -10.0 0.0 flow_8_7 0 5.0 2.0,6.0 -264.0 1.5707963267948966 flow_2_10 0 5.0 2.0,21.29199999999986 6.0 3.141592653589793 flow_1_4 0 5.0 2.0,275.1780615735063 -6.0 0.0 flow_4_3 0 5.0 2.0,-2.0 299.0 -1.5707963267948966 flow_9_11 0 5.0 2.0,104.14005424972521 2.0 3.141592653589793 flow_6_8 0 5.0 2.0,-2.0 58.791999999999777 -1.5707963267948966 flow_9_5 0 5.0 2.0,28.791999999999804 2.0 3.141592653589793 flow_6_1 0 5.0 2.0,43.7919999999998 2.0 3.141592653589793 flow_6_3 0 5.0 2.0,-6.0 -208.0730000000002 -1.5707963267948966 flow_3_1 1 5.0 2.0,2.0 -264.0 1.5707963267948966 flow_11_10 0 5.0 2.0,6.0 208.0730000000002 1.5707963267948966 flow_2_1 1 5.0 2.0,2.0 -21.29199999999986 1.5707963267948966 flow_11_0 0 5.0 2.0,-2.0 43.7919999999998 -1.5707963267948966 flow_9_3 0 5.0 2.0,-2.0 73.79199999999975 -1.5707963267948966 flow_9_7 0 5.0 2.0,2.0 178.42355975579393 1.5707963267948966 flow_2_2 0 5.0 2.0,-10.0 -203.01582882866024 -1.5707963267948966 flow_8_4 0 5.0 2.0,36.63004999999987 10.0 3.141592653589793 flow_10_7 0 5.0 2.0,186.325 10.0 3.141592653589793 flow_10_9 0 5.0 2.0,264.0 2.0 3.141592653589793 flow_6_10 0 5.0 2.0,10.0 -264.0 1.5707963267948966 flow_4_10 0 5.0 2.0,51.2919999999998 2.0 3.141592653589793 flow_6_4 0 5.0 2.0,10.0 203.01582882866024 1.5707963267948966 flow_10_4 0 5.0 2.0,-6.0 -286.3658288286603 -1.5707963267948966 flow_8_3 0 5.0 2.0,2.0 -51.2919999999998 1.5707963267948966 flow_11_4 0 5.0 2.0,-186.325 -2.0 0.0 flow_5_9 0 5.0 2.0,-2.0 -120.23183022070683 -1.5707963267948966 flow_3_4 0 5.0 2.0,-37.820878828660209 7.1333400000000009 3.141592653589793 flow_7_6 -1 5.0 2.0,-6.0 299.0 -1.5707963267948966 flow_3_11 0 5.0 2.0,-10.0 -119.66582882866021 -1.5707963267948966 flow_8_5 0 5.0 2.0,-21.29199999999986 -2.0 0.0 flow_5_0 0 5.0 2.0,6.0 -186.325 1.5707963267948966 flow_2_9 0 5.0 2.0,44.20687411950479 6.0 3.141592653589793 flow_1_7 0 5.0 2.0,-6.0 102.97499999999991 -1.5707963267948966 flow_3_8 0 5.0 2.0,-36.2919999999998 -6.0 0.0 flow_0_6 0 5.0 2.0,-102.97499999999991 -6.0 0.0 flow_0_8 0 5.0 2.0,2.0 237.07633333333355 1.5707963267948966 flow_2_0 0 5.0 2.0,-2.0 104.14005424972521 -1.5707963267948966 flow_9_8 0 5.0 2.0,-264.0 -2.0 0.0 flow_5_10 0 5.0 2.0,-2.0 -178.42355975579393 -1.5707963267948966 flow_3_2 0 5.0 2.0,10.0 -299.0 1.5707963267948966 flow_4_11 0 5.0 2.0,6.0 -102.97499999999991 1.5707963267948966 flow_2_8 0 5.0 2.0,-21.29199999999986 -6.0 0.0 flow_0_4 0 5.0 2.0,-2.0 21.29199999999986 -1.5707963267948966 flow_9_0 0 5.0 2.0,-186.325 -10.0 0.0 flow_8_9 0 5.0 2.0,-10.0 36.63004999999987 -1.5707963267948966 flow_7_7 0 5.0 2.0,2.0 -36.2919999999998 1.5707963267948966 flow_11_2 0 5.0 2.0,-6.0 19.62499999999983 -1.5707963267948966 flow_3_7 0 5.0 2.0,-28.791999999999804 -2.0 0.0 flow_5_1 0 5.0 2.0,-299.0 -2.0 0.0 flow_5_11 0 5.0 2.0,36.2919999999998 2.0 3.141592653589793 flow_6_2 0 5.0 2.0,2.0 -299.0 1.5707963267948966 flow_11_11 0 5.0 2.0,-203.01582882866024 6.0 3.141592653589793 flow_7_4 0 5.0 2.0,119.66582882866021 -6.0 0.0 flow_4_5 0 5.0 2.0,-10.0 299.0 -1.5707963267948966 flow_7_11 0 5.0 2.0,-299.0 -6.0 0.0 flow_0_11 0 5.0 2.0,-6.0 264.0 -1.5707963267948966 flow_3_10 0 5.0 2.0,10.0 -186.325 1.5707963267948966 flow_4_9 0 5.0 2.0,-10.0 186.325 -1.5707963267948966 flow_7_9 0 5.0 2.0,299.0 6.0 3.141592653589793 flow_1_11 0 5.0 2.0,10.0 -102.97499999999991 1.5707963267948966 flow_4_8 0 5.0 2.0,-2.0 -237.07633333333355 -1.5707963267948966 flow_3_0 0 5.0 2.0,-6.0 -149.86809702607213 -1.5707963267948966 flow_3_3 0 5.0 2.0,6.0 -299.0 1.5707963267948966 flow_2_11 0 5.0 2.0,-73.79199999999975 -2.0 0.0 flow_5_7 0 5.0 2.0,6.0 91.68557890633585 1.5707963267948966 flow_2_5 0 5.0 2.0,36.2919999999998 6.0 3.141592653589793 flow_1_6 0 5.0 2.0,264.0 10.0 3.141592653589793 flow_10_10 0 5.0 2.0,37.820878828660209 -10.0 0.0 flow_4_6 0 5.0 2.0,-51.2919999999998 -2.0 0.0 flow_5_4 0 5.0 2.0,-264.0 -10.0 0.0 flow_8_10 0 5.0 2.0,-102.97499999999991 -10.0 0.0 flow_8_8 0 5.0 2.0,2.0 -104.14005424972521 1.5707963267948966 flow_11_8 0 5.0 2.0,-104.14005424972521 -2.0 0.0 flow_5_8 0 5.0 2.0,-286.3658288286603 10.0 3.141592653589793 flow_7_3 0 5.0 2.0,-58.791999999999777 -2.0 0.0 flow_5_5 0 5.0 2.0,299.0 2.0 3.141592653589793 flow_6_11 0 5.0 2.0,2.0 -186.325 1.5707963267948966 flow_11_9 0 5.0 2.0,-10.0 264.0 -1.5707963267948966 flow_7_10 0 5.0 2.0,-10.0 -37.820878828660209 -1.5707963267948966 flow_8_6 0 5.0 2.0,-6.0 -91.68557890633585 -1.5707963267948966 flow_3_5 0 5.0 2.0,-6.0 186.325 -1.5707963267948966 flow_3_9 0 5.0 2.0,6.0 149.86809702607213 1.5707963267948966 flow_2_3 0 5.0 2.0,6.0 -19.62499999999983 1.5707963267948966 flow_2_7 0 5.0 2.0,-2.0 186.325 -1.5707963267948966 flow_9_9 0 5.0 2.0,10.0 -36.63004999999987 1.5707963267948966 flow_4_7 0 5.0 2.0,186.325 2.0 3.141592653589793 flow_6_9 0 5.0 2.0,102.97499999999991 6.0 3.141592653589793 flow_1_8 0 5.0 2.0,2.0 61.6848183993429 1.5707963267948966 flow_2_6 0 5.0 2.0,-2.0 28.791999999999804 -1.5707963267948966 flow_9_1 0 5.0 2.0,102.97499999999991 10.0 3.141592653589793 flow_10_8 0 5.0 2.0,2.0 -43.7919999999998 1.5707963267948966 flow_11_3 0 5.0 2.0,10.0 37.820878828660209 1.5707963267948966 flow_10_6 0 5.0 2.0,21.29199999999986 2.0 3.141592653589793 flow_6_0 0 5.0 2.0,-264.0 -6.0 0.0 flow_0_10 0 5.0 2.0,203.01582882866024 -10.0 0.0 flow_4_4 0 5.0 2.0,;road_0_1_0 r r g,road_1_0_1 r g g,road_1_2_3 r g g,road_2_1_2 r r g,
2.0 -73.79199999999975 1.5707963267948966 flow_11_7 0 5.0 2.0,296.0 10.0 3.141592653589793 flow_10_11 0 5.0 2.0,-10.0 86.3049999999999 -1.5707963267948966 flow_7_8 0 5.0 2.0,-2.0 51.2919999999998 -1.5707963267948966 flow_9_4 0 5.0 2.0,251.0 6.0 3.141592653589793 flow_1_10 0 5.0 2.0,-2.0 36.2919999999998 -1.5707963267948966 flow_9_2 0 5.0 2.0,-43.7919999999998 -6.0 0.0 flow_0_7 0 5.0 2.0,-296.0 -10.0 0.0 flow_8_11 0 5.0 2.0,169.65499999999998 6.0 3.141592653589793 flow_1_9 0 5.0 2.0,10.0 136.33582882866024 1.5707963267948966 flow_10_5 0 5.0 2.0,-2.0 66.29199999999975 -1.5707963267948966 flow_9_6 0 5.0 2.0,2.0 -28.791999999999804 1.5707963267948966 flow_11_1 0 5.0 2.0,-2.0 251.0 -1.5707963267948966 flow_9_10 0 5.0 2.0,2.0 -58.791999999999777 1.5707963267948966 flow_11_5 0 5.0 2.0,28.791999999999804 6.0 3.141592653589793 flow_1_5 0 5.0 2.0,-43.7919999999998 -2.0 0.0 flow_5_3 0 5.0 2.0,66.29199999999975 2.0 3.141592653589793 flow_6_6 0 5.0 2.0,2.0 -66.29199999999975 1.5707963267948966 flow_11_6 0 5.0 2.0,-36.2919999999998 -2.0 0.0 flow_5_2 0 5.0 2.0,-28.791999999999804 -6.0 0.0 flow_0_5 0 5.0 2.0,58.791999999999777 2.0 3.141592653589793 flow_6_5 0 5.0 2.0,-169.65499999999998 -6.0 0.0 flow_0_9 0 5.0 2.0,2.0 136.9018302207068 1.5707963267948966 flow_2_4 0 5.0 2.0,-2.0 -78.35340523500722 -1.5707963267948966 flow_3_6 0 5.0 2.0,-66.29199999999975 -2.0 0.0 flow_5_6 0 5.0 2.0,-136.33582882866024 10.0 3.141592653589793 flow_7_5 0 5.0 2.0,73.79199999999975 2.0 3.141592653589793 flow_6_7 0 5.0 2.0,-53.15417882866021 6.0 3.141592653589793 flow_7_6 0 5.0 2.0,-28.29674999999986 -10.0 0.0 flow_8_7 0 5.0 2.0,6.0 -251.0 1.5707963267948966 flow_2_10 0 5.0 2.0,21.29199999999986 6.0 3.141592653589793 flow_1_4 0 5.0 2.0,291.8480615735063 -6.0 0.0 flow_4_3 0 5.0 2.0,-2.0 296.0 -1.5707963267948966 flow_9_11 0 5.0 2.0,92.0501627491758 2.0 3.141592653589793 flow_6_8 0 5.0 2.0,-2.0 58.791999999999777 -1.5707963267948966 flow_9_5 0 5.0 2.0,28.791999999999804 2.0 3.141592653589793 flow_6_1 0 5.0 2.0,43.7919999999998 2.0 3.141592653589793 flow_6_3 0 5.0 2.0,-6.0 -224.74300000000023 -1.5707963267948966 flow_3_1 1 5.0 2.0,2.0 -251.0 1.5707963267948966 flow_11_10 0 5.0 2.0,6.0 224.74300000000023 1.5707963267948966 flow_2_1 1 5.0 2.0,2.0 -21.29199999999986 1.5707963267948966 flow_11_0 0 5.0 2.0,-2.0 43.7919999999998 -1.5707963267948966 flow_9_3 0 5.0 2.0,-2.0 73.79199999999975 -1.5707963267948966 flow_9_7 0 5.0 2.0,2.0 195.09355975579397 1.5707963267948966 flow_2_2 0 5.0 2.0,-10.0 -219.68582882866026 -1.5707963267948966 flow_8_4 0 5.0 2.0,28.29674999999986 10.0 3.141592653589793 flow_10_7 0 5.0 2.0,169.65499999999998 10.0 3.141592653589793 flow_10_9 0 5.0 2.0,251.0 2.0 3.141592653589793 flow_6_10 0 5.0 2.0,10.0 -251.0 1.5707963267948966 flow_4_10 0 5.0 2.0,51.2919999999998 2.0 3.141592653589793 flow_6_4 0 5.0 2.0,10.0 219.68582882866026 1.5707963267948966 flow_10_4 0 5.0 2.0,2.0 -51.2919999999998 1.5707963267948966 flow_11_4 0 5.0 2.0,-169.65499999999998 -2.0 0.0 flow_5_9 0 5.0 2.0,-2.0 -136.9018302207068 -1.5707963267948966 flow_3_4 0 5.0 2.0,-6.0 296.0 -1.5707963267948966 flow_3_11 0 5.0 2.0,-10.0 -136.33582882866024 -1.5707963267948966 flow_8_5 0 5.0 2.0,-21.29199999999986 -2.0 0.0 flow_5_0 0 5.0 2.0,6.0 -169.65499999999998 1.5707963267948966 flow_2_9 0 5.0 2.0,43.7919999999998 6.0 3.141592653589793 flow_1_7 0 5.0 2.0,-6.0 86.3049999999999 -1.5707963267948966 flow_3_8 0 5.0 2.0,-36.2919999999998 -6.0 0.0 flow_0_6 0 5.0 2.0,-86.3049999999999 -6.0 0.0 flow_0_8 0 5.0 2.0,2.0 253.74633333333356 1.5707963267948966 flow_2_0 0 5.0 2.0,-2.0 92.0501627491758 -1.5707963267948966 flow_9_8 0 5.0 2.0,-251.0 -2.0 0.0 flow_5_10 0 5.0 2.0,-2.0 -195.09355975579397 -1.5707963267948966 flow_3_2 0 5.0 2.0,10.0 -296.0 1.5707963267948966 flow_4_11 0 5.0 2.0,6.0 -86.3049999999999 1.5707963267948966 flow_2_8 0 5.0 2.0,-21.29199999999986 -6.0 0.0 flow_0_4 0 5.0 2.0,-2.0 21.29199999999986 -1.5707963267948966 flow_9_0 0 5.0 2.0,-169.65499999999998 -10.0 0.0 flow_8_9 0 5.0 2.0,-10.0 28.29674999999986 -1.5707963267948966 flow_7_7 0 5.0 2.0,2.0 -36.2919999999998 1.5707963267948966 flow_11_2 0 5.0 2.0,-6.0 2.9549999999998279 -1.5707963267948966 flow_3_7 0 5.0 2.0,-28.791999999999804 -2.0 0.0 flow_5_1 0 5.0 2.0,-296.0 -2.0 0.0 flow_5_11 0 5.0 2.0,36.2919999999998 2.0 3.141592653589793 flow_6_2 0 5.0 2.0,2.0 -296.0 1.5707963267948966 flow_11_11 0 5.0 2.0,-219.68582882866026 6.0 3.141592653589793 flow_7_4 0 5.0 2.0,136.33582882866024 -6.0 0.0 flow_4_5 0 5.0 2.0,-10.0 296.0 -1.5707963267948966 flow_7_11 0 5.0 2.0,-296.0 -6.0 0.0 flow_0_11 0 5.0 2.0,-6.0 251.0 -1.5707963267948966 flow_3_10 0 5.0 2.0,10.0 -169.65499999999998 1.5707963267948966 flow_4_9 0 5.0 2.0,-10.0 169.65499999999998 -1.5707963267948966 flow_7_9 0 5.0 2.0,296.0 6.0 3.141592653589793 flow_1_11 0 5.0 2.0,10.0 -86.3049999999999 1.5707963267948966 flow_4_8 0 5.0 2.0,-2.0 -253.74633333333356 -1.5707963267948966 flow_3_0 0 5.0 2.0,-6.0 -166.53809702607215 -1.5707963267948966 flow_3_3 0 5.0 2.0,6.0 -296.0 1.5707963267948966 flow_2_11 0 5.0 2.0,-73.79199999999975 -2.0 0.0 flow_5_7 0 5.0 2.0,6.0 108.35557890633585 1.5707963267948966 flow_2_5 0 5.0 2.0,36.2919999999998 6.0 3.141592653589793 flow_1_6 0 5.0 2.0,251.0 10.0 3.141592653589793 flow_10_10 0 5.0 2.0,53.15417882866021 -10.0 0.0 flow_4_6 0 5.0 2.0,-51.2919999999998 -2.0 0.0 flow_5_4 0 5.0 2.0,-251.0 -10.0 0.0 flow_8_10 0 5.0 2.0,-86.3049999999999 -10.0 0.0 flow_8_8 0 5.0 2.0,2.0 -92.0501627491758 1.5707963267948966 flow_11_8 0 5.0 2.0,-92.0501627491758 -2.0 0.0 flow_5_8 0 5.0 2.0,-58.791999999999777 -2.0 0.0 flow_5_5 0 5.0 2.0,296.0 2.0 3.141592653589793 flow_6_11 0 5.0 2.0,2.0 -169.65499999999998 1.5707963267948966 flow_11_9 0 5.0 2.0,-10.0 251.0 -1.5707963267948966 flow_7_10 0 5.0 2.0,-10.0 -53.15417882866021 -1.5707963267948966 flow_8_6 0 5.0 2.0,-6.0 -108.35557890633585 -1.5707963267948966 flow_3_5 0 5.0 2.0,-6.0 169.65499999999998 -1.5707963267948966 flow_3_9 0 5.0 2.0,6.0 166.53809702607215 1.5707963267948966 flow_2_3 0 5.0 2.0,6.0 -2.9549999999998279 1.5707963267948966 flow_2_7 0 5.0 2.0,-2.0 169.65499999999998 -1.5707963267948966 flow_9_9 0 5.0 2.0,10.0 -28.29674999999986 1.5707963267948966 flow_4_7 0 5.0 2.0,169.65499999999998 2.0 3.141592653589793 flow_6_9 0 5.0 2.0,86.3049999999999 6.0 3.141592653589793 flow_1_8 0 5.0 2.0,2.0 78.35340523500722 1.5707963267948966 flow_2_6 0 5.0 2.0,-2.0 28.791999999999804 -1.5707963267948966 flow_9_1 0 5.0 2.0,86.3049999999999 10.0 3.141592653589793 flow_10_8 0 5.0 2.0,2.0 -43.7919999999998 1.5707963267948966 flow_11_3 0 5.0 2.0,10.0 53.15417882866021 1.5707963267948966 flow_10_6 0 5.0 2.0,21.29199999999986 2.0 3.141592653589793 flow_6_0 0 5.0 2.0,-251.0 -6.0 0.0 flow_0_10 0 5.0 2.0,219.68582882866026 -10.0 0.0 flow_4_4 0 5.0 2.0,;road_0_1_0 r r g,road_1_0_1 r g g,road_1_2_3 r g g,road_2_1_2 r r g,
2.0 -73.79199999999975 1.5707963267948966 flow_11_7 0 5.0 2.0,291.0 10.0 3.141592653589793 flow_10_11 0 5.0 2.0,-10.0 69.63499999999988 -1.5707963267948966 flow_7_8 0 5.0 2.0,-2.0 51.2919999999998 -1.5707963267948966 flow_9_4 0 5.0 2.0,236.0 6.0 3.141592653589793 flow_1_10 0 5.0 2.0,-2.0 36.2919999999998 -1.5707963267948966 flow_9_2 0 5.0 2.0,-43.7919999999998 -6.0 0.0 flow_0_7 0 5.0 2.0,-291.0 -10.0 0.0 flow_8_11 0 5.0 2.0,152.98499999999997 6.0 3.141592653589793 flow_1_9 0 5.0 2.0,10.0 153.0058288286602 1.5707963267948966 flow_10_5 0 5.0 2.0,-2.0 66.29199999999975 -1.5707963267948966 flow_9_6 0 5.0 2.0,2.0 -28.791999999999804 1.5707963267948966 flow_11_1 0 5.0 2.0,-2.0 236.0 -1.5707963267948966 flow_9_10 0 5.0 2.0,2.0 -58.791999999999777 1.5707963267948966 flow_11_5 0 5.0 2.0,28.791999999999804 6.0 3.141592653589793 flow_1_5 0 5.0 2.0,-43.7919999999998 -2.0 0.0 flow_5_3 0 5.0 2.0,66.29199999999975 2.0 3.141592653589793 flow_6_6 0 5.0 2.0,2.0 -66.29199999999975 1.5707963267948966 flow_11_6 0 5.0 2.0,-36.2919999999998 -2.0 0.0 flow_5_2 0 5.0 2.0,-28.791999999999804 -6.0 0.0 flow_0_5 0 5.0 2.0,58.791999999999777 2.0 3.141592653589793 flow_6_5 0 5.0 2.0,-152.98499999999997 -6.0 0.0 flow_0_9 0 5.0 2.0,2.0 153.57183022070684 1.5707963267948966 flow_2_4 0 5.0 2.0,-2.0 -95.02340523500723 -1.5707963267948966 flow_3_6 0 5.0 2.0,-66.29199999999975 -2.0 0.0 flow_5_6 0 5.0 2.0,-153.0058288286602 10.0 3.141592653589793 flow_7_5 0 5.0 2.0,73.79199999999975 2.0 3.141592653589793 flow_6_7 0 5.0 2.0,-69.6558288286602 6.0 3.141592653589793 flow_7_6 0 5.0 2.0,-19.96350051833775 -10.001921025350646 -0.05258306161094157 flow_8_7 0 5.0 2.0,6.0 -236.0 1.5707963267948966 flow_2_10 0 5.0 2.0,21.29199999999986 6.0 3.141592653589793 flow_1_4 0 5.0 2.0,-2.0 291.0 -1.5707963267948966 flow_9_11 0 5.0 2.0,84.46027124862639 2.0 3.141592653589793 flow_6_8 0 5.0 2.0,-2.0 58.791999999999777 -1.5707963267948966 flow_9_5 0 5.0 2.0,28.791999999999804 2.0 3.141592653589793 flow_6_1 0 5.0 2.0,43.7919999999998 2.0 3.141592653589793 flow_6_3 0 5.0 2.0,-6.0 -241.41300000000025 -1.5707963267948966 flow_3_1 0 5.0 2.0,2.0 -236.0 1.5707963267948966 flow_11_10 0 5.0 2.0,6.0 241.41300000000025 1.5707963267948966 flow_2_1 0 5.0 2.0,2.0 -21.29199999999986 1.5707963267948966 flow_11_0 0 5.0 2.0,-2.0 43.7919999999998 -1.5707963267948966 flow_9_3 0 5.0 2.0,-2.0 73.79199999999975 -1.5707963267948966 flow_9_7 0 5.0 2.0,2.0 211.76355975579396 1.5707963267948966 flow_2_2 0 5.0 2.0,-10.0 -236.35582882866027 -1.5707963267948966 flow_8_4 0 5.0 2.0,19.96350051833775 10.001921025350646 3.0890095919788518 flow_10_7 0 5.0 2.0,152.98499999999997 10.0 3.141592653589793 flow_10_9 0 5.0 2.0,236.0 2.0 3.141592653589793 flow_6_10 0 5.0 2.0,10.0 -236.0 1.5707963267948966 flow_4_10 0 5.0 2.0,51.2919999999998 2.0 3.141592653589793 flow_6_4 0 5.0 2.0,10.0 236.35582882866027 1.5707963267948966 flow_10_4 0 5.0 2.0,2.0 -51.2919999999998 1.5707963267948966 flow_11_4 0 5.0 2.0,-152.98499999999997 -2.0 0.0 flow_5_9 0 5.0 2.0,-2.0 -153.57183022070684 -1.5707963267948966 flow_3_4 0 5.0 2.0,-6.0 291.0 -1.5707963267948966 flow_3_11 0 5.0 2.0,-10.0 -153.0058288286602 -1.5707963267948966 flow_8_5 0 5.0 2.0,-21.29199999999986 -2.0 0.0 flow_5_0 0 5.0 2.0,6.0 -152.98499999999997 1.5707963267948966 flow_2_9 0 5.0 2.0,43.7919999999998 6.0 3.141592653589793 flow_1_7 0 5.0 2.0,-6.0 69.63499999999988 -1.5707963267948966 flow_3_8 0 5.0 2.0,-36.2919999999998 -6.0 0.0 flow_0_6 0 5.0 2.0,-71.26613513975355 -6.0 0.0 flow_0_8 0 5.0 2.0,2.0 270.41633333333359 1.5707963267948966 flow_2_0 0 5.0 2.0,-2.0 84.46027124862639 -1.5707963267948966 flow_9_8 0 5.0 2.0,-236.0 -2.0 0.0 flow_5_10 0 5.0 2.0,-2.0 -211.76355975579396 -1.5707963267948966 flow_3_2 0 5.0 2.0,10.0 -291.0 1.5707963267948966 flow_4_11 0 5.0 2.0,6.0 -69.63499999999988 1.5707963267948966 flow_2_8 0 5.0 2.0,-21.29199999999986 -6.0 0.0 flow_0_4 0 5.0 2.0,-2.0 21.29199999999986 -1.5707963267948966 flow_9_0 0 5.0 2.0,-152.98499999999997 -10.0 0.0 flow_8_9 0 5.0 2.0,-10.001921025350646 19.96350051833775 -1.6233793884058383 flow_7_7 0 5.0 2.0,2.0 -36.2919999999998 1.5707963267948966 flow_11_2 0 5.0 2.0,-5.999999999999999 -13.715000000000174 -1.5707963267948964 flow_3_7 0 5.0 2.0,-28.791999999999804 -2.0 0.0 flow_5_1 0 5.0 2.0,-291.0 -2.0 0.0 flow_5_11 0 5.0 2.0,36.2919999999998 2.0 3.141592653589793 flow_6_2 0 5.0 2.0,2.0 -291.0 1.5707963267948966 flow_11_11 0 5.0 2.0,-236.35582882866027 6.0 3.141592653589793 flow_7_4 0 5.0 2.0,153.0058288286602 -6.0 0.0 flow_4_5 0 5.0 2.0,-10.0 291.0 -1.5707963267948966 flow_7_11 0 5.0 2.0,-291.0 -6.0 0.0 flow_0_11 0 5.0 2.0,-6.0 236.0 -1.5707963267948966 flow_3_10 0 5.0 2.0,10.0 -152.98499999999997 1.5707963267948966 flow_4_9 0 5.0 2.0,-10.0 152.98499999999997 -1.5707963267948966 flow_7_9 0 5.0 2.0,291.0 6.0 3.141592653589793 flow_1_11 0 5.0 2.0,10.0 -69.63499999999988 1.5707963267948966 flow_4_8 0 5.0 2.0,-2.0 -270.41633333333359 -1.5707963267948966 flow_3_0 0 5.0 2.0,-6.0 -183.20809702607216 -1.5707963267948966 flow_3_3 0 5.0 2.0,6.0 -291.0 1.5707963267948966 flow_2_11 0 5.0 2.0,-73.79199999999975 -2.0 0.0 flow_5_7 0 5.0 2.0,6.0 125.02557890633585 1.5707963267948966 flow_2_5 0 5.0 2.0,36.2919999999998 6.0 3.141592653589793 flow_1_6 0 5.0 2.0,236.0 10.0 3.141592653589793 flow_10_10 0 5.0 2.0,69.6558288286602 -10.0 0.0 flow_4_6 0 5.0 2.0,-51.2919999999998 -2.0 0.0 flow_5_4 0 5.0 2.0,-236.0 -10.0 0.0 flow_8_10 0 5.0 2.0,-69.63499999999988 -10.0 0.0 flow_8_8 0 5.0 2.0,2.0 -84.46027124862639 1.5707963267948966 flow_11_8 0 5.0 2.0,-84.46027124862639 -2.0 0.0 flow_5_8 0 5.0 2.0,-58.791999999999777 -2.0 0.0 flow_5_5 0 5.0 2.0,291.0 2.0 3.141592653589793 flow_6_11 0 5.0 2.0,2.0 -152.98499999999997 1.5707963267948966 flow_11_9 0 5.0 2.0,-10.0 236.0 -1.5707963267948966 flow_7_10 0 5.0 2.0,-10.0 -69.6558288286602 -1.5707963267948966 flow_8_6 0 5.0 2.0,-6.0 -125.02557890633585 -1.5707963267948966 flow_3_5 0 5.0 2.0,-6.0 152.98499999999997 -1.5707963267948966 flow_3_9 0 5.0 2.0,6.0 183.20809702607216 1.5707963267948966 flow_2_3 0 5.0 2.0,5.999999999999999 13.715000000000174 1.5707963267948968 flow_2_7 0 5.0 2.0,-2.0 152.98499999999997 -1.5707963267948966 flow_9_9 0 5.0 2.0,10.001921025350646 -19.96350051833775 1.518213265183955 flow_4_7 0 5.0 2.0,152.98499999999997 2.0 3.141592653589793 flow_6_9 0 5.0 2.0,71.26613513975355 6.0 3.141592653589793 flow_1_8 0 5.0 2.0,2.0 95.02340523500723 1.5707963267948966 flow_2_6 0 5.0 2.0,-2.0 28.791999999999804 -1.5707963267948966 flow_9_1 0 5.0 2.0,69.63499999999988 10.0 3.141592653589793 flow_10_8 0 5.0 2.0,2.0 -43.7919999999998 1.5707963267948966 flow_11_3 0 5.0 2.0,10.0 69.6558288286602 1.5707963267948966 flow_10_6 0 5.0 2.0,21.29199999999986 2.0 3.141592653589793 flow_6_0 0 5.0 2.0,-236.0 -6.0 0.0 flow_0_10 0 5.0 2.0,236.35582882866027 -10.0 0.0 flow_4_4 0 5.0 2.0,;road_0_1_0 r r g,road_1_0_1 r g g,road_1_2_3 r g g,road_2_1_2 r r g,
2.0 -73.79199999999975 1.5707963267948966 flow_11_7 0 5.0 2.0,284.0 10.0 3.141592653589793 flow_10_11 0 5.0 2.0,-10.0 55.21499999999986 -1.5707963267948966 flow_7_8 0 5.0 2.0,-2.0 51.2919999999998 -1.5707963267948966 flow_9_4 0 5.0 2.0,219.665 6.0 3.141592653589793 flow_1_10 0 5.0 2.0,-2.0 36.2919999999998 -1.5707963267948966 flow_9_2 0 5.0 2.0,-43.7919999999998 -6.0 0.0 flow_0_7 0 5.0 2.0,-284.0 -10.0 0.0 flow_8_11 0 5.0 2.0,136.31499999999995 6.0 3.141592653589793 flow_1_9 0 5.0 2.0,10.0 169.6758288286602 1.5707963267948966 flow_10_5 0 5.0 2.0,-2.0 66.29199999999975 -1.5707963267948966 flow_9_6 0 5.0 2.0,2.0 -28.791999999999804 1.5707963267948966 flow_11_1 0 5.0 2.0,-2.0 219.665 -1.5707963267948966 flow_9_10 0 5.0 2.0,2.0 -58.791999999999777 1.5707963267948966 flow_11_5 0 5.0 2.0,28.791999999999804 6.0 3.141592653589793 flow_1_5 0 5.0 2.0,-43.7919999999998 -2.0 0.0 flow_5_3 0 5.0 2.0,66.29199999999975 2.0 3.141592653589793 flow_6_6 0 5.0 2.0,2.0 -66.29199999999975 1.5707963267948966 flow_11_6 0 5.0 2.0,-36.2919999999998 -2.0 0.0 flow_5_2 0 5.0 2.0,-28.791999999999804 -6.0 0.0 flow_0_5 0 5.0 2.0,58.791999999999777 2.0 3.141592653589793 flow_6_5 0 5.0 2.0,-136.31499999999995 -6.0 0.0 flow_0_9 0 5.0 2.0,2.0 170.24183022070685 1.5707963267948966 flow_2_4 0 5.0 2.0,-2.0 -111.69340523500724 -1.5707963267948966 flow_3_6 0 5.0 2.0,-66.29199999999975 -2.0 0.0 flow_5_6 0 5.0 2.0,-169.6758288286602 10.0 3.141592653589793 flow_7_5 0 5.0 2.0,73.79199999999975 2.0 3.141592653589793 flow_6_7 0 5.0 2.0,-86.3258288286602 6.0 3.141592653589793 flow_7_6 0 5.0 2.0,-11.700813119107233 -13.476783965535605 -0.8850668158886099 flow_8_7 0 5.0 2.0,6.0 -219.665 1.5707963267948966 flow_2_10 0 5.0 2.0,21.29199999999986 6.0 3.141592653589793 flow_1_4 0 5.0 2.0,-2.0 284.0 -1.5707963267948966 flow_9_11 0 5.0 2.0,81.37037974807697 2.0 3.141592653589793 flow_6_8 0 5.0 2.0,-2.0 58.791999999999777 -1.5707963267948966 flow_9_5 0 5.0 2.0,28.791999999999804 2.0 3.141592653589793 flow_6_1 0 5.0 2.0,43.7919999999998 2.0 3.141592653589793 flow_6_3 0 5.0 2.0,-6.0 -258.08300000000028 -1.5707963267948966 flow_3_1 0 5.0 2.0,2.0 -219.665 1.5707963267948966 flow_11_10 0 5.0 2.0,6.0 258.08300000000028 1.5707963267948966 flow_2_1 0 5.0 2.0,2.0 -21.29199999999986 1.5707963267948966 flow_11_0 0 5.0 2.0,-2.0 43.7919999999998 -1.5707963267948966 flow_9_3 0 5.0 2.0,-2.0 73.79199999999975 -1.5707963267948966 flow_9_7 0 5.0 2.0,2.0 228.43355975579397 1.5707963267948966 flow_2_2 0 5.0 2.0,-10.0 -253.02582882866029 -1.5707963267948966 flow_8_4 0 5.0 2.0,11.700813119107233 13.476783965535605 2.2565258377011836 flow_10_7 0 5.0 2.0,136.31499999999995 10.0 3.141592653589793 flow_10_9 0 5.0 2.0,219.665 2.0 3.141592653589793 flow_6_10 0 5.0 2.0,10.0 -219.665 1.5707963267948966 flow_4_10 0 5.0 2.0,51.2919999999998 2.0 3.141592653589793 flow_6_4 0 5.0 2.0,10.0 253.02582882866029 1.5707963267948966 flow_10_4 0 5.0 2.0,2.0 -51.2919999999998 1.5707963267948966 flow_11_4 0 5.0 2.0,-136.31499999999995 -2.0 0.0 flow_5_9 0 5.0 2.0,-2.0 -170.24183022070685 -1.5707963267948966 flow_3_4 0 5.0 2.0,-6.0 284.0 -1.5707963267948966 flow_3_11 0 5.0 2.0,-10.0 -169.6758288286602 -1.5707963267948966 flow_8_5 0 5.0 2.0,-21.29199999999986 -2.0 0.0 flow_5_0 0 5.0 2.0,6.0 -136.31499999999995 1.5707963267948966 flow_2_9 0 5.0 2.0,43.7919999999998 6.0 3.141592653589793 flow_1_7 0 5.0 2.0,-6.0 52.96499999999986 -1.5707963267948966 flow_3_8 0 5.0 2.0,-36.2919999999998 -6.0 0.0 flow_0_6 0 5.0 2.0,-60.10840541926083 -6.0 0.0 flow_0_8 0 5.0 2.0,2.0 287.0863333333336 1.5707963267948966 flow_2_0 0 5.0 2.0,-2.0 81.37037974807697 -1.5707963267948966 flow_9_8 0 5.0 2.0,-219.665 -2.0 0.0 flow_5_10 0 5.0 2.0,-2.0 -228.43355975579397 -1.5707963267948966 flow_3_2 0 5.0 2.0,10.0 -284.0 1.5707963267948966 flow_4_11 0 5.0 2.0,6.0 -52.96499999999986 1.5707963267948966 flow_2_8 0 5.0 2.0,-21.29199999999986 -6.0 0.0 flow_0_4 0 5.0 2.0,-2.0 21.29199999999986 -1.5707963267948966 flow_9_0 0 5.0 2.0,-136.31499999999995 -10.0 0.0 flow_8_9 0 5.0 2.0,-13.476783965535605 11.700813119107233 -2.4558631426835069 flow_7_7 0 5.0 2.0,2.0 -36.2919999999998 1.5707963267948966 flow_11_2 0 5.0 2.0,-6.0 -30.385000000000177 -1.5707963267948966 flow_3_7 0 5.0 2.0,-28.791999999999804 -2.0 0.0 flow_5_1 0 5.0 2.0,-284.0 -2.0 0.0 flow_5_11 0 5.0 2.0,36.2919999999998 2.0 3.141592653589793 flow_6_2 0 5.0 2.0,2.0 -284.0 1.5707963267948966 flow_11_11 0 5.0 2.0,-253.02582882866029 6.0 3.141592653589793 flow_7_4 0 5.0 2.0,169.6758288286602 -6.0 0.0 flow_4_5 0 5.0 2.0,-10.0 284.0 -1.5707963267948966 flow_7_11 0 5.0 2.0,-284.0 -6.0 0.0 flow_0_11 0 5.0 2.0,-6.0 219.665 -1.5707963267948966 flow_3_10 0 5.0 2.0,10.0 -136.31499999999995 1.5707963267948966 flow_4_9 0 5.0 2.0,-10.0 136.31499999999995 -1.5707963267948966 flow_7_9 0 5.0 2.0,284.0 6.0 3.141592653589793 flow_1_11 0 5.0 2.0,10.0 -55.21499999999986 1.5707963267948966 flow_4_8 0 5.0 2.0,-2.0 -287.0863333333336 -1.5707963267948966 flow_3_0 0 5.0 2.0,-6.0 -199.87809702607218 -1.5707963267948966 flow_3_3 0 5.0 2.0,6.0 -284.0 1.5707963267948966 flow_2_11 0 5.0 2.0,-73.79199999999975 -2.0 0.0 flow_5_7 0 5.0 2.0,6.0 141.69557890633588 1.5707963267948966 flow_2_5 0 5.0 2.0,36.2919999999998 6.0 3.141592653589793 flow_1_6 0 5.0 2.0,219.665 10.0 3.141592653589793 flow_10_10 0 5.0 2.0,86.3258288286602 -10.0 0.0 flow_4_6 0 5.0 2.0,-51.2919999999998 -2.0 0.0 flow_5_4 0 5.0 2.0,-219.665 -10.0 0.0 flow_8_10 0 5.0 2.0,-55.21499999999986 -10.0 0.0 flow_8_8 0 5.0 2.0,2.0 -81.37037974807697 1.5707963267948966 flow_11_8 0 5.0 2.0,-81.37037974807697 -2.0 0.0 flow_5_8 0 5.0 2.0,-58.791999999999777 -2.0 0.0 flow_5_5 0 5.0 2.0,284.0 2.0 3.141592653589793 flow_6_11 0 5.0 2.0,2.0 -136.31499999999995 1.5707963267948966 flow_11_9 0 5.0 2.0,-10.0 219.665 -1.5707963267948966 flow_7_10 0 5.0 2.0,-10.0 -86.3258288286602 -1.5707963267948966 flow_8_6 0 5.0 2.0,-6.0 -141.69557890633588 -1.5707963267948966 flow_3_5 0 5.0 2.0,-6.0 136.31499999999995 -1.5707963267948966 flow_3_9 0 5.0 2.0,6.0 199.87809702607218 1.5707963267948966 flow_2_3 0 5.0 2.0,6.0 30.385000000000177 1.5707963267948966 flow_2_7 0 5.0 2.0,-2.0 136.31499999999995 -1.5707963267948966 flow_9_9 0 5.0 2.0,13.476783965535605 -11.700813119107233 0.6857295109062868 flow_4_7 0 5.0 2.0,136.31499999999995 2.0 3.141592653589793 flow_6_9 0 5.0 2.0,60.10840541926083 6.0 3.141592653589793 flow_1_8 0 5.0 2.0,2.0 111.69340523500724 1.5707963267948966 flow_2_6 0 5.0 2.0,-2.0 28.791999999999804 -1.5707963267948966 flow_9_1 0 5.0 2.0,55.21499999999986 10.0 3.141592653589793 flow_10_8 0 5.0 2.0,2.0 -43.7919999999998 1.5707963267948966 flow_11_3 0 5.0 2.0,10.0 86.3258288286602 1.5707963267948966 flow_10_6 0 5.0 2.0,21.29199999999986 2.0 3.141592653589793 flow_6_0 0 5.0 2.0,-219.665 -6.0 0.0 flow_0_10 0 5.0 2.0,253.02582882866029 -10.0 0.0 flow_4_4 0 5.0 2.0,;road_0_1_0 r r g,road_1_0_1 r g g,road_1_2_3 r g g,road_2_1_2 r r g,
2.0 -73.79199999999975 1.5707963267948966 flow_11_7 0 5.0 2.0,275.0 10.0 3.141592653589793 flow_10_11 0 5.0 2.0,-10.0 44.96334999999985 -1.5707963267948966 flow_7_8 0 5.0 2.0,-2.0 51.2919999999998 -1.5707963267948966 flow_9_4 0 5.0 2.0,202.995 6.0 3.141592653589793 flow_1_10 0 5.0 2.0,-2.0 36.2919999999998 -1.5707963267948966 flow_9_2 0 5.0 2.0,-43.7919999999998 -6.0 0.0 flow_0_7 0 5.0 2.0,-275.0 -10.0 0.0 flow_8_11 0 5.0 2.0,119.64499999999993 6.0 3.141592653589793 flow_1_9 0 5.0 2.0,10.0 186.34582882866023 1.5707963267948966 flow_10_5 0 5.0 2.0,-2.0 66.29199999999975 -1.5707963267948966 flow_9_6 0 5.0 2.0,2.0 -28.791999999999804 1.5707963267948966 flow_11_1 0 5.0 2.0,-2.0 202.995 -1.5707963267948966 flow_9_10 0 5.0 2.0,2.0 -58.791999999999777 1.5707963267948966 flow_11_5 0 5.0 2.0,28.791999999999804 6.0 3.141592653589793 flow_1_5 0 5.0 2.0,-43.7919999999998 -2.0 0.0 flow_5_3 0 5.0 2.0,66.29199999999975 2.0 3.141592653589793 flow_6_6 0 5.0 2.0,2.0 -66.29199999999975 1.5707963267948966 flow_11_6 0 5.0 2.0,-36.2919999999998 -2.0 0.0 flow_5_2 0 5.0 2.0,-28.791999999999804 -6.0 0.0 flow_0_5 0 5.0 2.0,58.791999999999777 2.0 3.141592653589793 flow_6_5 0 5.0 2.0,-119.64499999999993 -6.0 0.0 flow_0_9 0 5.0 2.0,2.0 186.9118302207069 1.5707963267948966 flow_2_4 0 5.0 2.0,-2.0 -128.36340523500724 -1.5707963267948966 flow_3_6 0 5.0 2.0,-66.29199999999975 -2.0 0.0 flow_5_6 0 5.0 2.0,-186.34582882866023 10.0 3.141592653589793 flow_7_5 0 5.0 2.0,73.79199999999975 2.0 3.141592653589793 flow_6_7 0 5.0 2.0,-102.9958288286602 6.0 3.141592653589793 flow_7_6 0 5.0 2.0,-10.0 -24.487578828660206 -1.5707963267948966 flow_8_7 0 5.0 2.0,6.0 -202.995 1.5707963267948966 flow_2_10 0 5.0 2.0,21.29199999999986 6.0 3.141592653589793 flow_1_4 0 5.0 2.0,-2.0 275.0 -1.5707963267948966 flow_9_11 0 5.0 2.0,81.29199999999975 2.0 3.141592653589793 flow_6_8 0 5.0 2.0,-2.0 58.791999999999777 -1.5707963267948966 flow_9_5 0 5.0 2.0,28.791999999999804 2.0 3.141592653589793 flow_6_1 0 5.0 2.0,43.7919999999998 2.0 3.141592653589793 flow_6_3 0 5.0 2.0,-6.0 -274.75300000000029 -1.5707963267948966 flow_3_1 0 5.0 2.0,2.0 -202.995 1.5707963267948966 flow_11_10 0 5.0 2.0,6.0 274.75300000000029 1.5707963267948966 flow_2_1 0 5.0 2.0,2.0 -21.29199999999986 1.5707963267948966 flow_11_0 0 5.0 2.0,-2.0 43.7919999999998 -1.5707963267948966 flow_9_3 0 5.0 2.0,-2.0 73.79199999999975 -1.5707963267948966 flow_9_7 0 5.0 2.0,2.0 245.10355975579399 1.5707963267948966 flow_2_2 0 5.0 2.0,-10.0 -269.6958288286603 -1.5707963267948966 flow_8_4 0 5.0 2.0,10.0 24.487578828660206 1.5707963267948966 flow_10_7 0 5.0 2.0,119.64499999999993 10.0 3.141592653589793 flow_10_9 0 5.0 2.0,202.995 2.0 3.141592653589793 flow_6_10 0 5.0 2.0,10.0 -202.995 1.5707963267948966 flow_4_10 0 5.0 2.0,51.2919999999998 2.0 3.141592653589793 flow_6_4 0 5.0 2.0,10.0 269.6958288286603 1.5707963267948966 flow_10_4 0 5.0 2.0,2.0 -51.2919999999998 1.5707963267948966 flow_11_4 0 5.0 2.0,-119.64780036162915 -2.0 0.0 flow_5_9 0 5.0 2.0,-2.0 -186.9118302207069 -1.5707963267948966 flow_3_4 0 5.0 2.0,-6.0 275.0 -1.5707963267948966 flow_3_11 0 5.0 2.0,-10.0 -186.34582882866023 -1.5707963267948966 flow_8_5 0 5.0 2.0,-21.29199999999986 -2.0 0.0 flow_5_0 0 5.0 2.0,6.0 -119.64499999999993 1.5707963267948966 flow_2_9 0 5.0 2.0,43.7919999999998 6.0 3.141592653589793 flow_1_7 0 5.0 2.0,-6.0 36.294999999999848 -1.5707963267948966 flow_3_8 0 5.0 2.0,-36.2919999999998 -6.0 0.0 flow_0_6 0 5.0 2.0,-53.45067569876812 -6.0 0.0 flow_0_8 0 5.0 2.0,-2.0 81.29199999999975 -1.5707963267948966 flow_9_8 0 5.0 2.0,-202.995 -2.0 0.0 flow_5_10 0 5.0 2.0,-2.0 -245.10355975579399 -1.5707963267948966 flow_3_2 0 5.0 2.0,10.0 -275.0 1.5707963267948966 flow_4_11 0 5.0 2.0,6.0 -36.294999999999848 1.5707963267948966 flow_2_8 0 5.0 2.0,-21.29199999999986 -6.0 0.0 flow_0_4 0 5.0 2.0,-2.0 21.29199999999986 -1.5707963267948966 flow_9_0 0 5.0 2.0,-119.64499999999993 -10.0 0.0 flow_8_9 0 5.0 2.0,-24.487578828660206 10.0 3.141592653589793 flow_7_7 0 5.0 2.0,2.0 -36.2919999999998 1.5707963267948966 flow_11_2 0 5.0 2.0,-6.0 -47.05500000000018 -1.5707963267948966 flow_3_7 0 5.0 2.0,-28.791999999999804 -2.0 0.0 flow_5_1 0 5.0 2.0,-275.0 -2.0 0.0 flow_5_11 0 5.0 2.0,36.2919999999998 2.0 3.141592653589793 flow_6_2 0 5.0 2.0,2.0 -275.0 1.5707963267948966 flow_11_11 0 5.0 2.0,-269.6958288286603 6.0 3.141592653589793 flow_7_4 0 5.0 2.0,186.34582882866023 -6.0 0.0 flow_4_5 0 5.0 2.0,-10.0 275.0 -1.5707963267948966 flow_7_11 0 5.0 2.0,-275.0 -6.0 0.0 flow_0_11 0 5.0 2.0,-6.0 202.995 -1.5707963267948966 flow_3_10 0 5.0 2.0,10.0 -119.64499999999993 1.5707963267948966 flow_4_9 0 5.0 2.0,-10.0 119.64499999999993 -1.5707963267948966 flow_7_9 0 5.0 2.0,275.0 6.0 3.141592653589793 flow_1_11 0 5.0 2.0,10.0 -44.96334999999985 1.5707963267948966 flow_4_8 0 5.0 2.0,-6.0 -216.54809702607219 -1.5707963267948966 flow_3_3 0 5.0 2.0,6.0 -275.0 1.5707963267948966 flow_2_11 0 5.0 2.0,-73.79199999999975 -2.0 0.0 flow_5_7 0 5.0 2.0,6.0 158.36557890633586 1.5707963267948966 flow_2_5 0 5.0 2.0,36.2919999999998 6.0 3.141592653589793 flow_1_6 0 5.0 2.0,202.995 10.0 3.141592653589793 flow_10_10 0 5.0 2.0,102.9958288286602 -10.0 0.0 flow_4_6 0 5.0 2.0,-51.2919999999998 -2.0 0.0 flow_5_4 0 5.0 2.0,-202.995 -10.0 0.0 flow_8_10 0 5.0 2.0,-44.96334999999985 -10.0 0.0 flow_8_8 0 5.0 2.0,2.0 -81.29199999999975 1.5707963267948966 flow_11_8 0 5.0 2.0,-81.29199999999975 -2.0 0.0 flow_5_8 0 5.0 2.0,-58.791999999999777 -2.0 0.0 flow_5_5 0 5.0 2.0,275.0 2.0 3.141592653589793 flow_6_11 0 5.0 2.0,2.0 -119.64780036162915 1.5707963267948966 flow_11_9 0 5.0 2.0,-10.0 202.995 -1.5707963267948966 flow_7_10 0 5.0 2.0,-10.0 -102.9958288286602 -1.5707963267948966 flow_8_6 0 5.0 2.0,-6.0 -158.36557890633586 -1.5707963267948966 flow_3_5 0 5.0 2.0,-6.0 119.64499999999993 -1.5707963267948966 flow_3_9 0 5.0 2.0,6.0 216.54809702607219 1.5707963267948966 flow_2_3 0 5.0 2.0,6.0 47.05500000000018 1.5707963267948966 flow_2_7 0 5.0 2.0,-2.0 119.64780036162915 -1.5707963267948966 flow_9_9 0 5.0 2.0,24.487578828660206 -10.0 0.0 flow_4_7 0 5.0 2.0,119.64780036162915 2.0 3.141592653589793 flow_6_9 0 5.0 2.0,53.45067569876812 6.0 3.141592653589793 flow_1_8 0 5.0 2.0,2.0 128.36340523500724 1.5707963267948966 flow_2_6 0 5.0 2.0,-2.0 28.791999999999804 -1.5707963267948966 flow_9_1 0 5.0 2.0,44.96334999999985 10.0 3.141592653589793 flow_10_8 0 5.0 2.0,2.0 -43.7919999999998 1.5707963267948966 flow_11_3 0 5.0 2.0,10.0 102.9958288286602 1.5707963267948966 flow_10_6 0 5.0 2.0,21.29199999999986 2.0 3.141592653589793 flow_6_0 0 5.0 2.0,-202.995 -6.0 0.0 flow_0_10 0 5.0 2.0,269.6958288286603 -10.0 0.0 flow_4_4 0 5.0 2.0,;road_0_1_0 r r g,road_1_0_1 r g g,road_1_2_3 r g g,road_2_1_2 r r g,
2.0 -73.79199999999975 1.5707963267948966 flow_11_7 0 5.0 2.0,264.0 10.0 3.141592653589793 flow_10_11 0 5.0 2.0,-10.0 36.63004999999987 -1.5707963267948966 flow_7_8 0 5.0 2.0,-2.0 51.2919999999998 -1.5707963267948966 flow_9_4 0 5.0 2.0,186.325 6.0 3.141592653589793 flow_1_10 0 5.0 2.0,-10.0 299.0 -1.5707963267948966 flow_7_12 0 5.0 2.0,-2.0 36.2919999999998 -1.5707963267948966 flow_9_2 0 5.0 2.0,-43.7919999999998 -6.0 0.0 flow_0_7 0 5.0 2.0,-264.0 -10.0 0.0 flow_8_11 0 5.0 2.0,102.97499999999991 6.0 3.141592653589793 flow_1_9 0 5.0 2.0,10.0 203.01582882866024 1.5707963267948966 flow_10_5 0 5.0 2.0,-2.0 66.29199999999975 -1.5707963267948966 flow_9_6 0 5.0 2.0,2.0 -28.791999999999804 1.5707963267948966 flow_11_1 0 5.0 2.0,-2.0 186.325 -1.5707963267948966 flow_9_10 0 5.0 2.0,2.0 -58.791999999999777 1.5707963267948966 flow_11_5 0 5.0 2.0,28.791999999999804 6.0 3.141592653589793 flow_1_5 0 5.0 2.0,-43.7919999999998 -2.0 0.0 flow_5_3 0 5.0 2.0,66.29199999999975 2.0 3.141592653589793 flow_6_6 0 5.0 2.0,2.0 -66.29199999999975 1.5707963267948966 flow_11_6 0 5.0 2.0,-36.2919999999998 -2.0 0.0 flow_5_2 0 5.0 2.0,-28.791999999999804 -6.0 0.0 flow_0_5 0 5.0 2.0,299.0 10.0 3.141592653589793 flow_10_12 0 5.0 2.0,58.791999999999777 2.0 3.141592653589793 flow_6_5 0 5.0 2.0,-102.97499999999991 -6.0 0.0 flow_0_9 0 5.0 2.0,2.0 203.58183022070689 1.5707963267948966 flow_2_4 0 5.0 2.0,-2.0 -145.03340523500726 -1.5707963267948966 flow_3_6 0 5.0 2.0,-66.29199999999975 -2.0 0.0 flow_5_6 0 5.0 2.0,-203.01582882866024 10.0 3.141592653589793 flow_7_5 0 5.0 2.0,73.79199999999975 2.0 3.141592653589793 flow_6_7 0 5.0 2.0,-119.66582882866021 6.0 3.141592653589793 flow_7_6 0 5.0 2.0,-10.0 -37.820878828660209 -1.5707963267948966 flow_8_7 0 5.0 2.0,6.0 -186.325 1.5707963267948966 flow_2_10 0 5.0 2.0,21.29199999999986 6.0 3.141592653589793 flow_1_4 0 5.0 2.0,-2.0 264.0 -1.5707963267948966 flow_9_11 0 5.0 2.0,-299.0 -2.0 0.0 flow_5_12 0 5.0 2.0,81.29199999999975 2.0 3.141592653589793 flow_6_8 0 5.0 2.0,-2.0 58.791999999999777 -1.5707963267948966 flow_9_5 0 5.0 2.0,28.791999999999804 2.0 3.141592653589793 flow_6_1 0 5.0 2.0,43.7919999999998 2.0 3.141592653589793 flow_6_3 0 5.0 2.0,-6.0 -291.4230000000003 -1.5707963267948966 flow_3_1 0 5.0 2.0,2.0 -186.325 1.5707963267948966 flow_11_10 0 5.0 2.0,6.0 291.4230000000003 1.5707963267948966 flow_2_1 0 5.0 2.0,2.0 -21.29199999999986 1.5707963267948966 flow_11_0 0 5.0 2.0,-2.0 43.7919999999998 -1.5707963267948966 flow_9_3 0 5.0 2.0,-2.0 73.79199999999975 -1.5707963267948966 flow_9_7 0 5.0 2.0,2.0 261.773559755794 1.5707963267948966 flow_2_2 0 5.0 2.0,-10.0 -286.3658288286603 -1.5707963267948966 flow_8_4 0 5.0 2.0,10.0 37.820878828660209 1.5707963267948966 flow_10_7 0 5.0 2.0,102.97499999999991 10.0 3.141592653589793 flow_10_9 0 5.0 2.0,186.325 2.0 3.141592653589793 flow_6_10 0 5.0 2.0,10.0 -186.325 1.5707963267948966 flow_4_10 0 5.0 2.0,51.2919999999998 2.0 3.141592653589793 flow_6_4 0 5.0 2.0,10.0 286.3658288286603 1.5707963267948966 flow_10_4 0 5.0 2.0,2.0 -51.2919999999998 1.5707963267948966 flow_11_4 0 5.0 2.0,-105.23340108488759 -2.0 0.0 flow_5_9 0 5.0 2.0,-2.0 -203.58183022070689 -1.5707963267948966 flow_3_4 0 5.0 2.0,-6.0 264.0 -1.5707963267948966 flow_3_11 0 5.0 2.0,-10.0 -203.01582882866024 -1.5707963267948966 flow_8_5 0 5.0 2.0,-21.29199999999986 -2.0 0.0 flow_5_0 0 5.0 2.0,6.0 -102.97499999999991 1.5707963267948966 flow_2_9 0 5.0 2.0,43.7919999999998 6.0 3.141592653589793 flow_1_7 0 5.0 2.0,-6.0 19.62499999999983 -1.5707963267948966 flow_3_8 0 5.0 2.0,-36.2919999999998 -6.0 0.0 flow_0_6 0 5.0 2.0,-51.2919999999998 -6.0 0.0 flow_0_8 0 5.0 2.0,2.0 -299.0 1.5707963267948966 flow_11_12 0 5.0 2.0,-2.0 81.29199999999975 -1.5707963267948966 flow_9_8 0 5.0 2.0,-186.325 -2.0 0.0 flow_5_10 0 5.0 2.0,-2.0 -261.773559755794 -1.5707963267948966 flow_3_2 0 5.0 2.0,10.0 -264.0 1.5707963267948966 flow_4_11 0 5.0 2.0,10.0 -299.0 1.5707963267948966 flow_4_12 0 5.0 2.0,-299.0 -10.0 0.0 flow_8_12 0 5.0 2.0,6.0 -19.62499999999983 1.5707963267948966 flow_2_8 0 5.0 2.0,-21.29199999999986 -6.0 0.0 flow_0_4 0 5.0 2.0,-2.0 21.29199999999986 -1.5707963267948966 flow_9_0 0 5.0 2.0,-102.97499999999991 -10.0 0.0 flow_8_9 0 5.0 2.0,-37.820878828660209 10.0 3.141592653589793 flow_7_7 0 5.0 2.0,2.0 -36.2919999999998 1.5707963267948966 flow_11_2 0 5.0 2.0,-6.0 -63.72500000000018 -1.5707963267948966 flow_3_7 0 5.0 2.0,-28.791999999999804 -2.0 0.0 flow_5_1 0 5.0 2.0,-264.0 -2.0 0.0 flow_5_11 0 5.0 2.0,6.0 -299.0 1.5707963267948966 flow_2_12 0 5.0 2.0,36.2919999999998 2.0 3.141592653589793 flow_6_2 0 5.0 2.0,2.0 -264.0 1.5707963267948966 flow_11_11 0 5.0 2.0,-286.3658288286603 6.0 3.141592653589793 flow_7_4 0 5.0 2.0,299.0 6.0 3.141592653589793 flow_1_12 0 5.0 2.0,203.01582882866024 -6.0 0.0 flow_4_5 0 5.0 2.0,-10.0 264.0 -1.5707963267948966 flow_7_11 0 5.0 2.0,-264.0 -6.0 0.0 flow_0_11 0 5.0 2.0,-6.0 186.325 -1.5707963267948966 flow_3_10 0 5.0 2.0,299.0 2.0 3.141592653589793 flow_6_12 0 5.0 2.0,10.0 -102.97499999999991 1.5707963267948966 flow_4_9 0 5.0 2.0,-10.0 102.97499999999991 -1.5707963267948966 flow_7_9 0 5.0 2.0,264.0 6.0 3.141592653589793 flow_1_11 0 5.0 2.0,10.0 -36.63004999999987 1.5707963267948966 flow_4_8 0 5.0 2.0,-6.0 -233.2180970260722 -1.5707963267948966 flow_3_3 0 5.0 2.0,6.0 -264.0 1.5707963267948966 flow_2_11 0 5.0 2.0,-73.79199999999975 -2.0 0.0 flow_5_7 0 5.0 2.0,6.0 175.03557890633588 1.5707963267948966 flow_2_5 0 5.0 2.0,-2.0 299.0 -1.5707963267948966 flow_9_12 0 5.0 2.0,36.2919999999998 6.0 3.141592653589793 flow_1_6 0 5.0 2.0,186.325 10.0 3.141592653589793 flow_10_10 0 5.0 2.0,119.66582882866021 -10.0 0.0 flow_4_6 0 5.0 2.0,-51.2919999999998 -2.0 0.0 flow_5_4 0 5.0 2.0,-186.325 -10.0 0.0 flow_8_10 0 5.0 2.0,-36.63004999999987 -10.0 0.0 flow_8_8 0 5.0 2.0,2.0 -81.29199999999975 1.5707963267948966 flow_11_8 0 5.0 2.0,-6.0 299.0 -1.5707963267948966 flow_3_12 0 5.0 2.0,-81.29199999999975 -2.0 0.0 flow_5_8 0 5.0 2.0,-58.791999999999777 -2.0 0.0 flow_5_5 0 5.0 2.0,264.0 2.0 3.141592653589793 flow_6_11 0 5.0 2.0,2.0 -105.23340108488759 1.5707963267948966 flow_11_9 0 5.0 2.0,-10.0 186.325 -1.5707963267948966 flow_7_10 0 5.0 2.0,-10.0 -119.66582882866021 -1.5707963267948966 flow_8_6 0 5.0 2.0,-6.0 -175.03557890633588 -1.5707963267948966 flow_3_5 0 5.0 2.0,-6.0 102.97499999999991 -1.5707963267948966 flow_3_9 0 5.0 2.0,6.0 233.2180970260722 1.5707963267948966 flow_2_3 0 5.0 2.0,6.0 63.72500000000018 1.5707963267948966 flow_2_7 0 5.0 2.0,-2.0 105.23340108488759 -1.5707963267948966 flow_9_9 0 5.0 2.0,37.820878828660209 -7.1333400000000009 0.0 flow_4_7 -1 5.0 2.0,105.23340108488759 2.0 3.141592653589793 flow_6_9 0 5.0 2.0,51.2919999999998 6.0 3.141592653589793 flow_1_8 0 5.0 2.0,2.0 145.03340523500726 1.5707963267948966 flow_2_6 0 5.0 2.0,-2.0 28.791999999999804 -1.5707963267948966 flow_9_1 0 5.0 2.0,-299.0 -6.0 0.0 flow_0_12 0 5.0 2.0,36.63004999999987 10.0 3.141592653589793 flow_10_8 0 5.0 2.0,2.0 -43.7919999999998 1.5707963267948966 flow_11_3 0 5.0 2.0,10.0 119.66582882866021 1.5707963267948966 flow_10_6 0 5.0 2.0,21.29199999999986 2.0 3.141592653589793 flow_6_0 0 5.0 2.0,-186.325 -6.0 0.0 flow_0_10 0 5.0 2.0,286.3658288286603 -10.0 0.0 flow_4_4 0 5.0 2.0,;road_0_1_0 r r g,road_1_0_1 r g g,road_1_2_3 r g g,road_2_1_2 r r g,
2.0 -73.79199999999975 1.5707963267948966 flow_11_7 0 5.0 2.0,251.0 10.0 3.141592653589793 flow_10_11 0 5.0 2.0,-10.0 28.29674999999986 -1.5707963267948966 flow_7_8 0 5.0 2.0,-2.0 51.2919999999998 -1.5707963267948966 flow_9_4 0 5.0 2.0,169.65499999999998 6.0 3.141592653589793 flow_1_10 0 5.0 2.0,-10.0 296.0 -1.5707963267948966 flow_7_12 0 5.0 2.0,-2.0 36.2919999999998 -1.5707963267948966 flow_9_2 0 5.0 2.0,-43.7919999999998 -6.0 0.0 flow_0_7 0 5.0 2.0,-251.0 -10.0 0.0 flow_8_11 0 5.0 2.0,86.71383294817724 6.0 3.141592653589793 flow_1_9 0 5.0 2.0,10.0 219.68582882866026 1.5707963267948966 flow_10_5 0 5.0 2.0,-2.0 66.29199999999975 -1.5707963267948966 flow_9_6 0 5.0 2.0,2.0 -28.791999999999804 1.5707963267948966 flow_11_1 0 5.0 2.0,-2.0 169.65499999999998 -1.5707963267948966 flow_9_10 0 5.0 2.0,2.0 -58.791999999999777 1.5707963267948966 flow_11_5 0 5.0 2.0,28.791999999999804 6.0 3.141592653589793 flow_1_5 0 5.0 2.0,-43.7919999999998 -2.0 0.0 flow_5_3 0 5.0 2.0,66.29199999999975 2.0 3.141592653589793 flow_6_6 0 5.0 2.0,2.0 -66.29199999999975 1.5707963267948966 flow_11_6 0 5.0 2.0,-36.2919999999998 -2.0 0.0 flow_5_2 0 5.0 2.0,-28.791999999999804 -6.0 0.0 flow_0_5 0 5.0 2.0,296.0 10.0 3.141592653589793 flow_10_12 0 5.0 2.0,58.791999999999777 2.0 3.141592653589793 flow_6_5 0 5.0 2.0,-86.71383294817724 -6.0 0.0 flow_0_9 0 5.0 2.0,2.0 220.2518302207069 1.5707963267948966 flow_2_4 0 5.0 2.0,-2.0 -161.70340523500728 -1.5707963267948966 flow_3_6 0 5.0 2.0,-66.29199999999975 -2.0 0.0 flow_5_6 0 5.0 2.0,-219.68582882866026 10.0 3.141592653589793 flow_7_5 0 5.0 2.0,73.79199999999975 2.0 3.141592653589793 flow_6_7 0 5.0 2.0,-136.33582882866024 6.0 3.141592653589793 flow_7_6 0 5.0 2.0,-10.0 -53.15417882866021 -1.5707963267948966 flow_8_7 0 5.0 2.0,6.0 -169.65499999999998 1.5707963267948966 flow_2_10 0 5.0 2.0,21.29199999999986 6.0 3.141592653589793 flow_1_4 0 5.0 2.0,-2.0 251.0 -1.5707963267948966 flow_9_11 0 5.0 2.0,-296.0 -2.0 0.0 flow_5_12 0 5.0 2.0,81.29199999999975 2.0 3.141592653589793 flow_6_8 0 5.0 2.0,-2.0 58.791999999999777 -1.5707963267948966 flow_9_5 0 5.0 2.0,28.791999999999804 2.0 3.141592653589793 flow_6_1 0 5.0 2.0,43.7919999999998 2.0 3.141592653589793 flow_6_3 0 5.0 2.0,2.0 -169.65499999999998 1.5707963267948966 flow_11_10 0 5.0 2.0,2.0 -21.29199999999986 1.5707963267948966 flow_11_0 0 5.0 2.0,-2.0 43.7919999999998 -1.5707963267948966 flow_9_3 0 5.0 2.0,-2.0 73.79199999999975 -1.5707963267948966 flow_9_7 0 5.0 2.0,2.0 278.443559755794 1.5707963267948966 flow_2_2 0 5.0 2.0,10.0 53.15417882866021 1.5707963267948966 flow_10_7 0 5.0 2.0,86.3049999999999 10.0 3.141592653589793 flow_10_9 0 5.0 2.0,169.65499999999998 2.0 3.141592653589793 flow_6_10 0 5.0 2.0,10.0 -169.65499999999998 1.5707963267948966 flow_4_10 0 5.0 2.0,51.2919999999998 2.0 3.141592653589793 flow_6_4 0 5.0 2.0,2.0 -51.2919999999998 1.5707963267948966 flow_11_4 0 5.0 2.0,53.15417882866021 -6.0 0.0 flow_4_7 0 5.0 2.0,-95.31900180814603 -2.0 0.0 flow_5_9 0 5.0 2.0,-2.0 -220.2518302207069 -1.5707963267948966 flow_3_4 0 5.0 2.0,-6.0 251.0 -1.5707963267948966 flow_3_11 0 5.0 2.0,-10.0 -219.68582882866026 -1.5707963267948966 flow_8_5 0 5.0 2.0,-21.29199999999986 -2.0 0.0 flow_5_0 0 5.0 2.0,6.0 -86.3049999999999 1.5707963267948966 flow_2_9 0 5.0 2.0,43.7919999999998 6.0 3.141592653589793 flow_1_7 0 5.0 2.0,-6.0 2.9549999999998279 -1.5707963267948966 flow_3_8 0 5.0 2.0,-36.2919999999998 -6.0 0.0 flow_0_6 0 5.0 2.0,-51.2919999999998 -6.0 0.0 flow_0_8 0 5.0 2.0,2.0 -296.0 1.5707963267948966 flow_11_12 0 5.0 2.0,-2.0 81.29199999999975 -1.5707963267948966 flow_9_8 0 5.0 2.0,-169.65499999999998 -2.0 0.0 flow_5_10 0 5.0 2.0,-2.0 -278.443559755794 -1.5707963267948966 flow_3_2 0 5.0 2.0,10.0 -251.0 1.5707963267948966 flow_4_11 0 5.0 2.0,10.0 -296.0 1.5707963267948966 flow_4_12 0 5.0 2.0,-296.0 -10.0 0.0 flow_8_12 0 5.0 2.0,6.0 -2.9549999999998279 1.5707963267948966 flow_2_8 0 5.0 2.0,-21.29199999999986 -6.0 0.0 flow_0_4 0 5.0 2.0,-2.0 21.29199999999986 -1.5707963267948966 flow_9_0 0 5.0 2.0,-86.3049999999999 -10.0 0.0 flow_8_9 0 5.0 2.0,-53.15417882866021 10.0 3.141592653589793 flow_7_7 0 5.0 2.0,2.0 -36.2919999999998 1.5707963267948966 flow_11_2 0 5.0 2.0,-6.0 -80.39500000000018 -1.5707963267948966 flow_3_7 0 5.0 2.0,-28.791999999999804 -2.0 0.0 flow_5_1 0 5.0 2.0,-251.0 -2.0 0.0 flow_5_11 0 5.0 2.0,6.0 -296.0 1.5707963267948966 flow_2_12 0 5.0 2.0,36.2919999999998 2.0 3.141592653589793 flow_6_2 0 5.0 2.0,2.0 -251.0 1.5707963267948966 flow_11_11 0 5.0 2.0,296.0 6.0 3.141592653589793 flow_1_12 0 5.0 2.0,219.68582882866026 -6.0 0.0 flow_4_5 0 5.0 2.0,-10.0 251.0 -1.5707963267948966 flow_7_11 0 5.0 2.0,-251.0 -6.0 0.0 flow_0_11 0 5.0 2.0,-6.0 169.65499999999998 -1.5707963267948966 flow_3_10 0 5.0 2.0,296.0 2.0 3.141592653589793 flow_6_12 0 5.0 2.0,10.0 -86.3049999999999 1.5707963267948966 flow_4_9 0 5.0 2.0,-10.0 86.3049999999999 -1.5707963267948966 flow_7_9 0 5.0 2.0,251.0 6.0 3.141592653589793 flow_1_11 0 5.0 2.0,10.0 -28.29674999999986 1.5707963267948966 flow_4_8 0 5.0 2.0,-6.0 -249.88809702607223 -1.5707963267948966 flow_3_3 0 5.0 2.0,6.0 -251.0 1.5707963267948966 flow_2_11 0 5.0 2.0,-73.79199999999975 -2.0 0.0 flow_5_7 0 5.0 2.0,6.0 191.70557890633587 1.5707963267948966 flow_2_5 0 5.0 2.0,-2.0 296.0 -1.5707963267948966 flow_9_12 0 5.0 2.0,36.2919999999998 6.0 3.141592653589793 flow_1_6 0 5.0 2.0,169.65499999999998 10.0 3.141592653589793 flow_10_10 0 5.0 2.0,136.33582882866024 -10.0 0.0 flow_4_6 0 5.0 2.0,-51.2919999999998 -2.0 0.0 flow_5_4 0 5.0 2.0,-169.65499999999998 -10.0 0.0 flow_8_10 0 5.0 2.0,-28.29674999999986 -10.0 0.0 flow_8_8 0 5.0 2.0,2.0 -81.29199999999975 1.5707963267948966 flow_11_8 0 5.0 2.0,-6.0 296.0 -1.5707963267948966 flow_3_12 0 5.0 2.0,-81.29199999999975 -2.0 0.0 flow_5_8 0 5.0 2.0,-58.791999999999777 -2.0 0.0 flow_5_5 0 5.0 2.0,251.0 2.0 3.141592653589793 flow_6_11 0 5.0 2.0,2.0 -95.31900180814603 1.5707963267948966 flow_11_9 0 5.0 2.0,-10.0 169.65499999999998 -1.5707963267948966 flow_7_10 0 5.0 2.0,-10.0 -136.33582882866024 -1.5707963267948966 flow_8_6 0 5.0 2.0,-6.0 -191.70557890633587 -1.5707963267948966 flow_3_5 0 5.0 2.0,-6.0 86.3049999999999 -1.5707963267948966 flow_3_9 0 5.0 2.0,6.0 249.88809702607223 1.5707963267948966 flow_2_3 0 5.0 2.0,6.0 80.39500000000018 1.5707963267948966 flow_2_7 0 5.0 2.0,-2.0 95.31900180814603 -1.5707963267948966 flow_9_9 0 5.0 2.0,95.31900180814603 2.0 3.141592653589793 flow_6_9 0 5.0 2.0,51.2919999999998 6.0 3.141592653589793 flow_1_8 0 5.0 2.0,2.0 161.70340523500728 1.5707963267948966 flow_2_6 0 5.0 2.0,-2.0 28.791999999999804 -1.5707963267948966 flow_9_1 0 5.0 2.0,-296.0 -6.0 0.0 flow_0_12 0 5.0 2.0,28.29674999999986 10.0 3.141592653589793 flow_10_8 0 5.0 2.0,2.0 -43.7919999999998 1.5707963267948966 flow_11_3 0 5.0 2.0,10.0 136.33582882866024 1.5707963267948966 flow_10_6 0 5.0 2.0,21.29199999999986 2.0 3.141592653589793 flow_6_0 0 5.0 2.0,-169.65499999999998 -6.0 0.0 flow_0_10 0 5.0 2.0,;road_0_1_0 r r g,road_1_0_1 r g g,road_1_2_3 r g g,road_2_1_2 r r g,
2.0 -73.79199999999975 1.5707963267948966 flow_11_7 0 5.0 2.0,236.0 10.0 3.141592653589793 flow_10_11 0 5.0 2.0,-10.001921025350646 19.96350051833775 -1.6233793884058383 flow_7_8 0 5.0 2.0,-2.0 51.2919999999998 -1.5707963267948966 flow_9_4 0 5.0 2.0,152.98499999999997 6.0 3.141592653589793 flow_1_10 0 5.0 2.0,-10.0 291.0 -1.5707963267948966 flow_7_12 0 5.0 2.0,-2.0 36.2919999999998 -1.5707963267948966 flow_9_2 0 5.0 2.0,-43.7919999999998 -6.0 0.0 flow_0_7 0 5.0 2.0,-236.0 -10.0 0.0 flow_8_11 0 5.0 2.0,73.1114988445319 6.0 3.141592653589793 flow_1_9 0 5.0 2.0,10.0 236.35582882866027 1.5707963267948966 flow_10_5 0 5.0 2.0,-2.0 66.29199999999975 -1.5707963267948966 flow_9_6 0 5.0 2.0,2.0 -28.791999999999804 1.5707963267948966 flow_11_1 0 5.0 2.0,-2.0 152.98499999999997 -1.5707963267948966 flow_9_10 0 5.0 2.0,2.0 -58.791999999999777 1.5707963267948966 flow_11_5 0 5.0 2.0,28.791999999999804 6.0 3.141592653589793 flow_1_5 0 5.0 2.0,-43.7919999999998 -2.0 0.0 flow_5_3 0 5.0 2.0,66.29199999999975 2.0 3.141592653589793 flow_6_6 0 5.0 2.0,2.0 -66.29199999999975 1.5707963267948966 flow_11_6 0 5.0 2.0,-36.2919999999998 -2.0 0.0 flow_5_2 0 5.0 2.0,-28.791999999999804 -6.0 0.0 flow_0_5 0 5.0 2.0,291.0 10.0 3.141592653589793 flow_10_12 0 5.0 2.0,58.791999999999777 2.0 3.141592653589793 flow_6_5 0 5.0 2.0,-73.1114988445319 -6.0 0.0 flow_0_9 0 5.0 2.0,2.0 236.9218302207069 1.5707963267948966 flow_2_4 0 5.0 2.0,-2.0 -178.37340523500724 -1.5707963267948966 flow_3_6 0 5.0 2.0,-66.29199999999975 -2.0 0.0 flow_5_6 0 5.0 2.0,-236.35582882866027 10.0 3.141592653589793 flow_7_5 0 5.0 2.0,73.79199999999975 2.0 3.141592653589793 flow_6_7 0 5.0 2.0,-153.0058288286602 6.0 3.141592653589793 flow_7_6 0 5.0 2.0,-10.0 -69.6558288286602 -1.5707963267948966 flow_8_7 0 5.0 2.0,6.0 -152.98499999999997 1.5707963267948966 flow_2_10 0 5.0 2.0,21.29199999999986 6.0 3.141592653589793 flow_1_4 0 5.0 2.0,-2.0 236.0 -1.5707963267948966 flow_9_11 0 5.0 2.0,-291.0 -2.0 0.0 flow_5_12 0 5.0 2.0,81.29199999999975 2.0 3.141592653589793 flow_6_8 0 5.0 2.0,-2.0 58.791999999999777 -1.5707963267948966 flow_9_5 0 5.0 2.0,28.791999999999804 2.0 3.141592653589793 flow_6_1 0 5.0 2.0,43.7919999999998 2.0 3.141592653589793 flow_6_3 0 5.0 2.0,2.0 -152.98499999999997 1.5707963267948966 flow_11_10 0 5.0 2.0,2.0 -21.29199999999986 1.5707963267948966 flow_11_0 0 5.0 2.0,-2.0 43.7919999999998 -1.5707963267948966 flow_9_3 0 5.0 2.0,-2.0 73.79199999999975 -1.5707963267948966 flow_9_7 0 5.0 2.0,2.0 295.11355975579405 1.5707963267948966 flow_2_2 0 5.0 2.0,10.0 69.6558288286602 1.5707963267948966 flow_10_7 0 5.0 2.0,69.63499999999988 10.0 3.141592653589793 flow_10_9 0 5.0 2.0,152.98499999999997 2.0 3.141592653589793 flow_6_10 0 5.0 2.0,10.0 -152.98499999999997 1.5707963267948966 flow_4_10 0 5.0 2.0,51.2919999999998 2.0 3.141592653589793 flow_6_4 0 5.0 2.0,2.0 -51.2919999999998 1.5707963267948966 flow_11_4 0 5.0 2.0,69.6558288286602 -6.0 0.0 flow_4_7 0 5.0 2.0,-89.90460253140447 -2.0 0.0 flow_5_9 0 5.0 2.0,-2.0 -236.9218302207069 -1.5707963267948966 flow_3_4 0 5.0 2.0,-6.0 236.0 -1.5707963267948966 flow_3_11 0 5.0 2.0,-10.0 -236.35582882866027 -1.5707963267948966 flow_8_5 0 5.0 2.0,-21.29199999999986 -2.0 0.0 flow_5_0 0 5.0 2.0,6.0 -69.63499999999988 1.5707963267948966 flow_2_9 0 5.0 2.0,43.7919999999998 6.0 3.141592653589793 flow_1_7 0 5.0 2.0,-5.999999999999999 -13.715000000000174 -1.5707963267948964 flow_3_8 0 5.0 2.0,-36.2919999999998 -6.0 0.0 flow_0_6 0 5.0 2.0,-51.2919999999998 -6.0 0.0 flow_0_8 0 5.0 2.0,2.0 -291.0 1.5707963267948966 flow_11_12 0 5.0 2.0,-2.0 81.29199999999975 -1.5707963267948966 flow_9_8 0 5.0 2.0,-152.98499999999997 -2.0 0.0 flow_5_10 0 5.0 2.0,-2.0 -295.11355975579405 -1.5707963267948966 flow_3_2 0 5.0 2.0,10.0 -236.0 1.5707963267948966 flow_4_11 0 5.0 2.0,10.0 -291.0 1.5707963267948966 flow_4_12 0 5.0 2.0,-291.0 -10.0 0.0 flow_8_12 0 5.0 2.0,5.999999999999999 13.715000000000174 1.5707963267948968 flow_2_8 0 5.0 2.0,-21.29199999999986 -6.0 0.0 flow_0_4 0 5.0 2.0,-2.0 21.29199999999986 -1.5707963267948966 flow_9_0 0 5.0 2.0,-69.63499999999988 -10.0 0.0 flow_8_9 0 5.0 2.0,-69.6558288286602 10.0 3.141592653589793 flow_7_7 0 5.0 2.0,2.0 -36.2919999999998 1.5707963267948966 flow_11_2 0 5.0 2.0,-6.0 -97.0650000000002 -1.5707963267948966 flow_3_7 0 5.0 2.0,-28.791999999999804 -2.0 0.0 flow_5_1 0 5.0 2.0,-236.0 -2.0 0.0 flow_5_11 0 5.0 2.0,6.0 -291.0 1.5707963267948966 flow_2_12 0 5.0 2.0,36.2919999999998 2.0 3.141592653589793 flow_6_2 0 5.0 2.0,2.0 -236.0 1.5707963267948966 flow_11_11 0 5.0 2.0,291.0 6.0 3.141592653589793 flow_1_12 0 5.0 2.0,236.35582882866027 -6.0 0.0 flow_4_5 0 5.0 2.0,-10.0 236.0 -1.5707963267948966 flow_7_11 0 5.0 2.0,-236.0 -6.0 0.0 flow_0_11 0 5.0 2.0,-6.0 152.98499999999997 -1.5707963267948966 flow_3_10 0 5.0 2.0,291.0 2.0 3.141592653589793 flow_6_12 0 5.0 2.0,10.0 -69.63499999999988 1.5707963267948966 flow_4_9 0 5.0 2.0,-10.0 69.63499999999988 -1.5707963267948966 flow_7_9 0 5.0 2.0,236.0 6.0 3.141592653589793 flow_1_11 0 5.0 2.0,10.001921025350646 -19.96350051833775 1.518213265183955 flow_4_8 0 5.0 2.0,-6.0 -266.55809702607226 -1.5707963267948966 flow_3_3 0 5.0 2.0,6.0 -236.0 1.5707963267948966 flow_2_11 0 5.0 2.0,-73.79199999999975 -2.0 0.0 flow_5_7 0 5.0 2.0,6.0 208.37557890633588 1.5707963267948966 flow_2_5 0 5.0 2.0,-2.0 291.0 -1.5707963267948966 flow_9_12 0 5.0 2.0,36.2919999999998 6.0 3.141592653589793 flow_1_6 0 5.0 2.0,152.98499999999997 10.0 3.141592653589793 flow_10_10 0 5.0 2.0,153.0058288286602 -10.0 0.0 flow_4_6 0 5.0 2.0,-51.2919999999998 -2.0 0.0 flow_5_4 0 5.0 2.0,-152.98499999999997 -10.0 0.0 flow_8_10 0 5.0 2.0,-19.96350051833775 -10.001921025350646 -0.05258306161094157 flow_8_8 0 5.0 2.0,2.0 -81.29199999999975 1.5707963267948966 flow_11_8 0 5.0 2.0,-6.0 291.0 -1.5707963267948966 flow_3_12 0 5.0 2.0,-81.29199999999975 -2.0 0.0 flow_5_8 0 5.0 2.0,-58.791999999999777 -2.0 0.0 flow_5_5 0 5.0 2.0,236.0 2.0 3.141592653589793 flow_6_11 0 5.0 2.0,2.0 -89.90460253140447 1.5707963267948966 flow_11_9 0 5.0 2.0,-10.0 152.98499999999997 -1.5707963267948966 flow_7_10 0 5.0 2.0,-10.0 -153.0058288286602 -1.5707963267948966 flow_8_6 0 5.0 2.0,-6.0 -208.37557890633588 -1.5707963267948966 flow_3_5 0 5.0 2.0,-6.0 69.63499999999988 -1.5707963267948966 flow_3_9 0 5.0 2.0,6.0 266.55809702607226 1.5707963267948966 flow_2_3 0 5.0 2.0,6.0 97.0650000000002 1.5707963267948966 flow_2_7 0 5.0 2.0,-2.0 89.90460253140447 -1.5707963267948966 flow_9_9 0 5.0 2.0,89.90460253140447 2.0 3.141592653589793 flow_6_9 0 5.0 2.0,51.2919999999998 6.0 3.141592653589793 flow_1_8 0 5.0 2.0,2.0 178.37340523500724 1.5707963267948966 flow_2_6 0 5.0 2.0,-2.0 28.791999999999804 -1.5707963267948966 flow_9_1 0 5.0 2.0,-291.0 -6.0 0.0 flow_0_12 0 5.0 2.0,19.96350051833775 10.001921025350646 3.0890095919788518 flow_10_8 0 5.0 2.0,2.0 -43.7919999999998 1.5707963267948966 flow_11_3 0 5.0 2.0,10.0 153.0058288286602 1.5707963267948966 flow_10_6 0 5.0 2.0,21.29199999999986 2.0 3.141592653589793 flow_6_0 0 5.0 2.0,-152.98499999999997 -6.0 0.0 flow_0_10 0 5.0 2.0,;road_0_1_0 r r g,road_1_0_1 r g g,road_1_2_3 r g g,road_2_1_2 r r g,
2.0 -73.79199999999975 1.5707963267948966 flow_11_7 0 5.0 2.0,219.665 10.0 3.141592653589793 flow_10_11 0 5.0 2.0,-13.476783965535605 11.700813119107233 -2.4558631426835069 flow_7_8 0 5.0 2.0,-2.0 51.2919999999998 -1.5707963267948966 flow_9_4 0 5.0 2.0,136.31499999999995 6.0 3.141592653589793 flow_1_10 0 5.0 2.0,-10.0 284.0 -1.5707963267948966 flow_7_12 0 5.0 2.0,-2.0 36.2919999999998 -1.5707963267948966 flow_9_2 0 5.0 2.0,-43.7919999999998 -6.0 0.0 flow_0_7 0 5.0 2.0,-219.665 -10.0 0.0 flow_8_11 0 5.0 2.0,64.00916474088655 6.0 3.141592653589793 flow_1_9 0 5.0 2.0,10.0 253.02582882866029 1.5707963267948966 flow_10_5 0 5.0 2.0,-2.0 66.29199999999975 -1.5707963267948966 flow_9_6 0 5.0 2.0,2.0 -28.791999999999804 1.5707963267948966 flow_11_1 0 5.0 2.0,-2.0 136.31499999999995 -1.5707963267948966 flow_9_10 0 5.0 2.0,2.0 -58.791999999999777 1.5707963267948966 flow_11_5 0 5.0 2.0,28.791999999999804 6.0 3.141592653589793 flow_1_5 0 5.0 2.0,-43.7919999999998 -2.0 0.0 flow_5_3 0 5.0 2.0,66.29199999999975 2.0 3.141592653589793 flow_6_6 0 5.0 2.0,2.0 -66.29199999999975 1.5707963267948966 flow_11_6 0 5.0 2.0,-36.2919999999998 -2.0 0.0 flow_5_2 0 5.0 2.0,-28.791999999999804 -6.0 0.0 flow_0_5 0 5.0 2.0,284.0 10.0 3.141592653589793 flow_10_12 0 5.0 2.0,58.791999999999777 2.0 3.141592653589793 flow_6_5 0 5.0 2.0,-64.00916474088655 -6.0 0.0 flow_0_9 0 5.0 2.0,2.0 253.59183022070693 1.5707963267948966 flow_2_4 0 5.0 2.0,-2.0 -195.04340523500725 -1.5707963267948966 flow_3_6 0 5.0 2.0,-66.29199999999975 -2.0 0.0 flow_5_6 0 5.0 2.0,-253.02582882866029 10.0 3.141592653589793 flow_7_5 0 5.0 2.0,73.79199999999975 2.0 3.141592653589793 flow_6_7 0 5.0 2.0,-169.6758288286602 6.0 3.141592653589793 flow_7_6 0 5.0 2.0,-10.0 -86.3258288286602 -1.5707963267948966 flow_8_7 0 5.0 2.0,6.0 -136.31499999999995 1.5707963267948966 flow_2_10 0 5.0 2.0,21.29199999999986 6.0 3.141592653589793 flow_1_4 0 5.0 2.0,-2.0 219.665 -1.5707963267948966 flow_9_11 0 5.0 2.0,-284.0 -2.0 0.0 flow_5_12 0 5.0 2.0,81.29199999999975 2.0 3.141592653589793 flow_6_8 0 5.0 2.0,-2.0 58.791999999999777 -1.5707963267948966 flow_9_5 0 5.0 2.0,28.791999999999804 2.0 3.141592653589793 flow_6_1 0 5.0 2.0,43.7919999999998 2.0 3.141592653589793 flow_6_3 0 5.0 2.0,2.0 -136.31499999999995 1.5707963267948966 flow_11_10 0 5.0 2.0,2.0 -21.29199999999986 1.5707963267948966 flow_11_0 0 5.0 2.0,-2.0 43.7919999999998 -1.5707963267948966 flow_9_3 0 5.0 2.0,-2.0 73.79199999999975 -1.5707963267948966 flow_9_7 0 5.0 2.0,10.0 86.3258288286602 1.5707963267948966 flow_10_7 0 5.0 2.0,55.21499999999986 10.0 3.141592653589793 flow_10_9 0 5.0 2.0,136.31499999999995 2.0 3.141592653589793 flow_6_10 0 5.0 2.0,10.0 -136.31499999999995 1.5707963267948966 flow_4_10 0 5.0 2.0,51.2919999999998 2.0 3.141592653589793 flow_6_4 0 5.0 2.0,2.0 -51.2919999999998 1.5707963267948966 flow_11_4 0 5.0 2.0,86.3258288286602 -6.0 0.0 flow_4_7 0 5.0 2.0,-88.79199999999975 -2.0 0.0 flow_5_9 0 5.0 2.0,-2.0 -253.59183022070693 -1.5707963267948966 flow_3_4 0 5.0 2.0,-6.0 219.665 -1.5707963267948966 flow_3_11 0 5.0 2.0,-10.0 -253.02582882866029 -1.5707963267948966 flow_8_5 0 5.0 2.0,-21.29199999999986 -2.0 0.0 flow_5_0 0 5.0 2.0,6.0 -52.96499999999986 1.5707963267948966 flow_2_9 0 5.0 2.0,43.7919999999998 6.0 3.141592653589793 flow_1_7 0 5.0 2.0,-6.0 -30.385000000000177 -1.5707963267948966 flow_3_8 0 5.0 2.0,-36.2919999999998 -6.0 0.0 flow_0_6 0 5.0 2.0,-51.2919999999998 -6.0 0.0 flow_0_8 0 5.0 2.0,2.0 -284.0 1.5707963267948966 flow_11_12 0 5.0 2.0,-2.0 81.29199999999975 -1.5707963267948966 flow_9_8 0 5.0 2.0,-136.31499999999995 -2.0 0.0 flow_5_10 0 5.0 2.0,10.0 -219.665 1.5707963267948966 flow_4_11 0 5.0 2.0,10.0 -284.0 1.5707963267948966 flow_4_12 0 5.0 2.0,-284.0 -10.0 0.0 flow_8_12 0 5.0 2.0,6.0 30.385000000000177 1.5707963267948966 flow_2_8 0 5.0 2.0,-21.29199999999986 -6.0 0.0 flow_0_4 0 5.0 2.0,-2.0 21.29199999999986 -1.5707963267948966 flow_9_0 0 5.0 2.0,-55.21499999999986 -10.0 0.0 flow_8_9 0 5.0 2.0,-86.3258288286602 10.0 3.141592653589793 flow_7_7 0 5.0 2.0,2.0 -36.2919999999998 1.5707963267948966 flow_11_2 0 5.0 2.0,-6.0 -113.73500000000019 -1.5707963267948966 flow_3_7 0 5.0 2.0,-28.791999999999804 -2.0 0.0 flow_5_1 0 5.0 2.0,-219.665 -2.0 0.0 flow_5_11 0 5.0 2.0,6.0 -284.0 1.5707963267948966 flow_2_12 0 5.0 2.0,36.2919999999998 2.0 3.141592653589793 flow_6_2 0 5.0 2.0,2.0 -219.665 1.5707963267948966 flow_11_11 0 5.0 2.0,284.0 6.0 3.141592653589793 flow_1_12 0 5.0 2.0,253.02582882866029 -6.0 0.0 flow_4_5 0 5.0 2.0,-10.0 219.665 -1.5707963267948966 flow_7_11 0 5.0 2.0,-219.665 -6.0 0.0 flow_0_11 0 5.0 2.0,-6.0 136.31499999999995 -1.5707963267948966 flow_3_10 0 5.0 2.0,284.0 2.0 3.141592653589793 flow_6_12 0 5.0 2.0,10.0 -55.21499999999986 1.5707963267948966 flow_4_9 0 5.0 2.0,-10.0 55.21499999999986 -1.5707963267948966 flow_7_9 0 5.0 2.0,219.665 6.0 3.141592653589793 flow_1_11 0 5.0 2.0,13.476783965535605 -11.700813119107233 0.6857295109062868 flow_4_8 0 5.0 2.0,-6.0 -283.22809702607227 -1.5707963267948966 flow_3_3 0 5.0 2.0,6.0 -219.665 1.5707963267948966 flow_2_11 0 5.0 2.0,-73.79199999999975 -2.0 0.0 flow_5_7 0 5.0 2.0,6.0 225.0455789063359 1.5707963267948966 flow_2_5 0 5.0 2.0,-2.0 284.0 -1.5707963267948966 flow_9_12 0 5.0 2.0,36.2919999999998 6.0 3.141592653589793 flow_1_6 0 5.0 2.0,136.31499999999995 10.0 3.141592653589793 flow_10_10 0 5.0 2.0,169.6758288286602 -10.0 0.0 flow_4_6 0 5.0 2.0,-51.2919999999998 -2.0 0.0 flow_5_4 0 5.0 2.0,-136.31499999999995 -10.0 0.0 flow_8_10 0 5.0 2.0,-11.700813119107233 -13.476783965535605 -0.8850668158886099 flow_8_8 0 5.0 2.0,2.0 -81.29199999999975 1.5707963267948966 flow_11_8 0 5.0 2.0,-6.0 284.0 -1.5707963267948966 flow_3_12 0 5.0 2.0,-81.29199999999975 -2.0 0.0 flow_5_8 0 5.0 2.0,-58.791999999999777 -2.0 0.0 flow_5_5 0 5.0 2.0,219.665 2.0 3.141592653589793 flow_6_11 0 5.0 2.0,2.0 -88.79199999999975 1.5707963267948966 flow_11_9 0 5.0 2.0,-10.0 136.31499999999995 -1.5707963267948966 flow_7_10 0 5.0 2.0,-10.0 -169.6758288286602 -1.5707963267948966 flow_8_6 0 5.0 2.0,-6.0 -225.0455789063359 -1.5707963267948966 flow_3_5 0 5.0 2.0,-6.0 52.96499999999986 -1.5707963267948966 flow_3_9 0 5.0 2.0,6.0 283.22809702607227 1.5707963267948966 flow_2_3 0 5.0 2.0,6.0 113.73500000000019 1.5707963267948966 flow_2_7 0 5.0 2.0,-2.0 88.79199999999975 -1.5707963267948966 flow_9_9 0 5.0 2.0,88.79199999999975 2.0 3.141592653589793 flow_6_9 0 5.0 2.0,51.2919999999998 6.0 3.141592653589793 flow_1_8 0 5.0 2.0,2.0 195.04340523500725 1.5707963267948966 flow_2_6 0 5.0 2.0,-2.0 28.791999999999804 -1.5707963267948966 flow_9_1 0 5.0 2.0,-284.0 -6.0 0.0 flow_0_12 0 5.0 2.0,11.700813119107233 13.476783965535605 2.2565258377011836 flow_10_8 0 5.0 2.0,2.0 -43.7919999999998 1.5707963267948966 flow_11_3 0 5.0 2.0,10.0 169.6758288286602 1.5707963267948966 flow_10_6 0 5.0 2.0,21.29199999999986 2.0 3.141592653589793 flow_6_0 0 5.0 2.0,-136.31499999999995 -6.0 0.0 flow_0_10 0 5.0 2.0,;road_0_1_0 r r g,road_1_0_1 r g g,road_1_2_3 r g g,road_2_1_2 r r g,
2.0 -73.79199999999975 1.5707963267948966 flow_11_7 0 5.0 2.0,202.995 10.0 3.141592653589793 flow_10_11 0 5.0 2.0,-24.487578828660206 10.0 3.141592653589793 flow_7_8 0 5.0 2.0,-2.0 51.2919999999998 -1.5707963267948966 flow_9_4 0 5.0 2.0,119.64499999999993 6.0 3.141592653589793 flow_1_10 0 5.0 2.0,-10.0 275.0 -1.5707963267948966 flow_7_12 0 5.0 2.0,-2.0 36.2919999999998 -1.5707963267948966 flow_9_2 0 5.0 2.0,-43.7919999999998 -6.0 0.0 flow_0_7 0 5.0 2.0,-202.995 -10.0 0.0 flow_8_11 0 5.0 2.0,59.4068306372412 6.0 3.141592653589793 flow_1_9 0 5.0 2.0,10.0 269.6958288286603 1.5707963267948966 flow_10_5 0 5.0 2.0,-2.0 66.29199999999975 -1.5707963267948966 flow_9_6 0 5.0 2.0,2.0 -28.791999999999804 1.5707963267948966 flow_11_1 0 5.0 2.0,-2.0 120.58657144773747 -1.5707963267948966 flow_9_10 0 5.0 2.0,2.0 -58.791999999999777 1.5707963267948966 flow_11_5 0 5.0 2.0,28.791999999999804 6.0 3.141592653589793 flow_1_5 0 5.0 2.0,-43.7919999999998 -2.0 0.0 flow_5_3 0 5.0 2.0,66.29199999999975 2.0 3.141592653589793 flow_6_6 0 5.0 2.0,2.0 -66.29199999999975 1.5707963267948966 flow_11_6 0 5.0 2.0,-36.2919999999998 -2.0 0.0 flow_5_2 0 5.0 2.0,-28.791999999999804 -6.0 0.0 flow_0_5 0 5.0 2.0,275.0 10.0 3.141592653589793 flow_10_12 0 5.0 2.0,58.791999999999777 2.0 3.141592653589793 flow_6_5 0 5.0 2.0,-59.4068306372412 -6.0 0.0 flow_0_9 0 5.0 2.0,2.0 270.26183022070696 1.5707963267948966 flow_2_4 0 5.0 2.0,-2.0 -211.71340523500727 -1.5707963267948966 flow_3_6 0 5.0 2.0,-66.29199999999975 -2.0 0.0 flow_5_6 0 5.0 2.0,-269.6958288286603 10.0 3.141592653589793 flow_7_5 0 5.0 2.0,73.79199999999975 2.0 3.141592653589793 flow_6_7 0 5.0 2.0,-186.34582882866023 6.0 3.141592653589793 flow_7_6 0 5.0 2.0,-10.0 -102.9958288286602 -1.5707963267948966 flow_8_7 0 5.0 2.0,6.0 -119.64499999999993 1.5707963267948966 flow_2_10 0 5.0 2.0,21.29199999999986 6.0 3.141592653589793 flow_1_4 0 5.0 2.0,-2.0 202.995 -1.5707963267948966 flow_9_11 0 5.0 2.0,-275.0 -2.0 0.0 flow_5_12 0 5.0 2.0,81.29199999999975 2.0 3.141592653589793 flow_6_8 0 5.0 2.0,-2.0 58.791999999999777 -1.5707963267948966 flow_9_5 0 5.0 2.0,28.791999999999804 2.0 3.141592653589793 flow_6_1 0 5.0 2.0,43.7919999999998 2.0 3.141592653589793 flow_6_3 0 5.0 2.0,2.0 -120.58657144773747 1.5707963267948966 flow_11_10 0 5.0 2.0,2.0 -21.29199999999986 1.5707963267948966 flow_11_0 0 5.0 2.0,-2.0 43.7919999999998 -1.5707963267948966 flow_9_3 0 5.0 2.0,-2.0 73.79199999999975 -1.5707963267948966 flow_9_7 0 5.0 2.0,10.0 102.9958288286602 1.5707963267948966 flow_10_7 0 5.0 2.0,44.96334999999985 10.0 3.141592653589793 flow_10_9 0 5.0 2.0,120.58657144773747 2.0 3.141592653589793 flow_6_10 0 5.0 2.0,10.0 -119.64499999999993 1.5707963267948966 flow_4_10 0 5.0 2.0,51.2919999999998 2.0 3.141592653589793 flow_6_4 0 5.0 2.0,2.0 -51.2919999999998 1.5707963267948966 flow_11_4 0 5.0 2.0,102.9958288286602 -6.0 0.0 flow_4_7 0 5.0 2.0,-88.79199999999975 -2.0 0.0 flow_5_9 0 5.0 2.0,-2.0 -270.26183022070696 -1.5707963267948966 flow_3_4 0 5.0 2.0,-6.0 202.995 -1.5707963267948966 flow_3_11 0 5.0 2.0,-10.0 -269.6958288286603 -1.5707963267948966 flow_8_5 0 5.0 2.0,-21.29199999999986 -2.0 0.0 flow_5_0 0 5.0 2.0,6.0 -36.294999999999848 1.5707963267948966 flow_2_9 0 5.0 2.0,43.7919999999998 6.0 3.141592653589793 flow_1_7 0 5.0 2.0,-6.0 -47.05500000000018 -1.5707963267948966 flow_3_8 0 5.0 2.0,-36.2919999999998 -6.0 0.0 flow_0_6 0 5.0 2.0,-51.2919999999998 -6.0 0.0 flow_0_8 0 5.0 2.0,2.0 -275.0 1.5707963267948966 flow_11_12 0 5.0 2.0,-2.0 81.29199999999975 -1.5707963267948966 flow_9_8 0 5.0 2.0,-120.58657144773747 -2.0 0.0 flow_5_10 0 5.0 2.0,10.0 -202.995 1.5707963267948966 flow_4_11 0 5.0 2.0,10.0 -275.0 1.5707963267948966 flow_4_12 0 5.0 2.0,-275.0 -10.0 0.0 flow_8_12 0 5.0 2.0,6.0 47.05500000000018 1.5707963267948966 flow_2_8 0 5.0 2.0,-21.29199999999986 -6.0 0.0 flow_0_4 0 5.0 2.0,-2.0 21.29199999999986 -1.5707963267948966 flow_9_0 0 5.0 2.0,-44.96334999999985 -10.0 0.0 flow_8_9 0 5.0 2.0,-102.9958288286602 10.0 3.141592653589793 flow_7_7 0 5.0 2.0,2.0 -36.2919999999998 1.5707963267948966 flow_11_2 0 5.0 2.0,-6.0 -130.4050000000002 -1.5707963267948966 flow_3_7 0 5.0 2.0,-28.791999999999804 -2.0 0.0 flow_5_1 0 5.0 2.0,-202.995 -2.0 0.0 flow_5_11 0 5.0 2.0,6.0 -275.0 1.5707963267948966 flow_2_12 0 5.0 2.0,36.2919999999998 2.0 3.141592653589793 flow_6_2 0 5.0 2.0,2.0 -202.995 1.5707963267948966 flow_11_11 0 5.0 2.0,275.0 6.0 3.141592653589793 flow_1_12 0 5.0 2.0,269.6958288286603 -6.0 0.0 flow_4_5 0 5.0 2.0,-10.0 202.995 -1.5707963267948966 flow_7_11 0 5.0 2.0,-202.995 -6.0 0.0 flow_0_11 0 5.0 2.0,-6.0 119.64499999999993 -1.5707963267948966 flow_3_10 0 5.0 2.0,275.0 2.0 3.141592653589793 flow_6_12 0 5.0 2.0,10.0 -44.96334999999985 1.5707963267948966 flow_4_9 0 5.0 2.0,-10.0 44.96334999999985 -1.5707963267948966 flow_7_9 0 5.0 2.0,202.995 6.0 3.141592653589793 flow_1_11 0 5.0 2.0,24.487578828660206 -10.0 0.0 flow_4_8 0 5.0 2.0,-6.0 -299.89809702607229 -1.5707963267948966 flow_3_3 0 5.0 2.0,6.0 -202.995 1.5707963267948966 flow_2_11 0 5.0 2.0,-73.79199999999975 -2.0 0.0 flow_5_7 0 5.0 2.0,6.0 241.7155789063359 1.5707963267948966 flow_2_5 0 5.0 2.0,-2.0 275.0 -1.5707963267948966 flow_9_12 0 5.0 2.0,36.2919999999998 6.0 3.141592653589793 flow_1_6 0 5.0 2.0,119.64499999999993 10.0 3.141592653589793 flow_10_10 0 5.0 2.0,186.34582882866023 -10.0 0.0 flow_4_6 0 5.0 2.0,-51.2919999999998 -2.0 0.0 flow_5_4 0 5.0 2.0,-119.64499999999993 -10.0 0.0 flow_8_10 0 5.0 2.0,-10.0 -24.487578828660206 -1.5707963267948966 flow_8_8 0 5.0 2.0,2.0 -81.29199999999975 1.5707963267948966 flow_11_8 0 5.0 2.0,-6.0 275.0 -1.5707963267948966 flow_3_12 0 5.0 2.0,-81.29199999999975 -2.0 0.0 flow_5_8 0 5.0 2.0,-58.791999999999777 -2.0 0.0 flow_5_5 0 5.0 2.0,202.995 2.0 3.141592653589793 flow_6_11 0 5.0 2.0,2.0 -88.79199999999975 1.5707963267948966 flow_11_9 0 5.0 2.0,-10.0 119.64499999999993 -1.5707963267948966 flow_7_10 0 5.0 2.0,-10.0 -186.34582882866023 -1.5707963267948966 flow_8_6 0 5.0 2.0,-6.0 -241.7155789063359 -1.5707963267948966 flow_3_5 0 5.0 2.0,-6.0 36.294999999999848 -1.5707963267948966 flow_3_9 0 5.0 2.0,6.0 299.89809702607229 1.5707963267948966 flow_2_3 0 5.0 2.0,6.0 130.4050000000002 1.5707963267948966 flow_2_7 0 5.0 2.0,-2.0 88.79199999999975 -1.5707963267948966 flow_9_9 0 5.0 2.0,88.79199999999975 2.0 3.141592653589793 flow_6_9 0 5.0 2.0,51.2919999999998 6.0 3.141592653589793 flow_1_8 0 5.0 2.0,2.0 211.71340523500727 1.5707963267948966 flow_2_6 0 5.0 2.0,-2.0 28.791999999999804 -1.5707963267948966 flow_9_1 0 5.0 2.0,-275.0 -6.0 0.0 flow_0_12 0 5.0 2.0,10.0 24.487578828660206 1.5707963267948966 flow_10_8 0 5.0 2.0,2.0 -43.7919999999998 1.5707963267948966 flow_11_3 0 5.0 2.0,10.0 186.34582882866023 1.5707963267948966 flow_10_6 0 5.0 2.0,21.29199999999986 2.0 3.141592653589793 flow_6_0 0 5.0 2.0,-119.64499999999993 -6.0 0.0 flow_0_10 0 5.0 2.0,;road_0_1_0 g r g,road_1_0_1 r r g,road_1_2_3 r r g,road_2_1_2 g r g,
2.0 -73.79199999999975 1.5707963267948966 flow_11_7 0 5.0 2.0,-6.0 299.0 -1.5707963267948966 flow_3_13 0 5.0 2.0,186.325 10.0 3.141592653589793 flow_10_11 0 5.0 2.0,-37.820878828660209 7.1333400000000009 3.141592653589793 flow_7_8 -1 5.0 2.0,-2.0 51.2919999999998 -1.5707963267948966 flow_9_4 0 5.0 2.0,102.97499999999991 6.0 3.141592653589793 flow_1_10 0 5.0 2.0,-10.0 264.0 -1.5707963267948966 flow_7_12 0 5.0 2.0,-2.0 36.2919999999998 -1.5707963267948966 flow_9_2 0 5.0 2.0,-43.7919999999998 -6.0 0.0 flow_0_7 0 5.0 2.0,6.0 -299.0 1.5707963267948966 flow_2_13 0 5.0 2.0,-186.325 -10.0 0.0 flow_8_11 0 5.0 2.0,58.791999999999777 6.0 3.141592653589793 flow_1_9 0 5.0 2.0,10.0 286.3658288286603 1.5707963267948966 flow_10_5 0 5.0 2.0,-2.0 66.29199999999975 -1.5707963267948966 flow_9_6 0 5.0 2.0,-299.0 -2.0 0.0 flow_5_13 0 5.0 2.0,2.0 -28.791999999999804 1.5707963267948966 flow_11_1 0 5.0 2.0,-2.0 108.04971434321254 -1.5707963267948966 flow_9_10 0 5.0 2.0,2.0 -58.791999999999777 1.5707963267948966 flow_11_5 0 5.0 2.0,28.791999999999804 6.0 3.141592653589793 flow_1_5 0 5.0 2.0,-43.7919999999998 -2.0 0.0 flow_5_3 0 5.0 2.0,66.29199999999975 2.0 3.141592653589793 flow_6_6 0 5.0 2.0,2.0 -66.29199999999975 1.5707963267948966 flow_11_6 0 5.0 2.0,-36.2919999999998 -2.0 0.0 flow_5_2 0 5.0 2.0,-28.791999999999804 -6.0 0.0 flow_0_5 0 5.0 2.0,-299.0 -6.0 0.0 flow_0_13 0 5.0 2.0,264.0 10.0 3.141592653589793 flow_10_12 0 5.0 2.0,58.791999999999777 2.0 3.141592653589793 flow_6_5 0 5.0 2.0,-58.791999999999777 -6.0 0.0 flow_0_9 0 5.0 2.0,2.0 286.93183022070698 1.5707963267948966 flow_2_4 0 5.0 2.0,-2.0 -228.38340523500728 -1.5707963267948966 flow_3_6 0 5.0 2.0,-66.29199999999975 -2.0 0.0 flow_5_6 0 5.0 2.0,-286.3658288286603 10.0 3.141592653589793 flow_7_5 0 5.0 2.0,73.79199999999975 2.0 3.141592653589793 flow_6_7 0 5.0 2.0,-203.01582882866024 6.0 3.141592653589793 flow_7_6 0 5.0 2.0,-10.0 -119.66582882866021 -1.5707963267948966 flow_8_7 0 5.0 2.0,6.0 -102.97499999999991 1.5707963267948966 flow_2_10 0 5.0 2.0,21.29199999999986 6.0 3.141592653589793 flow_1_4 0 5.0 2.0,-2.0 186.325 -1.5707963267948966 flow_9_11 0 5.0 2.0,-264.0 -2.0 0.0 flow_5_12 0 5.0 2.0,81.29199999999975 2.0 3.141592653589793 flow_6_8 0 5.0 2.0,-2.0 58.791999999999777 -1.5707963267948966 flow_9_5 0 5.0 2.0,28.791999999999804 2.0 3.141592653589793 flow_6_1 0 5.0 2.0,43.7919999999998 2.0 3.141592653589793 flow_6_3 0 5.0 2.0,2.0 -108.04971434321254 1.5707963267948966 flow_11_10 0 5.0 2.0,2.0 -21.29199999999986 1.5707963267948966 flow_11_0 0 5.0 2.0,-2.0 43.7919999999998 -1.5707963267948966 flow_9_3 0 5.0 2.0,-2.0 73.79199999999975 -1.5707963267948966 flow_9_7 0 5.0 2.0,2.0 -299.0 1.5707963267948966 flow_11_13 0 5.0 2.0,10.0 119.66582882866021 1.5707963267948966 flow_10_7 0 5.0 2.0,299.0 10.0 3.141592653589793 flow_10_13 0 5.0 2.0,-10.0 299.0 -1.5707963267948966 flow_7_13 0 5.0 2.0,36.63004999999987 10.0 3.141592653589793 flow_10_9 0 5.0 2.0,108.04971434321254 2.0 3.141592653589793 flow_6_10 0 5.0 2.0,10.0 -102.97499999999991 1.5707963267948966 flow_4_10 0 5.0 2.0,51.2919999999998 2.0 3.141592653589793 flow_6_4 0 5.0 2.0,2.0 -51.2919999999998 1.5707963267948966 flow_11_4 0 5.0 2.0,119.66582882866021 -6.0 0.0 flow_4_7 0 5.0 2.0,-299.0 -10.0 0.0 flow_8_13 0 5.0 2.0,-88.79199999999975 -2.0 0.0 flow_5_9 0 5.0 2.0,-2.0 -286.93183022070698 -1.5707963267948966 flow_3_4 0 5.0 2.0,-6.0 186.325 -1.5707963267948966 flow_3_11 0 5.0 2.0,299.0 2.0 3.141592653589793 flow_6_13 0 5.0 2.0,-10.0 -286.3658288286603 -1.5707963267948966 flow_8_5 0 5.0 2.0,-20.29199999999986 -2.0 0.0 flow_5_0 0 5.0 2.0,6.0 -19.62499999999983 1.5707963267948966 flow_2_9 0 5.0 2.0,43.7919999999998 6.0 3.141592653589793 flow_1_7 0 5.0 2.0,-6.0 -63.72500000000018 -1.5707963267948966 flow_3_8 0 5.0 2.0,10.0 -299.0 1.5707963267948966 flow_4_13 0 5.0 2.0,-36.2919999999998 -6.0 0.0 flow_0_6 0 5.0 2.0,-51.2919999999998 -6.0 0.0 flow_0_8 0 5.0 2.0,299.0 6.0 3.141592653589793 flow_1_13 0 5.0 2.0,2.0 -264.0 1.5707963267948966 flow_11_12 0 5.0 2.0,-2.0 81.29199999999975 -1.5707963267948966 flow_9_8 0 5.0 2.0,-108.04971434321254 -2.0 0.0 flow_5_10 0 5.0 2.0,10.0 -186.325 1.5707963267948966 flow_4_11 0 5.0 2.0,10.0 -264.0 1.5707963267948966 flow_4_12 0 5.0 2.0,-264.0 -10.0 0.0 flow_8_12 0 5.0 2.0,6.0 63.72500000000018 1.5707963267948966 flow_2_8 0 5.0 2.0,-21.29199999999986 -6.0 0.0 flow_0_4 0 5.0 2.0,-2.0 21.29199999999986 -1.5707963267948966 flow_9_0 0 5.0 2.0,-36.63004999999987 -10.0 0.0 flow_8_9 0 5.0 2.0,-119.66582882866021 10.0 3.141592653589793 flow_7_7 0 5.0 2.0,2.0 -36.2919999999998 1.5707963267948966 flow_11_2 0 5.0 2.0,-6.0 -147.0750000000002 -1.5707963267948966 flow_3_7 0 5.0 2.0,-28.791999999999804 -2.0 0.0 flow_5_1 0 5.0 2.0,-186.325 -2.0 0.0 flow_5_11 0 5.0 2.0,6.0 -264.0 1.5707963267948966 flow_2_12 0 5.0 2.0,36.2919999999998 2.0 3.141592653589793 flow_6_2 0 5.0 2.0,2.0 -186.325 1.5707963267948966 flow_11_11 0 5.0 2.0,264.0 6.0 3.141592653589793 flow_1_12 0 5.0 2.0,286.3658288286603 -6.0 0.0 flow_4_5 0 5.0 2.0,-10.0 186.325 -1.5707963267948966 flow_7_11 0 5.0 2.0,-186.325 -6.0 0.0 flow_0_11 0 5.0 2.0,-6.0 102.97499999999991 -1.5707963267948966 flow_3_10 0 5.0 2.0,264.0 2.0 3.141592653589793 flow_6_12 0 5.0 2.0,10.0 -36.63004999999987 1.5707963267948966 flow_4_9 0 5.0 2.0,-10.0 36.63004999999987 -1.5707963267948966 flow_7_9 0 5.0 2.0,186.325 6.0 3.141592653589793 flow_1_11 0 5.0 2.0,37.820878828660209 -10.0 0.0 flow_4_8 0 5.0 2.0,6.0 -186.325 1.5707963267948966 flow_2_11 0 5.0 2.0,-73.79199999999975 -2.0 0.0 flow_5_7 0 5.0 2.0,6.0 258.3855789063359 1.5707963267948966 flow_2_5 0 5.0 2.0,-2.0 264.0 -1.5707963267948966 flow_9_12 0 5.0 2.0,36.2919999999998 6.0 3.141592653589793 flow_1_6 0 5.0 2.0,102.97499999999991 10.0 3.141592653589793 flow_10_10 0 5.0 2.0,203.01582882866024 -10.0 0.0 flow_4_6 0 5.0 2.0,-51.2919999999998 -2.0 0.0 flow_5_4 0 5.0 2.0,-102.97499999999991 -10.0 0.0 flow_8_10 0 5.0 2.0,-10.0 -37.820878828660209 -1.5707963267948966 flow_8_8 0 5.0 2.0,2.0 -81.29199999999975 1.5707963267948966 flow_11_8 0 5.0 2.0,-6.0 264.0 -1.5707963267948966 flow_3_12 0 5.0 2.0,-81.29199999999975 -2.0 0.0 flow_5_8 0 5.0 2.0,-58.791999999999777 -2.0 0.0 flow_5_5 0 5.0 2.0,186.325 2.0 3.141592653589793 flow_6_11 0 5.0 2.0,2.0 -88.79199999999975 1.5707963267948966 flow_11_9 0 5.0 2.0,-10.0 102.97499999999991 -1.5707963267948966 flow_7_10 0 5.0 2.0,-10.0 -203.01582882866024 -1.5707963267948966 flow_8_6 0 5.0 2.0,-6.0 -258.3855789063359 -1.5707963267948966 flow_3_5 0 5.0 2.0,-6.0 19.62499999999983 -1.5707963267948966 flow_3_9 0 5.0 2.0,6.0 147.0750000000002 1.5707963267948966 flow_2_7 0 5.0 2.0,-2.0 88.79199999999975 -1.5707963267948966 flow_9_9 0 5.0 2.0,88.79199999999975 2.0 3.141592653589793 flow_6_9 0 5.0 2.0,51.2919999999998 6.0 3.141592653589793 flow_1_8 0 5.0 2.0,2.0 228.38340523500728 1.5707963267948966 flow_2_6 0 5.0 2.0,-2.0 28.791999999999804 -1.5707963267948966 flow_9_1 0 5.0 2.0,-264.0 -6.0 0.0 flow_0_12 0 5.0 2.0,10.0 37.820878828660209 1.5707963267948966 flow_10_8 0 5.0 2.0,2.0 -43.7919999999998 1.5707963267948966 flow_11_3 0 5.0 2.0,10.0 203.01582882866024 1.5707963267948966 flow_10_6 0 5.0 2.0,20.29199999999986 2.0 3.141592653589793 flow_6_0 0 5.0 2.0,-102.97499999999991 -6.0 0.0 flow_0_10 0 5.0 2.0,-2.0 299.0 -1.5707963267948966 flow_9_13 0 5.0 2.0,;road_0_1_0 g r g,road_1_0_1 r r g,road_1_2_3 r r g,road_2_1_2 g r g,
2.0 -73.79199999999975 1.5707963267948966 flow_11_7 0 5.0 2.0,-6.0 296.0 -1.5707963267948966 flow_3_13 0 5.0 2.0,169.65499999999998 10.0 3.141592653589793 flow_10_11 0 5.0 2.0,-2.0 51.2919999999998 -1.5707963267948966 flow_9_4 0 5.0 2.0,87.69972722097998 6.0 3.141592653589793 flow_1_10 0 5.0 2.0,-10.0 251.0 -1.5707963267948966 flow_7_12 0 5.0 2.0,-2.0 36.2919999999998 -1.5707963267948966 flow_9_2 0 5.0 2.0,-43.7919999999998 -6.0 0.0 flow_0_7 0 5.0 2.0,6.0 -296.0 1.5707963267948966 flow_2_13 0 5.0 2.0,-169.65499999999998 -10.0 0.0 flow_8_11 0 5.0 2.0,58.791999999999777 6.0 3.141592653589793 flow_1_9 0 5.0 2.0,-2.0 66.29199999999975 -1.5707963267948966 flow_9_6 0 5.0 2.0,-296.0 -2.0 0.0 flow_5_13 0 5.0 2.0,2.0 -28.791999999999804 1.5707963267948966 flow_11_1 0 5.0 2.0,-2.0 100.01285723868762 -1.5707963267948966 flow_9_10 0 5.0 2.0,2.0 -58.791999999999777 1.5707963267948966 flow_11_5 0 5.0 2.0,28.791999999999804 6.0 3.141592653589793 flow_1_5 0 5.0 2.0,-43.7919999999998 -2.0 0.0 flow_5_3 0 5.0 2.0,66.29199999999975 2.0 3.141592653589793 flow_6_6 0 5.0 2.0,2.0 -66.29199999999975 1.5707963267948966 flow_11_6 0 5.0 2.0,-36.2919999999998 -2.0 0.0 flow_5_2 0 5.0 2.0,-28.791999999999804 -6.0 0.0 flow_0_5 0 5.0 2.0,-296.0 -6.0 0.0 flow_0_13 0 5.0 2.0,251.0 10.0 3.141592653589793 flow_10_12 0 5.0 2.0,58.791999999999777 2.0 3.141592653589793 flow_6_5 0 5.0 2.0,-58.791999999999777 -6.0 0.0 flow_0_9 0 5.0 2.0,-2.0 -245.0534052350073 -1.5707963267948966 flow_3_6 0 5.0 2.0,-66.29199999999975 -2.0 0.0 flow_5_6 0 5.0 2.0,73.79199999999975 2.0 3.141592653589793 flow_6_7 0 5.0 2.0,-219.68582882866026 6.0 3.141592653589793 flow_7_6 0 5.0 2.0,-10.0 -136.33582882866024 -1.5707963267948966 flow_8_7 0 5.0 2.0,6.0 -86.3049999999999 1.5707963267948966 flow_2_10 0 5.0 2.0,21.29199999999986 6.0 3.141592653589793 flow_1_4 0 5.0 2.0,-2.0 169.65499999999998 -1.5707963267948966 flow_9_11 0 5.0 2.0,-251.0 -2.0 0.0 flow_5_12 0 5.0 2.0,81.29199999999975 2.0 3.141592653589793 flow_6_8 0 5.0 2.0,-2.0 58.791999999999777 -1.5707963267948966 flow_9_5 0 5.0 2.0,28.04199999999986 2.0 3.141592653589793 flow_6_1 0 5.0 2.0,43.7919999999998 2.0 3.141592653589793 flow_6_3 0 5.0 2.0,2.0 -100.01285723868762 1.5707963267948966 flow_11_10 0 5.0 2.0,2.0 -21.29199999999986 1.5707963267948966 flow_11_0 0 5.0 2.0,-2.0 43.7919999999998 -1.5707963267948966 flow_9_3 0 5.0 2.0,-2.0 73.79199999999975 -1.5707963267948966 flow_9_7 0 5.0 2.0,2.0 -296.0 1.5707963267948966 flow_11_13 0 5.0 2.0,10.0 136.33582882866024 1.5707963267948966 flow_10_7 0 5.0 2.0,296.0 10.0 3.141592653589793 flow_10_13 0 5.0 2.0,-10.0 296.0 -1.5707963267948966 flow_7_13 0 5.0 2.0,28.29674999999986 10.0 3.141592653589793 flow_10_9 0 5.0 2.0,100.01285723868762 2.0 3.141592653589793 flow_6_10 0 5.0 2.0,10.0 -86.3049999999999 1.5707963267948966 flow_4_10 0 5.0 2.0,51.2919999999998 2.0 3.141592653589793 flow_6_4 0 5.0 2.0,2.0 -51.2919999999998 1.5707963267948966 flow_11_4 0 5.0 2.0,136.33582882866024 -6.0 0.0 flow_4_7 0 5.0 2.0,-296.0 -10.0 0.0 flow_8_13 0 5.0 2.0,-88.79199999999975 -2.0 0.0 flow_5_9 0 5.0 2.0,-6.0 169.65499999999998 -1.5707963267948966 flow_3_11 0 5.0 2.0,296.0 2.0 3.141592653589793 flow_6_13 0 5.0 2.0,-17.374046553428653 -1.383056823413295 0.4344452230277657 flow_5_0 0 5.0 2.0,6.0 -2.9549999999998279 1.5707963267948966 flow_2_9 0 5.0 2.0,43.7919999999998 6.0 3.141592653589793 flow_1_7 0 5.0 2.0,-6.0 -80.39500000000018 -1.5707963267948966 flow_3_8 0 5.0 2.0,10.0 -296.0 1.5707963267948966 flow_4_13 0 5.0 2.0,-36.2919999999998 -6.0 0.0 flow_0_6 0 5.0 2.0,-51.2919999999998 -6.0 0.0 flow_0_8 0 5.0 2.0,296.0 6.0 3.141592653589793 flow_1_13 0 5.0 2.0,2.0 -251.0 1.5707963267948966 flow_11_12 0 5.0 2.0,-2.0 81.29199999999975 -1.5707963267948966 flow_9_8 0 5.0 2.0,-100.01285723868762 -2.0 0.0 flow_5_10 0 5.0 2.0,10.0 -169.65499999999998 1.5707963267948966 flow_4_11 0 5.0 2.0,10.0 -251.0 1.5707963267948966 flow_4_12 0 5.0 2.0,-251.0 -10.0 0.0 flow_8_12 0 5.0 2.0,6.0 80.39500000000018 1.5707963267948966 flow_2_8 0 5.0 2.0,-21.29199999999986 -6.0 0.0 flow_0_4 0 5.0 2.0,-2.0 21.29199999999986 -1.5707963267948966 flow_9_0 0 5.0 2.0,-28.29674999999986 -10.0 0.0 flow_8_9 0 5.0 2.0,-136.33582882866024 10.0 3.141592653589793 flow_7_7 0 5.0 2.0,2.0 -36.2919999999998 1.5707963267948966 flow_11_2 0 5.0 2.0,-6.0 -163.74500000000018 -1.5707963267948966 flow_3_7 0 5.0 2.0,-28.04199999999986 -2.0 0.0 flow_5_1 0 5.0 2.0,-169.65499999999998 -2.0 0.0 flow_5_11 0 5.0 2.0,6.0 -251.0 1.5707963267948966 flow_2_12 0 5.0 2.0,36.2919999999998 2.0 3.141592653589793 flow_6_2 0 5.0 2.0,2.0 -169.65499999999998 1.5707963267948966 flow_11_11 0 5.0 2.0,251.0 6.0 3.141592653589793 flow_1_12 0 5.0 2.0,-53.15417882866021 6.0 3.141592653589793 flow_7_8 0 5.0 2.0,-10.0 169.65499999999998 -1.5707963267948966 flow_7_11 0 5.0 2.0,-169.65499999999998 -6.0 0.0 flow_0_11 0 5.0 2.0,-6.0 86.3049999999999 -1.5707963267948966 flow_3_10 0 5.0 2.0,251.0 2.0 3.141592653589793 flow_6_12 0 5.0 2.0,10.0 -28.29674999999986 1.5707963267948966 flow_4_9 0 5.0 2.0,-10.0 28.29674999999986 -1.5707963267948966 flow_7_9 0 5.0 2.0,169.65499999999998 6.0 3.141592653589793 flow_1_11 0 5.0 2.0,53.15417882866021 -10.0 0.0 flow_4_8 0 5.0 2.0,6.0 -169.65499999999998 1.5707963267948966 flow_2_11 0 5.0 2.0,-73.79199999999975 -2.0 0.0 flow_5_7 0 5.0 2.0,6.0 275.05557890633596 1.5707963267948966 flow_2_5 0 5.0 2.0,-2.0 251.0 -1.5707963267948966 flow_9_12 0 5.0 2.0,36.2919999999998 6.0 3.141592653589793 flow_1_6 0 5.0 2.0,86.3049999999999 10.0 3.141592653589793 flow_10_10 0 5.0 2.0,219.68582882866026 -10.0 0.0 flow_4_6 0 5.0 2.0,-51.2919999999998 -2.0 0.0 flow_5_4 0 5.0 2.0,-86.3049999999999 -10.0 0.0 flow_8_10 0 5.0 2.0,-10.0 -53.15417882866021 -1.5707963267948966 flow_8_8 0 5.0 2.0,2.0 -81.29199999999975 1.5707963267948966 flow_11_8 0 5.0 2.0,-6.0 251.0 -1.5707963267948966 flow_3_12 0 5.0 2.0,-81.29199999999975 -2.0 0.0 flow_5_8 0 5.0 2.0,-58.791999999999777 -2.0 0.0 flow_5_5 0 5.0 2.0,169.65499999999998 2.0 3.141592653589793 flow_6_11 0 5.0 2.0,2.0 -88.79199999999975 1.5707963267948966 flow_11_9 0 5.0 2.0,-10.0 86.3049999999999 -1.5707963267948966 flow_7_10 0 5.0 2.0,-10.0 -219.68582882866026 -1.5707963267948966 flow_8_6 0 5.0 2.0,-6.0 -275.05557890633596 -1.5707963267948966 flow_3_5 0 5.0 2.0,-6.0 2.9549999999998279 -1.5707963267948966 flow_3_9 0 5.0 2.0,6.0 163.74500000000018 1.5707963267948966 flow_2_7 0 5.0 2.0,-2.0 88.79199999999975 -1.5707963267948966 flow_9_9 0 5.0 2.0,88.79199999999975 2.0 3.141592653589793 flow_6_9 0 5.0 2.0,51.2919999999998 6.0 3.141592653589793 flow_1_8 0 5.0 2.0,2.0 245.0534052350073 1.5707963267948966 flow_2_6 0 5.0 2.0,-2.0 28.791999999999804 -1.5707963267948966 flow_9_1 0 5.0 2.0,-251.0 -6.0 0.0 flow_0_12 0 5.0 2.0,10.0 53.15417882866021 1.5707963267948966 flow_10_8 0 5.0 2.0,2.0 -43.7919999999998 1.5707963267948966 flow_11_3 0 5.0 2.0,10.0 219.68582882866026 1.5707963267948966 flow_10_6 0 5.0 2.0,17.374046553428653 1.383056823413295 -2.7071474305620275 flow_6_0 0 5.0 2.0,-87.69972722097998 -6.0 0.0 flow_0_10 0 5.0 2.0,-2.0 296.0 -1.5707963267948966 flow_9_13 0 5.0 2.0,;road_0_1_0 g r g,road_1_0_1 r r g,road_1_2_3 r r g,road_2_1_2 g r g,
2.0 -73.79199999999975 1.5707963267948966 flow_11_7 0 5.0 2.0,-6.0 291.0 -1.5707963267948966 flow_3_13 0 5.0 2.0,152.98499999999997 10.0 3.141592653589793 flow_10_11 0 5.0 2.0,-2.0 51.2919999999998 -1.5707963267948966 flow_9_4 0 5.0 2.0,76.06918166294003 6.0 3.141592653589793 flow_1_10 0 5.0 2.0,-10.0 236.0 -1.5707963267948966 flow_7_12 0 5.0 2.0,-2.0 36.2919999999998 -1.5707963267948966 flow_9_2 0 5.0 2.0,-43.7919999999998 -6.0 0.0 flow_0_7 0 5.0 2.0,6.0 -291.0 1.5707963267948966 flow_2_13 0 5.0 2.0,-152.98499999999997 -10.0 0.0 flow_8_11 0 5.0 2.0,58.791999999999777 6.0 3.141592653589793 flow_1_9 0 5.0 2.0,-2.0 66.29199999999975 -1.5707963267948966 flow_9_6 0 5.0 2.0,-291.0 -2.0 0.0 flow_5_13 0 5.0 2.0,2.0 -28.791999999999804 1.5707963267948966 flow_11_1 0 5.0 2.0,-2.0 96.47600013416266 -1.5707963267948966 flow_9_10 0 5.0 2.0,2.0 -58.791999999999777 1.5707963267948966 flow_11_5 0 5.0 2.0,28.791999999999804 6.0 3.141592653589793 flow_1_5 0 5.0 2.0,-43.7919999999998 -2.0 0.0 flow_5_3 0 5.0 2.0,66.29199999999975 2.0 3.141592653589793 flow_6_6 0 5.0 2.0,2.0 -66.29199999999975 1.5707963267948966 flow_11_6 0 5.0 2.0,-36.2919999999998 -2.0 0.0 flow_5_2 0 5.0 2.0,-28.791999999999804 -6.0 0.0 flow_0_5 0 5.0 2.0,-291.0 -6.0 0.0 flow_0_13 0 5.0 2.0,236.0 10.0 3.141592653589793 flow_10_12 0 5.0 2.0,58.791999999999777 2.0 3.141592653589793 flow_6_5 0 5.0 2.0,-58.791999999999777 -6.0 0.0 flow_0_9 0 5.0 2.0,-2.0 -261.7234052350073 -1.5707963267948966 flow_3_6 0 5.0 2.0,-66.29199999999975 -2.0 0.0 flow_5_6 0 5.0 2.0,73.79199999999975 2.0 3.141592653589793 flow_6_7 0 5.0 2.0,-236.35582882866027 6.0 3.141592653589793 flow_7_6 0 5.0 2.0,-10.0 -153.0058288286602 -1.5707963267948966 flow_8_7 0 5.0 2.0,6.0 -69.63499999999988 1.5707963267948966 flow_2_10 0 5.0 2.0,21.29199999999986 6.0 3.141592653589793 flow_1_4 0 5.0 2.0,-2.0 152.98499999999997 -1.5707963267948966 flow_9_11 0 5.0 2.0,-236.0 -2.0 0.0 flow_5_12 0 5.0 2.0,81.29199999999975 2.0 3.141592653589793 flow_6_8 0 5.0 2.0,-2.0 58.791999999999777 -1.5707963267948966 flow_9_5 0 5.0 2.0,25.541999999999974 2.0 3.141592653589793 flow_6_1 0 5.0 2.0,43.7919999999998 2.0 3.141592653589793 flow_6_3 0 5.0 2.0,2.0 -96.47600013416266 1.5707963267948966 flow_11_10 0 5.0 2.0,2.0 -21.29199999999986 1.5707963267948966 flow_11_0 0 5.0 2.0,-2.0 43.7919999999998 -1.5707963267948966 flow_9_3 0 5.0 2.0,-2.0 73.79199999999975 -1.5707963267948966 flow_9_7 0 5.0 2.0,2.0 -291.0 1.5707963267948966 flow_11_13 0 5.0 2.0,10.0 153.0058288286602 1.5707963267948966 flow_10_7 0 5.0 2.0,291.0 10.0 3.141592653589793 flow_10_13 0 5.0 2.0,-10.0 291.0 -1.5707963267948966 flow_7_13 0 5.0 2.0,19.96350051833775 10.001921025350646 3.0890095919788518 flow_10_9 0 5.0 2.0,96.47600013416266 2.0 3.141592653589793 flow_6_10 0 5.0 2.0,10.0 -69.63499999999988 1.5707963267948966 flow_4_10 0 5.0 2.0,51.2919999999998 2.0 3.141592653589793 flow_6_4 0 5.0 2.0,2.0 -51.2919999999998 1.5707963267948966 flow_11_4 0 5.0 2.0,153.0058288286602 -6.0 0.0 flow_4_7 0 5.0 2.0,-291.0 -10.0 0.0 flow_8_13 0 5.0 2.0,-88.79199999999975 -2.0 0.0 flow_5_9 0 5.0 2.0,-6.0 152.98499999999997 -1.5707963267948966 flow_3_11 0 5.0 2.0,291.0 2.0 3.141592653589793 flow_6_13 0 5.0 2.0,-13.012058150551674 1.0355009741148776 0.5752373395209119 flow_5_0 0 5.0 2.0,5.999999999999999 13.715000000000174 1.5707963267948968 flow_2_9 0 5.0 2.0,43.7919999999998 6.0 3.141592653589793 flow_1_7 0 5.0 2.0,-6.0 -97.0650000000002 -1.5707963267948966 flow_3_8 0 5.0 2.0,10.0 -291.0 1.5707963267948966 flow_4_13 0 5.0 2.0,-36.2919999999998 -6.0 0.0 flow_0_6 0 5.0 2.0,-51.2919999999998 -6.0 0.0 flow_0_8 0 5.0 2.0,291.0 6.0 3.141592653589793 flow_1_13 0 5.0 2.0,2.0 -236.0 1.5707963267948966 flow_11_12 0 5.0 2.0,-2.0 81.29199999999975 -1.5707963267948966 flow_9_8 0 5.0 2.0,-96.47600013416266 -2.0 0.0 flow_5_10 0 5.0 2.0,10.0 -152.98499999999997 1.5707963267948966 flow_4_11 0 5.0 2.0,10.0 -236.0 1.5707963267948966 flow_4_12 0 5.0 2.0,-236.0 -10.0 0.0 flow_8_12 0 5.0 2.0,6.0 97.0650000000002 1.5707963267948966 flow_2_8 0 5.0 2.0,-21.29199999999986 -6.0 0.0 flow_0_4 0 5.0 2.0,-2.0 21.29199999999986 -1.5707963267948966 flow_9_0 0 5.0 2.0,-19.96350051833775 -10.001921025350646 -0.05258306161094157 flow_8_9 0 5.0 2.0,-153.0058288286602 10.0 3.141592653589793 flow_7_7 0 5.0 2.0,2.0 -36.2919999999998 1.5707963267948966 flow_11_2 0 5.0 2.0,-6.0 -180.4150000000002 -1.5707963267948966 flow_3_7 0 5.0 2.0,-25.541999999999974 -2.0 0.0 flow_5_1 0 5.0 2.0,-152.98499999999997 -2.0 0.0 flow_5_11 0 5.0 2.0,6.0 -236.0 1.5707963267948966 flow_2_12 0 5.0 2.0,36.2919999999998 2.0 3.141592653589793 flow_6_2 0 5.0 2.0,2.0 -152.98499999999997 1.5707963267948966 flow_11_11 0 5.0 2.0,236.0 6.0 3.141592653589793 flow_1_12 0 5.0 2.0,-69.6558288286602 6.0 3.141592653589793 flow_7_8 0 5.0 2.0,-10.0 152.98499999999997 -1.5707963267948966 flow_7_11 0 5.0 2.0,-152.98499999999997 -6.0 0.0 flow_0_11 0 5.0 2.0,-6.0 69.63499999999988 -1.5707963267948966 flow_3_10 0 5.0 2.0,236.0 2.0 3.141592653589793 flow_6_12 0 5.0 2.0,10.001921025350646 -19.96350051833775 1.518213265183955 flow_4_9 0 5.0 2.0,-10.001921025350646 19.96350051833775 -1.6233793884058383 flow_7_9 0 5.0 2.0,152.98499999999997 6.0 3.141592653589793 flow_1_11 0 5.0 2.0,69.6558288286602 -10.0 0.0 flow_4_8 0 5.0 2.0,6.0 -152.98499999999997 1.5707963267948966 flow_2_11 0 5.0 2.0,-73.79199999999975 -2.0 0.0 flow_5_7 0 5.0 2.0,6.0 291.72557890633598 1.5707963267948966 flow_2_5 0 5.0 2.0,-2.0 236.0 -1.5707963267948966 flow_9_12 0 5.0 2.0,36.2919999999998 6.0 3.141592653589793 flow_1_6 0 5.0 2.0,69.63499999999988 10.0 3.141592653589793 flow_10_10 0 5.0 2.0,236.35582882866027 -10.0 0.0 flow_4_6 0 5.0 2.0,-51.2919999999998 -2.0 0.0 flow_5_4 0 5.0 2.0,-69.63499999999988 -10.0 0.0 flow_8_10 0 5.0 2.0,-10.0 -69.6558288286602 -1.5707963267948966 flow_8_8 0 5.0 2.0,2.0 -81.29199999999975 1.5707963267948966 flow_11_8 0 5.0 2.0,-6.0 236.0 -1.5707963267948966 flow_3_12 0 5.0 2.0,-81.29199999999975 -2.0 0.0 flow_5_8 0 5.0 2.0,-58.791999999999777 -2.0 0.0 flow_5_5 0 5.0 2.0,152.98499999999997 2.0 3.141592653589793 flow_6_11 0 5.0 2.0,2.0 -88.79199999999975 1.5707963267948966 flow_11_9 0 5.0 2.0,-10.0 69.63499999999988 -1.5707963267948966 flow_7_10 0 5.0 2.0,-10.0 -236.35582882866027 -1.5707963267948966 flow_8_6 0 5.0 2.0,-6.0 -291.72557890633598 -1.5707963267948966 flow_3_5 0 5.0 2.0,-5.999999999999999 -13.715000000000174 -1.5707963267948964 flow_3_9 0 5.0 2.0,6.0 180.4150000000002 1.5707963267948966 flow_2_7 0 5.0 2.0,-2.0 88.79199999999975 -1.5707963267948966 flow_9_9 0 5.0 2.0,88.79199999999975 2.0 3.141592653589793 flow_6_9 0 5.0 2.0,51.2919999999998 6.0 3.141592653589793 flow_1_8 0 5.0 2.0,2.0 261.7234052350073 1.5707963267948966 flow_2_6 0 5.0 2.0,-2.0 28.791999999999804 -1.5707963267948966 flow_9_1 0 5.0 2.0,-236.0 -6.0 0.0 flow_0_12 0 5.0 2.0,10.0 69.6558288286602 1.5707963267948966 flow_10_8 0 5.0 2.0,2.0 -43.7919999999998 1.5707963267948966 flow_11_3 0 5.0 2.0,10.0 236.35582882866027 1.5707963267948966 flow_10_6 0 5.0 2.0,13.012058150551674 -1.0355009741148776 -2.5663553140688815 flow_6_0 0 5.0 2.0,-76.06918166294003 -6.0 0.0 flow_0_10 0 5.0 2.0,-2.0 291.0 -1.5707963267948966 flow_9_13 0 5.0 2.0,;road_0_1_0 g r g,road_1_0_1 r r g,road_1_2_3 r r g,road_2_1_2 g r g,
2.0 -73.79199999999975 1.5707963267948966 flow_11_7 0 5.0 2.0,-6.0 284.0 -1.5707963267948966 flow_3_13 0 5.0 2.0,136.31499999999995 10.0 3.141592653589793 flow_10_11 0 5.0 2.0,-2.0 51.2919999999998 -1.5707963267948966 flow_9_4 0 5.0 2.0,68.9386361049001 6.0 3.141592653589793 flow_1_10 0 5.0 2.0,-10.0 219.665 -1.5707963267948966 flow_7_12 0 5.0 2.0,-2.0 36.2919999999998 -1.5707963267948966 flow_9_2 0 5.0 2.0,-43.7919999999998 -6.0 0.0 flow_0_7 0 5.0 2.0,6.0 -284.0 1.5707963267948966 flow_2_13 0 5.0 2.0,-136.31499999999995 -10.0 0.0 flow_8_11 0 5.0 2.0,58.791999999999777 6.0 3.141592653589793 flow_1_9 0 5.0 2.0,-2.0 66.29199999999975 -1.5707963267948966 flow_9_6 0 5.0 2.0,-284.0 -2.0 0.0 flow_5_13 0 5.0 2.0,2.0 -28.791999999999804 1.5707963267948966 flow_11_1 0 5.0 2.0,-2.0 96.29199999999975 -1.5707963267948966 flow_9_10 0 5.0 2.0,2.0 -58.791999999999777 1.5707963267948966 flow_11_5 0 5.0 2.0,28.791999999999804 6.0 3.141592653589793 flow_1_5 0 5.0 2.0,-43.7919999999998 -2.0 0.0 flow_5_3 0 5.0 2.0,66.29199999999975 2.0 3.141592653589793 flow_6_6 0 5.0 2.0,2.0 -66.29199999999975 1.5707963267948966 flow_11_6 0 5.0 2.0,-35.2919999999998 -2.0 0.0 flow_5_2 0 5.0 2.0,-28.791999999999804 -6.0 0.0 flow_0_5 0 5.0 2.0,-284.0 -6.0 0.0 flow_0_13 0 5.0 2.0,219.665 10.0 3.141592653589793 flow_10_12 0 5.0 2.0,58.791999999999777 2.0 3.141592653589793 flow_6_5 0 5.0 2.0,-58.791999999999777 -6.0 0.0 flow_0_9 0 5.0 2.0,-2.0 -278.3934052350073 -1.5707963267948966 flow_3_6 0 5.0 2.0,-66.29199999999975 -2.0 0.0 flow_5_6 0 5.0 2.0,73.79199999999975 2.0 3.141592653589793 flow_6_7 0 5.0 2.0,-253.02582882866029 6.0 3.141592653589793 flow_7_6 0 5.0 2.0,-10.0 -169.6758288286602 -1.5707963267948966 flow_8_7 0 5.0 2.0,6.0 -54.63199999999986 1.5707963267948966 flow_2_10 0 5.0 2.0,21.29199999999986 6.0 3.141592653589793 flow_1_4 0 5.0 2.0,-2.0 136.31499999999995 -1.5707963267948966 flow_9_11 0 5.0 2.0,-219.665 -2.0 0.0 flow_5_12 0 5.0 2.0,81.29199999999975 2.0 3.141592653589793 flow_6_8 0 5.0 2.0,-2.0 58.791999999999777 -1.5707963267948966 flow_9_5 0 5.0 2.0,21.042000000000088 2.0 3.141592653589793 flow_6_1 0 5.0 2.0,43.7919999999998 2.0 3.141592653589793 flow_6_3 0 5.0 2.0,2.0 -96.29199999999975 1.5707963267948966 flow_11_10 0 5.0 2.0,2.0 -21.29199999999986 1.5707963267948966 flow_11_0 0 5.0 2.0,-2.0 43.7919999999998 -1.5707963267948966 flow_9_3 0 5.0 2.0,-2.0 73.79199999999975 -1.5707963267948966 flow_9_7 0 5.0 2.0,2.0 -284.0 1.5707963267948966 flow_11_13 0 5.0 2.0,10.0 169.6758288286602 1.5707963267948966 flow_10_7 0 5.0 2.0,284.0 10.0 3.141592653589793 flow_10_13 0 5.0 2.0,-10.0 284.0 -1.5707963267948966 flow_7_13 0 5.0 2.0,11.700813119107233 13.476783965535605 2.2565258377011836 flow_10_9 0 5.0 2.0,96.29199999999975 2.0 3.141592653589793 flow_6_10 0 5.0 2.0,10.0 -55.21499999999986 1.5707963267948966 flow_4_10 0 5.0 2.0,51.2919999999998 2.0 3.141592653589793 flow_6_4 0 5.0 2.0,2.0 -51.2919999999998 1.5707963267948966 flow_11_4 0 5.0 2.0,169.6758288286602 -6.0 0.0 flow_4_7 0 5.0 2.0,-284.0 -10.0 0.0 flow_8_13 0 5.0 2.0,-88.79199999999975 -2.0 0.0 flow_5_9 0 5.0 2.0,-6.0 136.31499999999995 -1.5707963267948966 flow_3_11 0 5.0 2.0,284.0 2.0 3.141592653589793 flow_6_13 0 5.0 2.0,-7.608269937554175 5.468800294542777 0.7493906784197324 flow_5_0 0 5.0 2.0,6.0 30.385000000000177 1.5707963267948966 flow_2_9 0 5.0 2.0,43.7919999999998 6.0 3.141592653589793 flow_1_7 0 5.0 2.0,-6.0 -113.73500000000019 -1.5707963267948966 flow_3_8 0 5.0 2.0,10.0 -284.0 1.5707963267948966 flow_4_13 0 5.0 2.0,-36.2919999999998 -6.0 0.0 flow_0_6 0 5.0 2.0,-51.2919999999998 -6.0 0.0 flow_0_8 0 5.0 2.0,284.0 6.0 3.141592653589793 flow_1_13 0 5.0 2.0,2.0 -219.665 1.5707963267948966 flow_11_12 0 5.0 2.0,-2.0 81.29199999999975 -1.5707963267948966 flow_9_8 0 5.0 2.0,-96.29199999999975 -2.0 0.0 flow_5_10 0 5.0 2.0,10.0 -136.31499999999995 1.5707963267948966 flow_4_11 0 5.0 2.0,10.0 -219.665 1.5707963267948966 flow_4_12 0 5.0 2.0,-219.665 -10.0 0.0 flow_8_12 0 5.0 2.0,6.0 113.73500000000019 1.5707963267948966 flow_2_8 0 5.0 2.0,-21.29199999999986 -6.0 0.0 flow_0_4 0 5.0 2.0,-2.0 21.29199999999986 -1.5707963267948966 flow_9_0 0 5.0 2.0,-11.700813119107233 -13.476783965535605 -0.8850668158886099 flow_8_9 0 5.0 2.0,-169.6758288286602 10.0 3.141592653589793 flow_7_7 0 5.0 2.0,2.0 -36.2919999999998 1.5707963267948966 flow_11_2 0 5.0 2.0,-6.0 -197.0850000000002 -1.5707963267948966 flow_3_7 0 5.0 2.0,-21.042000000000088 -2.0 0.0 flow_5_1 0 5.0 2.0,-136.31499999999995 -2.0 0.0 flow_5_11 0 5.0 2.0,6.0 -219.665 1.5707963267948966 flow_2_12 0 5.0 2.0,35.2919999999998 2.0 3.141592653589793 flow_6_2 0 5.0 2.0,2.0 -136.31499999999995 1.5707963267948966 flow_11_11 0 5.0 2.0,219.665 6.0 3.141592653589793 flow_1_12 0 5.0 2.0,-86.3258288286602 6.0 3.141592653589793 flow_7_8 0 5.0 2.0,-10.0 136.31499999999995 -1.5707963267948966 flow_7_11 0 5.0 2.0,-136.31499999999995 -6.0 0.0 flow_0_11 0 5.0 2.0,-6.0 54.63199999999986 -1.5707963267948966 flow_3_10 0 5.0 2.0,219.665 2.0 3.141592653589793 flow_6_12 0 5.0 2.0,13.476783965535605 -11.700813119107233 0.6857295109062868 flow_4_9 0 5.0 2.0,-13.476783965535605 11.700813119107233 -2.4558631426835069 flow_7_9 0 5.0 2.0,136.31499999999995 6.0 3.141592653589793 flow_1_11 0 5.0 2.0,86.3258288286602 -10.0 0.0 flow_4_8 0 5.0 2.0,6.0 -136.31499999999995 1.5707963267948966 flow_2_11 0 5.0 2.0,-73.79199999999975 -2.0 0.0 flow_5_7 0 5.0 2.0,-2.0 219.665 -1.5707963267948966 flow_9_12 0 5.0 2.0,36.2919999999998 6.0 3.141592653589793 flow_1_6 0 5.0 2.0,55.21499999999986 10.0 3.141592653589793 flow_10_10 0 5.0 2.0,253.02582882866029 -10.0 0.0 flow_4_6 0 5.0 2.0,-51.2919999999998 -2.0 0.0 flow_5_4 0 5.0 2.0,-55.21499999999986 -10.0 0.0 flow_8_10 0 5.0 2.0,-10.0 -86.3258288286602 -1.5707963267948966 flow_8_8 0 5.0 2.0,2.0 -81.29199999999975 1.5707963267948966 flow_11_8 0 5.0 2.0,-6.0 219.665 -1.5707963267948966 flow_3_12 0 5.0 2.0,-81.29199999999975 -2.0 0.0 flow_5_8 0 5.0 2.0,-58.791999999999777 -2.0 0.0 flow_5_5 0 5.0 2.0,136.31499999999995 2.0 3.141592653589793 flow_6_11 0 5.0 2.0,2.0 -88.79199999999975 1.5707963267948966 flow_11_9 0 5.0 2.0,-10.0 55.21499999999986 -1.5707963267948966 flow_7_10 0 5.0 2.0,-10.0 -253.02582882866029 -1.5707963267948966 flow_8_6 0 5.0 2.0,-6.0 -30.385000000000177 -1.5707963267948966 flow_3_9 0 5.0 2.0,6.0 197.0850000000002 1.5707963267948966 flow_2_7 0 5.0 2.0,-2.0 88.79199999999975 -1.5707963267948966 flow_9_9 0 5.0 2.0,88.79199999999975 2.0 3.141592653589793 flow_6_9 0 5.0 2.0,51.2919999999998 6.0 3.141592653589793 flow_1_8 0 5.0 2.0,2.0 278.3934052350073 1.5707963267948966 flow_2_6 0 5.0 2.0,-2.0 28.791999999999804 -1.5707963267948966 flow_9_1 0 5.0 2.0,-219.665 -6.0 0.0 flow_0_12 0 5.0 2.0,10.0 86.3258288286602 1.5707963267948966 flow_10_8 0 5.0 2.0,2.0 -43.7919999999998 1.5707963267948966 flow_11_3 0 5.0 2.0,10.0 253.02582882866029 1.5707963267948966 flow_10_6 0 5.0 2.0,7.608269937554175 -5.468800294542777 -2.3922019751700609 flow_6_0 0 5.0 2.0,-68.9386361049001 -6.0 0.0 flow_0_10 0 5.0 2.0,-2.0 284.0 -1.5707963267948966 flow_9_13 0 5.0 2.0,;road_0_1_0 g r g,road_1_0_1 r r g,road_1_2_3 r r g,road_2_1_2 g r g,
2.0 -73.79199999999975 1.5707963267948966 flow_11_7 0 5.0 2.0,-6.0 275.0 -1.5707963267948966 flow_3_13 0 5.0 2.0,119.64499999999993 10.0 3.141592653589793 flow_10_11 0 5.0 2.0,-2.0 51.2919999999998 -1.5707963267948966 flow_9_4 0 5.0 2.0,66.30809054686017 6.0 3.141592653589793 flow_1_10 0 5.0 2.0,-10.0 202.995 -1.5707963267948966 flow_7_12 0 5.0 2.0,-2.0 36.2919999999998 -1.5707963267948966 flow_9_2 0 5.0 2.0,-43.7919999999998 -6.0 0.0 flow_0_7 0 5.0 2.0,6.0 -275.0 1.5707963267948966 flow_2_13 0 5.0 2.0,-119.64499999999993 -10.0 0.0 flow_8_11 0 5.0 2.0,58.791999999999777 6.0 3.141592653589793 flow_1_9 0 5.0 2.0,-2.0 66.29199999999975 -1.5707963267948966 flow_9_6 0 5.0 2.0,-275.0 -2.0 0.0 flow_5_13 0 5.0 2.0,2.0 -28.791999999999804 1.5707963267948966 flow_11_1 0 5.0 2.0,-2.0 96.29199999999975 -1.5707963267948966 flow_9_10 0 5.0 2.0,2.0 -58.791999999999777 1.5707963267948966 flow_11_5 0 5.0 2.0,28.791999999999804 6.0 3.141592653589793 flow_1_5 0 5.0 2.0,-43.0419999999998 -2.0 0.0 flow_5_3 0 5.0 2.0,66.29199999999975 2.0 3.141592653589793 flow_6_6 0 5.0 2.0,2.0 -66.29199999999975 1.5707963267948966 flow_11_6 0 5.0 2.0,-32.2919999999998 -2.0 0.0 flow_5_2 0 5.0 2.0,-28.791999999999804 -6.0 0.0 flow_0_5 0 5.0 2.0,-275.0 -6.0 0.0 flow_0_13 0 5.0 2.0,202.995 10.0 3.141592653589793 flow_10_12 0 5.0 2.0,58.791999999999777 2.0 3.141592653589793 flow_6_5 0 5.0 2.0,-58.791999999999777 -6.0 0.0 flow_0_9 0 5.0 2.0,-2.0 -295.06340523500736 -1.5707963267948966 flow_3_6 0 5.0 2.0,-66.29199999999975 -2.0 0.0 flow_5_6 0 5.0 2.0,73.79199999999975 2.0 3.141592653589793 flow_6_7 0 5.0 2.0,-269.6958288286603 6.0 3.141592653589793 flow_7_6 0 5.0 2.0,-10.0 -186.34582882866023 -1.5707963267948966 flow_8_7 0 5.0 2.0,6.0 -42.62959999999987 1.5707963267948966 flow_2_10 0 5.0 2.0,21.29199999999986 6.0 3.141592653589793 flow_1_4 0 5.0 2.0,-2.0 121.64251884424482 -1.5707963267948966 flow_9_11 0 5.0 2.0,-202.995 -2.0 0.0 flow_5_12 0 5.0 2.0,81.29199999999975 2.0 3.141592653589793 flow_6_8 0 5.0 2.0,-2.0 58.791999999999777 -1.5707963267948966 flow_9_5 0 5.0 2.0,14.899950362470927 0.18857541082854785 -2.5663553140688815 flow_6_1 0 5.0 2.0,43.0419999999998 2.0 3.141592653589793 flow_6_3 0 5.0 2.0,2.0 -96.29199999999975 1.5707963267948966 flow_11_10 0 5.0 2.0,2.0 -21.29199999999986 1.5707963267948966 flow_11_0 0 5.0 2.0,-2.0 43.7919999999998 -1.5707963267948966 flow_9_3 0 5.0 2.0,-2.0 73.79199999999975 -1.5707963267948966 flow_9_7 0 5.0 2.0,2.0 -275.0 1.5707963267948966 flow_11_13 0 5.0 2.0,10.0 186.34582882866023 1.5707963267948966 flow_10_7 0 5.0 2.0,275.0 10.0 3.141592653589793 flow_10_13 0 5.0 2.0,-10.0 275.0 -1.5707963267948966 flow_7_13 0 5.0 2.0,10.0 24.487578828660206 1.5707963267948966 flow_10_9 0 5.0 2.0,96.29199999999975 2.0 3.141592653589793 flow_6_10 0 5.0 2.0,10.0 -44.96334999999985 1.5707963267948966 flow_4_10 0 5.0 2.0,51.2919999999998 2.0 3.141592653589793 flow_6_4 0 5.0 2.0,2.0 -51.2919999999998 1.5707963267948966 flow_11_4 0 5.0 2.0,186.34582882866023 -6.0 0.0 flow_4_7 0 5.0 2.0,-275.0 -10.0 0.0 flow_8_13 0 5.0 2.0,-88.79199999999975 -2.0 0.0 flow_5_9 0 5.0 2.0,-6.0 119.64499999999993 -1.5707963267948966 flow_3_11 0 5.0 2.0,275.0 2.0 3.141592653589793 flow_6_13 0 5.0 2.0,-1.609355486772417 12.160450134126619 0.8988901276868943 flow_5_0 0 5.0 2.0,6.0 47.05500000000018 1.5707963267948966 flow_2_9 0 5.0 2.0,43.7919999999998 6.0 3.141592653589793 flow_1_7 0 5.0 2.0,-6.0 -130.4050000000002 -1.5707963267948966 flow_3_8 0 5.0 2.0,10.0 -275.0 1.5707963267948966 flow_4_13 0 5.0 2.0,-36.2919999999998 -6.0 0.0 flow_0_6 0 5.0 2.0,-51.2919999999998 -6.0 0.0 flow_0_8 0 5.0 2.0,275.0 6.0 3.141592653589793 flow_1_13 0 5.0 2.0,2.0 -202.995 1.5707963267948966 flow_11_12 0 5.0 2.0,-2.0 81.29199999999975 -1.5707963267948966 flow_9_8 0 5.0 2.0,-96.29199999999975 -2.0 0.0 flow_5_10 0 5.0 2.0,10.0 -119.64499999999993 1.5707963267948966 flow_4_11 0 5.0 2.0,10.0 -202.995 1.5707963267948966 flow_4_12 0 5.0 2.0,-202.995 -10.0 0.0 flow_8_12 0 5.0 2.0,6.0 130.4050000000002 1.5707963267948966 flow_2_8 0 5.0 2.0,-21.29199999999986 -6.0 0.0 flow_0_4 0 5.0 2.0,-2.0 21.29199999999986 -1.5707963267948966 flow_9_0 0 5.0 2.0,-10.0 -24.487578828660206 -1.5707963267948966 flow_8_9 0 5.0 2.0,-186.34582882866023 10.0 3.141592653589793 flow_7_7 0 5.0 2.0,2.0 -36.2919999999998 1.5707963267948966 flow_11_2 0 5.0 2.0,-6.0 -213.75500000000023 -1.5707963267948966 flow_3_7 0 5.0 2.0,-14.899950362470927 -0.18857541082854785 0.5752373395209119 flow_5_1 0 5.0 2.0,-121.64251884424482 -2.0 0.0 flow_5_11 0 5.0 2.0,6.0 -202.995 1.5707963267948966 flow_2_12 0 5.0 2.0,32.2919999999998 2.0 3.141592653589793 flow_6_2 0 5.0 2.0,2.0 -121.64251884424482 1.5707963267948966 flow_11_11 0 5.0 2.0,202.995 6.0 3.141592653589793 flow_1_12 0 5.0 2.0,-102.9958288286602 6.0 3.141592653589793 flow_7_8 0 5.0 2.0,-10.0 119.64499999999993 -1.5707963267948966 flow_7_11 0 5.0 2.0,-119.64499999999993 -6.0 0.0 flow_0_11 0 5.0 2.0,-6.0 42.62959999999987 -1.5707963267948966 flow_3_10 0 5.0 2.0,202.995 2.0 3.141592653589793 flow_6_12 0 5.0 2.0,24.487578828660206 -10.0 0.0 flow_4_9 0 5.0 2.0,-24.487578828660206 10.0 3.141592653589793 flow_7_9 0 5.0 2.0,119.64499999999993 6.0 3.141592653589793 flow_1_11 0 5.0 2.0,102.9958288286602 -10.0 0.0 flow_4_8 0 5.0 2.0,6.0 -119.64499999999993 1.5707963267948966 flow_2_11 0 5.0 2.0,-73.79199999999975 -2.0 0.0 flow_5_7 0 5.0 2.0,-2.0 202.995 -1.5707963267948966 flow_9_12 0 5.0 2.0,36.2919999999998 6.0 3.141592653589793 flow_1_6 0 5.0 2.0,44.96334999999985 10.0 3.141592653589793 flow_10_10 0 5.0 2.0,269.6958288286603 -10.0 0.0 flow_4_6 0 5.0 2.0,-51.2919999999998 -2.0 0.0 flow_5_4 0 5.0 2.0,-44.96334999999985 -10.0 0.0 flow_8_10 0 5.0 2.0,-10.0 -102.9958288286602 -1.5707963267948966 flow_8_8 0 5.0 2.0,2.0 -81.29199999999975 1.5707963267948966 flow_11_8 0 5.0 2.0,-6.0 202.995 -1.5707963267948966 flow_3_12 0 5.0 2.0,-81.29199999999975 -2.0 0.0 flow_5_8 0 5.0 2.0,-58.791999999999777 -2.0 0.0 flow_5_5 0 5.0 2.0,121.64251884424482 2.0 3.141592653589793 flow_6_11 0 5.0 2.0,2.0 -88.79199999999975 1.5707963267948966 flow_11_9 0 5.0 2.0,-10.0 44.96334999999985 -1.5707963267948966 flow_7_10 0 5.0 2.0,-10.0 -269.6958288286603 -1.5707963267948966 flow_8_6 0 5.0 2.0,-6.0 -47.05500000000018 -1.5707963267948966 flow_3_9 0 5.0 2.0,6.0 213.75500000000023 1.5707963267948966 flow_2_7 0 5.0 2.0,-2.0 88.79199999999975 -1.5707963267948966 flow_9_9 0 5.0 2.0,88.79199999999975 2.0 3.141592653589793 flow_6_9 0 5.0 2.0,51.2919999999998 6.0 3.141592653589793 flow_1_8 0 5.0 2.0,2.0 295.06340523500736 1.5707963267948966 flow_2_6 0 5.0 2.0,-2.0 28.791999999999804 -1.5707963267948966 flow_9_1 0 5.0 2.0,-202.995 -6.0 0.0 flow_0_12 0 5.0 2.0,10.0 102.9958288286602 1.5707963267948966 flow_10_8 0 5.0 2.0,2.0 -43.7919999999998 1.5707963267948966 flow_11_3 0 5.0 2.0,10.0 269.6958288286603 1.5707963267948966 flow_10_6 0 5.0 2.0,1.609355486772417 -12.160450134126619 -2.242702525902899 flow_6_0 0 5.0 2.0,-66.30809054686017 -6.0 0.0 flow_0_10 0 5.0 2.0,-2.0 275.0 -1.5707963267948966 flow_9_13 0 5.0 2.0,;road_0_1_0 g r g,road_1_0_1 r r g,road_1_2_3 r r g,road_2_1_2 g r g,
2.0 -73.79199999999975 1.5707963267948966 flow_11_7 0 5.0 2.0,-6.0 264.0 -1.5707963267948966 flow_3_13 0 5.0 2.0,102.97499999999991 10.0 3.141592653589793 flow_10_11 0 5.0 2.0,-2.0 51.2919999999998 -1.5707963267948966 flow_9_4 0 5.0 2.0,66.29199999999975 6.0 3.141592653589793 flow_1_10 0 5.0 2.0,-10.0 186.325 -1.5707963267948966 flow_7_12 0 5.0 2.0,299.0 10.0 3.141592653589793 flow_10_14 0 5.0 2.0,-2.0 36.2919999999998 -1.5707963267948966 flow_9_2 0 5.0 2.0,-43.7919999999998 -6.0 0.0 flow_0_7 0 5.0 2.0,6.0 -264.0 1.5707963267948966 flow_2_13 0 5.0 2.0,-102.97499999999991 -10.0 0.0 flow_8_11 0 5.0 2.0,58.791999999999777 6.0 3.141592653589793 flow_1_9 0 5.0 2.0,-2.0 66.29199999999975 -1.5707963267948966 flow_9_6 0 5.0 2.0,-264.0 -2.0 0.0 flow_5_13 0 5.0 2.0,2.0 -28.791999999999804 1.5707963267948966 flow_11_1 0 5.0 2.0,-2.0 96.29199999999975 -1.5707963267948966 flow_9_10 0 5.0 2.0,2.0 -58.791999999999777 1.5707963267948966 flow_11_5 0 5.0 2.0,28.791999999999804 6.0 3.141592653589793 flow_1_5 0 5.0 2.0,-40.5419999999998 -2.0 0.0 flow_5_3 0 5.0 2.0,66.29199999999975 2.0 3.141592653589793 flow_6_6 0 5.0 2.0,2.0 -66.29199999999975 1.5707963267948966 flow_11_6 0 5.0 2.0,-27.291999999999804 -2.0 0.0 flow_5_2 0 5.0 2.0,-28.791999999999804 -6.0 0.0 flow_0_5 0 5.0 2.0,-264.0 -6.0 0.0 flow_0_13 0 5.0 2.0,186.325 10.0 3.141592653589793 flow_10_12 0 5.0 2.0,58.791999999999777 2.0 3.141592653589793 flow_6_5 0 5.0 2.0,-58.791999999999777 -6.0 0.0 flow_0_9 0 5.0 2.0,-66.29199999999975 -2.0 0.0 flow_5_6 0 5.0 2.0,73.79199999999975 2.0 3.141592653589793 flow_6_7 0 5.0 2.0,-286.3658288286603 6.0 3.141592653589793 flow_7_6 0 5.0 2.0,-10.0 -203.01582882866024 -1.5707963267948966 flow_8_7 0 5.0 2.0,6.0 -33.29439999999988 1.5707963267948966 flow_2_10 0 5.0 2.0,21.29199999999986 6.0 3.141592653589793 flow_1_4 0 5.0 2.0,-2.0 111.21755653273454 -1.5707963267948966 flow_9_11 0 5.0 2.0,-186.325 -2.0 0.0 flow_5_12 0 5.0 2.0,81.29199999999975 2.0 3.141592653589793 flow_6_8 0 5.0 2.0,-2.0 58.791999999999777 -1.5707963267948966 flow_9_5 0 5.0 2.0,8.15734799022436 -4.957905694770378 -2.3922019751700609 flow_6_1 0 5.0 2.0,-299.0 -6.0 0.0 flow_0_14 0 5.0 2.0,40.5419999999998 2.0 3.141592653589793 flow_6_3 0 5.0 2.0,6.0 -299.0 1.5707963267948966 flow_2_14 0 5.0 2.0,2.0 -96.29199999999975 1.5707963267948966 flow_11_10 0 5.0 2.0,2.0 -21.29199999999986 1.5707963267948966 flow_11_0 0 5.0 2.0,-2.0 43.7919999999998 -1.5707963267948966 flow_9_3 0 5.0 2.0,-2.0 73.79199999999975 -1.5707963267948966 flow_9_7 0 5.0 2.0,2.0 -264.0 1.5707963267948966 flow_11_13 0 5.0 2.0,10.0 203.01582882866024 1.5707963267948966 flow_10_7 0 5.0 2.0,264.0 10.0 3.141592653589793 flow_10_13 0 5.0 2.0,-10.0 264.0 -1.5707963267948966 flow_7_13 0 5.0 2.0,10.0 37.820878828660209 1.5707963267948966 flow_10_9 0 5.0 2.0,96.29199999999975 2.0 3.141592653589793 flow_6_10 0 5.0 2.0,10.0 -36.63004999999987 1.5707963267948966 flow_4_10 0 5.0 2.0,51.2919999999998 2.0 3.141592653589793 flow_6_4 0 5.0 2.0,2.0 -51.2919999999998 1.5707963267948966 flow_11_4 0 5.0 2.0,203.01582882866024 -6.0 0.0 flow_4_7 0 5.0 2.0,-264.0 -10.0 0.0 flow_8_13 0 5.0 2.0,-88.79199999999975 -2.0 0.0 flow_5_9 0 5.0 2.0,-6.0 102.97499999999991 -1.5707963267948966 flow_3_11 0 5.0 2.0,2.0 -299.0 1.5707963267948966 flow_11_14 0 5.0 2.0,264.0 2.0 3.141592653589793 flow_6_13 0 5.0 2.0,2.0 22.264370506801329 1.5707963267948966 flow_5_0 0 5.0 2.0,6.0 63.72500000000018 1.5707963267948966 flow_2_9 0 5.0 2.0,43.7919999999998 6.0 3.141592653589793 flow_1_7 0 5.0 2.0,-6.0 -147.0750000000002 -1.5707963267948966 flow_3_8 0 5.0 2.0,10.0 -264.0 1.5707963267948966 flow_4_13 0 5.0 2.0,-36.2919999999998 -6.0 0.0 flow_0_6 0 5.0 2.0,-51.2919999999998 -6.0 0.0 flow_0_8 0 5.0 2.0,264.0 6.0 3.141592653589793 flow_1_13 0 5.0 2.0,10.0 -299.0 1.5707963267948966 flow_4_14 0 5.0 2.0,2.0 -186.325 1.5707963267948966 flow_11_12 0 5.0 2.0,-2.0 81.29199999999975 -1.5707963267948966 flow_9_8 0 5.0 2.0,-96.29199999999975 -2.0 0.0 flow_5_10 0 5.0 2.0,10.0 -102.97499999999991 1.5707963267948966 flow_4_11 0 5.0 2.0,10.0 -186.325 1.5707963267948966 flow_4_12 0 5.0 2.0,-186.325 -10.0 0.0 flow_8_12 0 5.0 2.0,6.0 147.0750000000002 1.5707963267948966 flow_2_8 0 5.0 2.0,-21.29199999999986 -6.0 0.0 flow_0_4 0 5.0 2.0,-2.0 21.29199999999986 -1.5707963267948966 flow_9_0 0 5.0 2.0,-10.0 -37.820878828660209 -1.5707963267948966 flow_8_9 0 5.0 2.0,-2.0 299.0 -1.5707963267948966 flow_9_14 0 5.0 2.0,-203.01582882866024 10.0 3.141592653589793 flow_7_7 0 5.0 2.0,2.0 -36.2919999999998 1.5707963267948966 flow_11_2 0 5.0 2.0,-299.0 -10.0 0.0 flow_8_14 0 5.0 2.0,-6.0 -230.42500000000025 -1.5707963267948966 flow_3_7 0 5.0 2.0,-8.15734799022436 4.957905694770378 0.7493906784197324 flow_5_1 0 5.0 2.0,-111.21755653273454 -2.0 0.0 flow_5_11 0 5.0 2.0,6.0 -186.325 1.5707963267948966 flow_2_12 0 5.0 2.0,27.291999999999804 2.0 3.141592653589793 flow_6_2 0 5.0 2.0,2.0 -111.21755653273454 1.5707963267948966 flow_11_11 0 5.0 2.0,186.325 6.0 3.141592653589793 flow_1_12 0 5.0 2.0,-10.0 299.0 -1.5707963267948966 flow_7_14 0 5.0 2.0,-119.66582882866021 6.0 3.141592653589793 flow_7_8 0 5.0 2.0,-10.0 102.97499999999991 -1.5707963267948966 flow_7_11 0 5.0 2.0,-103.1785900587754 -6.0 0.0 flow_0_11 0 5.0 2.0,-6.0 33.29439999999988 -1.5707963267948966 flow_3_10 0 5.0 2.0,186.325 2.0 3.141592653589793 flow_6_12 0 5.0 2.0,37.820878828660209 -7.1333400000000009 0.0 flow_4_9 -1 5.0 2.0,-37.820878828660209 10.0 3.141592653589793 flow_7_9 0 5.0 2.0,103.1785900587754 6.0 3.141592653589793 flow_1_11 0 5.0 2.0,119.66582882866021 -10.0 0.0 flow_4_8 0 5.0 2.0,6.0 -102.97499999999991 1.5707963267948966 flow_2_11 0 5.0 2.0,-73.79199999999975 -2.0 0.0 flow_5_7 0 5.0 2.0,-2.0 186.325 -1.5707963267948966 flow_9_12 0 5.0 2.0,36.2919999999998 6.0 3.141592653589793 flow_1_6 0 5.0 2.0,36.63004999999987 10.0 3.141592653589793 flow_10_10 0 5.0 2.0,286.3658288286603 -10.0 0.0 flow_4_6 0 5.0 2.0,-51.2919999999998 -2.0 0.0 flow_5_4 0 5.0 2.0,-36.63004999999987 -10.0 0.0 flow_8_10 0 5.0 2.0,-10.0 -119.66582882866021 -1.5707963267948966 flow_8_8 0 5.0 2.0,2.0 -81.29199999999975 1.5707963267948966 flow_11_8 0 5.0 2.0,299.0 6.0 3.141592653589793 flow_1_14 0 5.0 2.0,-6.0 186.325 -1.5707963267948966 flow_3_12 0 5.0 2.0,-81.29199999999975 -2.0 0.0 flow_5_8 0 5.0 2.0,-299.0 -2.0 0.0 flow_5_14 0 5.0 2.0,-58.791999999999777 -2.0 0.0 flow_5_5 0 5.0 2.0,111.21755653273454 2.0 3.141592653589793 flow_6_11 0 5.0 2.0,2.0 -88.79199999999975 1.5707963267948966 flow_11_9 0 5.0 2.0,-10.0 36.63004999999987 -1.5707963267948966 flow_7_10 0 5.0 2.0,-10.0 -286.3658288286603 -1.5707963267948966 flow_8_6 0 5.0 2.0,-6.0 -63.72500000000018 -1.5707963267948966 flow_3_9 0 5.0 2.0,299.0 2.0 3.141592653589793 flow_6_14 0 5.0 2.0,6.0 230.42500000000025 1.5707963267948966 flow_2_7 0 5.0 2.0,-2.0 88.79199999999975 -1.5707963267948966 flow_9_9 0 5.0 2.0,88.79199999999975 2.0 3.141592653589793 flow_6_9 0 5.0 2.0,51.2919999999998 6.0 3.141592653589793 flow_1_8 0 5.0 2.0,-2.0 28.791999999999804 -1.5707963267948966 flow_9_1 0 5.0 2.0,-186.325 -6.0 0.0 flow_0_12 0 5.0 2.0,10.0 119.66582882866021 1.5707963267948966 flow_10_8 0 5.0 2.0,2.0 -43.7919999999998 1.5707963267948966 flow_11_3 0 5.0 2.0,10.0 286.3658288286603 1.5707963267948966 flow_10_6 0 5.0 2.0,-2.0 -22.264370506801329 -1.5707963267948966 flow_6_0 0 5.0 2.0,-6.0 299.0 -1.5707963267948966 flow_3_14 0 5.0 2.0,-66.29199999999975 -6.0 0.0 flow_0_10 0 5.0 2.0,-2.0 264.0 -1.5707963267948966 flow_9_13 0 5.0 2.0,;road_0_1_0 g r g,road_1_0_1 r r g,road_1_2_3 r r g,road_2_1_2 g r g,
2.0 -73.79199999999975 1.5707963267948966 flow_11_7 0 5.0 2.0,-6.0 251.0 -1.5707963267948966 flow_3_13 0 5.0 2.0,86.3049999999999 10.0 3.141592653589793 flow_10_11 0 5.0 2.0,-2.0 51.2919999999998 -1.5707963267948966 flow_9_4 0 5.0 2.0,66.29199999999975 6.0 3.141592653589793 flow_1_10 0 5.0 2.0,-10.0 169.65499999999998 -1.5707963267948966 flow_7_12 0 5.0 2.0,296.0 10.0 3.141592653589793 flow_10_14 0 5.0 2.0,-2.0 36.2919999999998 -1.5707963267948966 flow_9_2 0 5.0 2.0,-43.7919999999998 -6.0 0.0 flow_0_7 0 5.0 2.0,6.0 -251.0 1.5707963267948966 flow_2_13 0 5.0 2.0,-86.3049999999999 -10.0 0.0 flow_8_11 0 5.0 2.0,58.791999999999777 6.0 3.141592653589793 flow_1_9 0 5.0 2.0,-2.0 66.29199999999975 -1.5707963267948966 flow_9_6 0 5.0 2.0,-251.0 -2.0 0.0 flow_5_13 0 5.0 2.0,2.0 -28.791999999999804 1.5707963267948966 flow_11_1 0 5.0 2.0,-2.0 96.29199999999975 -1.5707963267948966 flow_9_10 0 5.0 2.0,2.0 -58.791999999999777 1.5707963267948966 flow_11_5 0 5.0 2.0,28.791999999999804 6.0 3.141592653589793 flow_1_5 0 5.0 2.0,-36.0419999999998 -2.0 0.0 flow_5_3 0 5.0 2.0,66.29199999999975 2.0 3.141592653589793 flow_6_6 0 5.0 2.0,2.0 -66.29199999999975 1.5707963267948966 flow_11_6 0 5.0 2.0,-20.291999999999804 -2.0 0.0 flow_5_2 0 5.0 2.0,-28.791999999999804 -6.0 0.0 flow_0_5 0 5.0 2.0,-251.0 -6.0 0.0 flow_0_13 0 5.0 2.0,169.65499999999998 10.0 3.141592653589793 flow_10_12 0 5.0 2.0,58.791999999999777 2.0 3.141592653589793 flow_6_5 0 5.0 2.0,-58.791999999999777 -6.0 0.0 flow_0_9 0 5.0 2.0,-66.29199999999975 -2.0 0.0 flow_5_6 0 5.0 2.0,73.79199999999975 2.0 3.141592653589793 flow_6_7 0 5.0 2.0,-10.0 -219.68582882866026 -1.5707963267948966 flow_8_7 0 5.0 2.0,6.0 -26.626399999999877 1.5707963267948966 flow_2_10 0 5.0 2.0,21.29199999999986 6.0 3.141592653589793 flow_1_4 0 5.0 2.0,-2.0 105.2925942212243 -1.5707963267948966 flow_9_11 0 5.0 2.0,-169.65499999999998 -2.0 0.0 flow_5_12 0 5.0 2.0,81.29199999999975 2.0 3.141592653589793 flow_6_8 0 5.0 2.0,-2.0 58.791999999999777 -1.5707963267948966 flow_9_5 0 5.0 2.0,1.1865408436210006 -12.779109458102969 -2.1460336663158086 flow_6_1 0 5.0 2.0,-296.0 -6.0 0.0 flow_0_14 0 5.0 2.0,36.0419999999998 2.0 3.141592653589793 flow_6_3 0 5.0 2.0,6.0 -296.0 1.5707963267948966 flow_2_14 0 5.0 2.0,2.0 -96.29199999999975 1.5707963267948966 flow_11_10 0 5.0 2.0,2.0 -21.29199999999986 1.5707963267948966 flow_11_0 0 5.0 2.0,-2.0 43.7919999999998 -1.5707963267948966 flow_9_3 0 5.0 2.0,-2.0 73.79199999999975 -1.5707963267948966 flow_9_7 0 5.0 2.0,2.0 -251.0 1.5707963267948966 flow_11_13 0 5.0 2.0,10.0 219.68582882866026 1.5707963267948966 flow_10_7 0 5.0 2.0,251.0 10.0 3.141592653589793 flow_10_13 0 5.0 2.0,-10.0 251.0 -1.5707963267948966 flow_7_13 0 5.0 2.0,10.0 53.15417882866021 1.5707963267948966 flow_10_9 0 5.0 2.0,96.29199999999975 2.0 3.141592653589793 flow_6_10 0 5.0 2.0,10.0 -28.29674999999986 1.5707963267948966 flow_4_10 0 5.0 2.0,53.15417882866021 -6.0 0.0 flow_4_9 0 5.0 2.0,50.2919999999998 2.0 3.141592653589793 flow_6_4 0 5.0 2.0,2.0 -51.2919999999998 1.5707963267948966 flow_11_4 0 5.0 2.0,219.68582882866026 -6.0 0.0 flow_4_7 0 5.0 2.0,-251.0 -10.0 0.0 flow_8_13 0 5.0 2.0,-88.79199999999975 -2.0 0.0 flow_5_9 0 5.0 2.0,-6.0 86.3049999999999 -1.5707963267948966 flow_3_11 0 5.0 2.0,2.0 -296.0 1.5707963267948966 flow_11_14 0 5.0 2.0,251.0 2.0 3.141592653589793 flow_6_13 0 5.0 2.0,2.0 35.26437050680133 1.5707963267948966 flow_5_0 0 5.0 2.0,6.0 80.39500000000018 1.5707963267948966 flow_2_9 0 5.0 2.0,43.7919999999998 6.0 3.141592653589793 flow_1_7 0 5.0 2.0,-6.0 -163.74500000000018 -1.5707963267948966 flow_3_8 0 5.0 2.0,10.0 -251.0 1.5707963267948966 flow_4_13 0 5.0 2.0,-36.2919999999998 -6.0 0.0 flow_0_6 0 5.0 2.0,-51.2919999999998 -6.0 0.0 flow_0_8 0 5.0 2.0,251.0 6.0 3.141592653589793 flow_1_13 0 5.0 2.0,10.0 -296.0 1.5707963267948966 flow_4_14 0 5.0 2.0,2.0 -169.65499999999998 1.5707963267948966 flow_11_12 0 5.0 2.0,-2.0 81.29199999999975 -1.5707963267948966 flow_9_8 0 5.0 2.0,-96.29199999999975 -2.0 0.0 flow_5_10 0 5.0 2.0,10.0 -86.3049999999999 1.5707963267948966 flow_4_11 0 5.0 2.0,10.0 -169.65499999999998 1.5707963267948966 flow_4_12 0 5.0 2.0,-169.65499999999998 -10.0 0.0 flow_8_12 0 5.0 2.0,6.0 163.74500000000018 1.5707963267948966 flow_2_8 0 5.0 2.0,-21.29199999999986 -6.0 0.0 flow_0_4 0 5.0 2.0,-2.0 21.29199999999986 -1.5707963267948966 flow_9_0 0 5.0 2.0,-10.0 -53.15417882866021 -1.5707963267948966 flow_8_9 0 5.0 2.0,-2.0 296.0 -1.5707963267948966 flow_9_14 0 5.0 2.0,-219.68582882866026 10.0 3.141592653589793 flow_7_7 0 5.0 2.0,2.0 -36.2919999999998 1.5707963267948966 flow_11_2 0 5.0 2.0,-296.0 -10.0 0.0 flow_8_14 0 5.0 2.0,-6.0 -247.09500000000026 -1.5707963267948966 flow_3_7 0 5.0 2.0,-1.1865408436210006 12.779109458102969 0.9955589872739847 flow_5_1 0 5.0 2.0,-105.2925942212243 -2.0 0.0 flow_5_11 0 5.0 2.0,6.0 -169.65499999999998 1.5707963267948966 flow_2_12 0 5.0 2.0,20.291999999999804 2.0 3.141592653589793 flow_6_2 0 5.0 2.0,2.0 -105.2925942212243 1.5707963267948966 flow_11_11 0 5.0 2.0,169.65499999999998 6.0 3.141592653589793 flow_1_12 0 5.0 2.0,-10.0 296.0 -1.5707963267948966 flow_7_14 0 5.0 2.0,-136.33582882866024 6.0 3.141592653589793 flow_7_8 0 5.0 2.0,-10.0 86.3049999999999 -1.5707963267948966 flow_7_11 0 5.0 2.0,-89.16577017632634 -6.0 0.0 flow_0_11 0 5.0 2.0,-6.0 26.626399999999877 -1.5707963267948966 flow_3_10 0 5.0 2.0,169.65499999999998 2.0 3.141592653589793 flow_6_12 0 5.0 2.0,-53.15417882866021 10.0 3.141592653589793 flow_7_9 0 5.0 2.0,89.16577017632634 6.0 3.141592653589793 flow_1_11 0 5.0 2.0,136.33582882866024 -10.0 0.0 flow_4_8 0 5.0 2.0,6.0 -86.3049999999999 1.5707963267948966 flow_2_11 0 5.0 2.0,-73.79199999999975 -2.0 0.0 flow_5_7 0 5.0 2.0,-2.0 169.65499999999998 -1.5707963267948966 flow_9_12 0 5.0 2.0,36.2919999999998 6.0 3.141592653589793 flow_1_6 0 5.0 2.0,28.29674999999986 10.0 3.141592653589793 flow_10_10 0 5.0 2.0,-50.2919999999998 -2.0 0.0 flow_5_4 0 5.0 2.0,-28.29674999999986 -10.0 0.0 flow_8_10 0 5.0 2.0,-10.0 -136.33582882866024 -1.5707963267948966 flow_8_8 0 5.0 2.0,2.0 -81.29199999999975 1.5707963267948966 flow_11_8 0 5.0 2.0,296.0 6.0 3.141592653589793 flow_1_14 0 5.0 2.0,-6.0 169.65499999999998 -1.5707963267948966 flow_3_12 0 5.0 2.0,-81.29199999999975 -2.0 0.0 flow_5_8 0 5.0 2.0,-296.0 -2.0 0.0 flow_5_14 0 5.0 2.0,-58.791999999999777 -2.0 0.0 flow_5_5 0 5.0 2.0,105.2925942212243 2.0 3.141592653589793 flow_6_11 0 5.0 2.0,2.0 -88.79199999999975 1.5707963267948966 flow_11_9 0 5.0 2.0,-10.0 28.29674999999986 -1.5707963267948966 flow_7_10 0 5.0 2.0,-6.0 -80.39500000000018 -1.5707963267948966 flow_3_9 0 5.0 2.0,296.0 2.0 3.141592653589793 flow_6_14 0 5.0 2.0,6.0 247.09500000000026 1.5707963267948966 flow_2_7 0 5.0 2.0,-2.0 88.79199999999975 -1.5707963267948966 flow_9_9 0 5.0 2.0,88.79199999999975 2.0 3.141592653589793 flow_6_9 0 5.0 2.0,51.2919999999998 6.0 3.141592653589793 flow_1_8 0 5.0 2.0,-2.0 28.791999999999804 -1.5707963267948966 flow_9_1 0 5.0 2.0,-169.65499999999998 -6.0 0.0 flow_0_12 0 5.0 2.0,10.0 136.33582882866024 1.5707963267948966 flow_10_8 0 5.0 2.0,2.0 -43.7919999999998 1.5707963267948966 flow_11_3 0 5.0 2.0,-2.0 -35.26437050680133 -1.5707963267948966 flow_6_0 0 5.0 2.0,-6.0 296.0 -1.5707963267948966 flow_3_14 0 5.0 2.0,-66.29199999999975 -6.0 0.0 flow_0_10 0 5.0 2.0,-2.0 251.0 -1.5707963267948966 flow_9_13 0 5.0 2.0,;road_0_1_0 g r g,road_1_0_1 r r g,road_1_2_3 r r g,road_2_1_2 g r g,
2.0 -73.79199999999975 1.5707963267948966 flow_11_7 0 5.0 2.0,-6.0 236.0 -1.5707963267948966 flow_3_13 0 5.0 2.0,69.63499999999988 10.0 3.141592653589793 flow_10_11 0 5.0 2.0,-2.0 51.2919999999998 -1.5707963267948966 flow_9_4 0 5.0 2.0,66.29199999999975 6.0 3.141592653589793 flow_1_10 0 5.0 2.0,-10.0 152.98499999999997 -1.5707963267948966 flow_7_12 0 5.0 2.0,291.0 10.0 3.141592653589793 flow_10_14 0 5.0 2.0,-2.0 36.2919999999998 -1.5707963267948966 flow_9_2 0 5.0 2.0,-43.7919999999998 -6.0 0.0 flow_0_7 0 5.0 2.0,6.0 -236.0 1.5707963267948966 flow_2_13 0 5.0 2.0,-69.63499999999988 -10.0 0.0 flow_8_11 0 5.0 2.0,58.791999999999777 6.0 3.141592653589793 flow_1_9 0 5.0 2.0,-2.0 66.29199999999975 -1.5707963267948966 flow_9_6 0 5.0 2.0,-236.0 -2.0 0.0 flow_5_13 0 5.0 2.0,2.0 -28.791999999999804 1.5707963267948966 flow_11_1 0 5.0 2.0,-2.0 96.29199999999975 -1.5707963267948966 flow_9_10 0 5.0 2.0,2.0 -58.791999999999777 1.5707963267948966 flow_11_5 0 5.0 2.0,28.791999999999804 6.0 3.141592653589793 flow_1_5 0 5.0 2.0,-29.541999999999804 -2.0 0.0 flow_5_3 0 5.0 2.0,66.29199999999975 2.0 3.141592653589793 flow_6_6 0 5.0 2.0,2.0 -66.29199999999975 1.5707963267948966 flow_11_6 0 5.0 2.0,-12.872228267388824 1.1261642316930405 0.5752373395209119 flow_5_2 0 5.0 2.0,-28.791999999999804 -6.0 0.0 flow_0_5 0 5.0 2.0,-236.0 -6.0 0.0 flow_0_13 0 5.0 2.0,152.98499999999997 10.0 3.141592653589793 flow_10_12 0 5.0 2.0,58.0419999999998 2.0 3.141592653589793 flow_6_5 0 5.0 2.0,-58.791999999999777 -6.0 0.0 flow_0_9 0 5.0 2.0,-66.29199999999975 -2.0 0.0 flow_5_6 0 5.0 2.0,73.79199999999975 2.0 3.141592653589793 flow_6_7 0 5.0 2.0,-10.0 -236.35582882866027 -1.5707963267948966 flow_8_7 0 5.0 2.0,6.0 -22.62559999999985 1.5707963267948966 flow_2_10 0 5.0 2.0,21.29199999999986 6.0 3.141592653589793 flow_1_4 0 5.0 2.0,-2.0 103.79199999999975 -1.5707963267948966 flow_9_11 0 5.0 2.0,-152.98499999999997 -2.0 0.0 flow_5_12 0 5.0 2.0,81.29199999999975 2.0 3.141592653589793 flow_6_8 0 5.0 2.0,-2.0 58.791999999999777 -1.5707963267948966 flow_9_5 0 5.0 2.0,-2.0 -24.38937050680086 -1.5707963267948966 flow_6_1 0 5.0 2.0,-291.0 -6.0 0.0 flow_0_14 0 5.0 2.0,29.541999999999804 2.0 3.141592653589793 flow_6_3 0 5.0 2.0,6.0 -291.0 1.5707963267948966 flow_2_14 0 5.0 2.0,2.0 -96.29199999999975 1.5707963267948966 flow_11_10 0 5.0 2.0,2.0 -21.29199999999986 1.5707963267948966 flow_11_0 0 5.0 2.0,-2.0 43.7919999999998 -1.5707963267948966 flow_9_3 0 5.0 2.0,-2.0 73.79199999999975 -1.5707963267948966 flow_9_7 0 5.0 2.0,2.0 -236.0 1.5707963267948966 flow_11_13 0 5.0 2.0,10.0 236.35582882866027 1.5707963267948966 flow_10_7 0 5.0 2.0,236.0 10.0 3.141592653589793 flow_10_13 0 5.0 2.0,-10.0 236.0 -1.5707963267948966 flow_7_13 0 5.0 2.0,10.0 69.6558288286602 1.5707963267948966 flow_10_9 0 5.0 2.0,96.29199999999975 2.0 3.141592653589793 flow_6_10 0 5.0 2.0,10.001921025350646 -19.96350051833775 1.518213265183955 flow_4_10 0 5.0 2.0,69.6558288286602 -6.0 0.0 flow_4_9 0 5.0 2.0,47.2919999999998 2.0 3.141592653589793 flow_6_4 0 5.0 2.0,2.0 -51.2919999999998 1.5707963267948966 flow_11_4 0 5.0 2.0,236.35582882866027 -6.0 0.0 flow_4_7 0 5.0 2.0,-236.0 -10.0 0.0 flow_8_13 0 5.0 2.0,-88.79199999999975 -2.0 0.0 flow_5_9 0 5.0 2.0,-6.0 69.63499999999988 -1.5707963267948966 flow_3_11 0 5.0 2.0,2.0 -291.0 1.5707963267948966 flow_11_14 0 5.0 2.0,236.0 2.0 3.141592653589793 flow_6_13 0 5.0 2.0,2.0 50.26437050680133 1.5707963267948966 flow_5_0 0 5.0 2.0,6.0 97.0650000000002 1.5707963267948966 flow_2_9 0 5.0 2.0,43.7919999999998 6.0 3.141592653589793 flow_1_7 0 5.0 2.0,-6.0 -180.4150000000002 -1.5707963267948966 flow_3_8 0 5.0 2.0,10.0 -236.0 1.5707963267948966 flow_4_13 0 5.0 2.0,-36.2919999999998 -6.0 0.0 flow_0_6 0 5.0 2.0,-51.2919999999998 -6.0 0.0 flow_0_8 0 5.0 2.0,236.0 6.0 3.141592653589793 flow_1_13 0 5.0 2.0,10.0 -291.0 1.5707963267948966 flow_4_14 0 5.0 2.0,2.0 -152.98499999999997 1.5707963267948966 flow_11_12 0 5.0 2.0,-2.0 81.29199999999975 -1.5707963267948966 flow_9_8 0 5.0 2.0,-96.29199999999975 -2.0 0.0 flow_5_10 0 5.0 2.0,10.0 -69.63499999999988 1.5707963267948966 flow_4_11 0 5.0 2.0,10.0 -152.98499999999997 1.5707963267948966 flow_4_12 0 5.0 2.0,-152.98499999999997 -10.0 0.0 flow_8_12 0 5.0 2.0,6.0 180.4150000000002 1.5707963267948966 flow_2_8 0 5.0 2.0,-21.29199999999986 -6.0 0.0 flow_0_4 0 5.0 2.0,-2.0 21.29199999999986 -1.5707963267948966 flow_9_0 0 5.0 2.0,-10.0 -69.6558288286602 -1.5707963267948966 flow_8_9 0 5.0 2.0,-2.0 291.0 -1.5707963267948966 flow_9_14 0 5.0 2.0,-236.35582882866027 10.0 3.141592653589793 flow_7_7 0 5.0 2.0,2.0 -36.2919999999998 1.5707963267948966 flow_11_2 0 5.0 2.0,-291.0 -10.0 0.0 flow_8_14 0 5.0 2.0,-6.0 -263.76500000000029 -1.5707963267948966 flow_3_7 0 5.0 2.0,2.0 24.38937050680086 1.5707963267948966 flow_5_1 0 5.0 2.0,-103.79199999999975 -2.0 0.0 flow_5_11 0 5.0 2.0,6.0 -152.98499999999997 1.5707963267948966 flow_2_12 0 5.0 2.0,12.872228267388824 -1.1261642316930405 -2.5663553140688815 flow_6_2 0 5.0 2.0,2.0 -103.79199999999975 1.5707963267948966 flow_11_11 0 5.0 2.0,152.98499999999997 6.0 3.141592653589793 flow_1_12 0 5.0 2.0,-10.0 291.0 -1.5707963267948966 flow_7_14 0 5.0 2.0,-153.0058288286602 6.0 3.141592653589793 flow_7_8 0 5.0 2.0,-10.0 69.63499999999988 -1.5707963267948966 flow_7_11 0 5.0 2.0,-79.65295029387727 -6.0 0.0 flow_0_11 0 5.0 2.0,-6.0 22.62559999999985 -1.5707963267948966 flow_3_10 0 5.0 2.0,152.98499999999997 2.0 3.141592653589793 flow_6_12 0 5.0 2.0,-69.6558288286602 10.0 3.141592653589793 flow_7_9 0 5.0 2.0,79.65295029387727 6.0 3.141592653589793 flow_1_11 0 5.0 2.0,153.0058288286602 -10.0 0.0 flow_4_8 0 5.0 2.0,6.0 -69.63499999999988 1.5707963267948966 flow_2_11 0 5.0 2.0,-73.79199999999975 -2.0 0.0 flow_5_7 0 5.0 2.0,-2.0 152.98499999999997 -1.5707963267948966 flow_9_12 0 5.0 2.0,36.2919999999998 6.0 3.141592653589793 flow_1_6 0 5.0 2.0,19.96350051833775 10.001921025350646 3.0890095919788518 flow_10_10 0 5.0 2.0,-47.2919999999998 -2.0 0.0 flow_5_4 0 5.0 2.0,-19.96350051833775 -10.001921025350646 -0.05258306161094157 flow_8_10 0 5.0 2.0,-10.0 -153.0058288286602 -1.5707963267948966 flow_8_8 0 5.0 2.0,2.0 -81.29199999999975 1.5707963267948966 flow_11_8 0 5.0 2.0,291.0 6.0 3.141592653589793 flow_1_14 0 5.0 2.0,-6.0 152.98499999999997 -1.5707963267948966 flow_3_12 0 5.0 2.0,-81.29199999999975 -2.0 0.0 flow_5_8 0 5.0 2.0,-291.0 -2.0 0.0 flow_5_14 0 5.0 2.0,-58.0419999999998 -2.0 0.0 flow_5_5 0 5.0 2.0,103.79199999999975 2.0 3.141592653589793 flow_6_11 0 5.0 2.0,2.0 -88.79199999999975 1.5707963267948966 flow_11_9 0 5.0 2.0,-10.001921025350646 19.96350051833775 -1.6233793884058383 flow_7_10 0 5.0 2.0,-6.0 -97.0650000000002 -1.5707963267948966 flow_3_9 0 5.0 2.0,291.0 2.0 3.141592653589793 flow_6_14 0 5.0 2.0,6.0 263.76500000000029 1.5707963267948966 flow_2_7 0 5.0 2.0,-2.0 88.79199999999975 -1.5707963267948966 flow_9_9 0 5.0 2.0,88.79199999999975 2.0 3.141592653589793 flow_6_9 0 5.0 2.0,51.2919999999998 6.0 3.141592653589793 flow_1_8 0 5.0 2.0,-2.0 28.791999999999804 -1.5707963267948966 flow_9_1 0 5.0 2.0,-152.98499999999997 -6.0 0.0 flow_0_12 0 5.0 2.0,10.0 153.0058288286602 1.5707963267948966 flow_10_8 0 5.0 2.0,2.0 -43.7919999999998 1.5707963267948966 flow_11_3 0 5.0 2.0,-2.0 -50.26437050680133 -1.5707963267948966 flow_6_0 0 5.0 2.0,-6.0 291.0 -1.5707963267948966 flow_3_14 0 5.0 2.0,-66.29199999999975 -6.0 0.0 flow_0_10 0 5.0 2.0,-2.0 236.0 -1.5707963267948966 flow_9_13 0 5.0 2.0,;road_0_1_0 g r g,road_1_0_1 r r g,road_1_2_3 r r g,road_2_1_2 g r g,
2.0 -73.79199999999975 1.5707963267948966 flow_11_7 0 5.0 2.0,-6.0 219.665 -1.5707963267948966 flow_3_13 0 5.0 2.0,55.21499999999986 10.0 3.141592653589793 flow_10_11 0 5.0 2.0,-2.0 51.2919999999998 -1.5707963267948966 flow_9_4 0 5.0 2.0,66.29199999999975 6.0 3.141592653589793 flow_1_10 0 5.0 2.0,-10.0 136.31499999999995 -1.5707963267948966 flow_7_12 0 5.0 2.0,284.0 10.0 3.141592653589793 flow_10_14 0 5.0 2.0,-2.0 36.2919999999998 -1.5707963267948966 flow_9_2 0 5.0 2.0,-43.7919999999998 -6.0 0.0 flow_0_7 0 5.0 2.0,6.0 -219.665 1.5707963267948966 flow_2_13 0 5.0 2.0,-55.21499999999986 -10.0 0.0 flow_8_11 0 5.0 2.0,58.791999999999777 6.0 3.141592653589793 flow_1_9 0 5.0 2.0,-2.0 66.29199999999975 -1.5707963267948966 flow_9_6 0 5.0 2.0,-219.665 -2.0 0.0 flow_5_13 0 5.0 2.0,2.0 -28.791999999999804 1.5707963267948966 flow_11_1 0 5.0 2.0,-2.0 96.29199999999975 -1.5707963267948966 flow_9_10 0 5.0 2.0,2.0 -58.791999999999777 1.5707963267948966 flow_11_5 0 5.0 2.0,28.791999999999804 6.0 3.141592653589793 flow_1_5 0 5.0 2.0,-21.6253499999998 -2.0 0.0 flow_5_3 0 5.0 2.0,66.29199999999975 2.0 3.141592653589793 flow_6_6 0 5.0 2.0,2.0 -66.29199999999975 1.5707963267948966 flow_11_6 0 5.0 2.0,-5.828251765856871 7.2219536328085349 0.8214056483751642 flow_5_2 0 5.0 2.0,-28.791999999999804 -6.0 0.0 flow_0_5 0 5.0 2.0,-219.665 -6.0 0.0 flow_0_13 0 5.0 2.0,136.31499999999995 10.0 3.141592653589793 flow_10_12 0 5.0 2.0,55.54199999999986 2.0 3.141592653589793 flow_6_5 0 5.0 2.0,-58.791999999999777 -6.0 0.0 flow_0_9 0 5.0 2.0,-66.29199999999975 -2.0 0.0 flow_5_6 0 5.0 2.0,73.79199999999975 2.0 3.141592653589793 flow_6_7 0 5.0 2.0,-10.0 -253.02582882866029 -1.5707963267948966 flow_8_7 0 5.0 2.0,6.0 -21.29199999999986 1.5707963267948966 flow_2_10 0 5.0 2.0,21.29199999999986 6.0 3.141592653589793 flow_1_4 0 5.0 2.0,-2.0 103.79199999999975 -1.5707963267948966 flow_9_11 0 5.0 2.0,-137.03880374533623 -2.0 0.0 flow_5_12 0 5.0 2.0,81.29199999999975 2.0 3.141592653589793 flow_6_8 0 5.0 2.0,-2.0 58.791999999999777 -1.5707963267948966 flow_9_5 0 5.0 2.0,-5.025000000000032 -38.57687050680109 -1.5707963267948966 flow_6_1 1 5.0 2.0,-284.0 -6.0 0.0 flow_0_14 0 5.0 2.0,21.6253499999998 2.0 3.141592653589793 flow_6_3 0 5.0 2.0,6.0 -284.0 1.5707963267948966 flow_2_14 0 5.0 2.0,2.0 -96.29199999999975 1.5707963267948966 flow_11_10 0 5.0 2.0,2.0 -21.29199999999986 1.5707963267948966 flow_11_0 0 5.0 2.0,-2.0 43.7919999999998 -1.5707963267948966 flow_9_3 0 5.0 2.0,-2.0 73.79199999999975 -1.5707963267948966 flow_9_7 0 5.0 2.0,2.0 -219.665 1.5707963267948966 flow_11_13 0 5.0 2.0,10.0 253.02582882866029 1.5707963267948966 flow_10_7 0 5.0 2.0,219.665 10.0 3.141592653589793 flow_10_13 0 5.0 2.0,-10.0 219.665 -1.5707963267948966 flow_7_13 0 5.0 2.0,10.0 86.3258288286602 1.5707963267948966 flow_10_9 0 5.0 2.0,96.29199999999975 2.0 3.141592653589793 flow_6_10 0 5.0 2.0,13.476783965535605 -11.700813119107233 0.6857295109062868 flow_4_10 0 5.0 2.0,86.3258288286602 -6.0 0.0 flow_4_9 0 5.0 2.0,42.2919999999998 2.0 3.141592653589793 flow_6_4 0 5.0 2.0,2.0 -51.2919999999998 1.5707963267948966 flow_11_4 0 5.0 2.0,253.02582882866029 -6.0 0.0 flow_4_7 0 5.0 2.0,-219.665 -10.0 0.0 flow_8_13 0 5.0 2.0,-88.79199999999975 -2.0 0.0 flow_5_9 0 5.0 2.0,-6.0 54.63199999999986 -1.5707963267948966 flow_3_11 0 5.0 2.0,2.0 -284.0 1.5707963267948966 flow_11_14 0 5.0 2.0,219.665 2.0 3.141592653589793 flow_6_13 0 5.0 2.0,2.0 66.59937050680134 1.5707963267948966 flow_5_0 0 5.0 2.0,6.0 113.73500000000019 1.5707963267948966 flow_2_9 0 5.0 2.0,43.7919999999998 6.0 3.141592653589793 flow_1_7 0 5.0 2.0,-6.0 -197.0850000000002 -1.5707963267948966 flow_3_8 0 5.0 2.0,10.0 -219.665 1.5707963267948966 flow_4_13 0 5.0 2.0,-36.2919999999998 -6.0 0.0 flow_0_6 0 5.0 2.0,-51.2919999999998 -6.0 0.0 flow_0_8 0 5.0 2.0,219.665 6.0 3.141592653589793 flow_1_13 0 5.0 2.0,10.0 -284.0 1.5707963267948966 flow_4_14 0 5.0 2.0,2.0 -137.03880374533623 1.5707963267948966 flow_11_12 0 5.0 2.0,-2.0 81.29199999999975 -1.5707963267948966 flow_9_8 0 5.0 2.0,-96.29199999999975 -2.0 0.0 flow_5_10 0 5.0 2.0,10.0 -55.21499999999986 1.5707963267948966 flow_4_11 0 5.0 2.0,10.0 -136.31499999999995 1.5707963267948966 flow_4_12 0 5.0 2.0,-136.31499999999995 -10.0 0.0 flow_8_12 0 5.0 2.0,6.0 197.0850000000002 1.5707963267948966 flow_2_8 0 5.0 2.0,-21.29199999999986 -6.0 0.0 flow_0_4 0 5.0 2.0,-2.0 21.29199999999986 -1.5707963267948966 flow_9_0 0 5.0 2.0,-10.0 -86.3258288286602 -1.5707963267948966 flow_8_9 0 5.0 2.0,-2.0 284.0 -1.5707963267948966 flow_9_14 0 5.0 2.0,-253.02582882866029 10.0 3.141592653589793 flow_7_7 0 5.0 2.0,2.0 -36.2919999999998 1.5707963267948966 flow_11_2 0 5.0 2.0,-284.0 -10.0 0.0 flow_8_14 0 5.0 2.0,-6.0 -280.4350000000003 -1.5707963267948966 flow_3_7 0 5.0 2.0,5.025000000000032 38.57687050680109 1.5707963267948966 flow_5_1 1 5.0 2.0,-103.79199999999975 -2.0 0.0 flow_5_11 0 5.0 2.0,6.0 -136.31499999999995 1.5707963267948966 flow_2_12 0 5.0 2.0,5.828251765856871 -7.2219536328085349 -2.320187005214629 flow_6_2 0 5.0 2.0,2.0 -103.79199999999975 1.5707963267948966 flow_11_11 0 5.0 2.0,136.31499999999995 6.0 3.141592653589793 flow_1_12 0 5.0 2.0,-10.0 284.0 -1.5707963267948966 flow_7_14 0 5.0 2.0,-169.6758288286602 6.0 3.141592653589793 flow_7_8 0 5.0 2.0,-10.0 55.21499999999986 -1.5707963267948966 flow_7_11 0 5.0 2.0,-74.64013041142818 -6.0 0.0 flow_0_11 0 5.0 2.0,-6.0 21.29199999999986 -1.5707963267948966 flow_3_10 0 5.0 2.0,137.03880374533623 2.0 3.141592653589793 flow_6_12 0 5.0 2.0,-86.3258288286602 10.0 3.141592653589793 flow_7_9 0 5.0 2.0,74.64013041142818 6.0 3.141592653589793 flow_1_11 0 5.0 2.0,169.6758288286602 -10.0 0.0 flow_4_8 0 5.0 2.0,6.0 -54.63199999999986 1.5707963267948966 flow_2_11 0 5.0 2.0,-73.79199999999975 -2.0 0.0 flow_5_7 0 5.0 2.0,-2.0 137.03880374533623 -1.5707963267948966 flow_9_12 0 5.0 2.0,36.2919999999998 6.0 3.141592653589793 flow_1_6 0 5.0 2.0,11.700813119107233 13.476783965535605 2.2565258377011836 flow_10_10 0 5.0 2.0,-42.2919999999998 -2.0 0.0 flow_5_4 0 5.0 2.0,-11.700813119107233 -13.476783965535605 -0.8850668158886099 flow_8_10 0 5.0 2.0,-10.0 -169.6758288286602 -1.5707963267948966 flow_8_8 0 5.0 2.0,2.0 -81.29199999999975 1.5707963267948966 flow_11_8 0 5.0 2.0,284.0 6.0 3.141592653589793 flow_1_14 0 5.0 2.0,-6.0 136.31499999999995 -1.5707963267948966 flow_3_12 0 5.0 2.0,-81.29199999999975 -2.0 0.0 flow_5_8 0 5.0 2.0,-284.0 -2.0 0.0 flow_5_14 0 5.0 2.0,-55.54199999999986 -2.0 0.0 flow_5_5 0 5.0 2.0,103.79199999999975 2.0 3.141592653589793 flow_6_11 0 5.0 2.0,2.0 -88.79199999999975 1.5707963267948966 flow_11_9 0 5.0 2.0,-13.476783965535605 11.700813119107233 -2.4558631426835069 flow_7_10 0 5.0 2.0,-6.0 -113.73500000000019 -1.5707963267948966 flow_3_9 0 5.0 2.0,284.0 2.0 3.141592653589793 flow_6_14 0 5.0 2.0,6.0 280.4350000000003 1.5707963267948966 flow_2_7 0 5.0 2.0,-2.0 88.79199999999975 -1.5707963267948966 flow_9_9 0 5.0 2.0,88.79199999999975 2.0 3.141592653589793 flow_6_9 0 5.0 2.0,51.2919999999998 6.0 3.141592653589793 flow_1_8 0 5.0 2.0,-2.0 28.791999999999804 -1.5707963267948966 flow_9_1 0 5.0 2.0,-136.31499999999995 -6.0 0.0 flow_0_12 0 5.0 2.0,10.0 169.6758288286602 1.5707963267948966 flow_10_8 0 5.0 2.0,2.0 -43.7919999999998 1.5707963267948966 flow_11_3 0 5.0 2.0,-2.0 -66.59937050680134 -1.5707963267948966 flow_6_0 0 5.0 2.0,-6.0 284.0 -1.5707963267948966 flow_3_14 0 5.0 2.0,-66.29199999999975 -6.0 0.0 flow_0_10 0 5.0 2.0,-2.0 219.665 -1.5707963267948966 flow_9_13 0 5.0 2.0,;road_0_1_0 g r g,road_1_0_1 r r g,road_1_2_3 r r g,road_2_1_2 g r g,
2.0 -73.79199999999975 1.5707963267948966 flow_11_7 0 5.0 2.0,-6.0 202.995 -1.5707963267948966 flow_3_13 0 5.0 2.0,44.96334999999985 10.0 3.141592653589793 flow_10_11 0 5.0 2.0,-2.0 51.2919999999998 -1.5707963267948966 flow_9_4 0 5.0 2.0,66.29199999999975 6.0 3.141592653589793 flow_1_10 0 5.0 2.0,-10.0 119.64499999999993 -1.5707963267948966 flow_7_12 0 5.0 2.0,275.0 10.0 3.141592653589793 flow_10_14 0 5.0 2.0,-2.0 36.2919999999998 -1.5707963267948966 flow_9_2 0 5.0 2.0,-43.7919999999998 -6.0 0.0 flow_0_7 0 5.0 2.0,6.0 -202.995 1.5707963267948966 flow_2_13 0 5.0 2.0,-44.96334999999985 -10.0 0.0 flow_8_11 0 5.0 2.0,58.791999999999777 6.0 3.141592653589793 flow_1_9 0 5.0 2.0,-2.0 66.29199999999975 -1.5707963267948966 flow_9_6 0 5.0 2.0,-202.995 -2.0 0.0 flow_5_13 0 5.0 2.0,2.0 -28.791999999999804 1.5707963267948966 flow_11_1 0 5.0 2.0,-2.0 96.29199999999975 -1.5707963267948966 flow_9_10 0 5.0 2.0,2.0 -58.791999999999777 1.5707963267948966 flow_11_5 0 5.0 2.0,28.791999999999804 6.0 3.141592653589793 flow_1_5 0 5.0 2.0,-13.8511633090092 0.4914398235538099 0.5752373395209119 flow_5_3 0 5.0 2.0,65.29199999999975 2.0 3.141592653589793 flow_6_6 0 5.0 2.0,2.0 -66.29199999999975 1.5707963267948966 flow_11_6 0 5.0 2.0,0.8803338642283898 16.290620506076367 1.136351103767131 flow_5_2 0 5.0 2.0,-28.791999999999804 -6.0 0.0 flow_0_5 0 5.0 2.0,-202.995 -6.0 0.0 flow_0_13 0 5.0 2.0,119.64499999999993 10.0 3.141592653589793 flow_10_12 0 5.0 2.0,51.041999999999919 2.0 3.141592653589793 flow_6_5 0 5.0 2.0,-58.791999999999777 -6.0 0.0 flow_0_9 0 5.0 2.0,-65.29199999999975 -2.0 0.0 flow_5_6 0 5.0 2.0,73.79199999999975 2.0 3.141592653589793 flow_6_7 0 5.0 2.0,-10.0 -269.6958288286603 -1.5707963267948966 flow_8_7 0 5.0 2.0,6.0 -21.29199999999986 1.5707963267948966 flow_2_10 0 5.0 2.0,21.29199999999986 6.0 3.141592653589793 flow_1_4 0 5.0 2.0,-2.0 103.79199999999975 -1.5707963267948966 flow_9_11 0 5.0 2.0,-124.06641123600878 -2.0 0.0 flow_5_12 0 5.0 2.0,81.29199999999975 2.0 3.141592653589793 flow_6_8 0 5.0 2.0,-2.0 58.791999999999777 -1.5707963267948966 flow_9_5 0 5.0 2.0,-275.0 -6.0 0.0 flow_0_14 0 5.0 2.0,6.0 54.17187050680121 1.5707963267948966 flow_5_1 0 5.0 2.0,13.8511633090092 -0.4914398235538099 -2.5663553140688815 flow_6_3 0 5.0 2.0,6.0 -275.0 1.5707963267948966 flow_2_14 0 5.0 2.0,2.0 -96.29199999999975 1.5707963267948966 flow_11_10 0 5.0 2.0,2.0 -21.29199999999986 1.5707963267948966 flow_11_0 0 5.0 2.0,-2.0 43.7919999999998 -1.5707963267948966 flow_9_3 0 5.0 2.0,-2.0 73.79199999999975 -1.5707963267948966 flow_9_7 0 5.0 2.0,2.0 -202.995 1.5707963267948966 flow_11_13 0 5.0 2.0,10.0 269.6958288286603 1.5707963267948966 flow_10_7 0 5.0 2.0,202.995 10.0 3.141592653589793 flow_10_13 0 5.0 2.0,-10.0 202.995 -1.5707963267948966 flow_7_13 0 5.0 2.0,10.0 102.9958288286602 1.5707963267948966 flow_10_9 0 5.0 2.0,96.29199999999975 2.0 3.141592653589793 flow_6_10 0 5.0 2.0,24.487578828660206 -10.0 0.0 flow_4_10 0 5.0 2.0,102.9958288286602 -6.0 0.0 flow_4_9 0 5.0 2.0,35.2919999999998 2.0 3.141592653589793 flow_6_4 0 5.0 2.0,2.0 -51.2919999999998 1.5707963267948966 flow_11_4 0 5.0 2.0,269.6958288286603 -6.0 0.0 flow_4_7 0 5.0 2.0,-202.995 -10.0 0.0 flow_8_13 0 5.0 2.0,-88.79199999999975 -2.0 0.0 flow_5_9 0 5.0 2.0,-6.0 42.62959999999987 -1.5707963267948966 flow_3_11 0 5.0 2.0,2.0 -275.0 1.5707963267948966 flow_11_14 0 5.0 2.0,202.995 2.0 3.141592653589793 flow_6_13 0 5.0 2.0,2.0 83.26937050680133 1.5707963267948966 flow_5_0 0 5.0 2.0,6.0 130.4050000000002 1.5707963267948966 flow_2_9 0 5.0 2.0,43.7919999999998 6.0 3.141592653589793 flow_1_7 0 5.0 2.0,-6.0 -213.75500000000023 -1.5707963267948966 flow_3_8 0 5.0 2.0,10.0 -202.995 1.5707963267948966 flow_4_13 0 5.0 2.0,-36.2919999999998 -6.0 0.0 flow_0_6 0 5.0 2.0,-51.2919999999998 -6.0 0.0 flow_0_8 0 5.0 2.0,202.995 6.0 3.141592653589793 flow_1_13 0 5.0 2.0,10.0 -275.0 1.5707963267948966 flow_4_14 0 5.0 2.0,2.0 -124.06641123600878 1.5707963267948966 flow_11_12 0 5.0 2.0,-2.0 81.29199999999975 -1.5707963267948966 flow_9_8 0 5.0 2.0,-96.29199999999975 -2.0 0.0 flow_5_10 0 5.0 2.0,10.0 -44.96334999999985 1.5707963267948966 flow_4_11 0 5.0 2.0,10.0 -119.64499999999993 1.5707963267948966 flow_4_12 0 5.0 2.0,-119.64499999999993 -10.0 0.0 flow_8_12 0 5.0 2.0,6.0 213.75500000000023 1.5707963267948966 flow_2_8 0 5.0 2.0,-21.29199999999986 -6.0 0.0 flow_0_4 0 5.0 2.0,-2.0 21.29199999999986 -1.5707963267948966 flow_9_0 0 5.0 2.0,-10.0 -102.9958288286602 -1.5707963267948966 flow_8_9 0 5.0 2.0,-2.0 275.0 -1.5707963267948966 flow_9_14 0 5.0 2.0,-269.6958288286603 10.0 3.141592653589793 flow_7_7 0 5.0 2.0,2.0 -36.2919999999998 1.5707963267948966 flow_11_2 0 5.0 2.0,-275.0 -10.0 0.0 flow_8_14 0 5.0 2.0,-6.0 -297.1050000000003 -1.5707963267948966 flow_3_7 0 5.0 2.0,-103.79199999999975 -2.0 0.0 flow_5_11 0 5.0 2.0,6.0 -119.64499999999993 1.5707963267948966 flow_2_12 0 5.0 2.0,-0.8803338642283898 -16.290620506076367 -2.0052415498226625 flow_6_2 0 5.0 2.0,2.0 -103.79199999999975 1.5707963267948966 flow_11_11 0 5.0 2.0,119.64499999999993 6.0 3.141592653589793 flow_1_12 0 5.0 2.0,-10.0 275.0 -1.5707963267948966 flow_7_14 0 5.0 2.0,-186.34582882866023 6.0 3.141592653589793 flow_7_8 0 5.0 2.0,-10.0 44.96334999999985 -1.5707963267948966 flow_7_11 0 5.0 2.0,-73.79199999999975 -6.0 0.0 flow_0_11 0 5.0 2.0,-6.0 21.29199999999986 -1.5707963267948966 flow_3_10 0 5.0 2.0,124.06641123600878 2.0 3.141592653589793 flow_6_12 0 5.0 2.0,-102.9958288286602 10.0 3.141592653589793 flow_7_9 0 5.0 2.0,73.79199999999975 6.0 3.141592653589793 flow_1_11 0 5.0 2.0,186.34582882866023 -10.0 0.0 flow_4_8 0 5.0 2.0,6.0 -42.62959999999987 1.5707963267948966 flow_2_11 0 5.0 2.0,-73.79199999999975 -2.0 0.0 flow_5_7 0 5.0 2.0,-2.0 124.06641123600878 -1.5707963267948966 flow_9_12 0 5.0 2.0,36.2919999999998 6.0 3.141592653589793 flow_1_6 0 5.0 2.0,10.0 24.487578828660206 1.5707963267948966 flow_10_10 0 5.0 2.0,-35.2919999999998 -2.0 0.0 flow_5_4 0 5.0 2.0,-10.0 -24.487578828660206 -1.5707963267948966 flow_8_10 0 5.0 2.0,-10.0 -186.34582882866023 -1.5707963267948966 flow_8_8 0 5.0 2.0,2.0 -81.29199999999975 1.5707963267948966 flow_11_8 0 5.0 2.0,275.0 6.0 3.141592653589793 flow_1_14 0 5.0 2.0,-6.0 119.64499999999993 -1.5707963267948966 flow_3_12 0 5.0 2.0,-81.29199999999975 -2.0 0.0 flow_5_8 0 5.0 2.0,-275.0 -2.0 0.0 flow_5_14 0 5.0 2.0,-51.041999999999919 -2.0 0.0 flow_5_5 0 5.0 2.0,103.79199999999975 2.0 3.141592653589793 flow_6_11 0 5.0 2.0,2.0 -88.79199999999975 1.5707963267948966 flow_11_9 0 5.0 2.0,-24.487578828660206 10.0 3.141592653589793 flow_7_10 0 5.0 2.0,-6.0 -130.4050000000002 -1.5707963267948966 flow_3_9 0 5.0 2.0,-6.0 -54.17187050680121 -1.5707963267948966 flow_6_1 0 5.0 2.0,275.0 2.0 3.141592653589793 flow_6_14 0 5.0 2.0,6.0 297.1050000000003 1.5707963267948966 flow_2_7 0 5.0 2.0,-2.0 88.79199999999975 -1.5707963267948966 flow_9_9 0 5.0 2.0,88.79199999999975 2.0 3.141592653589793 flow_6_9 0 5.0 2.0,51.2919999999998 6.0 3.141592653589793 flow_1_8 0 5.0 2.0,-2.0 28.791999999999804 -1.5707963267948966 flow_9_1 0 5.0 2.0,-119.64499999999993 -6.0 0.0 flow_0_12 0 5.0 2.0,10.0 186.34582882866023 1.5707963267948966 flow_10_8 0 5.0 2.0,2.0 -43.7919999999998 1.5707963267948966 flow_11_3 0 5.0 2.0,-2.0 -83.26937050680133 -1.5707963267948966 flow_6_0 0 5.0 2.0,-6.0 275.0 -1.5707963267948966 flow_3_14 0 5.0 2.0,-66.29199999999975 -6.0 0.0 flow_0_10 0 5.0 2.0,-2.0 202.995 -1.5707963267948966 flow_9_13 0 5.0 2.0,;road_0_1_0 g r g,road_1_0_1 r r g,road_1_2_3 r r g,road_2_1_2 g r g,
2.0 -73.79199999999975 1.5707963267948966 flow_11_7 0 5.0 2.0,-6.0 186.325 -1.5707963267948966 flow_3_13 0 5.0 2.0,36.63004999999987 10.0 3.141592653589793 flow_10_11 0 5.0 2.0,-2.0 51.2919999999998 -1.5707963267948966 flow_9_4 0 5.0 2.0,-299.0 -2.0 0.0 flow_5_15 0 5.0 2.0,66.29199999999975 6.0 3.141592653589793 flow_1_10 0 5.0 2.0,-10.0 102.97499999999991 -1.5707963267948966 flow_7_12 0 5.0 2.0,299.0 10.0 3.141592653589793 flow_10_15 0 5.0 2.0,264.0 10.0 3.141592653589793 flow_10_14 0 5.0 2.0,-2.0 36.2919999999998 -1.5707963267948966 flow_9_2 0 5.0 2.0,-43.7919999999998 -6.0 0.0 flow_0_7 0 5.0 2.0,6.0 -186.325 1.5707963267948966 flow_2_13 0 5.0 2.0,-36.63004999999987 -10.0 0.0 flow_8_11 0 5.0 2.0,58.791999999999777 6.0 3.141592653589793 flow_1_9 0 5.0 2.0,-2.0 66.29199999999975 -1.5707963267948966 flow_9_6 0 5.0 2.0,-186.325 -2.0 0.0 flow_5_13 0 5.0 2.0,2.0 -28.791999999999804 1.5707963267948966 flow_11_1 0 5.0 2.0,-2.0 96.29199999999975 -1.5707963267948966 flow_9_10 0 5.0 2.0,2.0 -58.791999999999777 1.5707963267948966 flow_11_5 0 5.0 2.0,28.791999999999804 6.0 3.141592653589793 flow_1_5 0 5.0 2.0,-6.632192185924682 6.377000594737675 0.7493906784197324 flow_5_3 0 5.0 2.0,62.291999999999749 2.0 3.141592653589793 flow_6_6 0 5.0 2.0,2.0 -66.29199999999975 1.5707963267948966 flow_11_6 0 5.0 2.0,2.0 29.430920506801394 1.5707963267948966 flow_5_2 0 5.0 2.0,-28.791999999999804 -6.0 0.0 flow_0_5 0 5.0 2.0,-186.325 -6.0 0.0 flow_0_13 0 5.0 2.0,-299.0 -10.0 0.0 flow_8_15 0 5.0 2.0,102.97499999999991 10.0 3.141592653589793 flow_10_12 0 5.0 2.0,44.54199999999997 2.0 3.141592653589793 flow_6_5 0 5.0 2.0,-58.791999999999777 -6.0 0.0 flow_0_9 0 5.0 2.0,-62.291999999999749 -2.0 0.0 flow_5_6 0 5.0 2.0,73.04199999999975 2.0 3.141592653589793 flow_6_7 0 5.0 2.0,-10.0 -286.3658288286603 -1.5707963267948966 flow_8_7 0 5.0 2.0,6.0 -21.29199999999986 1.5707963267948966 flow_2_10 0 5.0 2.0,10.0 -299.0 1.5707963267948966 flow_4_15 0 5.0 2.0,21.29199999999986 6.0 3.141592653589793 flow_1_4 0 5.0 2.0,-2.0 103.79199999999975 -1.5707963267948966 flow_9_11 0 5.0 2.0,-115.59401872668133 -2.0 0.0 flow_5_12 0 5.0 2.0,81.29199999999975 2.0 3.141592653589793 flow_6_8 0 5.0 2.0,-2.0 58.791999999999777 -1.5707963267948966 flow_9_5 0 5.0 2.0,-264.0 -6.0 0.0 flow_0_14 0 5.0 2.0,6.0 70.53937050680125 1.5707963267948966 flow_5_1 0 5.0 2.0,6.632192185924682 -6.377000594737675 -2.3922019751700609 flow_6_3 0 5.0 2.0,6.0 -264.0 1.5707963267948966 flow_2_14 0 5.0 2.0,2.0 -96.29199999999975 1.5707963267948966 flow_11_10 0 5.0 2.0,2.0 -21.29199999999986 1.5707963267948966 flow_11_0 0 5.0 2.0,-2.0 43.7919999999998 -1.5707963267948966 flow_9_3 0 5.0 2.0,-2.0 73.79199999999975 -1.5707963267948966 flow_9_7 0 5.0 2.0,2.0 -186.325 1.5707963267948966 flow_11_13 0 5.0 2.0,10.0 286.3658288286603 1.5707963267948966 flow_10_7 0 5.0 2.0,186.325 10.0 3.141592653589793 flow_10_13 0 5.0 2.0,-10.0 186.325 -1.5707963267948966 flow_7_13 0 5.0 2.0,10.0 119.66582882866021 1.5707963267948966 flow_10_9 0 5.0 2.0,96.29199999999975 2.0 3.141592653589793 flow_6_10 0 5.0 2.0,37.820878828660209 -10.0 0.0 flow_4_10 0 5.0 2.0,119.66582882866021 -6.0 0.0 flow_4_9 0 5.0 2.0,27.1253499999998 2.0 3.141592653589793 flow_6_4 0 5.0 2.0,2.0 -51.2919999999998 1.5707963267948966 flow_11_4 0 5.0 2.0,286.3658288286603 -6.0 0.0 flow_4_7 0 5.0 2.0,-186.325 -10.0 0.0 flow_8_13 0 5.0 2.0,-88.79199999999975 -2.0 0.0 flow_5_9 0 5.0 2.0,-6.0 33.90380486671046 -1.5707963267948966 flow_3_11 0 5.0 2.0,2.0 -264.0 1.5707963267948966 flow_11_14 0 5.0 2.0,186.325 2.0 3.141592653589793 flow_6_13 0 5.0 2.0,2.0 99.93937050680134 1.5707963267948966 flow_5_0 0 5.0 2.0,6.0 147.0750000000002 1.5707963267948966 flow_2_9 0 5.0 2.0,43.7919999999998 6.0 3.141592653589793 flow_1_7 0 5.0 2.0,-6.0 -230.42500000000025 -1.5707963267948966 flow_3_8 0 5.0 2.0,10.0 -186.325 1.5707963267948966 flow_4_13 0 5.0 2.0,-36.2919999999998 -6.0 0.0 flow_0_6 0 5.0 2.0,-51.2919999999998 -6.0 0.0 flow_0_8 0 5.0 2.0,186.325 6.0 3.141592653589793 flow_1_13 0 5.0 2.0,10.0 -264.0 1.5707963267948966 flow_4_14 0 5.0 2.0,2.0 -115.59401872668133 1.5707963267948966 flow_11_12 0 5.0 2.0,-2.0 81.29199999999975 -1.5707963267948966 flow_9_8 0 5.0 2.0,-96.29199999999975 -2.0 0.0 flow_5_10 0 5.0 2.0,10.0 -36.63004999999987 1.5707963267948966 flow_4_11 0 5.0 2.0,10.0 -102.97499999999991 1.5707963267948966 flow_4_12 0 5.0 2.0,-102.97499999999991 -10.0 0.0 flow_8_12 0 5.0 2.0,6.0 230.42500000000025 1.5707963267948966 flow_2_8 0 5.0 2.0,-21.29199999999986 -6.0 0.0 flow_0_4 0 5.0 2.0,-2.0 21.29199999999986 -1.5707963267948966 flow_9_0 0 5.0 2.0,-10.0 -119.66582882866021 -1.5707963267948966 flow_8_9 0 5.0 2.0,-2.0 264.0 -1.5707963267948966 flow_9_14 0 5.0 2.0,-286.3658288286603 10.0 3.141592653589793 flow_7_7 0 5.0 2.0,2.0 -36.2919999999998 1.5707963267948966 flow_11_2 0 5.0 2.0,-264.0 -10.0 0.0 flow_8_14 0 5.0 2.0,299.0 2.0 3.141592653589793 flow_6_15 0 5.0 2.0,-103.79199999999975 -2.0 0.0 flow_5_11 0 5.0 2.0,6.0 -102.97499999999991 1.5707963267948966 flow_2_12 0 5.0 2.0,-2.0 -29.430920506801394 -1.5707963267948966 flow_6_2 0 5.0 2.0,2.0 -103.79199999999975 1.5707963267948966 flow_11_11 0 5.0 2.0,104.14005424972521 6.0 3.141592653589793 flow_1_12 0 5.0 2.0,-10.0 264.0 -1.5707963267948966 flow_7_14 0 5.0 2.0,-203.01582882866024 6.0 3.141592653589793 flow_7_8 0 5.0 2.0,-10.0 36.63004999999987 -1.5707963267948966 flow_7_11 0 5.0 2.0,-73.79199999999975 -6.0 0.0 flow_0_11 0 5.0 2.0,-6.0 21.29199999999986 -1.5707963267948966 flow_3_10 0 5.0 2.0,115.59401872668133 2.0 3.141592653589793 flow_6_12 0 5.0 2.0,-119.66582882866021 10.0 3.141592653589793 flow_7_9 0 5.0 2.0,73.79199999999975 6.0 3.141592653589793 flow_1_11 0 5.0 2.0,203.01582882866024 -10.0 0.0 flow_4_8 0 5.0 2.0,6.0 -299.0 1.5707963267948966 flow_2_15 0 5.0 2.0,-10.0 299.0 -1.5707963267948966 flow_7_15 0 5.0 2.0,6.0 -33.90380486671046 1.5707963267948966 flow_2_11 0 5.0 2.0,-73.04199999999975 -2.0 0.0 flow_5_7 0 5.0 2.0,-2.0 115.59401872668133 -1.5707963267948966 flow_9_12 0 5.0 2.0,36.2919999999998 6.0 3.141592653589793 flow_1_6 0 5.0 2.0,299.0 6.0 3.141592653589793 flow_1_15 0 5.0 2.0,10.0 37.820878828660209 1.5707963267948966 flow_10_10 0 5.0 2.0,-27.1253499999998 -2.0 0.0 flow_5_4 0 5.0 2.0,-10.0 -37.820878828660209 -1.5707963267948966 flow_8_10 0 5.0 2.0,-6.0 299.0 -1.5707963267948966 flow_3_15 0 5.0 2.0,-299.0 -6.0 0.0 flow_0_15 0 5.0 2.0,-10.0 -203.01582882866024 -1.5707963267948966 flow_8_8 0 5.0 2.0,2.0 -81.29199999999975 1.5707963267948966 flow_11_8 0 5.0 2.0,264.0 6.0 3.141592653589793 flow_1_14 0 5.0 2.0,-6.0 102.97499999999991 -1.5707963267948966 flow_3_12 0 5.0 2.0,-81.29199999999975 -2.0 0.0 flow_5_8 0 5.0 2.0,-264.0 -2.0 0.0 flow_5_14 0 5.0 2.0,-44.54199999999997 -2.0 0.0 flow_5_5 0 5.0 2.0,103.79199999999975 2.0 3.141592653589793 flow_6_11 0 5.0 2.0,2.0 -88.79199999999975 1.5707963267948966 flow_11_9 0 5.0 2.0,2.0 -299.0 1.5707963267948966 flow_11_15 0 5.0 2.0,-37.820878828660209 7.1333400000000009 3.141592653589793 flow_7_10 -1 5.0 2.0,-6.0 -147.0750000000002 -1.5707963267948966 flow_3_9 0 5.0 2.0,-6.0 -70.53937050680125 -1.5707963267948966 flow_6_1 0 5.0 2.0,264.0 2.0 3.141592653589793 flow_6_14 0 5.0 2.0,-2.0 299.0 -1.5707963267948966 flow_9_15 0 5.0 2.0,-2.0 88.79199999999975 -1.5707963267948966 flow_9_9 0 5.0 2.0,88.79199999999975 2.0 3.141592653589793 flow_6_9 0 5.0 2.0,51.2919999999998 6.0 3.141592653589793 flow_1_8 0 5.0 2.0,-2.0 28.791999999999804 -1.5707963267948966 flow_9_1 0 5.0 2.0,-104.14005424972521 -6.0 0.0 flow_0_12 0 5.0 2.0,10.0 203.01582882866024 1.5707963267948966 flow_10_8 0 5.0 2.0,2.0 -43.7919999999998 1.5707963267948966 flow_11_3 0 5.0 2.0,-2.0 -99.93937050680134 -1.5707963267948966 flow_6_0 0 5.0 2.0,-6.0 264.0 -1.5707963267948966 flow_3_14 0 5.0 2.0,-66.29199999999975 -6.0 0.0 flow_0_10 0 5.0 2.0,-2.0 186.325 -1.5707963267948966 flow_9_13 0 5.0 2.0,;road_0_1_0 g r g,road_1_0_1 r r g,road_1_2_3 r r g,road_2_1_2 g r g,
2.0 -73.79199999999975 1.5707963267948966 flow_11_7 0 5.0 2.0,-6.0 169.65499999999998 -1.5707963267948966 flow_3_13 0 5.0 2.0,28.29674999999986 10.0 3.141592653589793 flow_10_11 0 5.0 2.0,-2.0 51.2919999999998 -1.5707963267948966 flow_9_4 0 5.0 2.0,-296.0 -2.0 0.0 flow_5_15 0 5.0 2.0,66.29199999999975 6.0 3.141592653589793 flow_1_10 0 5.0 2.0,-10.0 86.3049999999999 -1.5707963267948966 flow_7_12 0 5.0 2.0,296.0 10.0 3.141592653589793 flow_10_15 0 5.0 2.0,251.0 10.0 3.141592653589793 flow_10_14 0 5.0 2.0,-2.0 36.2919999999998 -1.5707963267948966 flow_9_2 0 5.0 2.0,-43.7919999999998 -6.0 0.0 flow_0_7 0 5.0 2.0,6.0 -169.65499999999998 1.5707963267948966 flow_2_13 0 5.0 2.0,-28.29674999999986 -10.0 0.0 flow_8_11 0 5.0 2.0,58.791999999999777 6.0 3.141592653589793 flow_1_9 0 5.0 2.0,-2.0 66.29199999999975 -1.5707963267948966 flow_9_6 0 5.0 2.0,-169.65499999999998 -2.0 0.0 flow_5_13 0 5.0 2.0,2.0 -28.791999999999804 1.5707963267948966 flow_11_1 0 5.0 2.0,-2.0 96.29199999999975 -1.5707963267948966 flow_9_10 0 5.0 2.0,2.0 -58.791999999999777 1.5707963267948966 flow_11_5 0 5.0 2.0,28.791999999999804 6.0 3.141592653589793 flow_1_5 0 5.0 2.0,0.38926140374068909 15.232302629183728 1.136351103767131 flow_5_3 0 5.0 2.0,57.291999999999749 2.0 3.141592653589793 flow_6_6 0 5.0 2.0,2.0 -66.29199999999975 1.5707963267948966 flow_11_6 0 5.0 2.0,2.0 44.764220506801397 1.5707963267948966 flow_5_2 0 5.0 2.0,-28.791999999999804 -6.0 0.0 flow_0_5 0 5.0 2.0,-169.65499999999998 -6.0 0.0 flow_0_13 0 5.0 2.0,-296.0 -10.0 0.0 flow_8_15 0 5.0 2.0,86.3049999999999 10.0 3.141592653589793 flow_10_12 0 5.0 2.0,36.625350000000029 2.0 3.141592653589793 flow_6_5 0 5.0 2.0,-58.791999999999777 -6.0 0.0 flow_0_9 0 5.0 2.0,-57.291999999999749 -2.0 0.0 flow_5_6 0 5.0 2.0,70.54199999999975 2.0 3.141592653589793 flow_6_7 0 5.0 2.0,6.0 -21.29199999999986 1.5707963267948966 flow_2_10 0 5.0 2.0,10.0 -296.0 1.5707963267948966 flow_4_15 0 5.0 2.0,21.29199999999986 6.0 3.141592653589793 flow_1_4 0 5.0 2.0,-2.0 103.79199999999975 -1.5707963267948966 flow_9_11 0 5.0 2.0,-111.6216262173539 -2.0 0.0 flow_5_12 0 5.0 2.0,81.29199999999975 2.0 3.141592653589793 flow_6_8 0 5.0 2.0,-2.0 58.791999999999777 -1.5707963267948966 flow_9_5 0 5.0 2.0,-251.0 -6.0 0.0 flow_0_14 0 5.0 2.0,6.0 87.20937050680127 1.5707963267948966 flow_5_1 0 5.0 2.0,-0.38926140374068909 -15.232302629183728 -2.0052415498226625 flow_6_3 0 5.0 2.0,6.0 -251.0 1.5707963267948966 flow_2_14 0 5.0 2.0,2.0 -96.29199999999975 1.5707963267948966 flow_11_10 0 5.0 2.0,2.0 -21.29199999999986 1.5707963267948966 flow_11_0 0 5.0 2.0,-2.0 43.7919999999998 -1.5707963267948966 flow_9_3 0 5.0 2.0,-2.0 73.79199999999975 -1.5707963267948966 flow_9_7 0 5.0 2.0,2.0 -169.65499999999998 1.5707963267948966 flow_11_13 0 5.0 2.0,169.65499999999998 10.0 3.141592653589793 flow_10_13 0 5.0 2.0,-10.0 169.65499999999998 -1.5707963267948966 flow_7_13 0 5.0 2.0,10.0 136.33582882866024 1.5707963267948966 flow_10_9 0 5.0 2.0,96.29199999999975 2.0 3.141592653589793 flow_6_10 0 5.0 2.0,53.15417882866021 -10.0 0.0 flow_4_10 0 5.0 2.0,136.33582882866024 -6.0 0.0 flow_4_9 0 5.0 2.0,18.81437927789124 1.7688145640253046 -2.9490179930310647 flow_6_4 0 5.0 2.0,2.0 -51.2919999999998 1.5707963267948966 flow_11_4 0 5.0 2.0,-169.65499999999998 -10.0 0.0 flow_8_13 0 5.0 2.0,-88.79199999999975 -2.0 0.0 flow_5_9 0 5.0 2.0,-6.0 29.371014600131674 -1.5707963267948966 flow_3_11 0 5.0 2.0,2.0 -251.0 1.5707963267948966 flow_11_14 0 5.0 2.0,169.65499999999998 2.0 3.141592653589793 flow_6_13 0 5.0 2.0,2.0 116.60937050680134 1.5707963267948966 flow_5_0 0 5.0 2.0,6.0 163.74500000000018 1.5707963267948966 flow_2_9 0 5.0 2.0,43.7919999999998 6.0 3.141592653589793 flow_1_7 0 5.0 2.0,-6.0 -247.09500000000026 -1.5707963267948966 flow_3_8 0 5.0 2.0,10.0 -169.65499999999998 1.5707963267948966 flow_4_13 0 5.0 2.0,-36.2919999999998 -6.0 0.0 flow_0_6 0 5.0 2.0,-51.2919999999998 -6.0 0.0 flow_0_8 0 5.0 2.0,169.65499999999998 6.0 3.141592653589793 flow_1_13 0 5.0 2.0,10.0 -251.0 1.5707963267948966 flow_4_14 0 5.0 2.0,2.0 -111.6216262173539 1.5707963267948966 flow_11_12 0 5.0 2.0,-2.0 81.29199999999975 -1.5707963267948966 flow_9_8 0 5.0 2.0,-96.29199999999975 -2.0 0.0 flow_5_10 0 5.0 2.0,10.0 -28.29674999999986 1.5707963267948966 flow_4_11 0 5.0 2.0,10.0 -86.3049999999999 1.5707963267948966 flow_4_12 0 5.0 2.0,-86.3049999999999 -10.0 0.0 flow_8_12 0 5.0 2.0,6.0 247.09500000000026 1.5707963267948966 flow_2_8 0 5.0 2.0,-21.29199999999986 -6.0 0.0 flow_0_4 0 5.0 2.0,-2.0 21.29199999999986 -1.5707963267948966 flow_9_0 0 5.0 2.0,-10.0 -136.33582882866024 -1.5707963267948966 flow_8_9 0 5.0 2.0,-53.15417882866021 6.0 3.141592653589793 flow_7_10 0 5.0 2.0,-2.0 251.0 -1.5707963267948966 flow_9_14 0 5.0 2.0,2.0 -36.2919999999998 1.5707963267948966 flow_11_2 0 5.0 2.0,-251.0 -10.0 0.0 flow_8_14 0 5.0 2.0,296.0 2.0 3.141592653589793 flow_6_15 0 5.0 2.0,-103.79199999999975 -2.0 0.0 flow_5_11 0 5.0 2.0,6.0 -86.3049999999999 1.5707963267948966 flow_2_12 0 5.0 2.0,-2.0 -44.764220506801397 -1.5707963267948966 flow_6_2 0 5.0 2.0,2.0 -103.79199999999975 1.5707963267948966 flow_11_11 0 5.0 2.0,92.0501627491758 6.0 3.141592653589793 flow_1_12 0 5.0 2.0,-10.0 251.0 -1.5707963267948966 flow_7_14 0 5.0 2.0,-219.68582882866026 6.0 3.141592653589793 flow_7_8 0 5.0 2.0,-10.0 28.29674999999986 -1.5707963267948966 flow_7_11 0 5.0 2.0,-73.79199999999975 -6.0 0.0 flow_0_11 0 5.0 2.0,-6.0 21.29199999999986 -1.5707963267948966 flow_3_10 0 5.0 2.0,111.6216262173539 2.0 3.141592653589793 flow_6_12 0 5.0 2.0,-136.33582882866024 10.0 3.141592653589793 flow_7_9 0 5.0 2.0,73.79199999999975 6.0 3.141592653589793 flow_1_11 0 5.0 2.0,219.68582882866026 -10.0 0.0 flow_4_8 0 5.0 2.0,6.0 -296.0 1.5707963267948966 flow_2_15 0 5.0 2.0,-10.0 296.0 -1.5707963267948966 flow_7_15 0 5.0 2.0,6.0 -29.371014600131674 1.5707963267948966 flow_2_11 0 5.0 2.0,-70.54199999999975 -2.0 0.0 flow_5_7 0 5.0 2.0,-2.0 111.6216262173539 -1.5707963267948966 flow_9_12 0 5.0 2.0,36.2919999999998 6.0 3.141592653589793 flow_1_6 0 5.0 2.0,296.0 6.0 3.141592653589793 flow_1_15 0 5.0 2.0,10.0 53.15417882866021 1.5707963267948966 flow_10_10 0 5.0 2.0,-18.81437927789124 -1.7688145640253046 0.1925746605587287 flow_5_4 0 5.0 2.0,-10.0 -53.15417882866021 -1.5707963267948966 flow_8_10 0 5.0 2.0,-6.0 296.0 -1.5707963267948966 flow_3_15 0 5.0 2.0,-296.0 -6.0 0.0 flow_0_15 0 5.0 2.0,-10.0 -219.68582882866026 -1.5707963267948966 flow_8_8 0 5.0 2.0,2.0 -81.29199999999975 1.5707963267948966 flow_11_8 0 5.0 2.0,251.0 6.0 3.141592653589793 flow_1_14 0 5.0 2.0,-6.0 86.3049999999999 -1.5707963267948966 flow_3_12 0 5.0 2.0,-81.29199999999975 -2.0 0.0 flow_5_8 0 5.0 2.0,-251.0 -2.0 0.0 flow_5_14 0 5.0 2.0,-36.625350000000029 -2.0 0.0 flow_5_5 0 5.0 2.0,103.79199999999975 2.0 3.141592653589793 flow_6_11 0 5.0 2.0,2.0 -88.79199999999975 1.5707963267948966 flow_11_9 0 5.0 2.0,2.0 -296.0 1.5707963267948966 flow_11_15 0 5.0 2.0,-6.0 -163.74500000000018 -1.5707963267948966 flow_3_9 0 5.0 2.0,-6.0 -87.20937050680127 -1.5707963267948966 flow_6_1 0 5.0 2.0,251.0 2.0 3.141592653589793 flow_6_14 0 5.0 2.0,-2.0 296.0 -1.5707963267948966 flow_9_15 0 5.0 2.0,-2.0 88.79199999999975 -1.5707963267948966 flow_9_9 0 5.0 2.0,88.79199999999975 2.0 3.141592653589793 flow_6_9 0 5.0 2.0,51.2919999999998 6.0 3.141592653589793 flow_1_8 0 5.0 2.0,-2.0 28.791999999999804 -1.5707963267948966 flow_9_1 0 5.0 2.0,-92.0501627491758 -6.0 0.0 flow_0_12 0 5.0 2.0,10.0 219.68582882866026 1.5707963267948966 flow_10_8 0 5.0 2.0,2.0 -43.7919999999998 1.5707963267948966 flow_11_3 0 5.0 2.0,-2.0 -116.60937050680134 -1.5707963267948966 flow_6_0 0 5.0 2.0,-6.0 251.0 -1.5707963267948966 flow_3_14 0 5.0 2.0,-66.29199999999975 -6.0 0.0 flow_0_10 0 5.0 2.0,-2.0 169.65499999999998 -1.5707963267948966 flow_9_13 0 5.0 2.0,;road_0_1_0 g r g,road_1_0_1 r r g,road_1_2_3 r r g,road_2_1_2 g r g,
2.0 -73.79199999999975 1.5707963267948966 flow_11_7 0 5.0 2.0,-6.0 152.98499999999997 -1.5707963267948966 flow_3_13 0 5.0 2.0,19.96350051833775 10.001921025350646 3.0890095919788518 flow_10_11 0 5.0 2.0,-2.0 51.2919999999998 -1.5707963267948966 flow_9_4 0 5.0 2.0,-291.0 -2.0 0.0 flow_5_15 0 5.0 2.0,66.29199999999975 6.0 3.141592653589793 flow_1_10 0 5.0 2.0,-10.0 69.63499999999988 -1.5707963267948966 flow_7_12 0 5.0 2.0,291.0 10.0 3.141592653589793 flow_10_15 0 5.0 2.0,236.0 10.0 3.141592653589793 flow_10_14 0 5.0 2.0,-2.0 36.2919999999998 -1.5707963267948966 flow_9_2 0 5.0 2.0,-43.7919999999998 -6.0 0.0 flow_0_7 0 5.0 2.0,6.0 -152.98499999999997 1.5707963267948966 flow_2_13 0 5.0 2.0,-19.96350051833775 -10.001921025350646 -0.05258306161094157 flow_8_11 0 5.0 2.0,58.791999999999777 6.0 3.141592653589793 flow_1_9 0 5.0 2.0,-2.0 66.29199999999975 -1.5707963267948966 flow_9_6 0 5.0 2.0,-152.98499999999997 -2.0 0.0 flow_5_13 0 5.0 2.0,2.0 -28.791999999999804 1.5707963267948966 flow_11_1 0 5.0 2.0,-2.0 96.29199999999975 -1.5707963267948966 flow_9_10 0 5.0 2.0,2.0 -58.791999999999777 1.5707963267948966 flow_11_5 0 5.0 2.0,28.791999999999804 6.0 3.141592653589793 flow_1_5 0 5.0 2.0,2.0 28.2642205068014 1.5707963267948966 flow_5_3 0 5.0 2.0,50.291999999999749 2.0 3.141592653589793 flow_6_6 0 5.0 2.0,2.0 -66.29199999999975 1.5707963267948966 flow_11_6 0 5.0 2.0,2.0 61.26587050680139 1.5707963267948966 flow_5_2 0 5.0 2.0,-28.791999999999804 -6.0 0.0 flow_0_5 0 5.0 2.0,-152.98499999999997 -6.0 0.0 flow_0_13 0 5.0 2.0,-291.0 -10.0 0.0 flow_8_15 0 5.0 2.0,69.63499999999988 10.0 3.141592653589793 flow_10_12 0 5.0 2.0,28.292050000000019 2.0 3.141592653589793 flow_6_5 0 5.0 2.0,-58.791999999999777 -6.0 0.0 flow_0_9 0 5.0 2.0,-50.291999999999749 -2.0 0.0 flow_5_6 0 5.0 2.0,66.04199999999975 2.0 3.141592653589793 flow_6_7 0 5.0 2.0,6.0 -21.29199999999986 1.5707963267948966 flow_2_10 0 5.0 2.0,10.0 -291.0 1.5707963267948966 flow_4_15 0 5.0 2.0,21.29199999999986 6.0 3.141592653589793 flow_1_4 0 5.0 2.0,-2.0 103.79199999999975 -1.5707963267948966 flow_9_11 0 5.0 2.0,-111.29199999999975 -2.0 0.0 flow_5_12 0 5.0 2.0,80.29199999999975 2.0 3.141592653589793 flow_6_8 0 5.0 2.0,-2.0 58.791999999999777 -1.5707963267948966 flow_9_5 0 5.0 2.0,-236.0 -6.0 0.0 flow_0_14 0 5.0 2.0,6.0 103.87937050680127 1.5707963267948966 flow_5_1 0 5.0 2.0,-2.0 -28.2642205068014 -1.5707963267948966 flow_6_3 0 5.0 2.0,6.0 -236.0 1.5707963267948966 flow_2_14 0 5.0 2.0,2.0 -96.29199999999975 1.5707963267948966 flow_11_10 0 5.0 2.0,2.0 -21.29199999999986 1.5707963267948966 flow_11_0 0 5.0 2.0,-2.0 43.7919999999998 -1.5707963267948966 flow_9_3 0 5.0 2.0,-2.0 73.79199999999975 -1.5707963267948966 flow_9_7 0 5.0 2.0,2.0 -152.98499999999997 1.5707963267948966 flow_11_13 0 5.0 2.0,152.98499999999997 10.0 3.141592653589793 flow_10_13 0 5.0 2.0,-10.0 152.98499999999997 -1.5707963267948966 flow_7_13 0 5.0 2.0,10.0 153.0058288286602 1.5707963267948966 flow_10_9 0 5.0 2.0,96.29199999999975 2.0 3.141592653589793 flow_6_10 0 5.0 2.0,69.6558288286602 -10.0 0.0 flow_4_10 0 5.0 2.0,153.0058288286602 -6.0 0.0 flow_4_9 0 5.0 2.0,10.747305584932008 -2.7333162946584439 -2.4696864544817909 flow_6_4 0 5.0 2.0,2.0 -51.2919999999998 1.5707963267948966 flow_11_4 0 5.0 2.0,-152.98499999999997 -10.0 0.0 flow_8_13 0 5.0 2.0,-88.79199999999975 -2.0 0.0 flow_5_9 0 5.0 2.0,-6.0 28.791999999999804 -1.5707963267948966 flow_3_11 0 5.0 2.0,2.0 -236.0 1.5707963267948966 flow_11_14 0 5.0 2.0,152.98499999999997 2.0 3.141592653589793 flow_6_13 0 5.0 2.0,2.0 133.27937050680135 1.5707963267948966 flow_5_0 0 5.0 2.0,6.0 180.4150000000002 1.5707963267948966 flow_2_9 0 5.0 2.0,43.7919999999998 6.0 3.141592653589793 flow_1_7 0 5.0 2.0,-6.0 -263.76500000000029 -1.5707963267948966 flow_3_8 0 5.0 2.0,10.0 -152.98499999999997 1.5707963267948966 flow_4_13 0 5.0 2.0,-36.2919999999998 -6.0 0.0 flow_0_6 0 5.0 2.0,-51.2919999999998 -6.0 0.0 flow_0_8 0 5.0 2.0,152.98499999999997 6.0 3.141592653589793 flow_1_13 0 5.0 2.0,10.0 -236.0 1.5707963267948966 flow_4_14 0 5.0 2.0,2.0 -111.29199999999975 1.5707963267948966 flow_11_12 0 5.0 2.0,-2.0 81.29199999999975 -1.5707963267948966 flow_9_8 0 5.0 2.0,-96.29199999999975 -2.0 0.0 flow_5_10 0 5.0 2.0,10.001921025350646 -19.96350051833775 1.518213265183955 flow_4_11 0 5.0 2.0,10.0 -69.63499999999988 1.5707963267948966 flow_4_12 0 5.0 2.0,-69.63499999999988 -10.0 0.0 flow_8_12 0 5.0 2.0,6.0 263.76500000000029 1.5707963267948966 flow_2_8 0 5.0 2.0,-21.29199999999986 -6.0 0.0 flow_0_4 0 5.0 2.0,-2.0 21.29199999999986 -1.5707963267948966 flow_9_0 0 5.0 2.0,-10.0 -153.0058288286602 -1.5707963267948966 flow_8_9 0 5.0 2.0,-69.6558288286602 6.0 3.141592653589793 flow_7_10 0 5.0 2.0,-2.0 236.0 -1.5707963267948966 flow_9_14 0 5.0 2.0,2.0 -36.2919999999998 1.5707963267948966 flow_11_2 0 5.0 2.0,-236.0 -10.0 0.0 flow_8_14 0 5.0 2.0,291.0 2.0 3.141592653589793 flow_6_15 0 5.0 2.0,-103.79199999999975 -2.0 0.0 flow_5_11 0 5.0 2.0,6.0 -69.63499999999988 1.5707963267948966 flow_2_12 0 5.0 2.0,-2.0 -61.26587050680139 -1.5707963267948966 flow_6_2 0 5.0 2.0,2.0 -103.79199999999975 1.5707963267948966 flow_11_11 0 5.0 2.0,84.46027124862639 6.0 3.141592653589793 flow_1_12 0 5.0 2.0,-10.0 236.0 -1.5707963267948966 flow_7_14 0 5.0 2.0,-236.35582882866027 6.0 3.141592653589793 flow_7_8 0 5.0 2.0,-10.001921025350646 19.96350051833775 -1.6233793884058383 flow_7_11 0 5.0 2.0,-73.79199999999975 -6.0 0.0 flow_0_11 0 5.0 2.0,-6.0 21.29199999999986 -1.5707963267948966 flow_3_10 0 5.0 2.0,111.29199999999975 2.0 3.141592653589793 flow_6_12 0 5.0 2.0,-153.0058288286602 10.0 3.141592653589793 flow_7_9 0 5.0 2.0,73.79199999999975 6.0 3.141592653589793 flow_1_11 0 5.0 2.0,236.35582882866027 -10.0 0.0 flow_4_8 0 5.0 2.0,6.0 -291.0 1.5707963267948966 flow_2_15 0 5.0 2.0,-10.0 291.0 -1.5707963267948966 flow_7_15 0 5.0 2.0,6.0 -28.791999999999804 1.5707963267948966 flow_2_11 0 5.0 2.0,-66.04199999999975 -2.0 0.0 flow_5_7 0 5.0 2.0,-2.0 111.29199999999975 -1.5707963267948966 flow_9_12 0 5.0 2.0,36.2919999999998 6.0 3.141592653589793 flow_1_6 0 5.0 2.0,291.0 6.0 3.141592653589793 flow_1_15 0 5.0 2.0,10.0 69.6558288286602 1.5707963267948966 flow_10_10 0 5.0 2.0,-10.747305584932008 2.7333162946584439 0.6719061991080024 flow_5_4 0 5.0 2.0,-10.0 -69.6558288286602 -1.5707963267948966 flow_8_10 0 5.0 2.0,-6.0 291.0 -1.5707963267948966 flow_3_15 0 5.0 2.0,-291.0 -6.0 0.0 flow_0_15 0 5.0 2.0,-10.0 -236.35582882866027 -1.5707963267948966 flow_8_8 0 5.0 2.0,2.0 -81.29199999999975 1.5707963267948966 flow_11_8 0 5.0 2.0,236.0 6.0 3.141592653589793 flow_1_14 0 5.0 2.0,-6.0 69.63499999999988 -1.5707963267948966 flow_3_12 0 5.0 2.0,-80.29199999999975 -2.0 0.0 flow_5_8 0 5.0 2.0,-236.0 -2.0 0.0 flow_5_14 0 5.0 2.0,-28.292050000000019 -2.0 0.0 flow_5_5 0 5.0 2.0,103.79199999999975 2.0 3.141592653589793 flow_6_11 0 5.0 2.0,2.0 -88.79199999999975 1.5707963267948966 flow_11_9 0 5.0 2.0,2.0 -291.0 1.5707963267948966 flow_11_15 0 5.0 2.0,-6.0 -180.4150000000002 -1.5707963267948966 flow_3_9 0 5.0 2.0,-6.0 -103.87937050680127 -1.5707963267948966 flow_6_1 0 5.0 2.0,236.0 2.0 3.141592653589793 flow_6_14 0 5.0 2.0,-2.0 291.0 -1.5707963267948966 flow_9_15 0 5.0 2.0,-2.0 88.79199999999975 -1.5707963267948966 flow_9_9 0 5.0 2.0,88.79199999999975 2.0 3.141592653589793 flow_6_9 0 5.0 2.0,51.2919999999998 6.0 3.141592653589793 flow_1_8 0 5.0 2.0,-2.0 28.791999999999804 -1.5707963267948966 flow_9_1 0 5.0 2.0,-84.46027124862639 -6.0 0.0 flow_0_12 0 5.0 2.0,10.0 236.35582882866027 1.5707963267948966 flow_10_8 0 5.0 2.0,2.0 -43.7919999999998 1.5707963267948966 flow_11_3 0 5.0 2.0,-2.0 -133.27937050680135 -1.5707963267948966 flow_6_0 0 5.0 2.0,-6.0 236.0 -1.5707963267948966 flow_3_14 0 5.0 2.0,-66.29199999999975 -6.0 0.0 flow_0_10 0 5.0 2.0,-2.0 152.98499999999997 -1.5707963267948966 flow_9_13 0 5.0 2.0,;road_0_1_0 g r g,road_1_0_1 r r g,road_1_2_3 r r g,road_2_1_2 g r g,
2.0 -73.79199999999975 1.5707963267948966 flow_11_7 0 5.0 2.0,-6.0 136.31499999999995 -1.5707963267948966 flow_3_13 0 5.0 2.0,11.700813119107233 13.476783965535605 2.2565258377011836 flow_10_11 0 5.0 2.0,-2.0 51.2919999999998 -1.5707963267948966 flow_9_4 0 5.0 2.0,-284.0 -2.0 0.0 flow_5_15 0 5.0 2.0,66.29199999999975 6.0 3.141592653589793 flow_1_10 0 5.0 2.0,-10.0 55.21499999999986 -1.5707963267948966 flow_7_12 0 5.0 2.0,284.0 10.0 3.141592653589793 flow_10_15 0 5.0 2.0,219.665 10.0 3.141592653589793 flow_10_14 0 5.0 2.0,-2.0 36.2919999999998 -1.5707963267948966 flow_9_2 0 5.0 2.0,-43.7919999999998 -6.0 0.0 flow_0_7 0 5.0 2.0,6.0 -136.31499999999995 1.5707963267948966 flow_2_13 0 5.0 2.0,-11.700813119107233 -13.476783965535605 -0.8850668158886099 flow_8_11 0 5.0 2.0,58.791999999999777 6.0 3.141592653589793 flow_1_9 0 5.0 2.0,-2.0 66.29199999999975 -1.5707963267948966 flow_9_6 0 5.0 2.0,-138.0648686781611 -2.0 0.0 flow_5_13 0 5.0 2.0,2.0 -28.791999999999804 1.5707963267948966 flow_11_1 0 5.0 2.0,-2.0 96.29199999999975 -1.5707963267948966 flow_9_10 0 5.0 2.0,2.0 -58.791999999999777 1.5707963267948966 flow_11_5 0 5.0 2.0,28.791999999999804 6.0 3.141592653589793 flow_1_5 0 5.0 2.0,5.266660000000001 43.5975205068014 1.5707963267948966 flow_5_3 1 5.0 2.0,42.12534999999974 2.0 3.141592653589793 flow_6_6 0 5.0 2.0,2.0 -66.29199999999975 1.5707963267948966 flow_11_6 0 5.0 2.0,2.0 77.9358705068014 1.5707963267948966 flow_5_2 0 5.0 2.0,-28.791999999999804 -6.0 0.0 flow_0_5 0 5.0 2.0,-136.31499999999995 -6.0 0.0 flow_0_13 0 5.0 2.0,-284.0 -10.0 0.0 flow_8_15 0 5.0 2.0,55.21499999999986 10.0 3.141592653589793 flow_10_12 0 5.0 2.0,19.95951251725074 1.9921053030059586 -2.9490179930310647 flow_6_5 0 5.0 2.0,-58.791999999999777 -6.0 0.0 flow_0_9 0 5.0 2.0,-42.12534999999974 -2.0 0.0 flow_5_6 0 5.0 2.0,59.54199999999972 2.0 3.141592653589793 flow_6_7 0 5.0 2.0,6.0 -21.29199999999986 1.5707963267948966 flow_2_10 0 5.0 2.0,10.0 -284.0 1.5707963267948966 flow_4_15 0 5.0 2.0,21.29199999999986 6.0 3.141592653589793 flow_1_4 0 5.0 2.0,-2.0 103.79199999999975 -1.5707963267948966 flow_9_11 0 5.0 2.0,-111.29199999999975 -2.0 0.0 flow_5_12 0 5.0 2.0,77.29199999999978 2.0 3.141592653589793 flow_6_8 0 5.0 2.0,-2.0 58.791999999999777 -1.5707963267948966 flow_9_5 0 5.0 2.0,-219.665 -6.0 0.0 flow_0_14 0 5.0 2.0,6.0 120.54937050680127 1.5707963267948966 flow_5_1 0 5.0 2.0,-5.266660000000001 -43.5975205068014 -1.5707963267948966 flow_6_3 1 5.0 2.0,6.0 -219.665 1.5707963267948966 flow_2_14 0 5.0 2.0,2.0 -96.29199999999975 1.5707963267948966 flow_11_10 0 5.0 2.0,2.0 -21.29199999999986 1.5707963267948966 flow_11_0 0 5.0 2.0,-2.0 43.7919999999998 -1.5707963267948966 flow_9_3 0 5.0 2.0,-2.0 73.79199999999975 -1.5707963267948966 flow_9_7 0 5.0 2.0,2.0 -138.0648686781611 1.5707963267948966 flow_11_13 0 5.0 2.0,136.31499999999995 10.0 3.141592653589793 flow_10_13 0 5.0 2.0,-10.0 136.31499999999995 -1.5707963267948966 flow_7_13 0 5.0 2.0,10.0 169.6758288286602 1.5707963267948966 flow_10_9 0 5.0 2.0,96.29199999999975 2.0 3.141592653589793 flow_6_10 0 5.0 2.0,86.3258288286602 -10.0 0.0 flow_4_10 0 5.0 2.0,169.6758288286602 -6.0 0.0 flow_4_9 0 5.0 2.0,2.750639569145247 -10.725525207232476 -2.242702525902899 flow_6_4 0 5.0 2.0,2.0 -51.2919999999998 1.5707963267948966 flow_11_4 0 5.0 2.0,-136.31499999999995 -10.0 0.0 flow_8_13 0 5.0 2.0,-88.04199999999975 -2.0 0.0 flow_5_9 0 5.0 2.0,-6.0 28.791999999999804 -1.5707963267948966 flow_3_11 0 5.0 2.0,2.0 -219.665 1.5707963267948966 flow_11_14 0 5.0 2.0,138.0648686781611 2.0 3.141592653589793 flow_6_13 0 5.0 2.0,2.0 149.94937050680137 1.5707963267948966 flow_5_0 0 5.0 2.0,6.0 197.0850000000002 1.5707963267948966 flow_2_9 0 5.0 2.0,43.7919999999998 6.0 3.141592653589793 flow_1_7 0 5.0 2.0,-6.0 -280.4350000000003 -1.5707963267948966 flow_3_8 0 5.0 2.0,10.0 -136.31499999999995 1.5707963267948966 flow_4_13 0 5.0 2.0,-36.2919999999998 -6.0 0.0 flow_0_6 0 5.0 2.0,-51.2919999999998 -6.0 0.0 flow_0_8 0 5.0 2.0,136.31499999999995 6.0 3.141592653589793 flow_1_13 0 5.0 2.0,10.0 -219.665 1.5707963267948966 flow_4_14 0 5.0 2.0,2.0 -111.29199999999975 1.5707963267948966 flow_11_12 0 5.0 2.0,-2.0 81.29199999999975 -1.5707963267948966 flow_9_8 0 5.0 2.0,-96.29199999999975 -2.0 0.0 flow_5_10 0 5.0 2.0,13.476783965535605 -11.700813119107233 0.6857295109062868 flow_4_11 0 5.0 2.0,10.0 -55.21499999999986 1.5707963267948966 flow_4_12 0 5.0 2.0,-55.21499999999986 -10.0 0.0 flow_8_12 0 5.0 2.0,6.0 280.4350000000003 1.5707963267948966 flow_2_8 0 5.0 2.0,-21.29199999999986 -6.0 0.0 flow_0_4 0 5.0 2.0,-2.0 21.29199999999986 -1.5707963267948966 flow_9_0 0 5.0 2.0,-10.0 -169.6758288286602 -1.5707963267948966 flow_8_9 0 5.0 2.0,-86.3258288286602 6.0 3.141592653589793 flow_7_10 0 5.0 2.0,-2.0 219.665 -1.5707963267948966 flow_9_14 0 5.0 2.0,2.0 -36.2919999999998 1.5707963267948966 flow_11_2 0 5.0 2.0,-219.665 -10.0 0.0 flow_8_14 0 5.0 2.0,284.0 2.0 3.141592653589793 flow_6_15 0 5.0 2.0,-103.79199999999975 -2.0 0.0 flow_5_11 0 5.0 2.0,6.0 -54.839907713151948 1.5707963267948966 flow_2_12 0 5.0 2.0,-2.0 -77.9358705068014 -1.5707963267948966 flow_6_2 0 5.0 2.0,2.0 -103.79199999999975 1.5707963267948966 flow_11_11 0 5.0 2.0,81.37037974807697 6.0 3.141592653589793 flow_1_12 0 5.0 2.0,-10.0 219.665 -1.5707963267948966 flow_7_14 0 5.0 2.0,-253.02582882866029 6.0 3.141592653589793 flow_7_8 0 5.0 2.0,-13.476783965535605 11.700813119107233 -2.4558631426835069 flow_7_11 0 5.0 2.0,-73.79199999999975 -6.0 0.0 flow_0_11 0 5.0 2.0,-6.0 21.29199999999986 -1.5707963267948966 flow_3_10 0 5.0 2.0,111.29199999999975 2.0 3.141592653589793 flow_6_12 0 5.0 2.0,-169.6758288286602 10.0 3.141592653589793 flow_7_9 0 5.0 2.0,73.79199999999975 6.0 3.141592653589793 flow_1_11 0 5.0 2.0,253.02582882866029 -10.0 0.0 flow_4_8 0 5.0 2.0,6.0 -284.0 1.5707963267948966 flow_2_15 0 5.0 2.0,-10.0 284.0 -1.5707963267948966 flow_7_15 0 5.0 2.0,6.0 -28.791999999999804 1.5707963267948966 flow_2_11 0 5.0 2.0,-59.54199999999972 -2.0 0.0 flow_5_7 0 5.0 2.0,-2.0 111.29199999999975 -1.5707963267948966 flow_9_12 0 5.0 2.0,36.2919999999998 6.0 3.141592653589793 flow_1_6 0 5.0 2.0,284.0 6.0 3.141592653589793 flow_1_15 0 5.0 2.0,10.0 86.3258288286602 1.5707963267948966 flow_10_10 0 5.0 2.0,-2.750639569145247 10.725525207232476 0.8988901276868943 flow_5_4 0 5.0 2.0,-10.0 -86.3258288286602 -1.5707963267948966 flow_8_10 0 5.0 2.0,-6.0 284.0 -1.5707963267948966 flow_3_15 0 5.0 2.0,-284.0 -6.0 0.0 flow_0_15 0 5.0 2.0,-10.0 -253.02582882866029 -1.5707963267948966 flow_8_8 0 5.0 2.0,2.0 -81.29199999999975 1.5707963267948966 flow_11_8 0 5.0 2.0,219.665 6.0 3.141592653589793 flow_1_14 0 5.0 2.0,-6.0 54.839907713151948 -1.5707963267948966 flow_3_12 0 5.0 2.0,-77.29199999999978 -2.0 0.0 flow_5_8 0 5.0 2.0,-219.665 -2.0 0.0 flow_5_14 0 5.0 2.0,-19.95951251725074 -1.9921053030059586 0.1925746605587287 flow_5_5 0 5.0 2.0,103.79199999999975 2.0 3.141592653589793 flow_6_11 0 5.0 2.0,2.0 -88.79199999999975 1.5707963267948966 flow_11_9 0 5.0 2.0,2.0 -284.0 1.5707963267948966 flow_11_15 0 5.0 2.0,-6.0 -197.0850000000002 -1.5707963267948966 flow_3_9 0 5.0 2.0,-6.0 -120.54937050680127 -1.5707963267948966 flow_6_1 0 5.0 2.0,219.665 2.0 3.141592653589793 flow_6_14 0 5.0 2.0,-2.0 284.0 -1.5707963267948966 flow_9_15 0 5.0 2.0,-2.0 88.79199999999975 -1.5707963267948966 flow_9_9 0 5.0 2.0,88.04199999999975 2.0 3.141592653589793 flow_6_9 0 5.0 2.0,51.2919999999998 6.0 3.141592653589793 flow_1_8 0 5.0 2.0,-2.0 28.791999999999804 -1.5707963267948966 flow_9_1 0 5.0 2.0,-81.37037974807697 -6.0 0.0 flow_0_12 0 5.0 2.0,10.0 253.02582882866029 1.5707963267948966 flow_10_8 0 5.0 2.0,2.0 -43.7919999999998 1.5707963267948966 flow_11_3 0 5.0 2.0,-2.0 -149.94937050680137 -1.5707963267948966 flow_6_0 0 5.0 2.0,-6.0 219.665 -1.5707963267948966 flow_3_14 0 5.0 2.0,-66.29199999999975 -6.0 0.0 flow_0_10 0 5.0 2.0,-2.0 138.0648686781611 -1.5707963267948966 flow_9_13 0 5.0 2.0,;road_0_1_0 g r g,road_1_0_1 r r g,road_1_2_3 r r g,road_2_1_2 g r g,
2.0 -73.79199999999975 1.5707963267948966 flow_11_7 0 5.0 2.0,-6.0 119.64499999999993 -1.5707963267948966 flow_3_13 0 5.0 2.0,10.0 24.487578828660206 1.5707963267948966 flow_10_11 0 5.0 2.0,-2.0 51.2919999999998 -1.5707963267948966 flow_9_4 0 5.0 2.0,-275.0 -2.0 0.0 flow_5_15 0 5.0 2.0,66.29199999999975 6.0 3.141592653589793 flow_1_10 0 5.0 2.0,-10.0 44.96334999999985 -1.5707963267948966 flow_7_12 0 5.0 2.0,275.0 10.0 3.141592653589793 flow_10_15 0 5.0 2.0,202.995 10.0 3.141592653589793 flow_10_14 0 5.0 2.0,-2.0 36.2919999999998 -1.5707963267948966 flow_9_2 0 5.0 2.0,-43.7919999999998 -6.0 0.0 flow_0_7 0 5.0 2.0,6.0 -119.64499999999993 1.5707963267948966 flow_2_13 0 5.0 2.0,-10.0 -24.487578828660206 -1.5707963267948966 flow_8_11 0 5.0 2.0,58.791999999999777 6.0 3.141592653589793 flow_1_9 0 5.0 2.0,-2.0 66.29199999999975 -1.5707963267948966 flow_9_6 0 5.0 2.0,-127.14460603448342 -2.0 0.0 flow_5_13 0 5.0 2.0,2.0 -28.791999999999804 1.5707963267948966 flow_11_1 0 5.0 2.0,-2.0 96.29199999999975 -1.5707963267948966 flow_9_10 0 5.0 2.0,2.0 -58.791999999999777 1.5707963267948966 flow_11_5 0 5.0 2.0,28.791999999999804 6.0 3.141592653589793 flow_1_5 0 5.0 2.0,33.79204999999973 2.0 3.141592653589793 flow_6_6 0 5.0 2.0,2.0 -66.29199999999975 1.5707963267948966 flow_11_6 0 5.0 2.0,2.0 94.6058705068014 1.5707963267948966 flow_5_2 0 5.0 2.0,-28.791999999999804 -6.0 0.0 flow_0_5 0 5.0 2.0,-119.64780036162915 -6.0 0.0 flow_0_13 0 5.0 2.0,-275.0 -10.0 0.0 flow_8_15 0 5.0 2.0,44.96334999999985 10.0 3.141592653589793 flow_10_12 0 5.0 2.0,11.660407612370865 -2.007070070924674 -2.4696864544817909 flow_6_5 0 5.0 2.0,-58.791999999999777 -6.0 0.0 flow_0_9 0 5.0 2.0,-33.79204999999973 -2.0 0.0 flow_5_6 0 5.0 2.0,51.62534999999974 2.0 3.141592653589793 flow_6_7 0 5.0 2.0,6.0 -21.29199999999986 1.5707963267948966 flow_2_10 0 5.0 2.0,10.0 -275.0 1.5707963267948966 flow_4_15 0 5.0 2.0,21.29199999999986 6.0 3.141592653589793 flow_1_4 0 5.0 2.0,-2.0 103.79199999999975 -1.5707963267948966 flow_9_11 0 5.0 2.0,-111.29199999999975 -2.0 0.0 flow_5_12 0 5.0 2.0,72.29199999999975 2.0 3.141592653589793 flow_6_8 0 5.0 2.0,-2.0 58.791999999999777 -1.5707963267948966 flow_9_5 0 5.0 2.0,-202.995 -6.0 0.0 flow_0_14 0 5.0 2.0,6.0 137.21937050680126 1.5707963267948966 flow_5_1 0 5.0 2.0,6.0 -202.995 1.5707963267948966 flow_2_14 0 5.0 2.0,2.0 -96.29199999999975 1.5707963267948966 flow_11_10 0 5.0 2.0,2.0 -21.29199999999986 1.5707963267948966 flow_11_0 0 5.0 2.0,-2.0 43.7919999999998 -1.5707963267948966 flow_9_3 0 5.0 2.0,-2.0 73.79199999999975 -1.5707963267948966 flow_9_7 0 5.0 2.0,2.0 -127.14460603448342 1.5707963267948966 flow_11_13 0 5.0 2.0,119.64499999999993 10.0 3.141592653589793 flow_10_13 0 5.0 2.0,-10.0 119.64499999999993 -1.5707963267948966 flow_7_13 0 5.0 2.0,10.0 186.34582882866023 1.5707963267948966 flow_10_9 0 5.0 2.0,96.29199999999975 2.0 3.141592653589793 flow_6_10 0 5.0 2.0,102.9958288286602 -10.0 0.0 flow_4_10 0 5.0 2.0,186.34582882866023 -6.0 0.0 flow_4_9 0 5.0 2.0,-2.0 -22.764220506801395 -1.5707963267948966 flow_6_4 0 5.0 2.0,2.0 -51.2919999999998 1.5707963267948966 flow_11_4 0 5.0 2.0,-119.64499999999993 -10.0 0.0 flow_8_13 0 5.0 2.0,-85.54199999999975 -2.0 0.0 flow_5_9 0 5.0 2.0,-6.0 28.791999999999804 -1.5707963267948966 flow_3_11 0 5.0 2.0,2.0 -202.995 1.5707963267948966 flow_11_14 0 5.0 2.0,127.14460603448342 2.0 3.141592653589793 flow_6_13 0 5.0 2.0,2.0 166.61937050680138 1.5707963267948966 flow_5_0 0 5.0 2.0,6.0 213.75500000000023 1.5707963267948966 flow_2_9 0 5.0 2.0,43.7919999999998 6.0 3.141592653589793 flow_1_7 0 5.0 2.0,-6.0 -297.1050000000003 -1.5707963267948966 flow_3_8 0 5.0 2.0,10.0 -119.64499999999993 1.5707963267948966 flow_4_13 0 5.0 2.0,-36.2919999999998 -6.0 0.0 flow_0_6 0 5.0 2.0,-51.2919999999998 -6.0 0.0 flow_0_8 0 5.0 2.0,119.64780036162915 6.0 3.141592653589793 flow_1_13 0 5.0 2.0,10.0 -202.995 1.5707963267948966 flow_4_14 0 5.0 2.0,2.0 -111.29199999999975 1.5707963267948966 flow_11_12 0 5.0 2.0,-2.0 81.29199999999975 -1.5707963267948966 flow_9_8 0 5.0 2.0,-96.29199999999975 -2.0 0.0 flow_5_10 0 5.0 2.0,24.487578828660206 -10.0 0.0 flow_4_11 0 5.0 2.0,10.0 -44.96334999999985 1.5707963267948966 flow_4_12 0 5.0 2.0,-44.96334999999985 -10.0 0.0 flow_8_12 0 5.0 2.0,6.0 297.1050000000003 1.5707963267948966 flow_2_8 0 5.0 2.0,-21.29199999999986 -6.0 0.0 flow_0_4 0 5.0 2.0,-2.0 21.29199999999986 -1.5707963267948966 flow_9_0 0 5.0 2.0,-10.0 -186.34582882866023 -1.5707963267948966 flow_8_9 0 5.0 2.0,-102.9958288286602 6.0 3.141592653589793 flow_7_10 0 5.0 2.0,-2.0 202.995 -1.5707963267948966 flow_9_14 0 5.0 2.0,2.0 -36.2919999999998 1.5707963267948966 flow_11_2 0 5.0 2.0,-202.995 -10.0 0.0 flow_8_14 0 5.0 2.0,275.0 2.0 3.141592653589793 flow_6_15 0 5.0 2.0,-103.79199999999975 -2.0 0.0 flow_5_11 0 5.0 2.0,6.0 -44.16972313945607 1.5707963267948966 flow_2_12 0 5.0 2.0,-2.0 -94.6058705068014 -1.5707963267948966 flow_6_2 0 5.0 2.0,2.0 -103.79199999999975 1.5707963267948966 flow_11_11 0 5.0 2.0,81.29199999999975 6.0 3.141592653589793 flow_1_12 0 5.0 2.0,-10.0 202.995 -1.5707963267948966 flow_7_14 0 5.0 2.0,-269.6958288286603 6.0 3.141592653589793 flow_7_8 0 5.0 2.0,-24.487578828660206 10.0 3.141592653589793 flow_7_11 0 5.0 2.0,-73.79199999999975 -6.0 0.0 flow_0_11 0 5.0 2.0,-6.0 21.29199999999986 -1.5707963267948966 flow_3_10 0 5.0 2.0,111.29199999999975 2.0 3.141592653589793 flow_6_12 0 5.0 2.0,-186.34582882866023 10.0 3.141592653589793 flow_7_9 0 5.0 2.0,73.79199999999975 6.0 3.141592653589793 flow_1_11 0 5.0 2.0,269.6958288286603 -10.0 0.0 flow_4_8 0 5.0 2.0,6.0 -275.0 1.5707963267948966 flow_2_15 0 5.0 2.0,-10.0 275.0 -1.5707963267948966 flow_7_15 0 5.0 2.0,6.0 -28.791999999999804 1.5707963267948966 flow_2_11 0 5.0 2.0,6.0 60.0991705068014 1.5707963267948966 flow_5_3 0 5.0 2.0,-51.62534999999974 -2.0 0.0 flow_5_7 0 5.0 2.0,-6.0 -60.0991705068014 -1.5707963267948966 flow_6_3 0 5.0 2.0,-2.0 111.29199999999975 -1.5707963267948966 flow_9_12 0 5.0 2.0,36.2919999999998 6.0 3.141592653589793 flow_1_6 0 5.0 2.0,275.0 6.0 3.141592653589793 flow_1_15 0 5.0 2.0,10.0 102.9958288286602 1.5707963267948966 flow_10_10 0 5.0 2.0,2.0 22.764220506801395 1.5707963267948966 flow_5_4 0 5.0 2.0,-10.0 -102.9958288286602 -1.5707963267948966 flow_8_10 0 5.0 2.0,-6.0 275.0 -1.5707963267948966 flow_3_15 0 5.0 2.0,-275.0 -6.0 0.0 flow_0_15 0 5.0 2.0,-10.0 -269.6958288286603 -1.5707963267948966 flow_8_8 0 5.0 2.0,2.0 -81.29199999999975 1.5707963267948966 flow_11_8 0 5.0 2.0,202.995 6.0 3.141592653589793 flow_1_14 0 5.0 2.0,-6.0 44.16972313945607 -1.5707963267948966 flow_3_12 0 5.0 2.0,-72.29199999999975 -2.0 0.0 flow_5_8 0 5.0 2.0,-202.995 -2.0 0.0 flow_5_14 0 5.0 2.0,-11.660407612370865 2.007070070924674 0.6719061991080024 flow_5_5 0 5.0 2.0,103.79199999999975 2.0 3.141592653589793 flow_6_11 0 5.0 2.0,2.0 -88.79199999999975 1.5707963267948966 flow_11_9 0 5.0 2.0,2.0 -275.0 1.5707963267948966 flow_11_15 0 5.0 2.0,-6.0 -213.75500000000023 -1.5707963267948966 flow_3_9 0 5.0 2.0,-6.0 -137.21937050680126 -1.5707963267948966 flow_6_1 0 5.0 2.0,202.995 2.0 3.141592653589793 flow_6_14 0 5.0 2.0,-2.0 275.0 -1.5707963267948966 flow_9_15 0 5.0 2.0,-2.0 88.79199999999975 -1.5707963267948966 flow_9_9 0 5.0 2.0,85.54199999999975 2.0 3.141592653589793 flow_6_9 0 5.0 2.0,51.2919999999998 6.0 3.141592653589793 flow_1_8 0 5.0 2.0,-2.0 28.791999999999804 -1.5707963267948966 flow_9_1 0 5.0 2.0,-81.29199999999975 -6.0 0.0 flow_0_12 0 5.0 2.0,10.0 269.6958288286603 1.5707963267948966 flow_10_8 0 5.0 2.0,2.0 -43.7919999999998 1.5707963267948966 flow_11_3 0 5.0 2.0,-2.0 -166.61937050680138 -1.5707963267948966 flow_6_0 0 5.0 2.0,-6.0 202.995 -1.5707963267948966 flow_3_14 0 5.0 2.0,-66.29199999999975 -6.0 0.0 flow_0_10 0 5.0 2.0,-2.0 127.14460603448342 -1.5707963267948966 flow_9_13 0 5.0 2.0,;road_0_1_0 g r g,road_1_0_1 r r g,road_1_2_3 r r g,road_2_1_2 g r g,
2.0 -73.79199999999975 1.5707963267948966 flow_11_7 0 5.0 2.0,299.0 2.0 3.141592653589793 flow_6_16 0 5.0 2.0,-6.0 102.97499999999991 -1.5707963267948966 flow_3_13 0 5.0 2.0,10.0 37.820878828660209 1.5707963267948966 flow_10_11 0 5.0 2.0,-2.0 51.2919999999998 -1.5707963267948966 flow_9_4 0 5.0 2.0,-264.0 -2.0 0.0 flow_5_15 0 5.0 2.0,66.29199999999975 6.0 3.141592653589793 flow_1_10 0 5.0 2.0,-10.0 36.63004999999987 -1.5707963267948966 flow_7_12 0 5.0 2.0,264.0 10.0 3.141592653589793 flow_10_15 0 5.0 2.0,186.325 10.0 3.141592653589793 flow_10_14 0 5.0 2.0,-2.0 36.2919999999998 -1.5707963267948966 flow_9_2 0 5.0 2.0,-43.7919999999998 -6.0 0.0 flow_0_7 0 5.0 2.0,6.0 -102.97499999999991 1.5707963267948966 flow_2_13 0 5.0 2.0,-10.0 -37.820878828660209 -1.5707963267948966 flow_8_11 0 5.0 2.0,2.0 -299.0 1.5707963267948966 flow_11_16 0 5.0 2.0,58.791999999999777 6.0 3.141592653589793 flow_1_9 0 5.0 2.0,-299.0 -6.0 0.0 flow_0_16 0 5.0 2.0,-2.0 66.29199999999975 -1.5707963267948966 flow_9_6 0 5.0 2.0,-120.72434339080573 -2.0 0.0 flow_5_13 0 5.0 2.0,2.0 -28.791999999999804 1.5707963267948966 flow_11_1 0 5.0 2.0,-2.0 96.29199999999975 -1.5707963267948966 flow_9_10 0 5.0 2.0,2.0 -58.791999999999777 1.5707963267948966 flow_11_5 0 5.0 2.0,28.791999999999804 6.0 3.141592653589793 flow_1_5 0 5.0 2.0,25.458749999999726 2.0 3.141592653589793 flow_6_6 0 5.0 2.0,2.0 -66.29199999999975 1.5707963267948966 flow_11_6 0 5.0 2.0,2.0 111.2758705068014 1.5707963267948966 flow_5_2 0 5.0 2.0,-28.791999999999804 -6.0 0.0 flow_0_5 0 5.0 2.0,-105.23340108488759 -6.0 0.0 flow_0_13 0 5.0 2.0,-264.0 -10.0 0.0 flow_8_15 0 5.0 2.0,36.63004999999987 10.0 3.141592653589793 flow_10_12 0 5.0 2.0,3.4768857928790166 -9.81242317979362 -2.242702525902899 flow_6_5 0 5.0 2.0,-58.791999999999777 -6.0 0.0 flow_0_9 0 5.0 2.0,-6.0 299.0 -1.5707963267948966 flow_3_16 0 5.0 2.0,-25.458749999999726 -2.0 0.0 flow_5_6 0 5.0 2.0,43.29204999999973 2.0 3.141592653589793 flow_6_7 0 5.0 2.0,6.0 -21.29199999999986 1.5707963267948966 flow_2_10 0 5.0 2.0,10.0 -264.0 1.5707963267948966 flow_4_15 0 5.0 2.0,21.29199999999986 6.0 3.141592653589793 flow_1_4 0 5.0 2.0,-2.0 103.79199999999975 -1.5707963267948966 flow_9_11 0 5.0 2.0,-111.29199999999975 -2.0 0.0 flow_5_12 0 5.0 2.0,65.29199999999975 2.0 3.141592653589793 flow_6_8 0 5.0 2.0,-2.0 58.791999999999777 -1.5707963267948966 flow_9_5 0 5.0 2.0,-186.325 -6.0 0.0 flow_0_14 0 5.0 2.0,6.0 153.88937050680128 1.5707963267948966 flow_5_1 0 5.0 2.0,-2.0 299.0 -1.5707963267948966 flow_9_16 0 5.0 2.0,6.0 -186.325 1.5707963267948966 flow_2_14 0 5.0 2.0,2.0 -96.29199999999975 1.5707963267948966 flow_11_10 0 5.0 2.0,2.0 -21.29199999999986 1.5707963267948966 flow_11_0 0 5.0 2.0,-2.0 43.7919999999998 -1.5707963267948966 flow_9_3 0 5.0 2.0,-2.0 73.79199999999975 -1.5707963267948966 flow_9_7 0 5.0 2.0,2.0 -120.72434339080573 1.5707963267948966 flow_11_13 0 5.0 2.0,10.0 -299.0 1.5707963267948966 flow_4_16 0 5.0 2.0,102.97499999999991 10.0 3.141592653589793 flow_10_13 0 5.0 2.0,-10.0 102.97499999999991 -1.5707963267948966 flow_7_13 0 5.0 2.0,10.0 203.01582882866024 1.5707963267948966 flow_10_9 0 5.0 2.0,95.29199999999975 2.0 3.141592653589793 flow_6_10 0 5.0 2.0,119.66582882866021 -10.0 0.0 flow_4_10 0 5.0 2.0,203.01582882866024 -6.0 0.0 flow_4_9 0 5.0 2.0,-2.0 -38.097520506801398 -1.5707963267948966 flow_6_4 0 5.0 2.0,2.0 -51.2919999999998 1.5707963267948966 flow_11_4 0 5.0 2.0,-102.97499999999991 -10.0 0.0 flow_8_13 0 5.0 2.0,-81.04199999999975 -2.0 0.0 flow_5_9 0 5.0 2.0,-6.0 28.791999999999804 -1.5707963267948966 flow_3_11 0 5.0 2.0,2.0 -186.325 1.5707963267948966 flow_11_14 0 5.0 2.0,120.72434339080573 2.0 3.141592653589793 flow_6_13 0 5.0 2.0,2.0 183.2893705068014 1.5707963267948966 flow_5_0 0 5.0 2.0,6.0 230.42500000000025 1.5707963267948966 flow_2_9 0 5.0 2.0,43.7919999999998 6.0 3.141592653589793 flow_1_7 0 5.0 2.0,10.0 -102.97499999999991 1.5707963267948966 flow_4_13 0 5.0 2.0,-36.2919999999998 -6.0 0.0 flow_0_6 0 5.0 2.0,-51.2919999999998 -6.0 0.0 flow_0_8 0 5.0 2.0,105.23340108488759 6.0 3.141592653589793 flow_1_13 0 5.0 2.0,10.0 -186.325 1.5707963267948966 flow_4_14 0 5.0 2.0,2.0 -111.29199999999975 1.5707963267948966 flow_11_12 0 5.0 2.0,-2.0 81.29199999999975 -1.5707963267948966 flow_9_8 0 5.0 2.0,-95.29199999999975 -2.0 0.0 flow_5_10 0 5.0 2.0,37.820878828660209 -7.1333400000000009 0.0 flow_4_11 -1 5.0 2.0,10.0 -36.63004999999987 1.5707963267948966 flow_4_12 0 5.0 2.0,-36.63004999999987 -10.0 0.0 flow_8_12 0 5.0 2.0,-21.29199999999986 -6.0 0.0 flow_0_4 0 5.0 2.0,-10.0 299.0 -1.5707963267948966 flow_7_16 0 5.0 2.0,-2.0 21.29199999999986 -1.5707963267948966 flow_9_0 0 5.0 2.0,-10.0 -203.01582882866024 -1.5707963267948966 flow_8_9 0 5.0 2.0,-119.66582882866021 6.0 3.141592653589793 flow_7_10 0 5.0 2.0,-2.0 186.325 -1.5707963267948966 flow_9_14 0 5.0 2.0,2.0 -36.2919999999998 1.5707963267948966 flow_11_2 0 5.0 2.0,-186.325 -10.0 0.0 flow_8_14 0 5.0 2.0,264.0 2.0 3.141592653589793 flow_6_15 0 5.0 2.0,-103.79199999999975 -2.0 0.0 flow_5_11 0 5.0 2.0,6.0 -37.99953856576019 1.5707963267948966 flow_2_12 0 5.0 2.0,-2.0 -111.2758705068014 -1.5707963267948966 flow_6_2 0 5.0 2.0,2.0 -103.79199999999975 1.5707963267948966 flow_11_11 0 5.0 2.0,299.0 10.0 3.141592653589793 flow_10_16 0 5.0 2.0,81.29199999999975 6.0 3.141592653589793 flow_1_12 0 5.0 2.0,-10.0 186.325 -1.5707963267948966 flow_7_14 0 5.0 2.0,-286.3658288286603 6.0 3.141592653589793 flow_7_8 0 5.0 2.0,-299.0 -10.0 0.0 flow_8_16 0 5.0 2.0,-37.820878828660209 10.0 3.141592653589793 flow_7_11 0 5.0 2.0,-73.79199999999975 -6.0 0.0 flow_0_11 0 5.0 2.0,-6.0 21.29199999999986 -1.5707963267948966 flow_3_10 0 5.0 2.0,111.29199999999975 2.0 3.141592653589793 flow_6_12 0 5.0 2.0,-203.01582882866024 10.0 3.141592653589793 flow_7_9 0 5.0 2.0,73.79199999999975 6.0 3.141592653589793 flow_1_11 0 5.0 2.0,286.3658288286603 -10.0 0.0 flow_4_8 0 5.0 2.0,6.0 -264.0 1.5707963267948966 flow_2_15 0 5.0 2.0,-10.0 264.0 -1.5707963267948966 flow_7_15 0 5.0 2.0,6.0 -28.791999999999804 1.5707963267948966 flow_2_11 0 5.0 2.0,6.0 76.7691705068014 1.5707963267948966 flow_5_3 0 5.0 2.0,-43.29204999999973 -2.0 0.0 flow_5_7 0 5.0 2.0,-6.0 -76.7691705068014 -1.5707963267948966 flow_6_3 0 5.0 2.0,-2.0 111.29199999999975 -1.5707963267948966 flow_9_12 0 5.0 2.0,36.2919999999998 6.0 3.141592653589793 flow_1_6 0 5.0 2.0,299.0 6.0 3.141592653589793 flow_1_16 0 5.0 2.0,264.0 6.0 3.141592653589793 flow_1_15 0 5.0 2.0,10.0 119.66582882866021 1.5707963267948966 flow_10_10 0 5.0 2.0,2.0 38.097520506801398 1.5707963267948966 flow_5_4 0 5.0 2.0,-10.0 -119.66582882866021 -1.5707963267948966 flow_8_10 0 5.0 2.0,-6.0 264.0 -1.5707963267948966 flow_3_15 0 5.0 2.0,-264.0 -6.0 0.0 flow_0_15 0 5.0 2.0,-10.0 -286.3658288286603 -1.5707963267948966 flow_8_8 0 5.0 2.0,2.0 -81.29199999999975 1.5707963267948966 flow_11_8 0 5.0 2.0,186.325 6.0 3.141592653589793 flow_1_14 0 5.0 2.0,-6.0 37.99953856576019 -1.5707963267948966 flow_3_12 0 5.0 2.0,-65.29199999999975 -2.0 0.0 flow_5_8 0 5.0 2.0,-186.325 -2.0 0.0 flow_5_14 0 5.0 2.0,-3.4768857928790166 9.81242317979362 0.8988901276868943 flow_5_5 0 5.0 2.0,103.79199999999975 2.0 3.141592653589793 flow_6_11 0 5.0 2.0,2.0 -88.79199999999975 1.5707963267948966 flow_11_9 0 5.0 2.0,2.0 -264.0 1.5707963267948966 flow_11_15 0 5.0 2.0,-299.0 -2.0 0.0 flow_5_16 0 5.0 2.0,-6.0 -230.42500000000025 -1.5707963267948966 flow_3_9 0 5.0 2.0,-6.0 -153.88937050680128 -1.5707963267948966 flow_6_1 0 5.0 2.0,186.325 2.0 3.141592653589793 flow_6_14 0 5.0 2.0,-2.0 264.0 -1.5707963267948966 flow_9_15 0 5.0 2.0,-2.0 88.79199999999975 -1.5707963267948966 flow_9_9 0 5.0 2.0,81.04199999999975 2.0 3.141592653589793 flow_6_9 0 5.0 2.0,51.2919999999998 6.0 3.141592653589793 flow_1_8 0 5.0 2.0,-2.0 28.791999999999804 -1.5707963267948966 flow_9_1 0 5.0 2.0,6.0 -299.0 1.5707963267948966 flow_2_16 0 5.0 2.0,-81.29199999999975 -6.0 0.0 flow_0_12 0 5.0 2.0,10.0 286.3658288286603 1.5707963267948966 flow_10_8 0 5.0 2.0,2.0 -43.7919999999998 1.5707963267948966 flow_11_3 0 5.0 2.0,-2.0 -183.2893705068014 -1.5707963267948966 flow_6_0 0 5.0 2.0,-6.0 186.325 -1.5707963267948966 flow_3_14 0 5.0 2.0,-66.29199999999975 -6.0 0.0 flow_0_10 0 5.0 2.0,-2.0 120.72434339080573 -1.5707963267948966 flow_9_13 0 5.0 2.0,;road_0_1_0 g r g,road_1_0_1 r r g,road_1_2_3 r r g,road_2_1_2 g r g,
2.0 -73.79199999999975 1.5707963267948966 flow_11_7 0 5.0 2.0,296.0 2.0 3.141592653589793 flow_6_16 0 5.0 2.0,-6.0 86.3049999999999 -1.5707963267948966 flow_3_13 0 5.0 2.0,10.0 53.15417882866021 1.5707963267948966 flow_10_11 0 5.0 2.0,-2.0 51.2919999999998 -1.5707963267948966 flow_9_4 0 5.0 2.0,-251.0 -2.0 0.0 flow_5_15 0 5.0 2.0,66.29199999999975 6.0 3.141592653589793 flow_1_10 0 5.0 2.0,-10.0 28.29674999999986 -1.5707963267948966 flow_7_12 0 5.0 2.0,251.0 10.0 3.141592653589793 flow_10_15 0 5.0 2.0,169.65499999999998 10.0 3.141592653589793 flow_10_14 0 5.0 2.0,-2.0 36.2919999999998 -1.5707963267948966 flow_9_2 0 5.0 2.0,-43.7919999999998 -6.0 0.0 flow_0_7 0 5.0 2.0,6.0 -86.3049999999999 1.5707963267948966 flow_2_13 0 5.0 2.0,-10.0 -53.15417882866021 -1.5707963267948966 flow_8_11 0 5.0 2.0,2.0 -296.0 1.5707963267948966 flow_11_16 0 5.0 2.0,58.791999999999777 6.0 3.141592653589793 flow_1_9 0 5.0 2.0,-296.0 -6.0 0.0 flow_0_16 0 5.0 2.0,-2.0 66.29199999999975 -1.5707963267948966 flow_9_6 0 5.0 2.0,-118.79199999999975 -2.0 0.0 flow_5_13 0 5.0 2.0,2.0 -28.791999999999804 1.5707963267948966 flow_11_1 0 5.0 2.0,-2.0 96.29199999999975 -1.5707963267948966 flow_9_10 0 5.0 2.0,2.0 -58.791999999999777 1.5707963267948966 flow_11_5 0 5.0 2.0,28.791999999999804 6.0 3.141592653589793 flow_1_5 0 5.0 2.0,17.2229684336064 1.3129547249352823 -2.7071474305620275 flow_6_6 0 5.0 2.0,2.0 -66.29199999999975 1.5707963267948966 flow_11_6 0 5.0 2.0,2.0 127.9458705068014 1.5707963267948966 flow_5_2 0 5.0 2.0,-28.791999999999804 -6.0 0.0 flow_0_5 0 5.0 2.0,-95.31900180814603 -6.0 0.0 flow_0_13 0 5.0 2.0,-251.0 -10.0 0.0 flow_8_15 0 5.0 2.0,28.29674999999986 10.0 3.141592653589793 flow_10_12 0 5.0 2.0,-2.0 -21.597520506801176 -1.5707963267948966 flow_6_5 0 5.0 2.0,-58.791999999999777 -6.0 0.0 flow_0_9 0 5.0 2.0,-6.0 296.0 -1.5707963267948966 flow_3_16 0 5.0 2.0,-17.2229684336064 -1.3129547249352823 0.4344452230277657 flow_5_6 0 5.0 2.0,34.958749999999728 2.0 3.141592653589793 flow_6_7 0 5.0 2.0,6.0 -21.29199999999986 1.5707963267948966 flow_2_10 0 5.0 2.0,10.0 -251.0 1.5707963267948966 flow_4_15 0 5.0 2.0,21.29199999999986 6.0 3.141592653589793 flow_1_4 0 5.0 2.0,-2.0 103.79199999999975 -1.5707963267948966 flow_9_11 0 5.0 2.0,-111.29199999999975 -2.0 0.0 flow_5_12 0 5.0 2.0,57.12534999999974 2.0 3.141592653589793 flow_6_8 0 5.0 2.0,-2.0 58.791999999999777 -1.5707963267948966 flow_9_5 0 5.0 2.0,-169.65499999999998 -6.0 0.0 flow_0_14 0 5.0 2.0,6.0 170.55937050680127 1.5707963267948966 flow_5_1 0 5.0 2.0,-2.0 296.0 -1.5707963267948966 flow_9_16 0 5.0 2.0,6.0 -169.65499999999998 1.5707963267948966 flow_2_14 0 5.0 2.0,2.0 -96.29199999999975 1.5707963267948966 flow_11_10 0 5.0 2.0,2.0 -21.29199999999986 1.5707963267948966 flow_11_0 0 5.0 2.0,-2.0 43.7919999999998 -1.5707963267948966 flow_9_3 0 5.0 2.0,-2.0 73.79199999999975 -1.5707963267948966 flow_9_7 0 5.0 2.0,2.0 -118.79199999999975 1.5707963267948966 flow_11_13 0 5.0 2.0,10.0 -296.0 1.5707963267948966 flow_4_16 0 5.0 2.0,86.3049999999999 10.0 3.141592653589793 flow_10_13 0 5.0 2.0,-10.0 86.3049999999999 -1.5707963267948966 flow_7_13 0 5.0 2.0,10.0 219.68582882866026 1.5707963267948966 flow_10_9 0 5.0 2.0,92.29199999999975 2.0 3.141592653589793 flow_6_10 0 5.0 2.0,136.33582882866024 -10.0 0.0 flow_4_10 0 5.0 2.0,219.68582882866026 -6.0 0.0 flow_4_9 0 5.0 2.0,-2.0 -54.5991705068014 -1.5707963267948966 flow_6_4 0 5.0 2.0,2.0 -51.2919999999998 1.5707963267948966 flow_11_4 0 5.0 2.0,-86.3049999999999 -10.0 0.0 flow_8_13 0 5.0 2.0,-74.54199999999975 -2.0 0.0 flow_5_9 0 5.0 2.0,-6.0 28.791999999999804 -1.5707963267948966 flow_3_11 0 5.0 2.0,2.0 -169.65499999999998 1.5707963267948966 flow_11_14 0 5.0 2.0,118.79199999999975 2.0 3.141592653589793 flow_6_13 0 5.0 2.0,2.0 199.9593705068014 1.5707963267948966 flow_5_0 0 5.0 2.0,6.0 247.09500000000026 1.5707963267948966 flow_2_9 0 5.0 2.0,43.7919999999998 6.0 3.141592653589793 flow_1_7 0 5.0 2.0,10.0 -86.3049999999999 1.5707963267948966 flow_4_13 0 5.0 2.0,-36.2919999999998 -6.0 0.0 flow_0_6 0 5.0 2.0,-51.2919999999998 -6.0 0.0 flow_0_8 0 5.0 2.0,95.31900180814603 6.0 3.141592653589793 flow_1_13 0 5.0 2.0,10.0 -169.65499999999998 1.5707963267948966 flow_4_14 0 5.0 2.0,2.0 -111.29199999999975 1.5707963267948966 flow_11_12 0 5.0 2.0,-2.0 81.29199999999975 -1.5707963267948966 flow_9_8 0 5.0 2.0,-92.29199999999975 -2.0 0.0 flow_5_10 0 5.0 2.0,10.0 -28.29674999999986 1.5707963267948966 flow_4_12 0 5.0 2.0,-28.29674999999986 -10.0 0.0 flow_8_12 0 5.0 2.0,-21.29199999999986 -6.0 0.0 flow_0_4 0 5.0 2.0,-10.0 296.0 -1.5707963267948966 flow_7_16 0 5.0 2.0,-2.0 21.29199999999986 -1.5707963267948966 flow_9_0 0 5.0 2.0,-10.0 -219.68582882866026 -1.5707963267948966 flow_8_9 0 5.0 2.0,-136.33582882866024 6.0 3.141592653589793 flow_7_10 0 5.0 2.0,-2.0 169.65499999999998 -1.5707963267948966 flow_9_14 0 5.0 2.0,2.0 -36.2919999999998 1.5707963267948966 flow_11_2 0 5.0 2.0,-169.65499999999998 -10.0 0.0 flow_8_14 0 5.0 2.0,251.0 2.0 3.141592653589793 flow_6_15 0 5.0 2.0,-103.04199999999975 -2.0 0.0 flow_5_11 0 5.0 2.0,6.0 -36.2919999999998 1.5707963267948966 flow_2_12 0 5.0 2.0,-2.0 -127.9458705068014 -1.5707963267948966 flow_6_2 0 5.0 2.0,2.0 -103.79199999999975 1.5707963267948966 flow_11_11 0 5.0 2.0,296.0 10.0 3.141592653589793 flow_10_16 0 5.0 2.0,81.29199999999975 6.0 3.141592653589793 flow_1_12 0 5.0 2.0,-10.0 169.65499999999998 -1.5707963267948966 flow_7_14 0 5.0 2.0,-296.0 -10.0 0.0 flow_8_16 0 5.0 2.0,-53.15417882866021 10.0 3.141592653589793 flow_7_11 0 5.0 2.0,-73.79199999999975 -6.0 0.0 flow_0_11 0 5.0 2.0,-6.0 21.29199999999986 -1.5707963267948966 flow_3_10 0 5.0 2.0,111.29199999999975 2.0 3.141592653589793 flow_6_12 0 5.0 2.0,-219.68582882866026 10.0 3.141592653589793 flow_7_9 0 5.0 2.0,73.79199999999975 6.0 3.141592653589793 flow_1_11 0 5.0 2.0,6.0 -251.0 1.5707963267948966 flow_2_15 0 5.0 2.0,-10.0 251.0 -1.5707963267948966 flow_7_15 0 5.0 2.0,6.0 -28.791999999999804 1.5707963267948966 flow_2_11 0 5.0 2.0,6.0 93.4391705068014 1.5707963267948966 flow_5_3 0 5.0 2.0,-34.958749999999728 -2.0 0.0 flow_5_7 0 5.0 2.0,-6.0 -93.4391705068014 -1.5707963267948966 flow_6_3 0 5.0 2.0,53.15417882866021 -6.0 0.0 flow_4_11 0 5.0 2.0,-2.0 111.29199999999975 -1.5707963267948966 flow_9_12 0 5.0 2.0,36.2919999999998 6.0 3.141592653589793 flow_1_6 0 5.0 2.0,296.0 6.0 3.141592653589793 flow_1_16 0 5.0 2.0,251.0 6.0 3.141592653589793 flow_1_15 0 5.0 2.0,10.0 136.33582882866024 1.5707963267948966 flow_10_10 0 5.0 2.0,2.0 54.5991705068014 1.5707963267948966 flow_5_4 0 5.0 2.0,-10.0 -136.33582882866024 -1.5707963267948966 flow_8_10 0 5.0 2.0,-6.0 251.0 -1.5707963267948966 flow_3_15 0 5.0 2.0,-251.0 -6.0 0.0 flow_0_15 0 5.0 2.0,2.0 -81.29199999999975 1.5707963267948966 flow_11_8 0 5.0 2.0,169.65499999999998 6.0 3.141592653589793 flow_1_14 0 5.0 2.0,-6.0 36.2919999999998 -1.5707963267948966 flow_3_12 0 5.0 2.0,-57.12534999999974 -2.0 0.0 flow_5_8 0 5.0 2.0,-169.65499999999998 -2.0 0.0 flow_5_14 0 5.0 2.0,2.0 21.597520506801176 1.5707963267948966 flow_5_5 0 5.0 2.0,103.04199999999975 2.0 3.141592653589793 flow_6_11 0 5.0 2.0,2.0 -88.79199999999975 1.5707963267948966 flow_11_9 0 5.0 2.0,2.0 -251.0 1.5707963267948966 flow_11_15 0 5.0 2.0,-296.0 -2.0 0.0 flow_5_16 0 5.0 2.0,-6.0 -247.09500000000026 -1.5707963267948966 flow_3_9 0 5.0 2.0,-6.0 -170.55937050680127 -1.5707963267948966 flow_6_1 0 5.0 2.0,169.65499999999998 2.0 3.141592653589793 flow_6_14 0 5.0 2.0,-2.0 251.0 -1.5707963267948966 flow_9_15 0 5.0 2.0,-2.0 88.79199999999975 -1.5707963267948966 flow_9_9 0 5.0 2.0,74.54199999999975 2.0 3.141592653589793 flow_6_9 0 5.0 2.0,51.2919999999998 6.0 3.141592653589793 flow_1_8 0 5.0 2.0,-2.0 28.791999999999804 -1.5707963267948966 flow_9_1 0 5.0 2.0,6.0 -296.0 1.5707963267948966 flow_2_16 0 5.0 2.0,-81.29199999999975 -6.0 0.0 flow_0_12 0 5.0 2.0,2.0 -43.7919999999998 1.5707963267948966 flow_11_3 0 5.0 2.0,-2.0 -199.9593705068014 -1.5707963267948966 flow_6_0 0 5.0 2.0,-6.0 169.65499999999998 -1.5707963267948966 flow_3_14 0 5.0 2.0,-66.29199999999975 -6.0 0.0 flow_0_10 0 5.0 2.0,-2.0 118.79199999999975 -1.5707963267948966 flow_9_13 0 5.0 2.0,;road_0_1_0 g r g,road_1_0_1 r r g,road_1_2_3 r r g,road_2_1_2 g r g,
2.0 -73.79199999999975 1.5707963267948966 flow_11_7 0 5.0 2.0,291.0 2.0 3.141592653589793 flow_6_16 0 5.0 2.0,-6.0 70.25383915992916 -1.5707963267948966 flow_3_13 0 5.0 2.0,10.0 69.6558288286602 1.5707963267948966 flow_10_11 0 5.0 2.0,-2.0 51.2919999999998 -1.5707963267948966 flow_9_4 0 5.0 2.0,-236.0 -2.0 0.0 flow_5_15 0 5.0 2.0,66.29199999999975 6.0 3.141592653589793 flow_1_10 0 5.0 2.0,-10.001921025350646 19.96350051833775 -1.6233793884058383 flow_7_12 0 5.0 2.0,236.0 10.0 3.141592653589793 flow_10_15 0 5.0 2.0,152.98499999999997 10.0 3.141592653589793 flow_10_14 0 5.0 2.0,-2.0 36.2919999999998 -1.5707963267948966 flow_9_2 0 5.0 2.0,-43.7919999999998 -6.0 0.0 flow_0_7 0 5.0 2.0,6.0 -70.25383915992916 1.5707963267948966 flow_2_13 0 5.0 2.0,-10.0 -69.6558288286602 -1.5707963267948966 flow_8_11 0 5.0 2.0,2.0 -291.0 1.5707963267948966 flow_11_16 0 5.0 2.0,58.791999999999777 6.0 3.141592653589793 flow_1_9 0 5.0 2.0,-291.0 -6.0 0.0 flow_0_16 0 5.0 2.0,-2.0 66.29199999999975 -1.5707963267948966 flow_9_6 0 5.0 2.0,-118.79199999999975 -2.0 0.0 flow_5_13 0 5.0 2.0,2.0 -28.791999999999804 1.5707963267948966 flow_11_1 0 5.0 2.0,-2.0 96.29199999999975 -1.5707963267948966 flow_9_10 0 5.0 2.0,2.0 -58.791999999999777 1.5707963267948966 flow_11_5 0 5.0 2.0,28.791999999999804 6.0 3.141592653589793 flow_1_5 0 5.0 2.0,9.442963561336072 -3.770739759537613 -2.4696864544817909 flow_6_6 0 5.0 2.0,2.0 -66.29199999999975 1.5707963267948966 flow_11_6 0 5.0 2.0,2.0 144.6158705068014 1.5707963267948966 flow_5_2 0 5.0 2.0,-28.791999999999804 -6.0 0.0 flow_0_5 0 5.0 2.0,-89.90460253140447 -6.0 0.0 flow_0_13 0 5.0 2.0,-236.0 -10.0 0.0 flow_8_15 0 5.0 2.0,19.96350051833775 10.001921025350646 3.0890095919788518 flow_10_12 0 5.0 2.0,-5.266660000000001 -36.930820506801179 -1.5707963267948966 flow_6_5 1 5.0 2.0,-58.791999999999777 -6.0 0.0 flow_0_9 0 5.0 2.0,-6.0 291.0 -1.5707963267948966 flow_3_16 0 5.0 2.0,-9.442963561336072 3.770739759537613 0.6719061991080024 flow_5_6 0 5.0 2.0,26.625449999999718 2.0 3.141592653589793 flow_6_7 0 5.0 2.0,6.0 -21.29199999999986 1.5707963267948966 flow_2_10 0 5.0 2.0,10.0 -236.0 1.5707963267948966 flow_4_15 0 5.0 2.0,21.29199999999986 6.0 3.141592653589793 flow_1_4 0 5.0 2.0,-2.0 103.79199999999975 -1.5707963267948966 flow_9_11 0 5.0 2.0,-111.29199999999975 -2.0 0.0 flow_5_12 0 5.0 2.0,48.79204999999973 2.0 3.141592653589793 flow_6_8 0 5.0 2.0,-2.0 58.791999999999777 -1.5707963267948966 flow_9_5 0 5.0 2.0,-152.98499999999997 -6.0 0.0 flow_0_14 0 5.0 2.0,6.0 187.22937050680128 1.5707963267948966 flow_5_1 0 5.0 2.0,-2.0 291.0 -1.5707963267948966 flow_9_16 0 5.0 2.0,6.0 -152.98499999999997 1.5707963267948966 flow_2_14 0 5.0 2.0,2.0 -96.29199999999975 1.5707963267948966 flow_11_10 0 5.0 2.0,2.0 -21.29199999999986 1.5707963267948966 flow_11_0 0 5.0 2.0,-2.0 43.7919999999998 -1.5707963267948966 flow_9_3 0 5.0 2.0,-2.0 73.79199999999975 -1.5707963267948966 flow_9_7 0 5.0 2.0,2.0 -118.79199999999975 1.5707963267948966 flow_11_13 0 5.0 2.0,10.0 -291.0 1.5707963267948966 flow_4_16 0 5.0 2.0,69.63499999999988 10.0 3.141592653589793 flow_10_13 0 5.0 2.0,-10.0 69.63499999999988 -1.5707963267948966 flow_7_13 0 5.0 2.0,10.0 236.35582882866027 1.5707963267948966 flow_10_9 0 5.0 2.0,87.29199999999975 2.0 3.141592653589793 flow_6_10 0 5.0 2.0,153.0058288286602 -10.0 0.0 flow_4_10 0 5.0 2.0,236.35582882866027 -6.0 0.0 flow_4_9 0 5.0 2.0,-2.0 -71.2691705068014 -1.5707963267948966 flow_6_4 0 5.0 2.0,2.0 -51.2919999999998 1.5707963267948966 flow_11_4 0 5.0 2.0,-69.63499999999988 -10.0 0.0 flow_8_13 0 5.0 2.0,-66.62534999999974 -2.0 0.0 flow_5_9 0 5.0 2.0,-6.0 28.791999999999804 -1.5707963267948966 flow_3_11 0 5.0 2.0,2.0 -153.496333898284 1.5707963267948966 flow_11_14 0 5.0 2.0,118.79199999999975 2.0 3.141592653589793 flow_6_13 0 5.0 2.0,2.0 216.62937050680143 1.5707963267948966 flow_5_0 0 5.0 2.0,6.0 263.76500000000029 1.5707963267948966 flow_2_9 0 5.0 2.0,43.7919999999998 6.0 3.141592653589793 flow_1_7 0 5.0 2.0,10.0 -69.63499999999988 1.5707963267948966 flow_4_13 0 5.0 2.0,-36.2919999999998 -6.0 0.0 flow_0_6 0 5.0 2.0,-51.2919999999998 -6.0 0.0 flow_0_8 0 5.0 2.0,89.90460253140447 6.0 3.141592653589793 flow_1_13 0 5.0 2.0,10.0 -152.98499999999997 1.5707963267948966 flow_4_14 0 5.0 2.0,2.0 -111.29199999999975 1.5707963267948966 flow_11_12 0 5.0 2.0,-2.0 81.29199999999975 -1.5707963267948966 flow_9_8 0 5.0 2.0,-87.29199999999975 -2.0 0.0 flow_5_10 0 5.0 2.0,10.001921025350646 -19.96350051833775 1.518213265183955 flow_4_12 0 5.0 2.0,-19.96350051833775 -10.001921025350646 -0.05258306161094157 flow_8_12 0 5.0 2.0,-21.29199999999986 -6.0 0.0 flow_0_4 0 5.0 2.0,-10.0 291.0 -1.5707963267948966 flow_7_16 0 5.0 2.0,-2.0 21.29199999999986 -1.5707963267948966 flow_9_0 0 5.0 2.0,-10.0 -236.35582882866027 -1.5707963267948966 flow_8_9 0 5.0 2.0,-153.0058288286602 6.0 3.141592653589793 flow_7_10 0 5.0 2.0,-2.0 153.496333898284 -1.5707963267948966 flow_9_14 0 5.0 2.0,2.0 -36.2919999999998 1.5707963267948966 flow_11_2 0 5.0 2.0,-152.98499999999997 -10.0 0.0 flow_8_14 0 5.0 2.0,236.0 2.0 3.141592653589793 flow_6_15 0 5.0 2.0,-100.54199999999975 -2.0 0.0 flow_5_11 0 5.0 2.0,6.0 -36.2919999999998 1.5707963267948966 flow_2_12 0 5.0 2.0,-2.0 -144.6158705068014 -1.5707963267948966 flow_6_2 0 5.0 2.0,2.0 -103.79199999999975 1.5707963267948966 flow_11_11 0 5.0 2.0,291.0 10.0 3.141592653589793 flow_10_16 0 5.0 2.0,81.29199999999975 6.0 3.141592653589793 flow_1_12 0 5.0 2.0,-10.0 152.98499999999997 -1.5707963267948966 flow_7_14 0 5.0 2.0,-291.0 -10.0 0.0 flow_8_16 0 5.0 2.0,-69.6558288286602 10.0 3.141592653589793 flow_7_11 0 5.0 2.0,-73.79199999999975 -6.0 0.0 flow_0_11 0 5.0 2.0,-6.0 21.29199999999986 -1.5707963267948966 flow_3_10 0 5.0 2.0,111.29199999999975 2.0 3.141592653589793 flow_6_12 0 5.0 2.0,-236.35582882866027 10.0 3.141592653589793 flow_7_9 0 5.0 2.0,73.79199999999975 6.0 3.141592653589793 flow_1_11 0 5.0 2.0,6.0 -236.0 1.5707963267948966 flow_2_15 0 5.0 2.0,-10.0 236.0 -1.5707963267948966 flow_7_15 0 5.0 2.0,6.0 -28.791999999999804 1.5707963267948966 flow_2_11 0 5.0 2.0,6.0 110.1091705068014 1.5707963267948966 flow_5_3 0 5.0 2.0,-26.625449999999718 -2.0 0.0 flow_5_7 0 5.0 2.0,-6.0 -110.1091705068014 -1.5707963267948966 flow_6_3 0 5.0 2.0,69.6558288286602 -6.0 0.0 flow_4_11 0 5.0 2.0,-2.0 111.29199999999975 -1.5707963267948966 flow_9_12 0 5.0 2.0,36.2919999999998 6.0 3.141592653589793 flow_1_6 0 5.0 2.0,291.0 6.0 3.141592653589793 flow_1_16 0 5.0 2.0,236.0 6.0 3.141592653589793 flow_1_15 0 5.0 2.0,10.0 153.0058288286602 1.5707963267948966 flow_10_10 0 5.0 2.0,2.0 71.2691705068014 1.5707963267948966 flow_5_4 0 5.0 2.0,-10.0 -153.0058288286602 -1.5707963267948966 flow_8_10 0 5.0 2.0,-6.0 236.0 -1.5707963267948966 flow_3_15 0 5.0 2.0,-236.0 -6.0 0.0 flow_0_15 0 5.0 2.0,2.0 -81.29199999999975 1.5707963267948966 flow_11_8 0 5.0 2.0,152.98499999999997 6.0 3.141592653589793 flow_1_14 0 5.0 2.0,-6.0 36.2919999999998 -1.5707963267948966 flow_3_12 0 5.0 2.0,-48.79204999999973 -2.0 0.0 flow_5_8 0 5.0 2.0,-153.496333898284 -2.0 0.0 flow_5_14 0 5.0 2.0,5.266660000000001 36.930820506801179 1.5707963267948966 flow_5_5 1 5.0 2.0,100.54199999999975 2.0 3.141592653589793 flow_6_11 0 5.0 2.0,2.0 -88.79199999999975 1.5707963267948966 flow_11_9 0 5.0 2.0,2.0 -236.0 1.5707963267948966 flow_11_15 0 5.0 2.0,-291.0 -2.0 0.0 flow_5_16 0 5.0 2.0,-6.0 -263.76500000000029 -1.5707963267948966 flow_3_9 0 5.0 2.0,-6.0 -187.22937050680128 -1.5707963267948966 flow_6_1 0 5.0 2.0,153.496333898284 2.0 3.141592653589793 flow_6_14 0 5.0 2.0,-2.0 236.0 -1.5707963267948966 flow_9_15 0 5.0 2.0,-2.0 88.79199999999975 -1.5707963267948966 flow_9_9 0 5.0 2.0,66.62534999999974 2.0 3.141592653589793 flow_6_9 0 5.0 2.0,51.2919999999998 6.0 3.141592653589793 flow_1_8 0 5.0 2.0,-2.0 28.791999999999804 -1.5707963267948966 flow_9_1 0 5.0 2.0,6.0 -291.0 1.5707963267948966 flow_2_16 0 5.0 2.0,-81.29199999999975 -6.0 0.0 flow_0_12 0 5.0 2.0,2.0 -43.7919999999998 1.5707963267948966 flow_11_3 0 5.0 2.0,-2.0 -216.62937050680143 -1.5707963267948966 flow_6_0 0 5.0 2.0,-6.0 152.98499999999997 -1.5707963267948966 flow_3_14 0 5.0 2.0,-66.29199999999975 -6.0 0.0 flow_0_10 0 5.0 2.0,-2.0 118.79199999999975 -1.5707963267948966 flow_9_13 0 5.0 2.0,;road_0_1_0 g r g,road_1_0_1 r r g,road_1_2_3 r r g,road_2_1_2 g r g,
2.0 -73.79199999999975 1.5707963267948966 flow_11_7 0 5.0 2.0,284.0 2.0 3.141592653589793 flow_6_16 0 5.0 2.0,-6.0 57.0715174797877 -1.5707963267948966 flow_3_13 0 5.0 2.0,10.0 86.3258288286602 1.5707963267948966 flow_10_11 0 5.0 2.0,-2.0 51.2919999999998 -1.5707963267948966 flow_9_4 0 5.0 2.0,-219.665 -2.0 0.0 flow_5_15 0 5.0 2.0,66.29199999999975 6.0 3.141592653589793 flow_1_10 0 5.0 2.0,-13.476783965535605 11.700813119107233 -2.4558631426835069 flow_7_12 0 5.0 2.0,219.665 10.0 3.141592653589793 flow_10_15 0 5.0 2.0,136.31499999999995 10.0 3.141592653589793 flow_10_14 0 5.0 2.0,-2.0 36.2919999999998 -1.5707963267948966 flow_9_2 0 5.0 2.0,-43.7919999999998 -6.0 0.0 flow_0_7 0 5.0 2.0,6.0 -57.0715174797877 1.5707963267948966 flow_2_13 0 5.0 2.0,-10.0 -86.3258288286602 -1.5707963267948966 flow_8_11 0 5.0 2.0,2.0 -284.0 1.5707963267948966 flow_11_16 0 5.0 2.0,58.791999999999777 6.0 3.141592653589793 flow_1_9 0 5.0 2.0,-284.0 -6.0 0.0 flow_0_16 0 5.0 2.0,-2.0 66.29199999999975 -1.5707963267948966 flow_9_6 0 5.0 2.0,-118.79199999999975 -2.0 0.0 flow_5_13 0 5.0 2.0,2.0 -28.791999999999804 1.5707963267948966 flow_11_1 0 5.0 2.0,-2.0 96.29199999999975 -1.5707963267948966 flow_9_10 0 5.0 2.0,2.0 -58.791999999999777 1.5707963267948966 flow_11_5 0 5.0 2.0,28.791999999999804 6.0 3.141592653589793 flow_1_5 0 5.0 2.0,1.7132161042660772 -12.029867230828414 -2.242702525902899 flow_6_6 0 5.0 2.0,2.0 -66.29199999999975 1.5707963267948966 flow_11_6 0 5.0 2.0,2.0 161.28587050680143 1.5707963267948966 flow_5_2 0 5.0 2.0,-28.791999999999804 -6.0 0.0 flow_0_5 0 5.0 2.0,-88.79199999999975 -6.0 0.0 flow_0_13 0 5.0 2.0,-219.665 -10.0 0.0 flow_8_15 0 5.0 2.0,11.700813119107233 13.476783965535605 2.2565258377011836 flow_10_12 0 5.0 2.0,-58.791999999999777 -6.0 0.0 flow_0_9 0 5.0 2.0,-6.0 284.0 -1.5707963267948966 flow_3_16 0 5.0 2.0,-1.7132161042660772 12.029867230828414 0.8988901276868943 flow_5_6 0 5.0 2.0,18.323720062706703 1.6731404057871747 -2.9490179930310647 flow_6_7 0 5.0 2.0,6.0 -21.29199999999986 1.5707963267948966 flow_2_10 0 5.0 2.0,10.0 -219.665 1.5707963267948966 flow_4_15 0 5.0 2.0,21.29199999999986 6.0 3.141592653589793 flow_1_4 0 5.0 2.0,-2.0 103.79199999999975 -1.5707963267948966 flow_9_11 0 5.0 2.0,-110.29199999999975 -2.0 0.0 flow_5_12 0 5.0 2.0,40.458749999999728 2.0 3.141592653589793 flow_6_8 0 5.0 2.0,-2.0 58.791999999999777 -1.5707963267948966 flow_9_5 0 5.0 2.0,-136.31499999999995 -6.0 0.0 flow_0_14 0 5.0 2.0,6.0 203.8993705068013 1.5707963267948966 flow_5_1 0 5.0 2.0,-2.0 284.0 -1.5707963267948966 flow_9_16 0 5.0 2.0,6.0 -136.31499999999995 1.5707963267948966 flow_2_14 0 5.0 2.0,2.0 -96.29199999999975 1.5707963267948966 flow_11_10 0 5.0 2.0,2.0 -21.29199999999986 1.5707963267948966 flow_11_0 0 5.0 2.0,-2.0 43.7919999999998 -1.5707963267948966 flow_9_3 0 5.0 2.0,-2.0 73.79199999999975 -1.5707963267948966 flow_9_7 0 5.0 2.0,2.0 -118.79199999999975 1.5707963267948966 flow_11_13 0 5.0 2.0,10.0 -284.0 1.5707963267948966 flow_4_16 0 5.0 2.0,55.21499999999986 10.0 3.141592653589793 flow_10_13 0 5.0 2.0,-10.0 55.21499999999986 -1.5707963267948966 flow_7_13 0 5.0 2.0,10.0 253.02582882866029 1.5707963267948966 flow_10_9 0 5.0 2.0,80.29199999999975 2.0 3.141592653589793 flow_6_10 0 5.0 2.0,6.0 53.43247050680118 1.5707963267948966 flow_5_5 0 5.0 2.0,169.6758288286602 -10.0 0.0 flow_4_10 0 5.0 2.0,253.02582882866029 -6.0 0.0 flow_4_9 0 5.0 2.0,-2.0 -87.9391705068014 -1.5707963267948966 flow_6_4 0 5.0 2.0,2.0 -51.2919999999998 1.5707963267948966 flow_11_4 0 5.0 2.0,-55.21499999999986 -10.0 0.0 flow_8_13 0 5.0 2.0,-58.29204999999973 -2.0 0.0 flow_5_9 0 5.0 2.0,-6.0 28.791999999999804 -1.5707963267948966 flow_3_11 0 5.0 2.0,2.0 -140.09900169485207 1.5707963267948966 flow_11_14 0 5.0 2.0,118.79199999999975 2.0 3.141592653589793 flow_6_13 0 5.0 2.0,2.0 233.29937050680145 1.5707963267948966 flow_5_0 0 5.0 2.0,6.0 280.4350000000003 1.5707963267948966 flow_2_9 0 5.0 2.0,43.7919999999998 6.0 3.141592653589793 flow_1_7 0 5.0 2.0,10.0 -55.21499999999986 1.5707963267948966 flow_4_13 0 5.0 2.0,-36.2919999999998 -6.0 0.0 flow_0_6 0 5.0 2.0,-51.2919999999998 -6.0 0.0 flow_0_8 0 5.0 2.0,88.79199999999975 6.0 3.141592653589793 flow_1_13 0 5.0 2.0,10.0 -136.31499999999995 1.5707963267948966 flow_4_14 0 5.0 2.0,2.0 -111.29199999999975 1.5707963267948966 flow_11_12 0 5.0 2.0,-2.0 81.29199999999975 -1.5707963267948966 flow_9_8 0 5.0 2.0,-80.29199999999975 -2.0 0.0 flow_5_10 0 5.0 2.0,13.476783965535605 -11.700813119107233 0.6857295109062868 flow_4_12 0 5.0 2.0,-11.700813119107233 -13.476783965535605 -0.8850668158886099 flow_8_12 0 5.0 2.0,-21.29199999999986 -6.0 0.0 flow_0_4 0 5.0 2.0,-10.0 284.0 -1.5707963267948966 flow_7_16 0 5.0 2.0,-2.0 21.29199999999986 -1.5707963267948966 flow_9_0 0 5.0 2.0,-10.0 -253.02582882866029 -1.5707963267948966 flow_8_9 0 5.0 2.0,-169.6758288286602 6.0 3.141592653589793 flow_7_10 0 5.0 2.0,-2.0 140.09900169485207 -1.5707963267948966 flow_9_14 0 5.0 2.0,2.0 -36.2919999999998 1.5707963267948966 flow_11_2 0 5.0 2.0,-136.31499999999995 -10.0 0.0 flow_8_14 0 5.0 2.0,219.665 2.0 3.141592653589793 flow_6_15 0 5.0 2.0,-96.04199999999975 -2.0 0.0 flow_5_11 0 5.0 2.0,6.0 -36.2919999999998 1.5707963267948966 flow_2_12 0 5.0 2.0,-2.0 -161.28587050680143 -1.5707963267948966 flow_6_2 0 5.0 2.0,2.0 -103.79199999999975 1.5707963267948966 flow_11_11 0 5.0 2.0,284.0 10.0 3.141592653589793 flow_10_16 0 5.0 2.0,81.29199999999975 6.0 3.141592653589793 flow_1_12 0 5.0 2.0,-10.0 136.31499999999995 -1.5707963267948966 flow_7_14 0 5.0 2.0,-284.0 -10.0 0.0 flow_8_16 0 5.0 2.0,-86.3258288286602 10.0 3.141592653589793 flow_7_11 0 5.0 2.0,-73.79199999999975 -6.0 0.0 flow_0_11 0 5.0 2.0,-6.0 21.29199999999986 -1.5707963267948966 flow_3_10 0 5.0 2.0,110.29199999999975 2.0 3.141592653589793 flow_6_12 0 5.0 2.0,-253.02582882866029 10.0 3.141592653589793 flow_7_9 0 5.0 2.0,73.79199999999975 6.0 3.141592653589793 flow_1_11 0 5.0 2.0,6.0 -219.665 1.5707963267948966 flow_2_15 0 5.0 2.0,-10.0 219.665 -1.5707963267948966 flow_7_15 0 5.0 2.0,6.0 -28.791999999999804 1.5707963267948966 flow_2_11 0 5.0 2.0,6.0 126.7791705068014 1.5707963267948966 flow_5_3 0 5.0 2.0,-18.323720062706703 -1.6731404057871747 0.1925746605587287 flow_5_7 0 5.0 2.0,-6.0 -126.7791705068014 -1.5707963267948966 flow_6_3 0 5.0 2.0,86.3258288286602 -6.0 0.0 flow_4_11 0 5.0 2.0,-2.0 111.29199999999975 -1.5707963267948966 flow_9_12 0 5.0 2.0,36.2919999999998 6.0 3.141592653589793 flow_1_6 0 5.0 2.0,284.0 6.0 3.141592653589793 flow_1_16 0 5.0 2.0,219.665 6.0 3.141592653589793 flow_1_15 0 5.0 2.0,10.0 169.6758288286602 1.5707963267948966 flow_10_10 0 5.0 2.0,2.0 87.9391705068014 1.5707963267948966 flow_5_4 0 5.0 2.0,-10.0 -169.6758288286602 -1.5707963267948966 flow_8_10 0 5.0 2.0,-6.0 219.665 -1.5707963267948966 flow_3_15 0 5.0 2.0,-219.665 -6.0 0.0 flow_0_15 0 5.0 2.0,2.0 -81.29199999999975 1.5707963267948966 flow_11_8 0 5.0 2.0,136.31499999999995 6.0 3.141592653589793 flow_1_14 0 5.0 2.0,-6.0 36.2919999999998 -1.5707963267948966 flow_3_12 0 5.0 2.0,-40.458749999999728 -2.0 0.0 flow_5_8 0 5.0 2.0,-140.09900169485207 -2.0 0.0 flow_5_14 0 5.0 2.0,-6.0 -53.43247050680118 -1.5707963267948966 flow_6_5 0 5.0 2.0,96.04199999999975 2.0 3.141592653589793 flow_6_11 0 5.0 2.0,2.0 -88.79199999999975 1.5707963267948966 flow_11_9 0 5.0 2.0,2.0 -219.665 1.5707963267948966 flow_11_15 0 5.0 2.0,-284.0 -2.0 0.0 flow_5_16 0 5.0 2.0,-6.0 -280.4350000000003 -1.5707963267948966 flow_3_9 0 5.0 2.0,-6.0 -203.8993705068013 -1.5707963267948966 flow_6_1 0 5.0 2.0,140.09900169485207 2.0 3.141592653589793 flow_6_14 0 5.0 2.0,-2.0 219.665 -1.5707963267948966 flow_9_15 0 5.0 2.0,-2.0 88.79199999999975 -1.5707963267948966 flow_9_9 0 5.0 2.0,58.29204999999973 2.0 3.141592653589793 flow_6_9 0 5.0 2.0,51.2919999999998 6.0 3.141592653589793 flow_1_8 0 5.0 2.0,-2.0 28.791999999999804 -1.5707963267948966 flow_9_1 0 5.0 2.0,6.0 -284.0 1.5707963267948966 flow_2_16 0 5.0 2.0,-81.29199999999975 -6.0 0.0 flow_0_12 0 5.0 2.0,2.0 -43.7919999999998 1.5707963267948966 flow_11_3 0 5.0 2.0,-2.0 -233.29937050680145 -1.5707963267948966 flow_6_0 0 5.0 2.0,-6.0 136.31499999999995 -1.5707963267948966 flow_3_14 0 5.0 2.0,-66.29199999999975 -6.0 0.0 flow_0_10 0 5.0 2.0,-2.0 118.79199999999975 -1.5707963267948966 flow_9_13 0 5.0 2.0,;road_0_1_0 g r g,road_1_0_1 r r g,road_1_2_3 r r g,road_2_1_2 g r g,
2.0 -73.79199999999975 1.5707963267948966 flow_11_7 0 5.0 2.0,275.0 2.0 3.141592653589793 flow_6_16 0 5.0 2.0,-6.0 48.389195799646248 -1.5707963267948966 flow_3_13 0 5.0 2.0,10.0 102.9958288286602 1.5707963267948966 flow_10_11 0 5.0 2.0,-2.0 51.2919999999998 -1.5707963267948966 flow_9_4 0 5.0 2.0,-202.995 -2.0 0.0 flow_5_15 0 5.0 2.0,66.29199999999975 6.0 3.141592653589793 flow_1_10 0 5.0 2.0,-24.487578828660206 10.0 3.141592653589793 flow_7_12 0 5.0 2.0,202.995 10.0 3.141592653589793 flow_10_15 0 5.0 2.0,119.64499999999993 10.0 3.141592653589793 flow_10_14 0 5.0 2.0,-2.0 36.2919999999998 -1.5707963267948966 flow_9_2 0 5.0 2.0,-43.7919999999998 -6.0 0.0 flow_0_7 0 5.0 2.0,6.0 -48.389195799646248 1.5707963267948966 flow_2_13 0 5.0 2.0,-10.0 -102.9958288286602 -1.5707963267948966 flow_8_11 0 5.0 2.0,2.0 -275.0 1.5707963267948966 flow_11_16 0 5.0 2.0,58.791999999999777 6.0 3.141592653589793 flow_1_9 0 5.0 2.0,-275.0 -6.0 0.0 flow_0_16 0 5.0 2.0,-2.0 66.29199999999975 -1.5707963267948966 flow_9_6 0 5.0 2.0,-118.04199999999975 -2.0 0.0 flow_5_13 0 5.0 2.0,2.0 -28.791999999999804 1.5707963267948966 flow_11_1 0 5.0 2.0,-2.0 96.29199999999975 -1.5707963267948966 flow_9_10 0 5.0 2.0,2.0 -58.791999999999777 1.5707963267948966 flow_11_5 0 5.0 2.0,28.791999999999804 6.0 3.141592653589793 flow_1_5 0 5.0 2.0,-2.0 -24.430820506801468 -1.5707963267948966 flow_6_6 0 5.0 2.0,2.0 -66.29199999999975 1.5707963267948966 flow_11_6 0 5.0 2.0,2.0 177.95587050680144 1.5707963267948966 flow_5_2 0 5.0 2.0,-28.791999999999804 -6.0 0.0 flow_0_5 0 5.0 2.0,-88.79199999999975 -6.0 0.0 flow_0_13 0 5.0 2.0,-202.995 -10.0 0.0 flow_8_15 0 5.0 2.0,10.0 24.487578828660206 1.5707963267948966 flow_10_12 0 5.0 2.0,-58.791999999999777 -6.0 0.0 flow_0_9 0 5.0 2.0,-6.0 275.0 -1.5707963267948966 flow_3_16 0 5.0 2.0,2.0 24.430820506801468 1.5707963267948966 flow_5_6 0 5.0 2.0,10.356065588774749 -3.0444935358039846 -2.4696864544817909 flow_6_7 0 5.0 2.0,6.0 -21.29199999999986 1.5707963267948966 flow_2_10 0 5.0 2.0,10.0 -202.995 1.5707963267948966 flow_4_15 0 5.0 2.0,21.29199999999986 6.0 3.141592653589793 flow_1_4 0 5.0 2.0,-2.0 103.79199999999975 -1.5707963267948966 flow_9_11 0 5.0 2.0,-107.29199999999975 -2.0 0.0 flow_5_12 0 5.0 2.0,32.12544999999972 2.0 3.141592653589793 flow_6_8 0 5.0 2.0,-2.0 58.791999999999777 -1.5707963267948966 flow_9_5 0 5.0 2.0,-120.58657144773747 -6.0 0.0 flow_0_14 0 5.0 2.0,6.0 220.5693705068013 1.5707963267948966 flow_5_1 0 5.0 2.0,-2.0 275.0 -1.5707963267948966 flow_9_16 0 5.0 2.0,6.0 -119.64499999999993 1.5707963267948966 flow_2_14 0 5.0 2.0,2.0 -96.29199999999975 1.5707963267948966 flow_11_10 0 5.0 2.0,2.0 -21.29199999999986 1.5707963267948966 flow_11_0 0 5.0 2.0,-2.0 43.7919999999998 -1.5707963267948966 flow_9_3 0 5.0 2.0,-2.0 73.79199999999975 -1.5707963267948966 flow_9_7 0 5.0 2.0,2.0 -118.79199999999975 1.5707963267948966 flow_11_13 0 5.0 2.0,10.0 -275.0 1.5707963267948966 flow_4_16 0 5.0 2.0,44.96334999999985 10.0 3.141592653589793 flow_10_13 0 5.0 2.0,-10.0 44.96334999999985 -1.5707963267948966 flow_7_13 0 5.0 2.0,10.0 269.6958288286603 1.5707963267948966 flow_10_9 0 5.0 2.0,72.12534999999974 2.0 3.141592653589793 flow_6_10 0 5.0 2.0,6.0 70.10247050680118 1.5707963267948966 flow_5_5 0 5.0 2.0,186.34582882866023 -10.0 0.0 flow_4_10 0 5.0 2.0,269.6958288286603 -6.0 0.0 flow_4_9 0 5.0 2.0,-2.0 -104.6091705068014 -1.5707963267948966 flow_6_4 0 5.0 2.0,2.0 -51.2919999999998 1.5707963267948966 flow_11_4 0 5.0 2.0,-44.96334999999985 -10.0 0.0 flow_8_13 0 5.0 2.0,-49.958749999999728 -2.0 0.0 flow_5_9 0 5.0 2.0,-6.0 28.791999999999804 -1.5707963267948966 flow_3_11 0 5.0 2.0,2.0 -131.20166949142013 1.5707963267948966 flow_11_14 0 5.0 2.0,118.04199999999975 2.0 3.141592653589793 flow_6_13 0 5.0 2.0,2.0 249.96937050680146 1.5707963267948966 flow_5_0 0 5.0 2.0,6.0 297.1050000000003 1.5707963267948966 flow_2_9 0 5.0 2.0,43.7919999999998 6.0 3.141592653589793 flow_1_7 0 5.0 2.0,10.0 -44.96334999999985 1.5707963267948966 flow_4_13 0 5.0 2.0,-36.2919999999998 -6.0 0.0 flow_0_6 0 5.0 2.0,-51.2919999999998 -6.0 0.0 flow_0_8 0 5.0 2.0,88.79199999999975 6.0 3.141592653589793 flow_1_13 0 5.0 2.0,10.0 -119.64499999999993 1.5707963267948966 flow_4_14 0 5.0 2.0,2.0 -111.29199999999975 1.5707963267948966 flow_11_12 0 5.0 2.0,-2.0 81.29199999999975 -1.5707963267948966 flow_9_8 0 5.0 2.0,-72.12534999999974 -2.0 0.0 flow_5_10 0 5.0 2.0,24.487578828660206 -10.0 0.0 flow_4_12 0 5.0 2.0,-10.0 -24.487578828660206 -1.5707963267948966 flow_8_12 0 5.0 2.0,-21.29199999999986 -6.0 0.0 flow_0_4 0 5.0 2.0,-10.0 275.0 -1.5707963267948966 flow_7_16 0 5.0 2.0,-2.0 21.29199999999986 -1.5707963267948966 flow_9_0 0 5.0 2.0,-10.0 -269.6958288286603 -1.5707963267948966 flow_8_9 0 5.0 2.0,-186.34582882866023 6.0 3.141592653589793 flow_7_10 0 5.0 2.0,-2.0 131.20166949142013 -1.5707963267948966 flow_9_14 0 5.0 2.0,2.0 -36.2919999999998 1.5707963267948966 flow_11_2 0 5.0 2.0,-119.64499999999993 -10.0 0.0 flow_8_14 0 5.0 2.0,202.995 2.0 3.141592653589793 flow_6_15 0 5.0 2.0,-89.54199999999975 -2.0 0.0 flow_5_11 0 5.0 2.0,6.0 -36.2919999999998 1.5707963267948966 flow_2_12 0 5.0 2.0,-2.0 -177.95587050680144 -1.5707963267948966 flow_6_2 0 5.0 2.0,2.0 -103.79199999999975 1.5707963267948966 flow_11_11 0 5.0 2.0,275.0 10.0 3.141592653589793 flow_10_16 0 5.0 2.0,81.29199999999975 6.0 3.141592653589793 flow_1_12 0 5.0 2.0,-10.0 119.64499999999993 -1.5707963267948966 flow_7_14 0 5.0 2.0,-275.0 -10.0 0.0 flow_8_16 0 5.0 2.0,-102.9958288286602 10.0 3.141592653589793 flow_7_11 0 5.0 2.0,-73.79199999999975 -6.0 0.0 flow_0_11 0 5.0 2.0,-6.0 21.29199999999986 -1.5707963267948966 flow_3_10 0 5.0 2.0,107.29199999999975 2.0 3.141592653589793 flow_6_12 0 5.0 2.0,-269.6958288286603 10.0 3.141592653589793 flow_7_9 0 5.0 2.0,73.79199999999975 6.0 3.141592653589793 flow_1_11 0 5.0 2.0,6.0 -202.995 1.5707963267948966 flow_2_15 0 5.0 2.0,-10.0 202.995 -1.5707963267948966 flow_7_15 0 5.0 2.0,6.0 -28.791999999999804 1.5707963267948966 flow_2_11 0 5.0 2.0,6.0 143.4491705068014 1.5707963267948966 flow_5_3 0 5.0 2.0,-10.356065588774749 3.0444935358039846 0.6719061991080024 flow_5_7 0 5.0 2.0,-6.0 -143.4491705068014 -1.5707963267948966 flow_6_3 0 5.0 2.0,102.9958288286602 -6.0 0.0 flow_4_11 0 5.0 2.0,-2.0 111.29199999999975 -1.5707963267948966 flow_9_12 0 5.0 2.0,36.2919999999998 6.0 3.141592653589793 flow_1_6 0 5.0 2.0,275.0 6.0 3.141592653589793 flow_1_16 0 5.0 2.0,202.995 6.0 3.141592653589793 flow_1_15 0 5.0 2.0,10.0 186.34582882866023 1.5707963267948966 flow_10_10 0 5.0 2.0,2.0 104.6091705068014 1.5707963267948966 flow_5_4 0 5.0 2.0,-10.0 -186.34582882866023 -1.5707963267948966 flow_8_10 0 5.0 2.0,-6.0 202.995 -1.5707963267948966 flow_3_15 0 5.0 2.0,-202.995 -6.0 0.0 flow_0_15 0 5.0 2.0,2.0 -81.29199999999975 1.5707963267948966 flow_11_8 0 5.0 2.0,120.58657144773747 6.0 3.141592653589793 flow_1_14 0 5.0 2.0,-6.0 36.2919999999998 -1.5707963267948966 flow_3_12 0 5.0 2.0,-32.12544999999972 -2.0 0.0 flow_5_8 0 5.0 2.0,-131.20166949142013 -2.0 0.0 flow_5_14 0 5.0 2.0,-6.0 -70.10247050680118 -1.5707963267948966 flow_6_5 0 5.0 2.0,89.54199999999975 2.0 3.141592653589793 flow_6_11 0 5.0 2.0,2.0 -88.79199999999975 1.5707963267948966 flow_11_9 0 5.0 2.0,2.0 -202.995 1.5707963267948966 flow_11_15 0 5.0 2.0,-275.0 -2.0 0.0 flow_5_16 0 5.0 2.0,-6.0 -297.1050000000003 -1.5707963267948966 flow_3_9 0 5.0 2.0,-6.0 -220.5693705068013 -1.5707963267948966 flow_6_1 0 5.0 2.0,131.20166949142013 2.0 3.141592653589793 flow_6_14 0 5.0 2.0,-2.0 202.995 -1.5707963267948966 flow_9_15 0 5.0 2.0,-2.0 88.79199999999975 -1.5707963267948966 flow_9_9 0 5.0 2.0,49.958749999999728 2.0 3.141592653589793 flow_6_9 0 5.0 2.0,51.2919999999998 6.0 3.141592653589793 flow_1_8 0 5.0 2.0,-2.0 28.791999999999804 -1.5707963267948966 flow_9_1 0 5.0 2.0,6.0 -275.0 1.5707963267948966 flow_2_16 0 5.0 2.0,-81.29199999999975 -6.0 0.0 flow_0_12 0 5.0 2.0,2.0 -43.7919999999998 1.5707963267948966 flow_11_3 0 5.0 2.0,-2.0 -249.96937050680146 -1.5707963267948966 flow_6_0 0 5.0 2.0,-6.0 119.64499999999993 -1.5707963267948966 flow_3_14 0 5.0 2.0,-66.29199999999975 -6.0 0.0 flow_0_10 0 5.0 2.0,-2.0 118.79199999999975 -1.5707963267948966 flow_9_13 0 5.0 2.0,;road_0_1_0 g r g,road_1_0_1 r r g,road_1_2_3 r r g,road_2_1_2 g r g,
2.0 -73.79199999999975 1.5707963267948966 flow_11_7 0 5.0 2.0,264.0 2.0 3.141592653589793 flow_6_16 0 5.0 2.0,-299.0 -10.0 0.0 flow_8_17 0 5.0 2.0,-6.0 44.20687411950479 -1.5707963267948966 flow_3_13 0 5.0 2.0,10.0 119.66582882866021 1.5707963267948966 flow_10_11 0 5.0 2.0,-2.0 51.2919999999998 -1.5707963267948966 flow_9_4 0 5.0 2.0,-186.325 -2.0 0.0 flow_5_15 0 5.0 2.0,66.29199999999975 6.0 3.141592653589793 flow_1_10 0 5.0 2.0,-37.820878828660209 7.1333400000000009 3.141592653589793 flow_7_12 -1 5.0 2.0,186.325 10.0 3.141592653589793 flow_10_15 0 5.0 2.0,102.97499999999991 10.0 3.141592653589793 flow_10_14 0 5.0 2.0,-2.0 36.2919999999998 -1.5707963267948966 flow_9_2 0 5.0 2.0,-43.7919999999998 -6.0 0.0 flow_0_7 0 5.0 2.0,6.0 -44.20687411950479 1.5707963267948966 flow_2_13 0 5.0 2.0,-10.0 -119.66582882866021 -1.5707963267948966 flow_8_11 0 5.0 2.0,2.0 -264.0 1.5707963267948966 flow_11_16 0 5.0 2.0,58.791999999999777 6.0 3.141592653589793 flow_1_9 0 5.0 2.0,-264.0 -6.0 0.0 flow_0_16 0 5.0 2.0,-2.0 66.29199999999975 -1.5707963267948966 flow_9_6 0 5.0 2.0,-115.54199999999975 -2.0 0.0 flow_5_13 0 5.0 2.0,2.0 -28.791999999999804 1.5707963267948966 flow_11_1 0 5.0 2.0,-2.0 96.29199999999975 -1.5707963267948966 flow_9_10 0 5.0 2.0,2.0 -58.791999999999777 1.5707963267948966 flow_11_5 0 5.0 2.0,299.0 2.0 3.141592653589793 flow_6_17 0 5.0 2.0,28.791999999999804 6.0 3.141592653589793 flow_1_5 0 5.0 2.0,-2.0 -39.76412050680147 -1.5707963267948966 flow_6_6 0 5.0 2.0,2.0 -66.29199999999975 1.5707963267948966 flow_11_6 0 5.0 2.0,2.0 194.62587050680146 1.5707963267948966 flow_5_2 0 5.0 2.0,-28.791999999999804 -6.0 0.0 flow_0_5 0 5.0 2.0,-88.79199999999975 -6.0 0.0 flow_0_13 0 5.0 2.0,-186.325 -10.0 0.0 flow_8_15 0 5.0 2.0,10.0 37.820878828660209 1.5707963267948966 flow_10_12 0 5.0 2.0,-58.791999999999777 -6.0 0.0 flow_0_9 0 5.0 2.0,-6.0 264.0 -1.5707963267948966 flow_3_16 0 5.0 2.0,2.0 39.76412050680147 1.5707963267948966 flow_5_6 0 5.0 2.0,2.4394623279997056 -11.116765203389737 -2.242702525902899 flow_6_7 0 5.0 2.0,6.0 -21.29199999999986 1.5707963267948966 flow_2_10 0 5.0 2.0,10.0 -186.325 1.5707963267948966 flow_4_15 0 5.0 2.0,21.29199999999986 6.0 3.141592653589793 flow_1_4 0 5.0 2.0,-2.0 103.79199999999975 -1.5707963267948966 flow_9_11 0 5.0 2.0,-102.29199999999975 -2.0 0.0 flow_5_12 0 5.0 2.0,23.792149999999709 2.0 3.141592653589793 flow_6_8 0 5.0 2.0,-2.0 58.791999999999777 -1.5707963267948966 flow_9_5 0 5.0 2.0,-108.04971434321254 -6.0 0.0 flow_0_14 0 5.0 2.0,6.0 237.23937050680136 1.5707963267948966 flow_5_1 0 5.0 2.0,-2.0 264.0 -1.5707963267948966 flow_9_16 0 5.0 2.0,6.0 -102.97499999999991 1.5707963267948966 flow_2_14 0 5.0 2.0,-10.0 299.0 -1.5707963267948966 flow_7_17 0 5.0 2.0,2.0 -96.29199999999975 1.5707963267948966 flow_11_10 0 5.0 2.0,6.0 -299.0 1.5707963267948966 flow_2_17 0 5.0 2.0,2.0 -21.29199999999986 1.5707963267948966 flow_11_0 0 5.0 2.0,-2.0 43.7919999999998 -1.5707963267948966 flow_9_3 0 5.0 2.0,-2.0 73.79199999999975 -1.5707963267948966 flow_9_7 0 5.0 2.0,2.0 -118.79199999999975 1.5707963267948966 flow_11_13 0 5.0 2.0,10.0 -264.0 1.5707963267948966 flow_4_16 0 5.0 2.0,36.63004999999987 10.0 3.141592653589793 flow_10_13 0 5.0 2.0,-10.0 36.63004999999987 -1.5707963267948966 flow_7_13 0 5.0 2.0,10.0 286.3658288286603 1.5707963267948966 flow_10_9 0 5.0 2.0,63.79204999999973 2.0 3.141592653589793 flow_6_10 0 5.0 2.0,6.0 86.77247050680119 1.5707963267948966 flow_5_5 0 5.0 2.0,203.01582882866024 -10.0 0.0 flow_4_10 0 5.0 2.0,286.3658288286603 -6.0 0.0 flow_4_9 0 5.0 2.0,-2.0 -121.2791705068014 -1.5707963267948966 flow_6_4 0 5.0 2.0,299.0 6.0 3.141592653589793 flow_1_17 0 5.0 2.0,2.0 -51.2919999999998 1.5707963267948966 flow_11_4 0 5.0 2.0,-36.63004999999987 -10.0 0.0 flow_8_13 0 5.0 2.0,-41.62544999999972 -2.0 0.0 flow_5_9 0 5.0 2.0,-6.0 28.791999999999804 -1.5707963267948966 flow_3_11 0 5.0 2.0,2.0 -126.80433728798818 1.5707963267948966 flow_11_14 0 5.0 2.0,115.54199999999975 2.0 3.141592653589793 flow_6_13 0 5.0 2.0,2.0 266.63937050680149 1.5707963267948966 flow_5_0 0 5.0 2.0,43.7919999999998 6.0 3.141592653589793 flow_1_7 0 5.0 2.0,10.0 -36.63004999999987 1.5707963267948966 flow_4_13 0 5.0 2.0,-36.2919999999998 -6.0 0.0 flow_0_6 0 5.0 2.0,-51.2919999999998 -6.0 0.0 flow_0_8 0 5.0 2.0,88.79199999999975 6.0 3.141592653589793 flow_1_13 0 5.0 2.0,10.0 -102.97499999999991 1.5707963267948966 flow_4_14 0 5.0 2.0,2.0 -111.29199999999975 1.5707963267948966 flow_11_12 0 5.0 2.0,-2.0 81.29199999999975 -1.5707963267948966 flow_9_8 0 5.0 2.0,-63.79204999999973 -2.0 0.0 flow_5_10 0 5.0 2.0,37.820878828660209 -10.0 0.0 flow_4_12 0 5.0 2.0,-10.0 -37.820878828660209 -1.5707963267948966 flow_8_12 0 5.0 2.0,-21.29199999999986 -6.0 0.0 flow_0_4 0 5.0 2.0,-10.0 264.0 -1.5707963267948966 flow_7_16 0 5.0 2.0,-2.0 21.29199999999986 -1.5707963267948966 flow_9_0 0 5.0 2.0,-10.0 -286.3658288286603 -1.5707963267948966 flow_8_9 0 5.0 2.0,-203.01582882866024 6.0 3.141592653589793 flow_7_10 0 5.0 2.0,-2.0 126.80433728798818 -1.5707963267948966 flow_9_14 0 5.0 2.0,2.0 -36.2919999999998 1.5707963267948966 flow_11_2 0 5.0 2.0,-102.97499999999991 -10.0 0.0 flow_8_14 0 5.0 2.0,-2.0 299.0 -1.5707963267948966 flow_9_17 0 5.0 2.0,186.325 2.0 3.141592653589793 flow_6_15 0 5.0 2.0,-81.54201249999972 -2.0 0.0 flow_5_11 0 5.0 2.0,6.0 -36.2919999999998 1.5707963267948966 flow_2_12 0 5.0 2.0,-2.0 -194.62587050680146 -1.5707963267948966 flow_6_2 0 5.0 2.0,2.0 -103.79199999999975 1.5707963267948966 flow_11_11 0 5.0 2.0,264.0 10.0 3.141592653589793 flow_10_16 0 5.0 2.0,81.29199999999975 6.0 3.141592653589793 flow_1_12 0 5.0 2.0,-10.0 102.97499999999991 -1.5707963267948966 flow_7_14 0 5.0 2.0,-299.0 -6.0 0.0 flow_0_17 0 5.0 2.0,-264.0 -10.0 0.0 flow_8_16 0 5.0 2.0,-119.66582882866021 10.0 3.141592653589793 flow_7_11 0 5.0 2.0,-73.79199999999975 -6.0 0.0 flow_0_11 0 5.0 2.0,-6.0 21.29199999999986 -1.5707963267948966 flow_3_10 0 5.0 2.0,102.29199999999975 2.0 3.141592653589793 flow_6_12 0 5.0 2.0,-286.3658288286603 10.0 3.141592653589793 flow_7_9 0 5.0 2.0,73.79199999999975 6.0 3.141592653589793 flow_1_11 0 5.0 2.0,6.0 -186.325 1.5707963267948966 flow_2_15 0 5.0 2.0,-10.0 186.325 -1.5707963267948966 flow_7_15 0 5.0 2.0,6.0 -28.791999999999804 1.5707963267948966 flow_2_11 0 5.0 2.0,6.0 160.11917050680143 1.5707963267948966 flow_5_3 0 5.0 2.0,-2.4394623279997056 11.116765203389737 0.8988901276868943 flow_5_7 0 5.0 2.0,-6.0 -160.11917050680143 -1.5707963267948966 flow_6_3 0 5.0 2.0,119.66582882866021 -6.0 0.0 flow_4_11 0 5.0 2.0,299.0 10.0 3.141592653589793 flow_10_17 0 5.0 2.0,-2.0 111.29199999999975 -1.5707963267948966 flow_9_12 0 5.0 2.0,36.2919999999998 6.0 3.141592653589793 flow_1_6 0 5.0 2.0,264.0 6.0 3.141592653589793 flow_1_16 0 5.0 2.0,186.325 6.0 3.141592653589793 flow_1_15 0 5.0 2.0,10.0 -299.0 1.5707963267948966 flow_4_17 0 5.0 2.0,10.0 203.01582882866024 1.5707963267948966 flow_10_10 0 5.0 2.0,2.0 121.2791705068014 1.5707963267948966 flow_5_4 0 5.0 2.0,-10.0 -203.01582882866024 -1.5707963267948966 flow_8_10 0 5.0 2.0,-6.0 186.325 -1.5707963267948966 flow_3_15 0 5.0 2.0,2.0 -299.0 1.5707963267948966 flow_11_17 0 5.0 2.0,-186.325 -6.0 0.0 flow_0_15 0 5.0 2.0,2.0 -81.29199999999975 1.5707963267948966 flow_11_8 0 5.0 2.0,108.04971434321254 6.0 3.141592653589793 flow_1_14 0 5.0 2.0,-6.0 36.2919999999998 -1.5707963267948966 flow_3_12 0 5.0 2.0,-23.792149999999709 -2.0 0.0 flow_5_8 0 5.0 2.0,-126.34139999572619 -2.0 0.0 flow_5_14 0 5.0 2.0,-6.0 -86.77247050680119 -1.5707963267948966 flow_6_5 0 5.0 2.0,81.54201249999972 2.0 3.141592653589793 flow_6_11 0 5.0 2.0,2.0 -88.79199999999975 1.5707963267948966 flow_11_9 0 5.0 2.0,2.0 -186.325 1.5707963267948966 flow_11_15 0 5.0 2.0,-264.0 -2.0 0.0 flow_5_16 0 5.0 2.0,-6.0 -237.23937050680136 -1.5707963267948966 flow_6_1 0 5.0 2.0,-299.0 -2.0 0.0 flow_5_17 0 5.0 2.0,126.34139999572619 2.0 3.141592653589793 flow_6_14 0 5.0 2.0,-2.0 186.325 -1.5707963267948966 flow_9_15 0 5.0 2.0,-2.0 88.79199999999975 -1.5707963267948966 flow_9_9 0 5.0 2.0,41.62544999999972 2.0 3.141592653589793 flow_6_9 0 5.0 2.0,51.2919999999998 6.0 3.141592653589793 flow_1_8 0 5.0 2.0,-2.0 28.791999999999804 -1.5707963267948966 flow_9_1 0 5.0 2.0,6.0 -264.0 1.5707963267948966 flow_2_16 0 5.0 2.0,-81.29199999999975 -6.0 0.0 flow_0_12 0 5.0 2.0,2.0 -43.7919999999998 1.5707963267948966 flow_11_3 0 5.0 2.0,-6.0 299.0 -1.5707963267948966 flow_3_17 0 5.0 2.0,-2.0 -266.63937050680149 -1.5707963267948966 flow_6_0 0 5.0 2.0,-6.0 102.97499999999991 -1.5707963267948966 flow_3_14 0 5.0 2.0,-66.29199999999975 -6.0 0.0 flow_0_10 0 5.0 2.0,-2.0 118.79199999999975 -1.5707963267948966 flow_9_13 0 5.0 2.0,;road_0_1_0 g r g,road_1_0_1 r r g,road_1_2_3 r r g,road_2_1_2 g r g,
2.0 -73.79199999999975 1.5707963267948966 flow_11_7 0 5.0 2.0,251.0 2.0 3.141592653589793 flow_6_16 0 5.0 2.0,-296.0 -10.0 0.0 flow_8_17 0 5.0 2.0,-6.0 43.7919999999998 -1.5707963267948966 flow_3_13 0 5.0 2.0,10.0 136.33582882866024 1.5707963267948966 flow_10_11 0 5.0 2.0,-2.0 51.2919999999998 -1.5707963267948966 flow_9_4 0 5.0 2.0,-169.65499999999998 -2.0 0.0 flow_5_15 0 5.0 2.0,66.29199999999975 6.0 3.141592653589793 flow_1_10 0 5.0 2.0,169.65499999999998 10.0 3.141592653589793 flow_10_15 0 5.0 2.0,86.3049999999999 10.0 3.141592653589793 flow_10_14 0 5.0 2.0,-2.0 36.2919999999998 -1.5707963267948966 flow_9_2 0 5.0 2.0,-43.7919999999998 -6.0 0.0 flow_0_7 0 5.0 2.0,6.0 -43.7919999999998 1.5707963267948966 flow_2_13 0 5.0 2.0,-10.0 -136.33582882866024 -1.5707963267948966 flow_8_11 0 5.0 2.0,2.0 -251.0 1.5707963267948966 flow_11_16 0 5.0 2.0,58.791999999999777 6.0 3.141592653589793 flow_1_9 0 5.0 2.0,-251.0 -6.0 0.0 flow_0_16 0 5.0 2.0,-2.0 66.29199999999975 -1.5707963267948966 flow_9_6 0 5.0 2.0,-111.04199999999975 -2.0 0.0 flow_5_13 0 5.0 2.0,2.0 -28.791999999999804 1.5707963267948966 flow_11_1 0 5.0 2.0,-2.0 96.29199999999975 -1.5707963267948966 flow_9_10 0 5.0 2.0,2.0 -58.791999999999777 1.5707963267948966 flow_11_5 0 5.0 2.0,296.0 2.0 3.141592653589793 flow_6_17 0 5.0 2.0,28.791999999999804 6.0 3.141592653589793 flow_1_5 0 5.0 2.0,-2.0 -56.26577050680147 -1.5707963267948966 flow_6_6 0 5.0 2.0,2.0 -66.29199999999975 1.5707963267948966 flow_11_6 0 5.0 2.0,2.0 211.29587050680147 1.5707963267948966 flow_5_2 0 5.0 2.0,-28.791999999999804 -6.0 0.0 flow_0_5 0 5.0 2.0,-88.79199999999975 -6.0 0.0 flow_0_13 0 5.0 2.0,-169.65499999999998 -10.0 0.0 flow_8_15 0 5.0 2.0,10.0 53.15417882866021 1.5707963267948966 flow_10_12 0 5.0 2.0,-58.791999999999777 -6.0 0.0 flow_0_9 0 5.0 2.0,-6.0 251.0 -1.5707963267948966 flow_3_16 0 5.0 2.0,2.0 56.26577050680147 1.5707963267948966 flow_5_6 0 5.0 2.0,-2.0 -23.264120506801477 -1.5707963267948966 flow_6_7 0 5.0 2.0,6.0 -21.29199999999986 1.5707963267948966 flow_2_10 0 5.0 2.0,10.0 -169.65499999999998 1.5707963267948966 flow_4_15 0 5.0 2.0,21.29199999999986 6.0 3.141592653589793 flow_1_4 0 5.0 2.0,-2.0 103.79199999999975 -1.5707963267948966 flow_9_11 0 5.0 2.0,-95.29199999999975 -2.0 0.0 flow_5_12 0 5.0 2.0,15.711189421324497 0.611470742207232 -2.7071474305620275 flow_6_8 0 5.0 2.0,-2.0 58.791999999999777 -1.5707963267948966 flow_9_5 0 5.0 2.0,-100.01285723868762 -6.0 0.0 flow_0_14 0 5.0 2.0,6.0 253.90937050680135 1.5707963267948966 flow_5_1 0 5.0 2.0,-2.0 251.0 -1.5707963267948966 flow_9_16 0 5.0 2.0,6.0 -86.3049999999999 1.5707963267948966 flow_2_14 0 5.0 2.0,-10.0 296.0 -1.5707963267948966 flow_7_17 0 5.0 2.0,2.0 -96.29199999999975 1.5707963267948966 flow_11_10 0 5.0 2.0,6.0 -296.0 1.5707963267948966 flow_2_17 0 5.0 2.0,2.0 -21.29199999999986 1.5707963267948966 flow_11_0 0 5.0 2.0,-2.0 43.7919999999998 -1.5707963267948966 flow_9_3 0 5.0 2.0,-2.0 73.79199999999975 -1.5707963267948966 flow_9_7 0 5.0 2.0,2.0 -118.79199999999975 1.5707963267948966 flow_11_13 0 5.0 2.0,10.0 -251.0 1.5707963267948966 flow_4_16 0 5.0 2.0,28.29674999999986 10.0 3.141592653589793 flow_10_13 0 5.0 2.0,-10.0 28.29674999999986 -1.5707963267948966 flow_7_13 0 5.0 2.0,55.458749999999728 2.0 3.141592653589793 flow_6_10 0 5.0 2.0,6.0 103.44247050680117 1.5707963267948966 flow_5_5 0 5.0 2.0,219.68582882866026 -10.0 0.0 flow_4_10 0 5.0 2.0,-2.0 -137.9491705068014 -1.5707963267948966 flow_6_4 0 5.0 2.0,296.0 6.0 3.141592653589793 flow_1_17 0 5.0 2.0,2.0 -51.2919999999998 1.5707963267948966 flow_11_4 0 5.0 2.0,-28.29674999999986 -10.0 0.0 flow_8_13 0 5.0 2.0,-33.29214999999971 -2.0 0.0 flow_5_9 0 5.0 2.0,-6.0 28.791999999999804 -1.5707963267948966 flow_3_11 0 5.0 2.0,2.0 -126.29199999999975 1.5707963267948966 flow_11_14 0 5.0 2.0,111.04199999999975 2.0 3.141592653589793 flow_6_13 0 5.0 2.0,2.0 283.3093705068015 1.5707963267948966 flow_5_0 0 5.0 2.0,43.7919999999998 6.0 3.141592653589793 flow_1_7 0 5.0 2.0,10.0 -28.29674999999986 1.5707963267948966 flow_4_13 0 5.0 2.0,-36.2919999999998 -6.0 0.0 flow_0_6 0 5.0 2.0,-51.2919999999998 -6.0 0.0 flow_0_8 0 5.0 2.0,88.79199999999975 6.0 3.141592653589793 flow_1_13 0 5.0 2.0,10.0 -86.3049999999999 1.5707963267948966 flow_4_14 0 5.0 2.0,2.0 -111.29199999999975 1.5707963267948966 flow_11_12 0 5.0 2.0,-2.0 81.29199999999975 -1.5707963267948966 flow_9_8 0 5.0 2.0,-55.458749999999728 -2.0 0.0 flow_5_10 0 5.0 2.0,53.15417882866021 -10.0 0.0 flow_4_12 0 5.0 2.0,-10.0 -53.15417882866021 -1.5707963267948966 flow_8_12 0 5.0 2.0,-21.29199999999986 -6.0 0.0 flow_0_4 0 5.0 2.0,-10.0 251.0 -1.5707963267948966 flow_7_16 0 5.0 2.0,-2.0 21.29199999999986 -1.5707963267948966 flow_9_0 0 5.0 2.0,-219.68582882866026 6.0 3.141592653589793 flow_7_10 0 5.0 2.0,-2.0 126.29199999999975 -1.5707963267948966 flow_9_14 0 5.0 2.0,2.0 -36.2919999999998 1.5707963267948966 flow_11_2 0 5.0 2.0,-86.3049999999999 -10.0 0.0 flow_8_14 0 5.0 2.0,-2.0 296.0 -1.5707963267948966 flow_9_17 0 5.0 2.0,169.65499999999998 2.0 3.141592653589793 flow_6_15 0 5.0 2.0,-53.15417882866021 6.0 3.141592653589793 flow_7_12 0 5.0 2.0,-73.12537499999974 -2.0 0.0 flow_5_11 0 5.0 2.0,6.0 -36.2919999999998 1.5707963267948966 flow_2_12 0 5.0 2.0,-2.0 -211.29587050680147 -1.5707963267948966 flow_6_2 0 5.0 2.0,2.0 -103.79199999999975 1.5707963267948966 flow_11_11 0 5.0 2.0,251.0 10.0 3.141592653589793 flow_10_16 0 5.0 2.0,81.29199999999975 6.0 3.141592653589793 flow_1_12 0 5.0 2.0,-10.0 86.3049999999999 -1.5707963267948966 flow_7_14 0 5.0 2.0,-296.0 -6.0 0.0 flow_0_17 0 5.0 2.0,-251.0 -10.0 0.0 flow_8_16 0 5.0 2.0,-136.33582882866024 10.0 3.141592653589793 flow_7_11 0 5.0 2.0,-73.79199999999975 -6.0 0.0 flow_0_11 0 5.0 2.0,-6.0 21.29199999999986 -1.5707963267948966 flow_3_10 0 5.0 2.0,95.29199999999975 2.0 3.141592653589793 flow_6_12 0 5.0 2.0,73.79199999999975 6.0 3.141592653589793 flow_1_11 0 5.0 2.0,6.0 -169.65499999999998 1.5707963267948966 flow_2_15 0 5.0 2.0,-10.0 169.65499999999998 -1.5707963267948966 flow_7_15 0 5.0 2.0,6.0 -28.791999999999804 1.5707963267948966 flow_2_11 0 5.0 2.0,6.0 176.78917050680145 1.5707963267948966 flow_5_3 0 5.0 2.0,2.0 23.264120506801477 1.5707963267948966 flow_5_7 0 5.0 2.0,-6.0 -176.78917050680145 -1.5707963267948966 flow_6_3 0 5.0 2.0,136.33582882866024 -6.0 0.0 flow_4_11 0 5.0 2.0,296.0 10.0 3.141592653589793 flow_10_17 0 5.0 2.0,-2.0 111.29199999999975 -1.5707963267948966 flow_9_12 0 5.0 2.0,36.2919999999998 6.0 3.141592653589793 flow_1_6 0 5.0 2.0,251.0 6.0 3.141592653589793 flow_1_16 0 5.0 2.0,169.65499999999998 6.0 3.141592653589793 flow_1_15 0 5.0 2.0,10.0 -296.0 1.5707963267948966 flow_4_17 0 5.0 2.0,10.0 219.68582882866026 1.5707963267948966 flow_10_10 0 5.0 2.0,2.0 137.9491705068014 1.5707963267948966 flow_5_4 0 5.0 2.0,-10.0 -219.68582882866026 -1.5707963267948966 flow_8_10 0 5.0 2.0,-6.0 169.65499999999998 -1.5707963267948966 flow_3_15 0 5.0 2.0,2.0 -296.0 1.5707963267948966 flow_11_17 0 5.0 2.0,-169.65499999999998 -6.0 0.0 flow_0_15 0 5.0 2.0,2.0 -81.29199999999975 1.5707963267948966 flow_11_8 0 5.0 2.0,100.01285723868762 6.0 3.141592653589793 flow_1_14 0 5.0 2.0,-6.0 36.2919999999998 -1.5707963267948966 flow_3_12 0 5.0 2.0,-15.711189421324497 -0.611470742207232 0.4344452230277657 flow_5_8 0 5.0 2.0,-123.04979358891402 -2.0 0.0 flow_5_14 0 5.0 2.0,-6.0 -103.44247050680117 -1.5707963267948966 flow_6_5 0 5.0 2.0,73.12537499999974 2.0 3.141592653589793 flow_6_11 0 5.0 2.0,2.0 -88.79199999999975 1.5707963267948966 flow_11_9 0 5.0 2.0,2.0 -169.65499999999998 1.5707963267948966 flow_11_15 0 5.0 2.0,-251.0 -2.0 0.0 flow_5_16 0 5.0 2.0,-6.0 -253.90937050680135 -1.5707963267948966 flow_6_1 0 5.0 2.0,-296.0 -2.0 0.0 flow_5_17 0 5.0 2.0,123.04979358891402 2.0 3.141592653589793 flow_6_14 0 5.0 2.0,-2.0 169.65499999999998 -1.5707963267948966 flow_9_15 0 5.0 2.0,-2.0 88.79199999999975 -1.5707963267948966 flow_9_9 0 5.0 2.0,33.29214999999971 2.0 3.141592653589793 flow_6_9 0 5.0 2.0,51.2919999999998 6.0 3.141592653589793 flow_1_8 0 5.0 2.0,-2.0 28.791999999999804 -1.5707963267948966 flow_9_1 0 5.0 2.0,6.0 -251.0 1.5707963267948966 flow_2_16 0 5.0 2.0,-81.29199999999975 -6.0 0.0 flow_0_12 0 5.0 2.0,2.0 -43.7919999999998 1.5707963267948966 flow_11_3 0 5.0 2.0,-6.0 296.0 -1.5707963267948966 flow_3_17 0 5.0 2.0,-2.0 -283.3093705068015 -1.5707963267948966 flow_6_0 0 5.0 2.0,-6.0 86.3049999999999 -1.5707963267948966 flow_3_14 0 5.0 2.0,-66.29199999999975 -6.0 0.0 flow_0_10 0 5.0 2.0,-2.0 118.79199999999975 -1.5707963267948966 flow_9_13 0 5.0 2.0,;road_0_1_0 g r g,road_1_0_1 r r g,road_1_2_3 r r g,road_2_1_2 g r g,
2.0 -73.79199999999975 1.5707963267948966 flow_11_7 0 5.0 2.0,236.0 2.0 3.141592653589793 flow_6_16 0 5.0 2.0,-291.0 -10.0 0.0 flow_8_17 0 5.0 2.0,-6.0 43.7919999999998 -1.5707963267948966 flow_3_13 0 5.0 2.0,10.0 153.0058288286602 1.5707963267948966 flow_10_11 0 5.0 2.0,-2.0 51.2919999999998 -1.5707963267948966 flow_9_4 0 5.0 2.0,-153.86720162279384 -2.0 0.0 flow_5_15 0 5.0 2.0,66.29199999999975 6.0 3.141592653589793 flow_1_10 0 5.0 2.0,152.98499999999997 10.0 3.141592653589793 flow_10_15 0 5.0 2.0,69.63499999999988 10.0 3.141592653589793 flow_10_14 0 5.0 2.0,-2.0 36.2919999999998 -1.5707963267948966 flow_9_2 0 5.0 2.0,-43.7919999999998 -6.0 0.0 flow_0_7 0 5.0 2.0,6.0 -43.7919999999998 1.5707963267948966 flow_2_13 0 5.0 2.0,-10.0 -153.0058288286602 -1.5707963267948966 flow_8_11 0 5.0 2.0,2.0 -236.0 1.5707963267948966 flow_11_16 0 5.0 2.0,58.791999999999777 6.0 3.141592653589793 flow_1_9 0 5.0 2.0,-236.0 -6.0 0.0 flow_0_16 0 5.0 2.0,-2.0 66.29199999999975 -1.5707963267948966 flow_9_6 0 5.0 2.0,-104.54199999999975 -2.0 0.0 flow_5_13 0 5.0 2.0,2.0 -28.791999999999804 1.5707963267948966 flow_11_1 0 5.0 2.0,-2.0 96.29199999999975 -1.5707963267948966 flow_9_10 0 5.0 2.0,2.0 -58.791999999999777 1.5707963267948966 flow_11_5 0 5.0 2.0,291.0 2.0 3.141592653589793 flow_6_17 0 5.0 2.0,28.791999999999804 6.0 3.141592653589793 flow_1_5 0 5.0 2.0,-2.0 -72.93577050680148 -1.5707963267948966 flow_6_6 0 5.0 2.0,2.0 -66.29199999999975 1.5707963267948966 flow_11_6 0 5.0 2.0,2.0 227.96587050680149 1.5707963267948966 flow_5_2 0 5.0 2.0,-28.791999999999804 -6.0 0.0 flow_0_5 0 5.0 2.0,-88.79199999999975 -6.0 0.0 flow_0_13 0 5.0 2.0,-152.98499999999997 -10.0 0.0 flow_8_15 0 5.0 2.0,10.0 69.6558288286602 1.5707963267948966 flow_10_12 0 5.0 2.0,-58.791999999999777 -6.0 0.0 flow_0_9 0 5.0 2.0,-6.0 236.0 -1.5707963267948966 flow_3_16 0 5.0 2.0,2.0 72.93577050680148 1.5707963267948966 flow_5_6 0 5.0 2.0,-5.266660000000001 -38.59742050680148 -1.5707963267948966 flow_6_7 1 5.0 2.0,6.0 -21.29199999999986 1.5707963267948966 flow_2_10 0 5.0 2.0,10.0 -152.98499999999997 1.5707963267948966 flow_4_15 0 5.0 2.0,21.29199999999986 6.0 3.141592653589793 flow_1_4 0 5.0 2.0,-2.0 103.79199999999975 -1.5707963267948966 flow_9_11 0 5.0 2.0,-86.29199999999975 -2.0 0.0 flow_5_12 0 5.0 2.0,8.218515285291332 -4.900992036356186 -2.3922019751700609 flow_6_8 0 5.0 2.0,-2.0 58.791999999999777 -1.5707963267948966 flow_9_5 0 5.0 2.0,-96.47600013416266 -6.0 0.0 flow_0_14 0 5.0 2.0,6.0 270.57937050680138 1.5707963267948966 flow_5_1 0 5.0 2.0,-2.0 236.0 -1.5707963267948966 flow_9_16 0 5.0 2.0,6.0 -71.26613513975355 1.5707963267948966 flow_2_14 0 5.0 2.0,-10.0 291.0 -1.5707963267948966 flow_7_17 0 5.0 2.0,2.0 -96.29199999999975 1.5707963267948966 flow_11_10 0 5.0 2.0,6.0 -291.0 1.5707963267948966 flow_2_17 0 5.0 2.0,2.0 -21.29199999999986 1.5707963267948966 flow_11_0 0 5.0 2.0,-2.0 43.7919999999998 -1.5707963267948966 flow_9_3 0 5.0 2.0,-2.0 73.79199999999975 -1.5707963267948966 flow_9_7 0 5.0 2.0,2.0 -118.79199999999975 1.5707963267948966 flow_11_13 0 5.0 2.0,10.0 -236.0 1.5707963267948966 flow_4_16 0 5.0 2.0,19.96350051833775 10.001921025350646 3.0890095919788518 flow_10_13 0 5.0 2.0,-10.001921025350646 19.96350051833775 -1.6233793884058383 flow_7_13 0 5.0 2.0,47.12544999999972 2.0 3.141592653589793 flow_6_10 0 5.0 2.0,6.0 120.11247050680119 1.5707963267948966 flow_5_5 0 5.0 2.0,236.35582882866027 -10.0 0.0 flow_4_10 0 5.0 2.0,-2.0 -154.61917050680143 -1.5707963267948966 flow_6_4 0 5.0 2.0,291.0 6.0 3.141592653589793 flow_1_17 0 5.0 2.0,2.0 -51.2919999999998 1.5707963267948966 flow_11_4 0 5.0 2.0,-19.96350051833775 -10.001921025350646 -0.05258306161094157 flow_8_13 0 5.0 2.0,-24.9588499999997 -2.0 0.0 flow_5_9 0 5.0 2.0,-6.0 28.791999999999804 -1.5707963267948966 flow_3_11 0 5.0 2.0,2.0 -126.29199999999975 1.5707963267948966 flow_11_14 0 5.0 2.0,104.54199999999975 2.0 3.141592653589793 flow_6_13 0 5.0 2.0,2.0 299.9793705068015 1.5707963267948966 flow_5_0 0 5.0 2.0,43.7919999999998 6.0 3.141592653589793 flow_1_7 0 5.0 2.0,10.001921025350646 -19.96350051833775 1.518213265183955 flow_4_13 0 5.0 2.0,-36.2919999999998 -6.0 0.0 flow_0_6 0 5.0 2.0,-51.2919999999998 -6.0 0.0 flow_0_8 0 5.0 2.0,88.79199999999975 6.0 3.141592653589793 flow_1_13 0 5.0 2.0,10.0 -69.63499999999988 1.5707963267948966 flow_4_14 0 5.0 2.0,2.0 -111.29199999999975 1.5707963267948966 flow_11_12 0 5.0 2.0,-2.0 81.29199999999975 -1.5707963267948966 flow_9_8 0 5.0 2.0,-47.12544999999972 -2.0 0.0 flow_5_10 0 5.0 2.0,69.6558288286602 -10.0 0.0 flow_4_12 0 5.0 2.0,-10.0 -69.6558288286602 -1.5707963267948966 flow_8_12 0 5.0 2.0,-21.29199999999986 -6.0 0.0 flow_0_4 0 5.0 2.0,-10.0 236.0 -1.5707963267948966 flow_7_16 0 5.0 2.0,-2.0 21.29199999999986 -1.5707963267948966 flow_9_0 0 5.0 2.0,-236.35582882866027 6.0 3.141592653589793 flow_7_10 0 5.0 2.0,-2.0 126.29199999999975 -1.5707963267948966 flow_9_14 0 5.0 2.0,2.0 -36.2919999999998 1.5707963267948966 flow_11_2 0 5.0 2.0,-69.63499999999988 -10.0 0.0 flow_8_14 0 5.0 2.0,-2.0 291.0 -1.5707963267948966 flow_9_17 0 5.0 2.0,153.86720162279384 2.0 3.141592653589793 flow_6_15 0 5.0 2.0,-69.6558288286602 6.0 3.141592653589793 flow_7_12 0 5.0 2.0,-64.79207499999973 -2.0 0.0 flow_5_11 0 5.0 2.0,6.0 -36.2919999999998 1.5707963267948966 flow_2_12 0 5.0 2.0,-2.0 -227.96587050680149 -1.5707963267948966 flow_6_2 0 5.0 2.0,2.0 -103.79199999999975 1.5707963267948966 flow_11_11 0 5.0 2.0,236.0 10.0 3.141592653589793 flow_10_16 0 5.0 2.0,81.29199999999975 6.0 3.141592653589793 flow_1_12 0 5.0 2.0,-10.0 69.63499999999988 -1.5707963267948966 flow_7_14 0 5.0 2.0,-291.0 -6.0 0.0 flow_0_17 0 5.0 2.0,-236.0 -10.0 0.0 flow_8_16 0 5.0 2.0,-153.0058288286602 10.0 3.141592653589793 flow_7_11 0 5.0 2.0,-73.79199999999975 -6.0 0.0 flow_0_11 0 5.0 2.0,-6.0 21.29199999999986 -1.5707963267948966 flow_3_10 0 5.0 2.0,86.29199999999975 2.0 3.141592653589793 flow_6_12 0 5.0 2.0,73.79199999999975 6.0 3.141592653589793 flow_1_11 0 5.0 2.0,6.0 -152.98499999999997 1.5707963267948966 flow_2_15 0 5.0 2.0,-10.0 152.98499999999997 -1.5707963267948966 flow_7_15 0 5.0 2.0,6.0 -28.791999999999804 1.5707963267948966 flow_2_11 0 5.0 2.0,6.0 193.45917050680144 1.5707963267948966 flow_5_3 0 5.0 2.0,5.266660000000001 38.59742050680148 1.5707963267948966 flow_5_7 1 5.0 2.0,-6.0 -193.45917050680144 -1.5707963267948966 flow_6_3 0 5.0 2.0,153.0058288286602 -6.0 0.0 flow_4_11 0 5.0 2.0,291.0 10.0 3.141592653589793 flow_10_17 0 5.0 2.0,-2.0 111.29199999999975 -1.5707963267948966 flow_9_12 0 5.0 2.0,36.2919999999998 6.0 3.141592653589793 flow_1_6 0 5.0 2.0,236.0 6.0 3.141592653589793 flow_1_16 0 5.0 2.0,152.98499999999997 6.0 3.141592653589793 flow_1_15 0 5.0 2.0,10.0 -291.0 1.5707963267948966 flow_4_17 0 5.0 2.0,10.0 236.35582882866027 1.5707963267948966 flow_10_10 0 5.0 2.0,2.0 154.61917050680143 1.5707963267948966 flow_5_4 0 5.0 2.0,-10.0 -236.35582882866027 -1.5707963267948966 flow_8_10 0 5.0 2.0,-6.0 152.98499999999997 -1.5707963267948966 flow_3_15 0 5.0 2.0,2.0 -291.0 1.5707963267948966 flow_11_17 0 5.0 2.0,-152.98499999999997 -6.0 0.0 flow_0_15 0 5.0 2.0,2.0 -81.29199999999975 1.5707963267948966 flow_11_8 0 5.0 2.0,96.47600013416266 6.0 3.141592653589793 flow_1_14 0 5.0 2.0,-6.0 36.2919999999998 -1.5707963267948966 flow_3_12 0 5.0 2.0,-8.218515285291332 4.900992036356186 0.7493906784197324 flow_5_8 0 5.0 2.0,-118.60659293205981 -2.0 0.0 flow_5_14 0 5.0 2.0,-6.0 -120.11247050680119 -1.5707963267948966 flow_6_5 0 5.0 2.0,64.79207499999973 2.0 3.141592653589793 flow_6_11 0 5.0 2.0,2.0 -88.79199999999975 1.5707963267948966 flow_11_9 0 5.0 2.0,2.0 -154.4949292455978 1.5707963267948966 flow_11_15 0 5.0 2.0,-236.0 -2.0 0.0 flow_5_16 0 5.0 2.0,-6.0 -270.57937050680138 -1.5707963267948966 flow_6_1 0 5.0 2.0,-291.0 -2.0 0.0 flow_5_17 0 5.0 2.0,118.60659293205981 2.0 3.141592653589793 flow_6_14 0 5.0 2.0,-2.0 154.4949292455978 -1.5707963267948966 flow_9_15 0 5.0 2.0,-2.0 88.79199999999975 -1.5707963267948966 flow_9_9 0 5.0 2.0,24.9588499999997 2.0 3.141592653589793 flow_6_9 0 5.0 2.0,51.2919999999998 6.0 3.141592653589793 flow_1_8 0 5.0 2.0,-2.0 28.791999999999804 -1.5707963267948966 flow_9_1 0 5.0 2.0,6.0 -236.0 1.5707963267948966 flow_2_16 0 5.0 2.0,-81.29199999999975 -6.0 0.0 flow_0_12 0 5.0 2.0,2.0 -43.7919999999998 1.5707963267948966 flow_11_3 0 5.0 2.0,-6.0 291.0 -1.5707963267948966 flow_3_17 0 5.0 2.0,-2.0 -299.9793705068015 -1.5707963267948966 flow_6_0 0 5.0 2.0,-6.0 71.26613513975355 -1.5707963267948966 flow_3_14 0 5.0 2.0,-66.29199999999975 -6.0 0.0 flow_0_10 0 5.0 2.0,-2.0 118.79199999999975 -1.5707963267948966 flow_9_13 0 5.0 2.0,;road_0_1_0 g r g,road_1_0_1 r r g,road_1_2_3 r r g,road_2_1_2 g r g,
2.0 -73.79199999999975 1.5707963267948966 flow_11_7 0 5.0 2.0,219.665 2.0 3.141592653589793 flow_6_16 0 5.0 2.0,-284.0 -10.0 0.0 flow_8_17 0 5.0 2.0,-6.0 43.7919999999998 -1.5707963267948966 flow_3_13 0 5.0 2.0,10.0 169.6758288286602 1.5707963267948966 flow_10_11 0 5.0 2.0,-2.0 51.2919999999998 -1.5707963267948966 flow_9_4 0 5.0 2.0,-140.17838396978406 -2.0 0.0 flow_5_15 0 5.0 2.0,66.29199999999975 6.0 3.141592653589793 flow_1_10 0 5.0 2.0,136.31499999999995 10.0 3.141592653589793 flow_10_15 0 5.0 2.0,55.21499999999986 10.0 3.141592653589793 flow_10_14 0 5.0 2.0,-2.0 36.2919999999998 -1.5707963267948966 flow_9_2 0 5.0 2.0,-43.7919999999998 -6.0 0.0 flow_0_7 0 5.0 2.0,6.0 -43.7919999999998 1.5707963267948966 flow_2_13 0 5.0 2.0,-10.0 -169.6758288286602 -1.5707963267948966 flow_8_11 0 5.0 2.0,2.0 -219.665 1.5707963267948966 flow_11_16 0 5.0 2.0,58.791999999999777 6.0 3.141592653589793 flow_1_9 0 5.0 2.0,-219.665 -6.0 0.0 flow_0_16 0 5.0 2.0,-2.0 66.29199999999975 -1.5707963267948966 flow_9_6 0 5.0 2.0,-96.04199999999975 -2.0 0.0 flow_5_13 0 5.0 2.0,2.0 -28.791999999999804 1.5707963267948966 flow_11_1 0 5.0 2.0,-2.0 96.29199999999975 -1.5707963267948966 flow_9_10 0 5.0 2.0,2.0 -58.791999999999777 1.5707963267948966 flow_11_5 0 5.0 2.0,284.0 2.0 3.141592653589793 flow_6_17 0 5.0 2.0,28.791999999999804 6.0 3.141592653589793 flow_1_5 0 5.0 2.0,-2.0 -89.60577050680148 -1.5707963267948966 flow_6_6 0 5.0 2.0,2.0 -66.29199999999975 1.5707963267948966 flow_11_6 0 5.0 2.0,2.0 244.63587050680148 1.5707963267948966 flow_5_2 0 5.0 2.0,-28.791999999999804 -6.0 0.0 flow_0_5 0 5.0 2.0,-88.79199999999975 -6.0 0.0 flow_0_13 0 5.0 2.0,-136.31499999999995 -10.0 0.0 flow_8_15 0 5.0 2.0,10.0 86.3258288286602 1.5707963267948966 flow_10_12 0 5.0 2.0,-58.791999999999777 -6.0 0.0 flow_0_9 0 5.0 2.0,-6.0 219.665 -1.5707963267948966 flow_3_16 0 5.0 2.0,2.0 89.60577050680148 1.5707963267948966 flow_5_6 0 5.0 2.0,6.0 -21.29199999999986 1.5707963267948966 flow_2_10 0 5.0 2.0,10.0 -136.31499999999995 1.5707963267948966 flow_4_15 0 5.0 2.0,21.29199999999986 6.0 3.141592653589793 flow_1_4 0 5.0 2.0,-2.0 103.79199999999975 -1.5707963267948966 flow_9_11 0 5.0 2.0,-76.18190349132402 -2.0 0.0 flow_5_12 0 5.0 2.0,0.7786513904600732 -13.408197096275245 -2.1460336663158086 flow_6_8 0 5.0 2.0,-2.0 58.791999999999777 -1.5707963267948966 flow_9_5 0 5.0 2.0,-96.29199999999975 -6.0 0.0 flow_0_14 0 5.0 2.0,6.0 287.24937050680139 1.5707963267948966 flow_5_1 0 5.0 2.0,-2.0 219.665 -1.5707963267948966 flow_9_16 0 5.0 2.0,6.0 -60.10840541926083 1.5707963267948966 flow_2_14 0 5.0 2.0,-10.0 284.0 -1.5707963267948966 flow_7_17 0 5.0 2.0,2.0 -96.29199999999975 1.5707963267948966 flow_11_10 0 5.0 2.0,6.0 -284.0 1.5707963267948966 flow_2_17 0 5.0 2.0,2.0 -21.29199999999986 1.5707963267948966 flow_11_0 0 5.0 2.0,-2.0 43.7919999999998 -1.5707963267948966 flow_9_3 0 5.0 2.0,-2.0 73.79199999999975 -1.5707963267948966 flow_9_7 0 5.0 2.0,2.0 -118.79199999999975 1.5707963267948966 flow_11_13 0 5.0 2.0,10.0 -219.665 1.5707963267948966 flow_4_16 0 5.0 2.0,11.700813119107233 13.476783965535605 2.2565258377011836 flow_10_13 0 5.0 2.0,-13.476783965535605 11.700813119107233 -2.4558631426835069 flow_7_13 0 5.0 2.0,38.79214999999971 2.0 3.141592653589793 flow_6_10 0 5.0 2.0,6.0 136.7824705068012 1.5707963267948966 flow_5_5 0 5.0 2.0,253.02582882866029 -10.0 0.0 flow_4_10 0 5.0 2.0,-2.0 -171.28917050680145 -1.5707963267948966 flow_6_4 0 5.0 2.0,284.0 6.0 3.141592653589793 flow_1_17 0 5.0 2.0,2.0 -51.2919999999998 1.5707963267948966 flow_11_4 0 5.0 2.0,-11.700813119107233 -13.476783965535605 -0.8850668158886099 flow_8_13 0 5.0 2.0,-16.769507298217133 -1.1025432026949327 0.4344452230277657 flow_5_9 0 5.0 2.0,-6.0 -55.09907050680148 -1.5707963267948966 flow_6_7 0 5.0 2.0,-6.0 28.791999999999804 -1.5707963267948966 flow_3_11 0 5.0 2.0,2.0 -126.29199999999975 1.5707963267948966 flow_11_14 0 5.0 2.0,96.04199999999975 2.0 3.141592653589793 flow_6_13 0 5.0 2.0,43.7919999999998 6.0 3.141592653589793 flow_1_7 0 5.0 2.0,13.476783965535605 -11.700813119107233 0.6857295109062868 flow_4_13 0 5.0 2.0,-36.2919999999998 -6.0 0.0 flow_0_6 0 5.0 2.0,-51.2919999999998 -6.0 0.0 flow_0_8 0 5.0 2.0,88.79199999999975 6.0 3.141592653589793 flow_1_13 0 5.0 2.0,10.0 -55.21499999999986 1.5707963267948966 flow_4_14 0 5.0 2.0,2.0 -111.29199999999975 1.5707963267948966 flow_11_12 0 5.0 2.0,-2.0 81.29199999999975 -1.5707963267948966 flow_9_8 0 5.0 2.0,-38.79214999999971 -2.0 0.0 flow_5_10 0 5.0 2.0,86.3258288286602 -10.0 0.0 flow_4_12 0 5.0 2.0,-10.0 -86.3258288286602 -1.5707963267948966 flow_8_12 0 5.0 2.0,-21.29199999999986 -6.0 0.0 flow_0_4 0 5.0 2.0,-10.0 219.665 -1.5707963267948966 flow_7_16 0 5.0 2.0,-2.0 21.29199999999986 -1.5707963267948966 flow_9_0 0 5.0 2.0,-253.02582882866029 6.0 3.141592653589793 flow_7_10 0 5.0 2.0,-2.0 126.29199999999975 -1.5707963267948966 flow_9_14 0 5.0 2.0,2.0 -36.2919999999998 1.5707963267948966 flow_11_2 0 5.0 2.0,-55.21499999999986 -10.0 0.0 flow_8_14 0 5.0 2.0,-2.0 284.0 -1.5707963267948966 flow_9_17 0 5.0 2.0,140.17838396978406 2.0 3.141592653589793 flow_6_15 0 5.0 2.0,-86.3258288286602 6.0 3.141592653589793 flow_7_12 0 5.0 2.0,-56.45877499999972 -2.0 0.0 flow_5_11 0 5.0 2.0,6.0 55.09907050680148 1.5707963267948966 flow_5_7 0 5.0 2.0,6.0 -36.2919999999998 1.5707963267948966 flow_2_12 0 5.0 2.0,-2.0 -244.63587050680148 -1.5707963267948966 flow_6_2 0 5.0 2.0,2.0 -103.79199999999975 1.5707963267948966 flow_11_11 0 5.0 2.0,219.665 10.0 3.141592653589793 flow_10_16 0 5.0 2.0,81.29199999999975 6.0 3.141592653589793 flow_1_12 0 5.0 2.0,-10.0 55.21499999999986 -1.5707963267948966 flow_7_14 0 5.0 2.0,-284.0 -6.0 0.0 flow_0_17 0 5.0 2.0,-219.665 -10.0 0.0 flow_8_16 0 5.0 2.0,-169.6758288286602 10.0 3.141592653589793 flow_7_11 0 5.0 2.0,-73.79199999999975 -6.0 0.0 flow_0_11 0 5.0 2.0,-6.0 21.29199999999986 -1.5707963267948966 flow_3_10 0 5.0 2.0,76.18190349132402 2.0 3.141592653589793 flow_6_12 0 5.0 2.0,73.79199999999975 6.0 3.141592653589793 flow_1_11 0 5.0 2.0,6.0 -136.31499999999995 1.5707963267948966 flow_2_15 0 5.0 2.0,-10.0 136.31499999999995 -1.5707963267948966 flow_7_15 0 5.0 2.0,6.0 -28.791999999999804 1.5707963267948966 flow_2_11 0 5.0 2.0,6.0 210.12917050680148 1.5707963267948966 flow_5_3 0 5.0 2.0,-6.0 -210.12917050680148 -1.5707963267948966 flow_6_3 0 5.0 2.0,169.6758288286602 -6.0 0.0 flow_4_11 0 5.0 2.0,284.0 10.0 3.141592653589793 flow_10_17 0 5.0 2.0,-2.0 111.29199999999975 -1.5707963267948966 flow_9_12 0 5.0 2.0,36.2919999999998 6.0 3.141592653589793 flow_1_6 0 5.0 2.0,219.665 6.0 3.141592653589793 flow_1_16 0 5.0 2.0,136.31499999999995 6.0 3.141592653589793 flow_1_15 0 5.0 2.0,10.0 -284.0 1.5707963267948966 flow_4_17 0 5.0 2.0,10.0 253.02582882866029 1.5707963267948966 flow_10_10 0 5.0 2.0,2.0 171.28917050680145 1.5707963267948966 flow_5_4 0 5.0 2.0,-10.0 -253.02582882866029 -1.5707963267948966 flow_8_10 0 5.0 2.0,-6.0 136.31499999999995 -1.5707963267948966 flow_3_15 0 5.0 2.0,2.0 -284.0 1.5707963267948966 flow_11_17 0 5.0 2.0,-136.31499999999995 -6.0 0.0 flow_0_15 0 5.0 2.0,2.0 -81.29199999999975 1.5707963267948966 flow_11_8 0 5.0 2.0,96.29199999999975 6.0 3.141592653589793 flow_1_14 0 5.0 2.0,-6.0 36.2919999999998 -1.5707963267948966 flow_3_12 0 5.0 2.0,-0.7786513904600732 13.408197096275245 0.9955589872739847 flow_5_8 0 5.0 2.0,-112.44929646602978 -2.0 0.0 flow_5_14 0 5.0 2.0,-6.0 -136.7824705068012 -1.5707963267948966 flow_6_5 0 5.0 2.0,56.45877499999972 2.0 3.141592653589793 flow_6_11 0 5.0 2.0,2.0 -88.79199999999975 1.5707963267948966 flow_11_9 0 5.0 2.0,2.0 -143.09478773679349 1.5707963267948966 flow_11_15 0 5.0 2.0,-219.665 -2.0 0.0 flow_5_16 0 5.0 2.0,-6.0 -287.24937050680139 -1.5707963267948966 flow_6_1 0 5.0 2.0,-284.0 -2.0 0.0 flow_5_17 0 5.0 2.0,112.44929646602978 2.0 3.141592653589793 flow_6_14 0 5.0 2.0,-2.0 143.09478773679349 -1.5707963267948966 flow_9_15 0 5.0 2.0,-2.0 88.79199999999975 -1.5707963267948966 flow_9_9 0 5.0 2.0,16.769507298217133 1.1025432026949327 -2.7071474305620275 flow_6_9 0 5.0 2.0,51.2919999999998 6.0 3.141592653589793 flow_1_8 0 5.0 2.0,-2.0 28.791999999999804 -1.5707963267948966 flow_9_1 0 5.0 2.0,6.0 -219.665 1.5707963267948966 flow_2_16 0 5.0 2.0,-81.29199999999975 -6.0 0.0 flow_0_12 0 5.0 2.0,2.0 -43.7919999999998 1.5707963267948966 flow_11_3 0 5.0 2.0,-6.0 284.0 -1.5707963267948966 flow_3_17 0 5.0 2.0,-6.0 60.10840541926083 -1.5707963267948966 flow_3_14 0 5.0 2.0,-66.29199999999975 -6.0 0.0 flow_0_10 0 5.0 2.0,-2.0 118.79199999999975 -1.5707963267948966 flow_9_13 0 5.0 2.0,;road_0_1_0 g r g,road_1_0_1 r r g,road_1_2_3 r r g,road_2_1_2 g r g,
2.0 -73.79199999999975 1.5707963267948966 flow_11_7 0 5.0 2.0,202.995 2.0 3.141592653589793 flow_6_16 0 5.0 2.0,-275.0 -10.0 0.0 flow_8_17 0 5.0 2.0,-6.0 43.7919999999998 -1.5707963267948966 flow_3_13 0 5.0 2.0,10.0 186.34582882866023 1.5707963267948966 flow_10_11 0 5.0 2.0,-2.0 51.2919999999998 -1.5707963267948966 flow_9_4 0 5.0 2.0,-128.37522937334024 -2.0 0.0 flow_5_15 0 5.0 2.0,66.29199999999975 6.0 3.141592653589793 flow_1_10 0 5.0 2.0,119.64499999999993 10.0 3.141592653589793 flow_10_15 0 5.0 2.0,44.96334999999985 10.0 3.141592653589793 flow_10_14 0 5.0 2.0,-2.0 36.2919999999998 -1.5707963267948966 flow_9_2 0 5.0 2.0,-43.7919999999998 -6.0 0.0 flow_0_7 0 5.0 2.0,6.0 -43.7919999999998 1.5707963267948966 flow_2_13 0 5.0 2.0,-10.0 -186.34582882866023 -1.5707963267948966 flow_8_11 0 5.0 2.0,2.0 -202.995 1.5707963267948966 flow_11_16 0 5.0 2.0,58.791999999999777 6.0 3.141592653589793 flow_1_9 0 5.0 2.0,-202.995 -6.0 0.0 flow_0_16 0 5.0 2.0,-2.0 66.29199999999975 -1.5707963267948966 flow_9_6 0 5.0 2.0,-86.20942761849295 -2.0 0.0 flow_5_13 0 5.0 2.0,2.0 -28.791999999999804 1.5707963267948966 flow_11_1 0 5.0 2.0,-2.0 96.29199999999975 -1.5707963267948966 flow_9_10 0 5.0 2.0,2.0 -58.791999999999777 1.5707963267948966 flow_11_5 0 5.0 2.0,275.0 2.0 3.141592653589793 flow_6_17 0 5.0 2.0,28.791999999999804 6.0 3.141592653589793 flow_1_5 0 5.0 2.0,-2.0 -106.27577050680148 -1.5707963267948966 flow_6_6 0 5.0 2.0,2.0 -66.29199999999975 1.5707963267948966 flow_11_6 0 5.0 2.0,2.0 261.3058705068015 1.5707963267948966 flow_5_2 0 5.0 2.0,-28.791999999999804 -6.0 0.0 flow_0_5 0 5.0 2.0,-88.79199999999975 -6.0 0.0 flow_0_13 0 5.0 2.0,-119.64499999999993 -10.0 0.0 flow_8_15 0 5.0 2.0,10.0 102.9958288286602 1.5707963267948966 flow_10_12 0 5.0 2.0,-58.791999999999777 -6.0 0.0 flow_0_9 0 5.0 2.0,-6.0 202.995 -1.5707963267948966 flow_3_16 0 5.0 2.0,2.0 106.27577050680148 1.5707963267948966 flow_5_6 0 5.0 2.0,6.0 -21.29199999999986 1.5707963267948966 flow_2_10 0 5.0 2.0,10.0 -119.64499999999993 1.5707963267948966 flow_4_15 0 5.0 2.0,21.29199999999986 6.0 3.141592653589793 flow_1_4 0 5.0 2.0,-2.0 103.79199999999975 -1.5707963267948966 flow_9_11 0 5.0 2.0,-66.90515698264832 -2.0 0.0 flow_5_12 0 5.0 2.0,-2.0 -26.097420506801485 -1.5707963267948966 flow_6_8 0 5.0 2.0,-2.0 58.791999999999777 -1.5707963267948966 flow_9_5 0 5.0 2.0,-96.29199999999975 -6.0 0.0 flow_0_14 0 5.0 2.0,-2.0 202.995 -1.5707963267948966 flow_9_16 0 5.0 2.0,6.0 -53.45067569876812 1.5707963267948966 flow_2_14 0 5.0 2.0,-10.0 275.0 -1.5707963267948966 flow_7_17 0 5.0 2.0,2.0 -96.29199999999975 1.5707963267948966 flow_11_10 0 5.0 2.0,6.0 -275.0 1.5707963267948966 flow_2_17 0 5.0 2.0,2.0 -21.29199999999986 1.5707963267948966 flow_11_0 0 5.0 2.0,-2.0 43.7919999999998 -1.5707963267948966 flow_9_3 0 5.0 2.0,-2.0 73.79199999999975 -1.5707963267948966 flow_9_7 0 5.0 2.0,2.0 -118.79199999999975 1.5707963267948966 flow_11_13 0 5.0 2.0,10.0 -202.995 1.5707963267948966 flow_4_16 0 5.0 2.0,10.0 24.487578828660206 1.5707963267948966 flow_10_13 0 5.0 2.0,-24.487578828660206 10.0 3.141592653589793 flow_7_13 0 5.0 2.0,30.4588499999997 2.0 3.141592653589793 flow_6_10 0 5.0 2.0,6.0 153.4524705068012 1.5707963267948966 flow_5_5 0 5.0 2.0,269.6958288286603 -10.0 0.0 flow_4_10 0 5.0 2.0,-2.0 -187.95917050680147 -1.5707963267948966 flow_6_4 0 5.0 2.0,275.0 6.0 3.141592653589793 flow_1_17 0 5.0 2.0,2.0 -51.2919999999998 1.5707963267948966 flow_11_4 0 5.0 2.0,-10.0 -24.487578828660206 -1.5707963267948966 flow_8_13 0 5.0 2.0,-9.072661104024549 4.106244396950731 0.7493906784197324 flow_5_9 0 5.0 2.0,-6.0 -71.76907050680149 -1.5707963267948966 flow_6_7 0 5.0 2.0,-6.0 28.791999999999804 -1.5707963267948966 flow_3_11 0 5.0 2.0,2.0 -126.29199999999975 1.5707963267948966 flow_11_14 0 5.0 2.0,86.20942761849295 2.0 3.141592653589793 flow_6_13 0 5.0 2.0,43.7919999999998 6.0 3.141592653589793 flow_1_7 0 5.0 2.0,24.487578828660206 -10.0 0.0 flow_4_13 0 5.0 2.0,-36.2919999999998 -6.0 0.0 flow_0_6 0 5.0 2.0,-51.2919999999998 -6.0 0.0 flow_0_8 0 5.0 2.0,88.79199999999975 6.0 3.141592653589793 flow_1_13 0 5.0 2.0,10.0 -44.96334999999985 1.5707963267948966 flow_4_14 0 5.0 2.0,2.0 -111.29199999999975 1.5707963267948966 flow_11_12 0 5.0 2.0,-2.0 81.29199999999975 -1.5707963267948966 flow_9_8 0 5.0 2.0,-30.4588499999997 -2.0 0.0 flow_5_10 0 5.0 2.0,102.9958288286602 -10.0 0.0 flow_4_12 0 5.0 2.0,-10.0 -102.9958288286602 -1.5707963267948966 flow_8_12 0 5.0 2.0,-21.29199999999986 -6.0 0.0 flow_0_4 0 5.0 2.0,-10.0 202.995 -1.5707963267948966 flow_7_16 0 5.0 2.0,-2.0 21.29199999999986 -1.5707963267948966 flow_9_0 0 5.0 2.0,-269.6958288286603 6.0 3.141592653589793 flow_7_10 0 5.0 2.0,-2.0 126.29199999999975 -1.5707963267948966 flow_9_14 0 5.0 2.0,2.0 -36.2919999999998 1.5707963267948966 flow_11_2 0 5.0 2.0,-44.96334999999985 -10.0 0.0 flow_8_14 0 5.0 2.0,-2.0 275.0 -1.5707963267948966 flow_9_17 0 5.0 2.0,128.37522937334024 2.0 3.141592653589793 flow_6_15 0 5.0 2.0,-102.9958288286602 6.0 3.141592653589793 flow_7_12 0 5.0 2.0,-48.12547499999971 -2.0 0.0 flow_5_11 0 5.0 2.0,6.0 71.76907050680149 1.5707963267948966 flow_5_7 0 5.0 2.0,6.0 -36.2919999999998 1.5707963267948966 flow_2_12 0 5.0 2.0,-2.0 -261.3058705068015 -1.5707963267948966 flow_6_2 0 5.0 2.0,2.0 -103.79199999999975 1.5707963267948966 flow_11_11 0 5.0 2.0,202.995 10.0 3.141592653589793 flow_10_16 0 5.0 2.0,81.29199999999975 6.0 3.141592653589793 flow_1_12 0 5.0 2.0,-10.0 44.96334999999985 -1.5707963267948966 flow_7_14 0 5.0 2.0,-275.0 -6.0 0.0 flow_0_17 0 5.0 2.0,-202.995 -10.0 0.0 flow_8_16 0 5.0 2.0,-186.34582882866023 10.0 3.141592653589793 flow_7_11 0 5.0 2.0,-73.79199999999975 -6.0 0.0 flow_0_11 0 5.0 2.0,-6.0 21.29199999999986 -1.5707963267948966 flow_3_10 0 5.0 2.0,66.90515698264832 2.0 3.141592653589793 flow_6_12 0 5.0 2.0,73.79199999999975 6.0 3.141592653589793 flow_1_11 0 5.0 2.0,6.0 -119.64499999999993 1.5707963267948966 flow_2_15 0 5.0 2.0,-10.0 119.64499999999993 -1.5707963267948966 flow_7_15 0 5.0 2.0,6.0 -28.791999999999804 1.5707963267948966 flow_2_11 0 5.0 2.0,6.0 226.7991705068015 1.5707963267948966 flow_5_3 0 5.0 2.0,-6.0 -226.7991705068015 -1.5707963267948966 flow_6_3 0 5.0 2.0,186.34582882866023 -6.0 0.0 flow_4_11 0 5.0 2.0,275.0 10.0 3.141592653589793 flow_10_17 0 5.0 2.0,-2.0 111.29199999999975 -1.5707963267948966 flow_9_12 0 5.0 2.0,36.2919999999998 6.0 3.141592653589793 flow_1_6 0 5.0 2.0,202.995 6.0 3.141592653589793 flow_1_16 0 5.0 2.0,121.64251884424482 6.0 3.141592653589793 flow_1_15 0 5.0 2.0,10.0 -275.0 1.5707963267948966 flow_4_17 0 5.0 2.0,10.0 269.6958288286603 1.5707963267948966 flow_10_10 0 5.0 2.0,2.0 187.95917050680147 1.5707963267948966 flow_5_4 0 5.0 2.0,-10.0 -269.6958288286603 -1.5707963267948966 flow_8_10 0 5.0 2.0,-6.0 119.64499999999993 -1.5707963267948966 flow_3_15 0 5.0 2.0,2.0 -275.0 1.5707963267948966 flow_11_17 0 5.0 2.0,-121.64251884424482 -6.0 0.0 flow_0_15 0 5.0 2.0,2.0 -81.29199999999975 1.5707963267948966 flow_11_8 0 5.0 2.0,96.29199999999975 6.0 3.141592653589793 flow_1_14 0 5.0 2.0,-6.0 36.2919999999998 -1.5707963267948966 flow_3_12 0 5.0 2.0,2.0 26.097420506801485 1.5707963267948966 flow_5_8 0 5.0 2.0,-104.62064823301478 -2.0 0.0 flow_5_14 0 5.0 2.0,-6.0 -153.4524705068012 -1.5707963267948966 flow_6_5 0 5.0 2.0,48.12547499999971 2.0 3.141592653589793 flow_6_11 0 5.0 2.0,2.0 -88.79199999999975 1.5707963267948966 flow_11_9 0 5.0 2.0,2.0 -136.19464622798916 1.5707963267948966 flow_11_15 0 5.0 2.0,-202.995 -2.0 0.0 flow_5_16 0 5.0 2.0,-275.0 -2.0 0.0 flow_5_17 0 5.0 2.0,104.62064823301478 2.0 3.141592653589793 flow_6_14 0 5.0 2.0,-2.0 136.19464622798916 -1.5707963267948966 flow_9_15 0 5.0 2.0,-2.0 88.79199999999975 -1.5707963267948966 flow_9_9 0 5.0 2.0,9.072661104024549 -4.106244396950731 -2.3922019751700609 flow_6_9 0 5.0 2.0,51.2919999999998 6.0 3.141592653589793 flow_1_8 0 5.0 2.0,-2.0 28.791999999999804 -1.5707963267948966 flow_9_1 0 5.0 2.0,6.0 -202.995 1.5707963267948966 flow_2_16 0 5.0 2.0,-81.29199999999975 -6.0 0.0 flow_0_12 0 5.0 2.0,2.0 -43.7919999999998 1.5707963267948966 flow_11_3 0 5.0 2.0,-6.0 275.0 -1.5707963267948966 flow_3_17 0 5.0 2.0,-6.0 53.45067569876812 -1.5707963267948966 flow_3_14 0 5.0 2.0,-66.29199999999975 -6.0 0.0 flow_0_10 0 5.0 2.0,-2.0 118.79199999999975 -1.5707963267948966 flow_9_13 0 5.0 2.0,;road_0_1_0 g r g,road_1_0_1 r r g,road_1_2_3 r r g,road_2_1_2 g r g,
2.0 -73.79199999999975 1.5707963267948966 flow_11_7 0 5.0 2.0,186.325 2.0 3.141592653589793 flow_6_16 0 5.0 2.0,-264.0 -10.0 0.0 flow_8_17 0 5.0 2.0,-6.0 43.7919999999998 -1.5707963267948966 flow_3_13 0 5.0 2.0,10.0 203.01582882866024 1.5707963267948966 flow_10_11 0 5.0 2.0,-2.0 51.2919999999998 -1.5707963267948966 flow_9_4 0 5.0 2.0,-117.27591378164789 -2.0 0.0 flow_5_15 0 5.0 2.0,66.29199999999975 6.0 3.141592653589793 flow_1_10 0 5.0 2.0,299.0 6.0 3.141592653589793 flow_1_18 0 5.0 2.0,102.97499999999991 10.0 3.141592653589793 flow_10_15 0 5.0 2.0,36.63004999999987 10.0 3.141592653589793 flow_10_14 0 5.0 2.0,-2.0 36.2919999999998 -1.5707963267948966 flow_9_2 0 5.0 2.0,-43.7919999999998 -6.0 0.0 flow_0_7 0 5.0 2.0,6.0 -43.7919999999998 1.5707963267948966 flow_2_13 0 5.0 2.0,-10.0 -203.01582882866024 -1.5707963267948966 flow_8_11 0 5.0 2.0,2.0 -186.325 1.5707963267948966 flow_11_16 0 5.0 2.0,58.791999999999777 6.0 3.141592653589793 flow_1_9 0 5.0 2.0,-186.325 -6.0 0.0 flow_0_16 0 5.0 2.0,-2.0 66.29199999999975 -1.5707963267948966 flow_9_6 0 5.0 2.0,-76.50912507802502 -2.0 0.0 flow_5_13 0 5.0 2.0,2.0 -28.791999999999804 1.5707963267948966 flow_11_1 0 5.0 2.0,-2.0 96.29199999999975 -1.5707963267948966 flow_9_10 0 5.0 2.0,2.0 -58.791999999999777 1.5707963267948966 flow_11_5 0 5.0 2.0,264.0 2.0 3.141592653589793 flow_6_17 0 5.0 2.0,28.791999999999804 6.0 3.141592653589793 flow_1_5 0 5.0 2.0,-2.0 -122.94577050680148 -1.5707963267948966 flow_6_6 0 5.0 2.0,2.0 -66.29199999999975 1.5707963267948966 flow_11_6 0 5.0 2.0,2.0 277.9758705068015 1.5707963267948966 flow_5_2 0 5.0 2.0,-28.791999999999804 -6.0 0.0 flow_0_5 0 5.0 2.0,-88.79199999999975 -6.0 0.0 flow_0_13 0 5.0 2.0,-102.97499999999991 -10.0 0.0 flow_8_15 0 5.0 2.0,10.0 119.66582882866021 1.5707963267948966 flow_10_12 0 5.0 2.0,-58.791999999999777 -6.0 0.0 flow_0_9 0 5.0 2.0,-6.0 186.325 -1.5707963267948966 flow_3_16 0 5.0 2.0,2.0 122.94577050680148 1.5707963267948966 flow_5_6 0 5.0 2.0,6.0 -21.29199999999986 1.5707963267948966 flow_2_10 0 5.0 2.0,10.0 -102.97499999999991 1.5707963267948966 flow_4_15 0 5.0 2.0,21.29199999999986 6.0 3.141592653589793 flow_1_4 0 5.0 2.0,-2.0 103.79199999999975 -1.5707963267948966 flow_9_11 0 5.0 2.0,-58.57185698264831 -2.0 0.0 flow_5_12 0 5.0 2.0,-2.0 -41.430720506801488 -1.5707963267948966 flow_6_8 0 5.0 2.0,-2.0 58.791999999999777 -1.5707963267948966 flow_9_5 0 5.0 2.0,-96.29199999999975 -6.0 0.0 flow_0_14 0 5.0 2.0,-2.0 186.325 -1.5707963267948966 flow_9_16 0 5.0 2.0,6.0 -51.2919999999998 1.5707963267948966 flow_2_14 0 5.0 2.0,-10.0 264.0 -1.5707963267948966 flow_7_17 0 5.0 2.0,2.0 -96.29199999999975 1.5707963267948966 flow_11_10 0 5.0 2.0,6.0 -264.0 1.5707963267948966 flow_2_17 0 5.0 2.0,2.0 -21.29199999999986 1.5707963267948966 flow_11_0 0 5.0 2.0,-2.0 43.7919999999998 -1.5707963267948966 flow_9_3 0 5.0 2.0,-2.0 73.79199999999975 -1.5707963267948966 flow_9_7 0 5.0 2.0,2.0 -118.79199999999975 1.5707963267948966 flow_11_13 0 5.0 2.0,10.0 -186.325 1.5707963267948966 flow_4_16 0 5.0 2.0,10.0 37.820878828660209 1.5707963267948966 flow_10_13 0 5.0 2.0,10.0 -299.0 1.5707963267948966 flow_4_18 0 5.0 2.0,-37.820878828660209 10.0 3.141592653589793 flow_7_13 0 5.0 2.0,22.12554999999969 2.0 3.141592653589793 flow_6_10 0 5.0 2.0,6.0 170.12247050680123 1.5707963267948966 flow_5_5 0 5.0 2.0,-299.0 -2.0 0.0 flow_5_18 0 5.0 2.0,286.3658288286603 -10.0 0.0 flow_4_10 0 5.0 2.0,6.0 -299.0 1.5707963267948966 flow_2_18 0 5.0 2.0,-2.0 -204.62917050680148 -1.5707963267948966 flow_6_4 0 5.0 2.0,264.0 6.0 3.141592653589793 flow_1_17 0 5.0 2.0,2.0 -51.2919999999998 1.5707963267948966 flow_11_4 0 5.0 2.0,-10.0 -37.820878828660209 -1.5707963267948966 flow_8_13 0 5.0 2.0,-1.4133757985993044 12.429262054654869 0.9955589872739847 flow_5_9 0 5.0 2.0,-6.0 -88.43907050680149 -1.5707963267948966 flow_6_7 0 5.0 2.0,-6.0 28.791999999999804 -1.5707963267948966 flow_3_11 0 5.0 2.0,2.0 -299.0 1.5707963267948966 flow_11_18 0 5.0 2.0,2.0 -126.29199999999975 1.5707963267948966 flow_11_14 0 5.0 2.0,76.50912507802502 2.0 3.141592653589793 flow_6_13 0 5.0 2.0,43.7919999999998 6.0 3.141592653589793 flow_1_7 0 5.0 2.0,37.820878828660209 -7.1333400000000009 0.0 flow_4_13 -1 5.0 2.0,-36.2919999999998 -6.0 0.0 flow_0_6 0 5.0 2.0,-51.2919999999998 -6.0 0.0 flow_0_8 0 5.0 2.0,88.79199999999975 6.0 3.141592653589793 flow_1_13 0 5.0 2.0,10.0 -36.63004999999987 1.5707963267948966 flow_4_14 0 5.0 2.0,299.0 10.0 3.141592653589793 flow_10_18 0 5.0 2.0,2.0 -111.29199999999975 1.5707963267948966 flow_11_12 0 5.0 2.0,-2.0 81.29199999999975 -1.5707963267948966 flow_9_8 0 5.0 2.0,-22.12554999999969 -2.0 0.0 flow_5_10 0 5.0 2.0,-299.0 -10.0 0.0 flow_8_18 0 5.0 2.0,119.66582882866021 -10.0 0.0 flow_4_12 0 5.0 2.0,-10.0 -119.66582882866021 -1.5707963267948966 flow_8_12 0 5.0 2.0,-21.29199999999986 -6.0 0.0 flow_0_4 0 5.0 2.0,-10.0 186.325 -1.5707963267948966 flow_7_16 0 5.0 2.0,-2.0 21.29199999999986 -1.5707963267948966 flow_9_0 0 5.0 2.0,-286.3658288286603 6.0 3.141592653589793 flow_7_10 0 5.0 2.0,-2.0 126.29199999999975 -1.5707963267948966 flow_9_14 0 5.0 2.0,2.0 -36.2919999999998 1.5707963267948966 flow_11_2 0 5.0 2.0,-36.63004999999987 -10.0 0.0 flow_8_14 0 5.0 2.0,-299.0 -6.0 0.0 flow_0_18 0 5.0 2.0,-2.0 264.0 -1.5707963267948966 flow_9_17 0 5.0 2.0,117.27591378164789 2.0 3.141592653589793 flow_6_15 0 5.0 2.0,-119.66582882866021 6.0 3.141592653589793 flow_7_12 0 5.0 2.0,-39.7921749999997 -2.0 0.0 flow_5_11 0 5.0 2.0,6.0 88.43907050680149 1.5707963267948966 flow_5_7 0 5.0 2.0,6.0 -36.2919999999998 1.5707963267948966 flow_2_12 0 5.0 2.0,-2.0 -277.9758705068015 -1.5707963267948966 flow_6_2 0 5.0 2.0,2.0 -103.79199999999975 1.5707963267948966 flow_11_11 0 5.0 2.0,186.325 10.0 3.141592653589793 flow_10_16 0 5.0 2.0,81.29199999999975 6.0 3.141592653589793 flow_1_12 0 5.0 2.0,-10.0 36.63004999999987 -1.5707963267948966 flow_7_14 0 5.0 2.0,-264.0 -6.0 0.0 flow_0_17 0 5.0 2.0,-186.325 -10.0 0.0 flow_8_16 0 5.0 2.0,-203.01582882866024 10.0 3.141592653589793 flow_7_11 0 5.0 2.0,-73.79199999999975 -6.0 0.0 flow_0_11 0 5.0 2.0,-6.0 21.29199999999986 -1.5707963267948966 flow_3_10 0 5.0 2.0,58.57185698264831 2.0 3.141592653589793 flow_6_12 0 5.0 2.0,73.79199999999975 6.0 3.141592653589793 flow_1_11 0 5.0 2.0,6.0 -102.97499999999991 1.5707963267948966 flow_2_15 0 5.0 2.0,-2.0 299.0 -1.5707963267948966 flow_9_18 0 5.0 2.0,-10.0 102.97499999999991 -1.5707963267948966 flow_7_15 0 5.0 2.0,6.0 -28.791999999999804 1.5707963267948966 flow_2_11 0 5.0 2.0,6.0 243.4691705068015 1.5707963267948966 flow_5_3 0 5.0 2.0,-6.0 -243.4691705068015 -1.5707963267948966 flow_6_3 0 5.0 2.0,203.01582882866024 -6.0 0.0 flow_4_11 0 5.0 2.0,264.0 10.0 3.141592653589793 flow_10_17 0 5.0 2.0,-2.0 111.29199999999975 -1.5707963267948966 flow_9_12 0 5.0 2.0,36.2919999999998 6.0 3.141592653589793 flow_1_6 0 5.0 2.0,186.325 6.0 3.141592653589793 flow_1_16 0 5.0 2.0,111.21755653273454 6.0 3.141592653589793 flow_1_15 0 5.0 2.0,10.0 -264.0 1.5707963267948966 flow_4_17 0 5.0 2.0,10.0 286.3658288286603 1.5707963267948966 flow_10_10 0 5.0 2.0,2.0 204.62917050680148 1.5707963267948966 flow_5_4 0 5.0 2.0,-10.0 -286.3658288286603 -1.5707963267948966 flow_8_10 0 5.0 2.0,-6.0 102.97499999999991 -1.5707963267948966 flow_3_15 0 5.0 2.0,2.0 -264.0 1.5707963267948966 flow_11_17 0 5.0 2.0,-10.0 299.0 -1.5707963267948966 flow_7_18 0 5.0 2.0,-111.21755653273454 -6.0 0.0 flow_0_15 0 5.0 2.0,2.0 -81.29199999999975 1.5707963267948966 flow_11_8 0 5.0 2.0,96.29199999999975 6.0 3.141592653589793 flow_1_14 0 5.0 2.0,-6.0 36.2919999999998 -1.5707963267948966 flow_3_12 0 5.0 2.0,2.0 41.430720506801488 1.5707963267948966 flow_5_8 0 5.0 2.0,-95.45689483037717 -2.0 0.0 flow_5_14 0 5.0 2.0,-6.0 -170.12247050680123 -1.5707963267948966 flow_6_5 0 5.0 2.0,39.7921749999997 2.0 3.141592653589793 flow_6_11 0 5.0 2.0,2.0 -88.79199999999975 1.5707963267948966 flow_11_9 0 5.0 2.0,2.0 -133.79450471918484 1.5707963267948966 flow_11_15 0 5.0 2.0,-186.325 -2.0 0.0 flow_5_16 0 5.0 2.0,-264.0 -2.0 0.0 flow_5_17 0 5.0 2.0,95.45689483037717 2.0 3.141592653589793 flow_6_14 0 5.0 2.0,-2.0 133.79450471918484 -1.5707963267948966 flow_9_15 0 5.0 2.0,-2.0 88.79199999999975 -1.5707963267948966 flow_9_9 0 5.0 2.0,1.4133757985993044 -12.429262054654869 -2.1460336663158086 flow_6_9 0 5.0 2.0,51.2919999999998 6.0 3.141592653589793 flow_1_8 0 5.0 2.0,-2.0 28.791999999999804 -1.5707963267948966 flow_9_1 0 5.0 2.0,6.0 -186.325 1.5707963267948966 flow_2_16 0 5.0 2.0,-6.0 299.0 -1.5707963267948966 flow_3_18 0 5.0 2.0,-81.29199999999975 -6.0 0.0 flow_0_12 0 5.0 2.0,2.0 -43.7919999999998 1.5707963267948966 flow_11_3 0 5.0 2.0,-6.0 264.0 -1.5707963267948966 flow_3_17 0 5.0 2.0,299.0 2.0 3.141592653589793 flow_6_18 0 5.0 2.0,-6.0 51.2919999999998 -1.5707963267948966 flow_3_14 0 5.0 2.0,-66.29199999999975 -6.0 0.0 flow_0_10 0 5.0 2.0,-2.0 118.79199999999975 -1.5707963267948966 flow_9_13 0 5.0 2.0,;road_0_1_0 g r g,road_1_0_1 r r g,road_1_2_3 r r g,road_2_1_2 g r g,
2.0 -73.79199999999975 1.5707963267948966 flow_11_7 0 5.0 2.0,169.65499999999998 2.0 3.141592653589793 flow_6_16 0 5.0 2.0,-251.0 -10.0 0.0 flow_8_17 0 5.0 2.0,-6.0 43.7919999999998 -1.5707963267948966 flow_3_13 0 5.0 2.0,10.0 219.68582882866026 1.5707963267948966 flow_10_11 0 5.0 2.0,-2.0 51.2919999999998 -1.5707963267948966 flow_9_4 0 5.0 2.0,-106.33792777486991 -2.0 0.0 flow_5_15 0 5.0 2.0,66.29199999999975 6.0 3.141592653589793 flow_1_10 0 5.0 2.0,296.0 6.0 3.141592653589793 flow_1_18 0 5.0 2.0,86.3049999999999 10.0 3.141592653589793 flow_10_15 0 5.0 2.0,28.29674999999986 10.0 3.141592653589793 flow_10_14 0 5.0 2.0,-2.0 36.2919999999998 -1.5707963267948966 flow_9_2 0 5.0 2.0,-43.7919999999998 -6.0 0.0 flow_0_7 0 5.0 2.0,6.0 -43.7919999999998 1.5707963267948966 flow_2_13 0 5.0 2.0,-10.0 -219.68582882866026 -1.5707963267948966 flow_8_11 0 5.0 2.0,2.0 -169.95879308883856 1.5707963267948966 flow_11_16 0 5.0 2.0,58.791999999999777 6.0 3.141592653589793 flow_1_9 0 5.0 2.0,-169.65499999999998 -6.0 0.0 flow_0_16 0 5.0 2.0,-2.0 66.29199999999975 -1.5707963267948966 flow_9_6 0 5.0 2.0,-67.72474491906388 -2.0 0.0 flow_5_13 0 5.0 2.0,2.0 -28.791999999999804 1.5707963267948966 flow_11_1 0 5.0 2.0,-2.0 96.29199999999975 -1.5707963267948966 flow_9_10 0 5.0 2.0,2.0 -58.791999999999777 1.5707963267948966 flow_11_5 0 5.0 2.0,251.0 2.0 3.141592653589793 flow_6_17 0 5.0 2.0,28.791999999999804 6.0 3.141592653589793 flow_1_5 0 5.0 2.0,-2.0 -139.61577050680149 -1.5707963267948966 flow_6_6 0 5.0 2.0,2.0 -66.29199999999975 1.5707963267948966 flow_11_6 0 5.0 2.0,2.0 294.64587050680157 1.5707963267948966 flow_5_2 0 5.0 2.0,-28.791999999999804 -6.0 0.0 flow_0_5 0 5.0 2.0,-88.79199999999975 -6.0 0.0 flow_0_13 0 5.0 2.0,-86.3049999999999 -10.0 0.0 flow_8_15 0 5.0 2.0,10.0 136.33582882866024 1.5707963267948966 flow_10_12 0 5.0 2.0,-58.791999999999777 -6.0 0.0 flow_0_9 0 5.0 2.0,-6.0 169.65499999999998 -1.5707963267948966 flow_3_16 0 5.0 2.0,2.0 139.61577050680149 1.5707963267948966 flow_5_6 0 5.0 2.0,6.0 -21.29199999999986 1.5707963267948966 flow_2_10 0 5.0 2.0,10.0 -86.3049999999999 1.5707963267948966 flow_4_15 0 5.0 2.0,21.29199999999986 6.0 3.141592653589793 flow_1_4 0 5.0 2.0,-2.0 103.79199999999975 -1.5707963267948966 flow_9_11 0 5.0 2.0,-50.238556982648308 -2.0 0.0 flow_5_12 0 5.0 2.0,-2.0 -57.93237050680149 -1.5707963267948966 flow_6_8 0 5.0 2.0,-2.0 58.791999999999777 -1.5707963267948966 flow_9_5 0 5.0 2.0,-96.29199999999975 -6.0 0.0 flow_0_14 0 5.0 2.0,-2.0 169.95879308883856 -1.5707963267948966 flow_9_16 0 5.0 2.0,6.0 -51.2919999999998 1.5707963267948966 flow_2_14 0 5.0 2.0,-10.0 251.0 -1.5707963267948966 flow_7_17 0 5.0 2.0,2.0 -96.29199999999975 1.5707963267948966 flow_11_10 0 5.0 2.0,6.0 -251.0 1.5707963267948966 flow_2_17 0 5.0 2.0,2.0 -21.29199999999986 1.5707963267948966 flow_11_0 0 5.0 2.0,-2.0 43.7919999999998 -1.5707963267948966 flow_9_3 0 5.0 2.0,-2.0 73.79199999999975 -1.5707963267948966 flow_9_7 0 5.0 2.0,2.0 -118.79199999999975 1.5707963267948966 flow_11_13 0 5.0 2.0,10.0 -169.65499999999998 1.5707963267948966 flow_4_16 0 5.0 2.0,10.0 53.15417882866021 1.5707963267948966 flow_10_13 0 5.0 2.0,10.0 -296.0 1.5707963267948966 flow_4_18 0 5.0 2.0,-53.15417882866021 10.0 3.141592653589793 flow_7_13 0 5.0 2.0,14.270862724298829 -0.2193140423322646 -2.5663553140688815 flow_6_10 0 5.0 2.0,6.0 186.79247050680125 1.5707963267948966 flow_5_5 0 5.0 2.0,-296.0 -2.0 0.0 flow_5_18 0 5.0 2.0,6.0 -296.0 1.5707963267948966 flow_2_18 0 5.0 2.0,-2.0 -221.2991705068015 -1.5707963267948966 flow_6_4 0 5.0 2.0,251.0 6.0 3.141592653589793 flow_1_17 0 5.0 2.0,2.0 -51.2919999999998 1.5707963267948966 flow_11_4 0 5.0 2.0,-10.0 -53.15417882866021 -1.5707963267948966 flow_8_13 0 5.0 2.0,2.0 24.930720506801494 1.5707963267948966 flow_5_9 0 5.0 2.0,-6.0 -105.10907050680149 -1.5707963267948966 flow_6_7 0 5.0 2.0,-6.0 28.791999999999804 -1.5707963267948966 flow_3_11 0 5.0 2.0,2.0 -296.0 1.5707963267948966 flow_11_18 0 5.0 2.0,2.0 -126.29199999999975 1.5707963267948966 flow_11_14 0 5.0 2.0,67.72474491906388 2.0 3.141592653589793 flow_6_13 0 5.0 2.0,43.7919999999998 6.0 3.141592653589793 flow_1_7 0 5.0 2.0,-36.2919999999998 -6.0 0.0 flow_0_6 0 5.0 2.0,-51.2919999999998 -6.0 0.0 flow_0_8 0 5.0 2.0,88.79199999999975 6.0 3.141592653589793 flow_1_13 0 5.0 2.0,10.0 -28.29674999999986 1.5707963267948966 flow_4_14 0 5.0 2.0,296.0 10.0 3.141592653589793 flow_10_18 0 5.0 2.0,2.0 -111.29199999999975 1.5707963267948966 flow_11_12 0 5.0 2.0,-2.0 81.29199999999975 -1.5707963267948966 flow_9_8 0 5.0 2.0,-14.270862724298829 0.2193140423322646 0.5752373395209119 flow_5_10 0 5.0 2.0,-296.0 -10.0 0.0 flow_8_18 0 5.0 2.0,136.33582882866024 -10.0 0.0 flow_4_12 0 5.0 2.0,-10.0 -136.33582882866024 -1.5707963267948966 flow_8_12 0 5.0 2.0,-21.29199999999986 -6.0 0.0 flow_0_4 0 5.0 2.0,-10.0 169.65499999999998 -1.5707963267948966 flow_7_16 0 5.0 2.0,-2.0 21.29199999999986 -1.5707963267948966 flow_9_0 0 5.0 2.0,-2.0 126.29199999999975 -1.5707963267948966 flow_9_14 0 5.0 2.0,2.0 -36.2919999999998 1.5707963267948966 flow_11_2 0 5.0 2.0,-28.29674999999986 -10.0 0.0 flow_8_14 0 5.0 2.0,-296.0 -6.0 0.0 flow_0_18 0 5.0 2.0,-2.0 251.0 -1.5707963267948966 flow_9_17 0 5.0 2.0,106.33792777486991 2.0 3.141592653589793 flow_6_15 0 5.0 2.0,-136.33582882866024 6.0 3.141592653589793 flow_7_12 0 5.0 2.0,-31.458874999999695 -2.0 0.0 flow_5_11 0 5.0 2.0,6.0 105.10907050680149 1.5707963267948966 flow_5_7 0 5.0 2.0,6.0 -36.2919999999998 1.5707963267948966 flow_2_12 0 5.0 2.0,-2.0 -294.64587050680157 -1.5707963267948966 flow_6_2 0 5.0 2.0,2.0 -103.79199999999975 1.5707963267948966 flow_11_11 0 5.0 2.0,169.65499999999998 10.0 3.141592653589793 flow_10_16 0 5.0 2.0,81.29199999999975 6.0 3.141592653589793 flow_1_12 0 5.0 2.0,-10.0 28.29674999999986 -1.5707963267948966 flow_7_14 0 5.0 2.0,-251.0 -6.0 0.0 flow_0_17 0 5.0 2.0,-169.65499999999998 -10.0 0.0 flow_8_16 0 5.0 2.0,-219.68582882866026 10.0 3.141592653589793 flow_7_11 0 5.0 2.0,-73.79199999999975 -6.0 0.0 flow_0_11 0 5.0 2.0,-6.0 21.29199999999986 -1.5707963267948966 flow_3_10 0 5.0 2.0,50.238556982648308 2.0 3.141592653589793 flow_6_12 0 5.0 2.0,73.79199999999975 6.0 3.141592653589793 flow_1_11 0 5.0 2.0,6.0 -86.71383294817724 1.5707963267948966 flow_2_15 0 5.0 2.0,-2.0 296.0 -1.5707963267948966 flow_9_18 0 5.0 2.0,-10.0 86.3049999999999 -1.5707963267948966 flow_7_15 0 5.0 2.0,6.0 -28.791999999999804 1.5707963267948966 flow_2_11 0 5.0 2.0,6.0 260.1391705068015 1.5707963267948966 flow_5_3 0 5.0 2.0,-6.0 -260.1391705068015 -1.5707963267948966 flow_6_3 0 5.0 2.0,219.68582882866026 -6.0 0.0 flow_4_11 0 5.0 2.0,251.0 10.0 3.141592653589793 flow_10_17 0 5.0 2.0,-2.0 111.29199999999975 -1.5707963267948966 flow_9_12 0 5.0 2.0,36.2919999999998 6.0 3.141592653589793 flow_1_6 0 5.0 2.0,169.65499999999998 6.0 3.141592653589793 flow_1_16 0 5.0 2.0,105.2925942212243 6.0 3.141592653589793 flow_1_15 0 5.0 2.0,10.0 -251.0 1.5707963267948966 flow_4_17 0 5.0 2.0,2.0 221.2991705068015 1.5707963267948966 flow_5_4 0 5.0 2.0,-6.0 86.71383294817724 -1.5707963267948966 flow_3_15 0 5.0 2.0,2.0 -251.0 1.5707963267948966 flow_11_17 0 5.0 2.0,-10.0 296.0 -1.5707963267948966 flow_7_18 0 5.0 2.0,-105.2925942212243 -6.0 0.0 flow_0_15 0 5.0 2.0,2.0 -81.29199999999975 1.5707963267948966 flow_11_8 0 5.0 2.0,96.29199999999975 6.0 3.141592653589793 flow_1_14 0 5.0 2.0,-6.0 36.2919999999998 -1.5707963267948966 flow_3_12 0 5.0 2.0,2.0 57.93237050680149 1.5707963267948966 flow_5_8 0 5.0 2.0,-86.01131586091626 -2.0 0.0 flow_5_14 0 5.0 2.0,-6.0 -186.79247050680125 -1.5707963267948966 flow_6_5 0 5.0 2.0,31.458874999999695 2.0 3.141592653589793 flow_6_11 0 5.0 2.0,2.0 -88.79199999999975 1.5707963267948966 flow_11_9 0 5.0 2.0,2.0 -133.79199999999973 1.5707963267948966 flow_11_15 0 5.0 2.0,-169.65499999999998 -2.0 0.0 flow_5_16 0 5.0 2.0,-251.0 -2.0 0.0 flow_5_17 0 5.0 2.0,86.01131586091626 2.0 3.141592653589793 flow_6_14 0 5.0 2.0,-2.0 133.79199999999973 -1.5707963267948966 flow_9_15 0 5.0 2.0,-2.0 88.79199999999975 -1.5707963267948966 flow_9_9 0 5.0 2.0,-2.0 -24.930720506801494 -1.5707963267948966 flow_6_9 0 5.0 2.0,51.2919999999998 6.0 3.141592653589793 flow_1_8 0 5.0 2.0,-2.0 28.791999999999804 -1.5707963267948966 flow_9_1 0 5.0 2.0,53.15417882866021 -6.0 0.0 flow_4_13 0 5.0 2.0,6.0 -169.65499999999998 1.5707963267948966 flow_2_16 0 5.0 2.0,-6.0 296.0 -1.5707963267948966 flow_3_18 0 5.0 2.0,-81.29199999999975 -6.0 0.0 flow_0_12 0 5.0 2.0,2.0 -43.7919999999998 1.5707963267948966 flow_11_3 0 5.0 2.0,-6.0 251.0 -1.5707963267948966 flow_3_17 0 5.0 2.0,296.0 2.0 3.141592653589793 flow_6_18 0 5.0 2.0,-6.0 51.2919999999998 -1.5707963267948966 flow_3_14 0 5.0 2.0,-66.29199999999975 -6.0 0.0 flow_0_10 0 5.0 2.0,-2.0 118.79199999999975 -1.5707963267948966 flow_9_13 0 5.0 2.0,;road_0_1_0 g r g,road_1_0_1 r r g,road_1_2_3 r r g,road_2_1_2 g r g,
2.0 -73.79199999999975 1.5707963267948966 flow_11_7 0 5.0 2.0,152.98499999999997 2.0 3.141592653589793 flow_6_16 0 5.0 2.0,-236.0 -10.0 0.0 flow_8_17 0 5.0 2.0,-6.0 43.7919999999998 -1.5707963267948966 flow_3_13 0 5.0 2.0,10.0 236.35582882866027 1.5707963267948966 flow_10_11 0 5.0 2.0,-2.0 51.2919999999998 -1.5707963267948966 flow_9_4 0 5.0 2.0,-95.94012531619859 -2.0 0.0 flow_5_15 0 5.0 2.0,66.29199999999975 6.0 3.141592653589793 flow_1_10 0 5.0 2.0,291.0 6.0 3.141592653589793 flow_1_18 0 5.0 2.0,69.63499999999988 10.0 3.141592653589793 flow_10_15 0 5.0 2.0,19.96350051833775 10.001921025350646 3.0890095919788518 flow_10_14 0 5.0 2.0,-2.0 36.2919999999998 -1.5707963267948966 flow_9_2 0 5.0 2.0,-43.7919999999998 -6.0 0.0 flow_0_7 0 5.0 2.0,6.0 -43.7919999999998 1.5707963267948966 flow_2_13 0 5.0 2.0,-10.0 -236.35582882866027 -1.5707963267948966 flow_8_11 0 5.0 2.0,2.0 -156.14637926651566 1.5707963267948966 flow_11_16 0 5.0 2.0,58.791999999999777 6.0 3.141592653589793 flow_1_9 0 5.0 2.0,-152.98499999999997 -6.0 0.0 flow_0_16 0 5.0 2.0,-2.0 66.29199999999975 -1.5707963267948966 flow_9_6 0 5.0 2.0,-59.394885434959977 -2.0 0.0 flow_5_13 0 5.0 2.0,2.0 -28.791999999999804 1.5707963267948966 flow_11_1 0 5.0 2.0,-2.0 96.29199999999975 -1.5707963267948966 flow_9_10 0 5.0 2.0,2.0 -58.791999999999777 1.5707963267948966 flow_11_5 0 5.0 2.0,236.0 2.0 3.141592653589793 flow_6_17 0 5.0 2.0,28.791999999999804 6.0 3.141592653589793 flow_1_5 0 5.0 2.0,-2.0 -156.2857705068015 -1.5707963267948966 flow_6_6 0 5.0 2.0,2.0 -66.29199999999975 1.5707963267948966 flow_11_6 0 5.0 2.0,-28.791999999999804 -6.0 0.0 flow_0_5 0 5.0 2.0,-88.79199999999975 -6.0 0.0 flow_0_13 0 5.0 2.0,-69.63499999999988 -10.0 0.0 flow_8_15 0 5.0 2.0,10.0 153.0058288286602 1.5707963267948966 flow_10_12 0 5.0 2.0,-58.791999999999777 -6.0 0.0 flow_0_9 0 5.0 2.0,-6.0 152.98499999999997 -1.5707963267948966 flow_3_16 0 5.0 2.0,2.0 156.2857705068015 1.5707963267948966 flow_5_6 0 5.0 2.0,6.0 -21.29199999999986 1.5707963267948966 flow_2_10 0 5.0 2.0,10.0 -69.63499999999988 1.5707963267948966 flow_4_15 0 5.0 2.0,21.29199999999986 6.0 3.141592653589793 flow_1_4 0 5.0 2.0,-2.0 103.79199999999975 -1.5707963267948966 flow_9_11 0 5.0 2.0,-41.905256982648328 -2.0 0.0 flow_5_12 0 5.0 2.0,-2.0 -74.60237050680149 -1.5707963267948966 flow_6_8 0 5.0 2.0,-2.0 58.791999999999777 -1.5707963267948966 flow_9_5 0 5.0 2.0,-96.29199999999975 -6.0 0.0 flow_0_14 0 5.0 2.0,-2.0 156.14637926651566 -1.5707963267948966 flow_9_16 0 5.0 2.0,6.0 -51.2919999999998 1.5707963267948966 flow_2_14 0 5.0 2.0,-10.0 236.0 -1.5707963267948966 flow_7_17 0 5.0 2.0,2.0 -96.29199999999975 1.5707963267948966 flow_11_10 0 5.0 2.0,6.0 -236.0 1.5707963267948966 flow_2_17 0 5.0 2.0,2.0 -21.29199999999986 1.5707963267948966 flow_11_0 0 5.0 2.0,-2.0 43.7919999999998 -1.5707963267948966 flow_9_3 0 5.0 2.0,-2.0 73.79199999999975 -1.5707963267948966 flow_9_7 0 5.0 2.0,2.0 -118.79199999999975 1.5707963267948966 flow_11_13 0 5.0 2.0,10.0 -152.98499999999997 1.5707963267948966 flow_4_16 0 5.0 2.0,10.0 69.6558288286602 1.5707963267948966 flow_10_13 0 5.0 2.0,10.0 -291.0 1.5707963267948966 flow_4_18 0 5.0 2.0,-69.6558288286602 10.0 3.141592653589793 flow_7_13 0 5.0 2.0,6.998390641851885 -6.036267956329748 -2.3922019751700609 flow_6_10 0 5.0 2.0,6.0 203.46247050680126 1.5707963267948966 flow_5_5 0 5.0 2.0,-291.0 -2.0 0.0 flow_5_18 0 5.0 2.0,6.0 -291.0 1.5707963267948966 flow_2_18 0 5.0 2.0,-2.0 -237.9691705068015 -1.5707963267948966 flow_6_4 0 5.0 2.0,236.0 6.0 3.141592653589793 flow_1_17 0 5.0 2.0,2.0 -51.2919999999998 1.5707963267948966 flow_11_4 0 5.0 2.0,-10.0 -69.6558288286602 -1.5707963267948966 flow_8_13 0 5.0 2.0,5.266660000000001 40.264020506801497 1.5707963267948966 flow_5_9 1 5.0 2.0,-6.0 -121.77907050680149 -1.5707963267948966 flow_6_7 0 5.0 2.0,-6.0 28.791999999999804 -1.5707963267948966 flow_3_11 0 5.0 2.0,2.0 -291.0 1.5707963267948966 flow_11_18 0 5.0 2.0,2.0 -126.29199999999975 1.5707963267948966 flow_11_14 0 5.0 2.0,59.394885434959977 2.0 3.141592653589793 flow_6_13 0 5.0 2.0,43.7919999999998 6.0 3.141592653589793 flow_1_7 0 5.0 2.0,-36.2919999999998 -6.0 0.0 flow_0_6 0 5.0 2.0,-51.2919999999998 -6.0 0.0 flow_0_8 0 5.0 2.0,88.79199999999975 6.0 3.141592653589793 flow_1_13 0 5.0 2.0,10.001921025350646 -19.96350051833775 1.518213265183955 flow_4_14 0 5.0 2.0,291.0 10.0 3.141592653589793 flow_10_18 0 5.0 2.0,2.0 -111.29199999999975 1.5707963267948966 flow_11_12 0 5.0 2.0,-2.0 81.29199999999975 -1.5707963267948966 flow_9_8 0 5.0 2.0,-6.998390641851885 6.036267956329748 0.7493906784197324 flow_5_10 0 5.0 2.0,-291.0 -10.0 0.0 flow_8_18 0 5.0 2.0,153.0058288286602 -10.0 0.0 flow_4_12 0 5.0 2.0,-10.0 -153.0058288286602 -1.5707963267948966 flow_8_12 0 5.0 2.0,-21.29199999999986 -6.0 0.0 flow_0_4 0 5.0 2.0,-10.0 152.98499999999997 -1.5707963267948966 flow_7_16 0 5.0 2.0,-2.0 21.29199999999986 -1.5707963267948966 flow_9_0 0 5.0 2.0,-2.0 126.29199999999975 -1.5707963267948966 flow_9_14 0 5.0 2.0,2.0 -36.2919999999998 1.5707963267948966 flow_11_2 0 5.0 2.0,-19.96350051833775 -10.001921025350646 -0.05258306161094157 flow_8_14 0 5.0 2.0,-291.0 -6.0 0.0 flow_0_18 0 5.0 2.0,-2.0 236.0 -1.5707963267948966 flow_9_17 0 5.0 2.0,95.94012531619859 2.0 3.141592653589793 flow_6_15 0 5.0 2.0,-153.0058288286602 6.0 3.141592653589793 flow_7_12 0 5.0 2.0,-23.125574999999686 -2.0 0.0 flow_5_11 0 5.0 2.0,6.0 121.77907050680149 1.5707963267948966 flow_5_7 0 5.0 2.0,6.0 -36.2919999999998 1.5707963267948966 flow_2_12 0 5.0 2.0,2.0 -103.79199999999975 1.5707963267948966 flow_11_11 0 5.0 2.0,152.98499999999997 10.0 3.141592653589793 flow_10_16 0 5.0 2.0,81.29199999999975 6.0 3.141592653589793 flow_1_12 0 5.0 2.0,-10.001921025350646 19.96350051833775 -1.6233793884058383 flow_7_14 0 5.0 2.0,-236.0 -6.0 0.0 flow_0_17 0 5.0 2.0,-152.98499999999997 -10.0 0.0 flow_8_16 0 5.0 2.0,-236.35582882866027 10.0 3.141592653589793 flow_7_11 0 5.0 2.0,-73.79199999999975 -6.0 0.0 flow_0_11 0 5.0 2.0,-6.0 21.29199999999986 -1.5707963267948966 flow_3_10 0 5.0 2.0,41.905256982648328 2.0 3.141592653589793 flow_6_12 0 5.0 2.0,73.79199999999975 6.0 3.141592653589793 flow_1_11 0 5.0 2.0,6.0 -73.1114988445319 1.5707963267948966 flow_2_15 0 5.0 2.0,-2.0 291.0 -1.5707963267948966 flow_9_18 0 5.0 2.0,-10.0 69.63499999999988 -1.5707963267948966 flow_7_15 0 5.0 2.0,6.0 -28.791999999999804 1.5707963267948966 flow_2_11 0 5.0 2.0,6.0 276.80917050680156 1.5707963267948966 flow_5_3 0 5.0 2.0,-6.0 -276.80917050680156 -1.5707963267948966 flow_6_3 0 5.0 2.0,236.35582882866027 -6.0 0.0 flow_4_11 0 5.0 2.0,236.0 10.0 3.141592653589793 flow_10_17 0 5.0 2.0,-2.0 111.29199999999975 -1.5707963267948966 flow_9_12 0 5.0 2.0,36.2919999999998 6.0 3.141592653589793 flow_1_6 0 5.0 2.0,152.98499999999997 6.0 3.141592653589793 flow_1_16 0 5.0 2.0,103.79199999999975 6.0 3.141592653589793 flow_1_15 0 5.0 2.0,10.0 -236.0 1.5707963267948966 flow_4_17 0 5.0 2.0,2.0 237.9691705068015 1.5707963267948966 flow_5_4 0 5.0 2.0,-6.0 73.1114988445319 -1.5707963267948966 flow_3_15 0 5.0 2.0,2.0 -236.0 1.5707963267948966 flow_11_17 0 5.0 2.0,-10.0 291.0 -1.5707963267948966 flow_7_18 0 5.0 2.0,-103.79199999999975 -6.0 0.0 flow_0_15 0 5.0 2.0,2.0 -81.29199999999975 1.5707963267948966 flow_11_8 0 5.0 2.0,96.29199999999975 6.0 3.141592653589793 flow_1_14 0 5.0 2.0,-6.0 36.2919999999998 -1.5707963267948966 flow_3_12 0 5.0 2.0,2.0 74.60237050680149 1.5707963267948966 flow_5_8 0 5.0 2.0,-77.00663564762482 -2.0 0.0 flow_5_14 0 5.0 2.0,-6.0 -203.46247050680126 -1.5707963267948966 flow_6_5 0 5.0 2.0,23.125574999999686 2.0 3.141592653589793 flow_6_11 0 5.0 2.0,2.0 -88.79199999999975 1.5707963267948966 flow_11_9 0 5.0 2.0,2.0 -133.79199999999973 1.5707963267948966 flow_11_15 0 5.0 2.0,-152.98499999999997 -2.0 0.0 flow_5_16 0 5.0 2.0,-236.0 -2.0 0.0 flow_5_17 0 5.0 2.0,77.00663564762482 2.0 3.141592653589793 flow_6_14 0 5.0 2.0,-2.0 133.79199999999973 -1.5707963267948966 flow_9_15 0 5.0 2.0,-2.0 88.79199999999975 -1.5707963267948966 flow_9_9 0 5.0 2.0,-5.266660000000001 -40.264020506801497 -1.5707963267948966 flow_6_9 1 5.0 2.0,51.2919999999998 6.0 3.141592653589793 flow_1_8 0 5.0 2.0,-2.0 28.791999999999804 -1.5707963267948966 flow_9_1 0 5.0 2.0,69.6558288286602 -6.0 0.0 flow_4_13 0 5.0 2.0,6.0 -152.98499999999997 1.5707963267948966 flow_2_16 0 5.0 2.0,-6.0 291.0 -1.5707963267948966 flow_3_18 0 5.0 2.0,-81.29199999999975 -6.0 0.0 flow_0_12 0 5.0 2.0,2.0 -43.7919999999998 1.5707963267948966 flow_11_3 0 5.0 2.0,-6.0 236.0 -1.5707963267948966 flow_3_17 0 5.0 2.0,291.0 2.0 3.141592653589793 flow_6_18 0 5.0 2.0,-6.0 51.2919999999998 -1.5707963267948966 flow_3_14 0 5.0 2.0,-66.29199999999975 -6.0 0.0 flow_0_10 0 5.0 2.0,-2.0 118.79199999999975 -1.5707963267948966 flow_9_13 0 5.0 2.0,;road_0_1_0 g r g,road_1_0_1 r r g,road_1_2_3 r r g,road_2_1_2 g r g,
-6.0 -56.7656705068015 -1.5707963267948966 flow_6_9 0 5.0 2.0,2.0 -73.79199999999975 1.5707963267948966 flow_11_7 0 5.0 2.0,136.31499999999995 2.0 3.141592653589793 flow_6_16 0 5.0 2.0,-219.665 -10.0 0.0 flow_8_17 0 5.0 2.0,-6.0 43.7919999999998 -1.5707963267948966 flow_3_13 0 5.0 2.0,10.0 253.02582882866029 1.5707963267948966 flow_10_11 0 5.0 2.0,-2.0 51.2919999999998 -1.5707963267948966 flow_9_4 0 5.0 2.0,-86.37392986724388 -2.0 0.0 flow_5_15 0 5.0 2.0,66.29199999999975 6.0 3.141592653589793 flow_1_10 0 5.0 2.0,284.0 6.0 3.141592653589793 flow_1_18 0 5.0 2.0,55.21499999999986 10.0 3.141592653589793 flow_10_15 0 5.0 2.0,11.700813119107233 13.476783965535605 2.2565258377011836 flow_10_14 0 5.0 2.0,-2.0 36.2919999999998 -1.5707963267948966 flow_9_2 0 5.0 2.0,-43.7919999999998 -6.0 0.0 flow_0_7 0 5.0 2.0,6.0 -43.7919999999998 1.5707963267948966 flow_2_13 0 5.0 2.0,-10.0 -253.02582882866029 -1.5707963267948966 flow_8_11 0 5.0 2.0,2.0 -146.83396544419277 1.5707963267948966 flow_11_16 0 5.0 2.0,58.791999999999777 6.0 3.141592653589793 flow_1_9 0 5.0 2.0,6.0 56.7656705068015 1.5707963267948966 flow_5_9 0 5.0 2.0,-137.03880374533623 -6.0 0.0 flow_0_16 0 5.0 2.0,-2.0 66.29199999999975 -1.5707963267948966 flow_9_6 0 5.0 2.0,-51.06674620880415 -2.0 0.0 flow_5_13 0 5.0 2.0,2.0 -28.791999999999804 1.5707963267948966 flow_11_1 0 5.0 2.0,-2.0 96.29199999999975 -1.5707963267948966 flow_9_10 0 5.0 2.0,2.0 -58.791999999999777 1.5707963267948966 flow_11_5 0 5.0 2.0,219.665 2.0 3.141592653589793 flow_6_17 0 5.0 2.0,28.791999999999804 6.0 3.141592653589793 flow_1_5 0 5.0 2.0,-2.0 -172.9557705068015 -1.5707963267948966 flow_6_6 0 5.0 2.0,2.0 -66.29199999999975 1.5707963267948966 flow_11_6 0 5.0 2.0,-28.791999999999804 -6.0 0.0 flow_0_5 0 5.0 2.0,-88.79199999999975 -6.0 0.0 flow_0_13 0 5.0 2.0,-55.21499999999986 -10.0 0.0 flow_8_15 0 5.0 2.0,10.0 169.6758288286602 1.5707963267948966 flow_10_12 0 5.0 2.0,-58.791999999999777 -6.0 0.0 flow_0_9 0 5.0 2.0,-6.0 136.31499999999995 -1.5707963267948966 flow_3_16 0 5.0 2.0,2.0 172.9557705068015 1.5707963267948966 flow_5_6 0 5.0 2.0,6.0 -21.29199999999986 1.5707963267948966 flow_2_10 0 5.0 2.0,10.0 -55.21499999999986 1.5707963267948966 flow_4_15 0 5.0 2.0,21.29199999999986 6.0 3.141592653589793 flow_1_4 0 5.0 2.0,-2.0 103.79199999999975 -1.5707963267948966 flow_9_11 0 5.0 2.0,-33.57195698264832 -2.0 0.0 flow_5_12 0 5.0 2.0,-2.0 -91.2723705068015 -1.5707963267948966 flow_6_8 0 5.0 2.0,-2.0 58.791999999999777 -1.5707963267948966 flow_9_5 0 5.0 2.0,-96.29199999999975 -6.0 0.0 flow_0_14 0 5.0 2.0,-2.0 146.83396544419277 -1.5707963267948966 flow_9_16 0 5.0 2.0,6.0 -51.2919999999998 1.5707963267948966 flow_2_14 0 5.0 2.0,-10.0 219.665 -1.5707963267948966 flow_7_17 0 5.0 2.0,2.0 -96.29199999999975 1.5707963267948966 flow_11_10 0 5.0 2.0,6.0 -219.665 1.5707963267948966 flow_2_17 0 5.0 2.0,2.0 -21.29199999999986 1.5707963267948966 flow_11_0 0 5.0 2.0,-2.0 43.7919999999998 -1.5707963267948966 flow_9_3 0 5.0 2.0,-2.0 73.79199999999975 -1.5707963267948966 flow_9_7 0 5.0 2.0,2.0 -118.79199999999975 1.5707963267948966 flow_11_13 0 5.0 2.0,10.0 -136.31499999999995 1.5707963267948966 flow_4_16 0 5.0 2.0,10.0 86.3258288286602 1.5707963267948966 flow_10_13 0 5.0 2.0,10.0 -284.0 1.5707963267948966 flow_4_18 0 5.0 2.0,-86.3258288286602 10.0 3.141592653589793 flow_7_13 0 5.0 2.0,-0.12803558871611576 -14.80657983422377 -2.1460336663158086 flow_6_10 0 5.0 2.0,6.0 220.13247050680128 1.5707963267948966 flow_5_5 0 5.0 2.0,-284.0 -2.0 0.0 flow_5_18 0 5.0 2.0,6.0 -284.0 1.5707963267948966 flow_2_18 0 5.0 2.0,-2.0 -254.63917050680153 -1.5707963267948966 flow_6_4 0 5.0 2.0,219.665 6.0 3.141592653589793 flow_1_17 0 5.0 2.0,2.0 -51.2919999999998 1.5707963267948966 flow_11_4 0 5.0 2.0,-10.0 -86.3258288286602 -1.5707963267948966 flow_8_13 0 5.0 2.0,-6.0 -138.4490705068015 -1.5707963267948966 flow_6_7 0 5.0 2.0,-6.0 28.791999999999804 -1.5707963267948966 flow_3_11 0 5.0 2.0,2.0 -284.0 1.5707963267948966 flow_11_18 0 5.0 2.0,2.0 -126.29199999999975 1.5707963267948966 flow_11_14 0 5.0 2.0,51.06674620880415 2.0 3.141592653589793 flow_6_13 0 5.0 2.0,43.7919999999998 6.0 3.141592653589793 flow_1_7 0 5.0 2.0,-36.2919999999998 -6.0 0.0 flow_0_6 0 5.0 2.0,-51.2919999999998 -6.0 0.0 flow_0_8 0 5.0 2.0,88.79199999999975 6.0 3.141592653589793 flow_1_13 0 5.0 2.0,13.476783965535605 -11.700813119107233 0.6857295109062868 flow_4_14 0 5.0 2.0,284.0 10.0 3.141592653589793 flow_10_18 0 5.0 2.0,2.0 -111.29199999999975 1.5707963267948966 flow_11_12 0 5.0 2.0,-2.0 81.29199999999975 -1.5707963267948966 flow_9_8 0 5.0 2.0,0.12803558871611576 14.80657983422377 0.9955589872739847 flow_5_10 0 5.0 2.0,-284.0 -10.0 0.0 flow_8_18 0 5.0 2.0,169.6758288286602 -10.0 0.0 flow_4_12 0 5.0 2.0,-10.0 -169.6758288286602 -1.5707963267948966 flow_8_12 0 5.0 2.0,-21.29199999999986 -6.0 0.0 flow_0_4 0 5.0 2.0,-10.0 136.31499999999995 -1.5707963267948966 flow_7_16 0 5.0 2.0,-2.0 21.29199999999986 -1.5707963267948966 flow_9_0 0 5.0 2.0,-2.0 126.29199999999975 -1.5707963267948966 flow_9_14 0 5.0 2.0,2.0 -36.2919999999998 1.5707963267948966 flow_11_2 0 5.0 2.0,-11.700813119107233 -13.476783965535605 -0.8850668158886099 flow_8_14 0 5.0 2.0,-284.0 -6.0 0.0 flow_0_18 0 5.0 2.0,-2.0 219.665 -1.5707963267948966 flow_9_17 0 5.0 2.0,86.37392986724388 2.0 3.141592653589793 flow_6_15 0 5.0 2.0,-169.6758288286602 6.0 3.141592653589793 flow_7_12 0 5.0 2.0,-15.109946906176275 -0.32473350738011599 0.5752373395209119 flow_5_11 0 5.0 2.0,6.0 138.4490705068015 1.5707963267948966 flow_5_7 0 5.0 2.0,6.0 -36.2919999999998 1.5707963267948966 flow_2_12 0 5.0 2.0,2.0 -103.79199999999975 1.5707963267948966 flow_11_11 0 5.0 2.0,136.31499999999995 10.0 3.141592653589793 flow_10_16 0 5.0 2.0,81.29199999999975 6.0 3.141592653589793 flow_1_12 0 5.0 2.0,-13.476783965535605 11.700813119107233 -2.4558631426835069 flow_7_14 0 5.0 2.0,-219.665 -6.0 0.0 flow_0_17 0 5.0 2.0,-136.31499999999995 -10.0 0.0 flow_8_16 0 5.0 2.0,-253.02582882866029 10.0 3.141592653589793 flow_7_11 0 5.0 2.0,-73.79199999999975 -6.0 0.0 flow_0_11 0 5.0 2.0,-6.0 21.29199999999986 -1.5707963267948966 flow_3_10 0 5.0 2.0,33.57195698264832 2.0 3.141592653589793 flow_6_12 0 5.0 2.0,73.79199999999975 6.0 3.141592653589793 flow_1_11 0 5.0 2.0,6.0 -64.00916474088655 1.5707963267948966 flow_2_15 0 5.0 2.0,-2.0 284.0 -1.5707963267948966 flow_9_18 0 5.0 2.0,-10.0 55.21499999999986 -1.5707963267948966 flow_7_15 0 5.0 2.0,6.0 -28.791999999999804 1.5707963267948966 flow_2_11 0 5.0 2.0,6.0 293.47917050680158 1.5707963267948966 flow_5_3 0 5.0 2.0,-6.0 -293.47917050680158 -1.5707963267948966 flow_6_3 0 5.0 2.0,253.02582882866029 -6.0 0.0 flow_4_11 0 5.0 2.0,219.665 10.0 3.141592653589793 flow_10_17 0 5.0 2.0,-2.0 111.29199999999975 -1.5707963267948966 flow_9_12 0 5.0 2.0,36.2919999999998 6.0 3.141592653589793 flow_1_6 0 5.0 2.0,137.03880374533623 6.0 3.141592653589793 flow_1_16 0 5.0 2.0,103.79199999999975 6.0 3.141592653589793 flow_1_15 0 5.0 2.0,10.0 -219.665 1.5707963267948966 flow_4_17 0 5.0 2.0,2.0 254.63917050680153 1.5707963267948966 flow_5_4 0 5.0 2.0,-6.0 64.00916474088655 -1.5707963267948966 flow_3_15 0 5.0 2.0,2.0 -219.665 1.5707963267948966 flow_11_17 0 5.0 2.0,-10.0 284.0 -1.5707963267948966 flow_7_18 0 5.0 2.0,-103.79199999999975 -6.0 0.0 flow_0_15 0 5.0 2.0,2.0 -81.29199999999975 1.5707963267948966 flow_11_8 0 5.0 2.0,96.29199999999975 6.0 3.141592653589793 flow_1_14 0 5.0 2.0,-6.0 36.2919999999998 -1.5707963267948966 flow_3_12 0 5.0 2.0,2.0 91.2723705068015 1.5707963267948966 flow_5_8 0 5.0 2.0,-68.47668041216173 -2.0 0.0 flow_5_14 0 5.0 2.0,-6.0 -220.13247050680128 -1.5707963267948966 flow_6_5 0 5.0 2.0,15.109946906176275 0.32473350738011599 -2.5663553140688815 flow_6_11 0 5.0 2.0,2.0 -88.79199999999975 1.5707963267948966 flow_11_9 0 5.0 2.0,2.0 -133.79199999999973 1.5707963267948966 flow_11_15 0 5.0 2.0,-136.31499999999995 -2.0 0.0 flow_5_16 0 5.0 2.0,-219.665 -2.0 0.0 flow_5_17 0 5.0 2.0,68.47668041216173 2.0 3.141592653589793 flow_6_14 0 5.0 2.0,-2.0 133.79199999999973 -1.5707963267948966 flow_9_15 0 5.0 2.0,-2.0 88.79199999999975 -1.5707963267948966 flow_9_9 0 5.0 2.0,51.2919999999998 6.0 3.141592653589793 flow_1_8 0 5.0 2.0,-2.0 28.791999999999804 -1.5707963267948966 flow_9_1 0 5.0 2.0,86.3258288286602 -6.0 0.0 flow_4_13 0 5.0 2.0,6.0 -136.31499999999995 1.5707963267948966 flow_2_16 0 5.0 2.0,-6.0 284.0 -1.5707963267948966 flow_3_18 0 5.0 2.0,-81.29199999999975 -6.0 0.0 flow_0_12 0 5.0 2.0,2.0 -43.7919999999998 1.5707963267948966 flow_11_3 0 5.0 2.0,-6.0 219.665 -1.5707963267948966 flow_3_17 0 5.0 2.0,284.0 2.0 3.141592653589793 flow_6_18 0 5.0 2.0,-6.0 51.2919999999998 -1.5707963267948966 flow_3_14 0 5.0 2.0,-66.29199999999975 -6.0 0.0 flow_0_10 0 5.0 2.0,-2.0 118.79199999999975 -1.5707963267948966 flow_9_13 0 5.0 2.0,;road_0_1_0 g r g,road_1_0_1 r r g,road_1_2_3 r r g,road_2_1_2 g r g,
-6.0 -73.4356705068015 -1.5707963267948966 flow_6_9 0 5.0 2.0,2.0 -73.79199999999975 1.5707963267948966 flow_11_7 0 5.0 2.0,119.64499999999993 2.0 3.141592653589793 flow_6_16 0 5.0 2.0,-202.995 -10.0 0.0 flow_8_17 0 5.0 2.0,-6.0 43.7919999999998 -1.5707963267948966 flow_3_13 0 5.0 2.0,10.0 269.6958288286603 1.5707963267948966 flow_10_11 0 5.0 2.0,-2.0 51.2919999999998 -1.5707963267948966 flow_9_4 0 5.0 2.0,-77.53375627746411 -2.0 0.0 flow_5_15 0 5.0 2.0,66.29199999999975 6.0 3.141592653589793 flow_1_10 0 5.0 2.0,275.0 6.0 3.141592653589793 flow_1_18 0 5.0 2.0,44.96334999999985 10.0 3.141592653589793 flow_10_15 0 5.0 2.0,10.0 24.487578828660206 1.5707963267948966 flow_10_14 0 5.0 2.0,-2.0 36.2919999999998 -1.5707963267948966 flow_9_2 0 5.0 2.0,-43.7919999999998 -6.0 0.0 flow_0_7 0 5.0 2.0,6.0 -43.7919999999998 1.5707963267948966 flow_2_13 0 5.0 2.0,-10.0 -269.6958288286603 -1.5707963267948966 flow_8_11 0 5.0 2.0,2.0 -142.02155162186984 1.5707963267948966 flow_11_16 0 5.0 2.0,58.791999999999777 6.0 3.141592653589793 flow_1_9 0 5.0 2.0,6.0 73.4356705068015 1.5707963267948966 flow_5_9 0 5.0 2.0,-124.06641123600878 -6.0 0.0 flow_0_16 0 5.0 2.0,-2.0 66.29199999999975 -1.5707963267948966 flow_9_6 0 5.0 2.0,-42.73602659572623 -2.0 0.0 flow_5_13 0 5.0 2.0,2.0 -28.791999999999804 1.5707963267948966 flow_11_1 0 5.0 2.0,-2.0 96.29199999999975 -1.5707963267948966 flow_9_10 0 5.0 2.0,2.0 -58.791999999999777 1.5707963267948966 flow_11_5 0 5.0 2.0,202.995 2.0 3.141592653589793 flow_6_17 0 5.0 2.0,28.791999999999804 6.0 3.141592653589793 flow_1_5 0 5.0 2.0,-2.0 -189.62577050680154 -1.5707963267948966 flow_6_6 0 5.0 2.0,2.0 -66.29199999999975 1.5707963267948966 flow_11_6 0 5.0 2.0,-28.791999999999804 -6.0 0.0 flow_0_5 0 5.0 2.0,-88.79199999999975 -6.0 0.0 flow_0_13 0 5.0 2.0,-44.96334999999985 -10.0 0.0 flow_8_15 0 5.0 2.0,10.0 186.34582882866023 1.5707963267948966 flow_10_12 0 5.0 2.0,-58.791999999999777 -6.0 0.0 flow_0_9 0 5.0 2.0,-6.0 119.64499999999993 -1.5707963267948966 flow_3_16 0 5.0 2.0,2.0 189.62577050680154 1.5707963267948966 flow_5_6 0 5.0 2.0,6.0 -21.29199999999986 1.5707963267948966 flow_2_10 0 5.0 2.0,10.0 -44.96334999999985 1.5707963267948966 flow_4_15 0 5.0 2.0,21.29199999999986 6.0 3.141592653589793 flow_1_4 0 5.0 2.0,-2.0 103.79199999999975 -1.5707963267948966 flow_9_11 0 5.0 2.0,-25.23865698264831 -2.0 0.0 flow_5_12 0 5.0 2.0,-2.0 -107.9423705068015 -1.5707963267948966 flow_6_8 0 5.0 2.0,-2.0 58.791999999999777 -1.5707963267948966 flow_9_5 0 5.0 2.0,-96.29199999999975 -6.0 0.0 flow_0_14 0 5.0 2.0,-2.0 142.02155162186984 -1.5707963267948966 flow_9_16 0 5.0 2.0,6.0 -51.2919999999998 1.5707963267948966 flow_2_14 0 5.0 2.0,-10.0 202.995 -1.5707963267948966 flow_7_17 0 5.0 2.0,2.0 -96.29199999999975 1.5707963267948966 flow_11_10 0 5.0 2.0,6.0 -202.995 1.5707963267948966 flow_2_17 0 5.0 2.0,2.0 -21.29199999999986 1.5707963267948966 flow_11_0 0 5.0 2.0,-2.0 43.7919999999998 -1.5707963267948966 flow_9_3 0 5.0 2.0,-2.0 73.79199999999975 -1.5707963267948966 flow_9_7 0 5.0 2.0,2.0 -118.79199999999975 1.5707963267948966 flow_11_13 0 5.0 2.0,10.0 -119.64499999999993 1.5707963267948966 flow_4_16 0 5.0 2.0,10.0 102.9958288286602 1.5707963267948966 flow_10_13 0 5.0 2.0,10.0 -275.0 1.5707963267948966 flow_4_18 0 5.0 2.0,-102.9958288286602 10.0 3.141592653589793 flow_7_13 0 5.0 2.0,-2.0 -27.7640205068015 -1.5707963267948966 flow_6_10 0 5.0 2.0,6.0 236.80247050680129 1.5707963267948966 flow_5_5 0 5.0 2.0,-275.0 -2.0 0.0 flow_5_18 0 5.0 2.0,6.0 -275.0 1.5707963267948966 flow_2_18 0 5.0 2.0,-2.0 -271.30917050680156 -1.5707963267948966 flow_6_4 0 5.0 2.0,202.995 6.0 3.141592653589793 flow_1_17 0 5.0 2.0,2.0 -51.2919999999998 1.5707963267948966 flow_11_4 0 5.0 2.0,-10.0 -102.9958288286602 -1.5707963267948966 flow_8_13 0 5.0 2.0,-6.0 -155.1190705068015 -1.5707963267948966 flow_6_7 0 5.0 2.0,-6.0 28.791999999999804 -1.5707963267948966 flow_3_11 0 5.0 2.0,2.0 -275.0 1.5707963267948966 flow_11_18 0 5.0 2.0,2.0 -126.29199999999975 1.5707963267948966 flow_11_14 0 5.0 2.0,42.73602659572623 2.0 3.141592653589793 flow_6_13 0 5.0 2.0,43.7919999999998 6.0 3.141592653589793 flow_1_7 0 5.0 2.0,-36.2919999999998 -6.0 0.0 flow_0_6 0 5.0 2.0,-51.2919999999998 -6.0 0.0 flow_0_8 0 5.0 2.0,88.79199999999975 6.0 3.141592653589793 flow_1_13 0 5.0 2.0,24.487578828660206 -10.0 0.0 flow_4_14 0 5.0 2.0,275.0 10.0 3.141592653589793 flow_10_18 0 5.0 2.0,2.0 -111.29199999999975 1.5707963267948966 flow_11_12 0 5.0 2.0,-2.0 81.29199999999975 -1.5707963267948966 flow_9_8 0 5.0 2.0,2.0 27.7640205068015 1.5707963267948966 flow_5_10 0 5.0 2.0,-275.0 -10.0 0.0 flow_8_18 0 5.0 2.0,186.34582882866023 -10.0 0.0 flow_4_12 0 5.0 2.0,-10.0 -186.34582882866023 -1.5707963267948966 flow_8_12 0 5.0 2.0,-21.29199999999986 -6.0 0.0 flow_0_4 0 5.0 2.0,-10.0 119.64499999999993 -1.5707963267948966 flow_7_16 0 5.0 2.0,-2.0 21.29199999999986 -1.5707963267948966 flow_9_0 0 5.0 2.0,-2.0 126.29199999999975 -1.5707963267948966 flow_9_14 0 5.0 2.0,2.0 -36.2919999999998 1.5707963267948966 flow_11_2 0 5.0 2.0,-10.0 -24.487578828660206 -1.5707963267948966 flow_8_14 0 5.0 2.0,-275.0 -6.0 0.0 flow_0_18 0 5.0 2.0,-2.0 202.995 -1.5707963267948966 flow_9_17 0 5.0 2.0,77.53375627746411 2.0 3.141592653589793 flow_6_15 0 5.0 2.0,-186.34582882866023 6.0 3.141592653589793 flow_7_12 0 5.0 2.0,-7.730513014680106 5.355058126813642 0.7493906784197324 flow_5_11 0 5.0 2.0,6.0 155.1190705068015 1.5707963267948966 flow_5_7 0 5.0 2.0,6.0 -36.2919999999998 1.5707963267948966 flow_2_12 0 5.0 2.0,2.0 -103.79199999999975 1.5707963267948966 flow_11_11 0 5.0 2.0,119.64499999999993 10.0 3.141592653589793 flow_10_16 0 5.0 2.0,81.29199999999975 6.0 3.141592653589793 flow_1_12 0 5.0 2.0,-24.487578828660206 10.0 3.141592653589793 flow_7_14 0 5.0 2.0,-202.995 -6.0 0.0 flow_0_17 0 5.0 2.0,-119.64499999999993 -10.0 0.0 flow_8_16 0 5.0 2.0,-269.6958288286603 10.0 3.141592653589793 flow_7_11 0 5.0 2.0,-73.79199999999975 -6.0 0.0 flow_0_11 0 5.0 2.0,-6.0 21.29199999999986 -1.5707963267948966 flow_3_10 0 5.0 2.0,25.23865698264831 2.0 3.141592653589793 flow_6_12 0 5.0 2.0,73.79199999999975 6.0 3.141592653589793 flow_1_11 0 5.0 2.0,6.0 -59.4068306372412 1.5707963267948966 flow_2_15 0 5.0 2.0,-2.0 275.0 -1.5707963267948966 flow_9_18 0 5.0 2.0,-10.0 44.96334999999985 -1.5707963267948966 flow_7_15 0 5.0 2.0,6.0 -28.791999999999804 1.5707963267948966 flow_2_11 0 5.0 2.0,269.6958288286603 -6.0 0.0 flow_4_11 0 5.0 2.0,202.995 10.0 3.141592653589793 flow_10_17 0 5.0 2.0,-2.0 111.29199999999975 -1.5707963267948966 flow_9_12 0 5.0 2.0,36.2919999999998 6.0 3.141592653589793 flow_1_6 0 5.0 2.0,124.06641123600878 6.0 3.141592653589793 flow_1_16 0 5.0 2.0,103.79199999999975 6.0 3.141592653589793 flow_1_15 0 5.0 2.0,10.0 -202.995 1.5707963267948966 flow_4_17 0 5.0 2.0,2.0 271.30917050680156 1.5707963267948966 flow_5_4 0 5.0 2.0,-6.0 59.4068306372412 -1.5707963267948966 flow_3_15 0 5.0 2.0,2.0 -202.995 1.5707963267948966 flow_11_17 0 5.0 2.0,-10.0 275.0 -1.5707963267948966 flow_7_18 0 5.0 2.0,-103.79199999999975 -6.0 0.0 flow_0_15 0 5.0 2.0,2.0 -81.29199999999975 1.5707963267948966 flow_11_8 0 5.0 2.0,96.29199999999975 6.0 3.141592653589793 flow_1_14 0 5.0 2.0,-6.0 36.2919999999998 -1.5707963267948966 flow_3_12 0 5.0 2.0,2.0 107.9423705068015 1.5707963267948966 flow_5_8 0 5.0 2.0,-60.16631442580933 -2.0 0.0 flow_5_14 0 5.0 2.0,-6.0 -236.80247050680129 -1.5707963267948966 flow_6_5 0 5.0 2.0,7.730513014680106 -5.355058126813642 -2.3922019751700609 flow_6_11 0 5.0 2.0,2.0 -88.79199999999975 1.5707963267948966 flow_11_9 0 5.0 2.0,2.0 -133.79199999999973 1.5707963267948966 flow_11_15 0 5.0 2.0,-119.64499999999993 -2.0 0.0 flow_5_16 0 5.0 2.0,-202.995 -2.0 0.0 flow_5_17 0 5.0 2.0,60.16631442580933 2.0 3.141592653589793 flow_6_14 0 5.0 2.0,-2.0 133.79199999999973 -1.5707963267948966 flow_9_15 0 5.0 2.0,-2.0 88.79199999999975 -1.5707963267948966 flow_9_9 0 5.0 2.0,51.2919999999998 6.0 3.141592653589793 flow_1_8 0 5.0 2.0,-2.0 28.791999999999804 -1.5707963267948966 flow_9_1 0 5.0 2.0,102.9958288286602 -6.0 0.0 flow_4_13 0 5.0 2.0,6.0 -119.64499999999993 1.5707963267948966 flow_2_16 0 5.0 2.0,-6.0 275.0 -1.5707963267948966 flow_3_18 0 5.0 2.0,-81.29199999999975 -6.0 0.0 flow_0_12 0 5.0 2.0,2.0 -43.7919999999998 1.5707963267948966 flow_11_3 0 5.0 2.0,-6.0 202.995 -1.5707963267948966 flow_3_17 0 5.0 2.0,275.0 2.0 3.141592653589793 flow_6_18 0 5.0 2.0,-6.0 51.2919999999998 -1.5707963267948966 flow_3_14 0 5.0 2.0,-66.29199999999975 -6.0 0.0 flow_0_10 0 5.0 2.0,-2.0 118.79199999999975 -1.5707963267948966 flow_9_13 0 5.0 2.0,;road_0_1_0 r r g,road_1_0_1 g r g,road_1_2_3 g r g,road_2_1_2 r r g,
-6.0 -90.1056705068015 -1.5707963267948966 flow_6_9 0 5.0 2.0,2.0 -73.79199999999975 1.5707963267948966 flow_11_7 0 5.0 2.0,103.57014157394326 2.0 3.141592653589793 flow_6_16 0 5.0 2.0,-186.325 -10.0 0.0 flow_8_17 0 5.0 2.0,-6.0 43.7919999999998 -1.5707963267948966 flow_3_13 0 5.0 2.0,10.0 286.3658288286603 1.5707963267948966 flow_10_11 0 5.0 2.0,-2.0 51.2919999999998 -1.5707963267948966 flow_9_4 0 5.0 2.0,-69.13999195419177 -2.0 0.0 flow_5_15 0 5.0 2.0,66.29199999999975 6.0 3.141592653589793 flow_1_10 0 5.0 2.0,264.0 6.0 3.141592653589793 flow_1_18 0 5.0 2.0,36.63004999999987 10.0 3.141592653589793 flow_10_15 0 5.0 2.0,10.0 37.820878828660209 1.5707963267948966 flow_10_14 0 5.0 2.0,-2.0 36.2919999999998 -1.5707963267948966 flow_9_2 0 5.0 2.0,-43.7919999999998 -6.0 0.0 flow_0_7 0 5.0 2.0,6.0 -299.0 1.5707963267948966 flow_2_19 0 5.0 2.0,6.0 -43.7919999999998 1.5707963267948966 flow_2_13 0 5.0 2.0,-10.0 -286.3658288286603 -1.5707963267948966 flow_8_11 0 5.0 2.0,2.0 -141.29199999999973 1.5707963267948966 flow_11_16 0 5.0 2.0,58.791999999999777 6.0 3.141592653589793 flow_1_9 0 5.0 2.0,6.0 90.1056705068015 1.5707963267948966 flow_5_9 0 5.0 2.0,-115.59401872668133 -6.0 0.0 flow_0_16 0 5.0 2.0,-2.0 66.29199999999975 -1.5707963267948966 flow_9_6 0 5.0 2.0,-34.40401678918727 -2.0 0.0 flow_5_13 0 5.0 2.0,2.0 -28.791999999999804 1.5707963267948966 flow_11_1 0 5.0 2.0,-2.0 96.29199999999975 -1.5707963267948966 flow_9_10 0 5.0 2.0,2.0 -58.791999999999777 1.5707963267948966 flow_11_5 0 5.0 2.0,186.325 2.0 3.141592653589793 flow_6_17 0 5.0 2.0,28.791999999999804 6.0 3.141592653589793 flow_1_5 0 5.0 2.0,-2.0 -206.29577050680155 -1.5707963267948966 flow_6_6 0 5.0 2.0,2.0 -66.29199999999975 1.5707963267948966 flow_11_6 0 5.0 2.0,-28.791999999999804 -6.0 0.0 flow_0_5 0 5.0 2.0,-88.79199999999975 -6.0 0.0 flow_0_13 0 5.0 2.0,-36.63004999999987 -10.0 0.0 flow_8_15 0 5.0 2.0,10.0 203.01582882866024 1.5707963267948966 flow_10_12 0 5.0 2.0,-58.791999999999777 -6.0 0.0 flow_0_9 0 5.0 2.0,-6.0 102.97499999999991 -1.5707963267948966 flow_3_16 0 5.0 2.0,2.0 206.29577050680155 1.5707963267948966 flow_5_6 0 5.0 2.0,6.0 -21.29199999999986 1.5707963267948966 flow_2_10 0 5.0 2.0,10.0 -36.63004999999987 1.5707963267948966 flow_4_15 0 5.0 2.0,21.29199999999986 6.0 3.141592653589793 flow_1_4 0 5.0 2.0,-2.0 299.0 -1.5707963267948966 flow_9_19 0 5.0 2.0,-2.0 103.79199999999975 -1.5707963267948966 flow_9_11 0 5.0 2.0,-17.02332124508986 -1.2203159835562448 0.4344452230277657 flow_5_12 0 5.0 2.0,-2.0 -124.6123705068015 -1.5707963267948966 flow_6_8 0 5.0 2.0,-2.0 58.791999999999777 -1.5707963267948966 flow_9_5 0 5.0 2.0,-96.29199999999975 -6.0 0.0 flow_0_14 0 5.0 2.0,-2.0 141.29199999999973 -1.5707963267948966 flow_9_16 0 5.0 2.0,6.0 -51.2919999999998 1.5707963267948966 flow_2_14 0 5.0 2.0,-10.0 186.325 -1.5707963267948966 flow_7_17 0 5.0 2.0,2.0 -96.29199999999975 1.5707963267948966 flow_11_10 0 5.0 2.0,6.0 -186.325 1.5707963267948966 flow_2_17 0 5.0 2.0,10.0 -299.0 1.5707963267948966 flow_4_19 0 5.0 2.0,2.0 -20.29199999999986 1.5707963267948966 flow_11_0 0 5.0 2.0,-2.0 43.7919999999998 -1.5707963267948966 flow_9_3 0 5.0 2.0,-2.0 73.79199999999975 -1.5707963267948966 flow_9_7 0 5.0 2.0,2.0 -118.79199999999975 1.5707963267948966 flow_11_13 0 5.0 2.0,10.0 -102.97499999999991 1.5707963267948966 flow_4_16 0 5.0 2.0,-299.0 -6.0 0.0 flow_0_19 0 5.0 2.0,10.0 119.66582882866021 1.5707963267948966 flow_10_13 0 5.0 2.0,10.0 -264.0 1.5707963267948966 flow_4_18 0 5.0 2.0,-119.66582882866021 10.0 3.141592653589793 flow_7_13 0 5.0 2.0,-2.0 -43.0973205068015 -1.5707963267948966 flow_6_10 0 5.0 2.0,6.0 253.4724705068013 1.5707963267948966 flow_5_5 0 5.0 2.0,-264.0 -2.0 0.0 flow_5_18 0 5.0 2.0,6.0 -264.0 1.5707963267948966 flow_2_18 0 5.0 2.0,-2.0 -287.97917050680158 -1.5707963267948966 flow_6_4 0 5.0 2.0,186.325 6.0 3.141592653589793 flow_1_17 0 5.0 2.0,2.0 -51.2919999999998 1.5707963267948966 flow_11_4 0 5.0 2.0,-10.0 299.0 -1.5707963267948966 flow_7_19 0 5.0 2.0,-10.0 -119.66582882866021 -1.5707963267948966 flow_8_13 0 5.0 2.0,-6.0 -171.78907050680153 -1.5707963267948966 flow_6_7 0 5.0 2.0,-6.0 28.791999999999804 -1.5707963267948966 flow_3_11 0 5.0 2.0,299.0 10.0 3.141592653589793 flow_10_19 0 5.0 2.0,2.0 -264.0 1.5707963267948966 flow_11_18 0 5.0 2.0,2.0 -126.29199999999975 1.5707963267948966 flow_11_14 0 5.0 2.0,34.40401678918727 2.0 3.141592653589793 flow_6_13 0 5.0 2.0,43.7919999999998 6.0 3.141592653589793 flow_1_7 0 5.0 2.0,-36.2919999999998 -6.0 0.0 flow_0_6 0 5.0 2.0,-51.2919999999998 -6.0 0.0 flow_0_8 0 5.0 2.0,88.79199999999975 6.0 3.141592653589793 flow_1_13 0 5.0 2.0,37.820878828660209 -10.0 0.0 flow_4_14 0 5.0 2.0,264.0 10.0 3.141592653589793 flow_10_18 0 5.0 2.0,2.0 -111.29199999999975 1.5707963267948966 flow_11_12 0 5.0 2.0,-2.0 81.29199999999975 -1.5707963267948966 flow_9_8 0 5.0 2.0,2.0 43.0973205068015 1.5707963267948966 flow_5_10 0 5.0 2.0,-264.0 -10.0 0.0 flow_8_18 0 5.0 2.0,203.01582882866024 -10.0 0.0 flow_4_12 0 5.0 2.0,-10.0 -203.01582882866024 -1.5707963267948966 flow_8_12 0 5.0 2.0,-21.29199999999986 -6.0 0.0 flow_0_4 0 5.0 2.0,-10.0 102.97499999999991 -1.5707963267948966 flow_7_16 0 5.0 2.0,-2.0 20.29199999999986 -1.5707963267948966 flow_9_0 0 5.0 2.0,-299.0 -2.0 0.0 flow_5_19 0 5.0 2.0,299.0 6.0 3.141592653589793 flow_1_19 0 5.0 2.0,-2.0 126.29199999999975 -1.5707963267948966 flow_9_14 0 5.0 2.0,2.0 -36.2919999999998 1.5707963267948966 flow_11_2 0 5.0 2.0,-10.0 -37.820878828660209 -1.5707963267948966 flow_8_14 0 5.0 2.0,-264.0 -6.0 0.0 flow_0_18 0 5.0 2.0,-2.0 186.325 -1.5707963267948966 flow_9_17 0 5.0 2.0,69.13999195419177 2.0 3.141592653589793 flow_6_15 0 5.0 2.0,-203.01582882866024 6.0 3.141592653589793 flow_7_12 0 5.0 2.0,-0.4160119609962649 13.967495652346324 0.9955589872739847 flow_5_11 0 5.0 2.0,-6.0 299.0 -1.5707963267948966 flow_3_19 0 5.0 2.0,6.0 171.78907050680153 1.5707963267948966 flow_5_7 0 5.0 2.0,6.0 -36.2919999999998 1.5707963267948966 flow_2_12 0 5.0 2.0,2.0 -103.79199999999975 1.5707963267948966 flow_11_11 0 5.0 2.0,102.97499999999991 10.0 3.141592653589793 flow_10_16 0 5.0 2.0,81.29199999999975 6.0 3.141592653589793 flow_1_12 0 5.0 2.0,-37.820878828660209 7.1333400000000009 3.141592653589793 flow_7_14 -1 5.0 2.0,-186.325 -6.0 0.0 flow_0_17 0 5.0 2.0,-102.97499999999991 -10.0 0.0 flow_8_16 0 5.0 2.0,-286.3658288286603 10.0 3.141592653589793 flow_7_11 0 5.0 2.0,-73.79199999999975 -6.0 0.0 flow_0_11 0 5.0 2.0,-6.0 21.29199999999986 -1.5707963267948966 flow_3_10 0 5.0 2.0,17.02332124508986 1.2203159835562448 -2.7071474305620275 flow_6_12 0 5.0 2.0,73.79199999999975 6.0 3.141592653589793 flow_1_11 0 5.0 2.0,6.0 -58.791999999999777 1.5707963267948966 flow_2_15 0 5.0 2.0,-2.0 264.0 -1.5707963267948966 flow_9_18 0 5.0 2.0,-10.0 36.63004999999987 -1.5707963267948966 flow_7_15 0 5.0 2.0,6.0 -28.791999999999804 1.5707963267948966 flow_2_11 0 5.0 2.0,-299.0 -10.0 0.0 flow_8_19 0 5.0 2.0,286.3658288286603 -6.0 0.0 flow_4_11 0 5.0 2.0,186.325 10.0 3.141592653589793 flow_10_17 0 5.0 2.0,-2.0 111.29199999999975 -1.5707963267948966 flow_9_12 0 5.0 2.0,36.2919999999998 6.0 3.141592653589793 flow_1_6 0 5.0 2.0,115.59401872668133 6.0 3.141592653589793 flow_1_16 0 5.0 2.0,103.79199999999975 6.0 3.141592653589793 flow_1_15 0 5.0 2.0,10.0 -186.325 1.5707963267948966 flow_4_17 0 5.0 2.0,2.0 287.97917050680158 1.5707963267948966 flow_5_4 0 5.0 2.0,-6.0 58.791999999999777 -1.5707963267948966 flow_3_15 0 5.0 2.0,2.0 -186.325 1.5707963267948966 flow_11_17 0 5.0 2.0,-10.0 264.0 -1.5707963267948966 flow_7_18 0 5.0 2.0,-103.79199999999975 -6.0 0.0 flow_0_15 0 5.0 2.0,2.0 -81.29199999999975 1.5707963267948966 flow_11_8 0 5.0 2.0,96.29199999999975 6.0 3.141592653589793 flow_1_14 0 5.0 2.0,-6.0 36.2919999999998 -1.5707963267948966 flow_3_12 0 5.0 2.0,2.0 124.6123705068015 1.5707963267948966 flow_5_8 0 5.0 2.0,-51.868060543011299 -2.0 0.0 flow_5_14 0 5.0 2.0,-6.0 -253.4724705068013 -1.5707963267948966 flow_6_5 0 5.0 2.0,0.4160119609962649 -13.967495652346324 -2.1460336663158086 flow_6_11 0 5.0 2.0,2.0 -88.79199999999975 1.5707963267948966 flow_11_9 0 5.0 2.0,2.0 -133.79199999999973 1.5707963267948966 flow_11_15 0 5.0 2.0,-103.57014157394326 -2.0 0.0 flow_5_16 0 5.0 2.0,299.0 2.0 3.141592653589793 flow_6_19 0 5.0 2.0,-186.325 -2.0 0.0 flow_5_17 0 5.0 2.0,51.868060543011299 2.0 3.141592653589793 flow_6_14 0 5.0 2.0,-2.0 133.79199999999973 -1.5707963267948966 flow_9_15 0 5.0 2.0,-2.0 88.79199999999975 -1.5707963267948966 flow_9_9 0 5.0 2.0,2.0 -299.0 1.5707963267948966 flow_11_19 0 5.0 2.0,51.2919999999998 6.0 3.141592653589793 flow_1_8 0 5.0 2.0,-2.0 28.791999999999804 -1.5707963267948966 flow_9_1 0 5.0 2.0,119.66582882866021 -6.0 0.0 flow_4_13 0 5.0 2.0,6.0 -102.97499999999991 1.5707963267948966 flow_2_16 0 5.0 2.0,-6.0 264.0 -1.5707963267948966 flow_3_18 0 5.0 2.0,-81.29199999999975 -6.0 0.0 flow_0_12 0 5.0 2.0,2.0 -43.7919999999998 1.5707963267948966 flow_11_3 0 5.0 2.0,-6.0 186.325 -1.5707963267948966 flow_3_17 0 5.0 2.0,264.0 2.0 3.141592653589793 flow_6_18 0 5.0 2.0,-6.0 51.2919999999998 -1.5707963267948966 flow_3_14 0 5.0 2.0,-66.29199999999975 -6.0 0.0 flow_0_10 0 5.0 2.0,-2.0 118.79199999999975 -1.5707963267948966 flow_9_13 0 5.0 2.0,;road_0_1_0 r r g,road_1_0_1 g r g,road_1_2_3 g r g,road_2_1_2 r r g,
-6.0 -106.7756705068015 -1.5707963267948966 flow_6_9 0 5.0 2.0,2.0 -73.79199999999975 1.5707963267948966 flow_11_7 0 5.0 2.0,89.11421013408372 2.0 3.141592653589793 flow_6_16 0 5.0 2.0,-169.65499999999998 -10.0 0.0 flow_8_17 0 5.0 2.0,-6.0 43.7919999999998 -1.5707963267948966 flow_3_13 0 5.0 2.0,-2.0 51.2919999999998 -1.5707963267948966 flow_9_4 0 5.0 2.0,-60.89889805854747 -2.0 0.0 flow_5_15 0 5.0 2.0,66.29199999999975 6.0 3.141592653589793 flow_1_10 0 5.0 2.0,251.0 6.0 3.141592653589793 flow_1_18 0 5.0 2.0,28.29674999999986 10.0 3.141592653589793 flow_10_15 0 5.0 2.0,10.0 53.15417882866021 1.5707963267948966 flow_10_14 0 5.0 2.0,-2.0 36.2919999999998 -1.5707963267948966 flow_9_2 0 5.0 2.0,-43.7919999999998 -6.0 0.0 flow_0_7 0 5.0 2.0,6.0 -296.0 1.5707963267948966 flow_2_19 0 5.0 2.0,6.0 -43.7919999999998 1.5707963267948966 flow_2_13 0 5.0 2.0,2.0 -141.29199999999973 1.5707963267948966 flow_11_16 0 5.0 2.0,58.791999999999777 6.0 3.141592653589793 flow_1_9 0 5.0 2.0,6.0 106.7756705068015 1.5707963267948966 flow_5_9 0 5.0 2.0,-111.6216262173539 -6.0 0.0 flow_0_16 0 5.0 2.0,-2.0 66.29199999999975 -1.5707963267948966 flow_9_6 0 5.0 2.0,-27.46031689666563 -2.0 0.0 flow_5_13 0 5.0 2.0,2.0 -28.04199999999986 1.5707963267948966 flow_11_1 0 5.0 2.0,-2.0 96.29199999999975 -1.5707963267948966 flow_9_10 0 5.0 2.0,2.0 -58.791999999999777 1.5707963267948966 flow_11_5 0 5.0 2.0,169.65499999999998 2.0 3.141592653589793 flow_6_17 0 5.0 2.0,28.791999999999804 6.0 3.141592653589793 flow_1_5 0 5.0 2.0,-2.0 -222.96577050680157 -1.5707963267948966 flow_6_6 0 5.0 2.0,2.0 -66.29199999999975 1.5707963267948966 flow_11_6 0 5.0 2.0,-28.791999999999804 -6.0 0.0 flow_0_5 0 5.0 2.0,-88.79199999999975 -6.0 0.0 flow_0_13 0 5.0 2.0,-28.29674999999986 -10.0 0.0 flow_8_15 0 5.0 2.0,10.0 219.68582882866026 1.5707963267948966 flow_10_12 0 5.0 2.0,-58.791999999999777 -6.0 0.0 flow_0_9 0 5.0 2.0,-6.0 87.69972722097998 -1.5707963267948966 flow_3_16 0 5.0 2.0,2.0 222.96577050680157 1.5707963267948966 flow_5_6 0 5.0 2.0,6.0 -21.29199999999986 1.5707963267948966 flow_2_10 0 5.0 2.0,10.0 -28.29674999999986 1.5707963267948966 flow_4_15 0 5.0 2.0,21.29199999999986 6.0 3.141592653589793 flow_1_4 0 5.0 2.0,-2.0 296.0 -1.5707963267948966 flow_9_19 0 5.0 2.0,-2.0 103.79199999999975 -1.5707963267948966 flow_9_11 0 5.0 2.0,-10.868590361479088 2.6368510494647907 0.6719061991080024 flow_5_12 0 5.0 2.0,-2.0 -141.2823705068015 -1.5707963267948966 flow_6_8 0 5.0 2.0,-2.0 58.791999999999777 -1.5707963267948966 flow_9_5 0 5.0 2.0,-96.29199999999975 -6.0 0.0 flow_0_14 0 5.0 2.0,-2.0 141.29199999999973 -1.5707963267948966 flow_9_16 0 5.0 2.0,6.0 -51.2919999999998 1.5707963267948966 flow_2_14 0 5.0 2.0,-10.0 169.65499999999998 -1.5707963267948966 flow_7_17 0 5.0 2.0,2.0 -96.29199999999975 1.5707963267948966 flow_11_10 0 5.0 2.0,6.0 -169.65499999999998 1.5707963267948966 flow_2_17 0 5.0 2.0,10.0 -296.0 1.5707963267948966 flow_4_19 0 5.0 2.0,1.8644982915931219 -19.305087568812433 1.7633709873536255 flow_11_0 0 5.0 2.0,-2.0 43.7919999999998 -1.5707963267948966 flow_9_3 0 5.0 2.0,-2.0 73.79199999999975 -1.5707963267948966 flow_9_7 0 5.0 2.0,2.0 -118.79199999999975 1.5707963267948966 flow_11_13 0 5.0 2.0,10.0 -86.3049999999999 1.5707963267948966 flow_4_16 0 5.0 2.0,-296.0 -6.0 0.0 flow_0_19 0 5.0 2.0,10.0 136.33582882866024 1.5707963267948966 flow_10_13 0 5.0 2.0,10.0 -251.0 1.5707963267948966 flow_4_18 0 5.0 2.0,-136.33582882866024 10.0 3.141592653589793 flow_7_13 0 5.0 2.0,-2.0 -59.59897050680151 -1.5707963267948966 flow_6_10 0 5.0 2.0,6.0 270.1424705068013 1.5707963267948966 flow_5_5 0 5.0 2.0,-251.0 -2.0 0.0 flow_5_18 0 5.0 2.0,6.0 -251.0 1.5707963267948966 flow_2_18 0 5.0 2.0,169.65499999999998 6.0 3.141592653589793 flow_1_17 0 5.0 2.0,2.0 -51.2919999999998 1.5707963267948966 flow_11_4 0 5.0 2.0,-10.0 296.0 -1.5707963267948966 flow_7_19 0 5.0 2.0,-10.0 -136.33582882866024 -1.5707963267948966 flow_8_13 0 5.0 2.0,-6.0 -188.45907050680155 -1.5707963267948966 flow_6_7 0 5.0 2.0,-6.0 28.791999999999804 -1.5707963267948966 flow_3_11 0 5.0 2.0,296.0 10.0 3.141592653589793 flow_10_19 0 5.0 2.0,2.0 -251.0 1.5707963267948966 flow_11_18 0 5.0 2.0,2.0 -126.29199999999975 1.5707963267948966 flow_11_14 0 5.0 2.0,27.46031689666563 2.0 3.141592653589793 flow_6_13 0 5.0 2.0,43.7919999999998 6.0 3.141592653589793 flow_1_7 0 5.0 2.0,-36.2919999999998 -6.0 0.0 flow_0_6 0 5.0 2.0,-51.2919999999998 -6.0 0.0 flow_0_8 0 5.0 2.0,88.79199999999975 6.0 3.141592653589793 flow_1_13 0 5.0 2.0,53.15417882866021 -10.0 0.0 flow_4_14 0 5.0 2.0,251.0 10.0 3.141592653589793 flow_10_18 0 5.0 2.0,2.0 -111.29199999999975 1.5707963267948966 flow_11_12 0 5.0 2.0,-2.0 81.29199999999975 -1.5707963267948966 flow_9_8 0 5.0 2.0,2.0 59.59897050680151 1.5707963267948966 flow_5_10 0 5.0 2.0,-251.0 -10.0 0.0 flow_8_18 0 5.0 2.0,219.68582882866026 -10.0 0.0 flow_4_12 0 5.0 2.0,-10.0 -219.68582882866026 -1.5707963267948966 flow_8_12 0 5.0 2.0,-21.29199999999986 -6.0 0.0 flow_0_4 0 5.0 2.0,-10.0 86.3049999999999 -1.5707963267948966 flow_7_16 0 5.0 2.0,-1.8644982915931219 19.305087568812433 -1.378221666236168 flow_9_0 0 5.0 2.0,-296.0 -2.0 0.0 flow_5_19 0 5.0 2.0,296.0 6.0 3.141592653589793 flow_1_19 0 5.0 2.0,-2.0 126.29199999999975 -1.5707963267948966 flow_9_14 0 5.0 2.0,2.0 -36.2919999999998 1.5707963267948966 flow_11_2 0 5.0 2.0,-10.0 -53.15417882866021 -1.5707963267948966 flow_8_14 0 5.0 2.0,-251.0 -6.0 0.0 flow_0_18 0 5.0 2.0,-2.0 170.932022241262 -1.5707963267948966 flow_9_17 0 5.0 2.0,60.89889805854747 2.0 3.141592653589793 flow_6_15 0 5.0 2.0,-219.68582882866026 6.0 3.141592653589793 flow_7_12 0 5.0 2.0,2.0 26.763995506801508 1.5707963267948966 flow_5_11 0 5.0 2.0,-6.0 296.0 -1.5707963267948966 flow_3_19 0 5.0 2.0,6.0 188.45907050680155 1.5707963267948966 flow_5_7 0 5.0 2.0,6.0 -36.2919999999998 1.5707963267948966 flow_2_12 0 5.0 2.0,2.0 -103.79199999999975 1.5707963267948966 flow_11_11 0 5.0 2.0,86.3049999999999 10.0 3.141592653589793 flow_10_16 0 5.0 2.0,81.29199999999975 6.0 3.141592653589793 flow_1_12 0 5.0 2.0,-169.65499999999998 -6.0 0.0 flow_0_17 0 5.0 2.0,-86.3049999999999 -10.0 0.0 flow_8_16 0 5.0 2.0,-73.79199999999975 -6.0 0.0 flow_0_11 0 5.0 2.0,-6.0 21.29199999999986 -1.5707963267948966 flow_3_10 0 5.0 2.0,10.868590361479088 -2.6368510494647907 -2.4696864544817909 flow_6_12 0 5.0 2.0,73.79199999999975 6.0 3.141592653589793 flow_1_11 0 5.0 2.0,6.0 -58.791999999999777 1.5707963267948966 flow_2_15 0 5.0 2.0,-2.0 251.0 -1.5707963267948966 flow_9_18 0 5.0 2.0,-10.0 28.29674999999986 -1.5707963267948966 flow_7_15 0 5.0 2.0,6.0 -28.791999999999804 1.5707963267948966 flow_2_11 0 5.0 2.0,-296.0 -10.0 0.0 flow_8_19 0 5.0 2.0,169.65499999999998 10.0 3.141592653589793 flow_10_17 0 5.0 2.0,-2.0 111.29199999999975 -1.5707963267948966 flow_9_12 0 5.0 2.0,36.2919999999998 6.0 3.141592653589793 flow_1_6 0 5.0 2.0,111.6216262173539 6.0 3.141592653589793 flow_1_16 0 5.0 2.0,103.79199999999975 6.0 3.141592653589793 flow_1_15 0 5.0 2.0,10.0 -169.65499999999998 1.5707963267948966 flow_4_17 0 5.0 2.0,-6.0 58.791999999999777 -1.5707963267948966 flow_3_15 0 5.0 2.0,2.0 -170.932022241262 1.5707963267948966 flow_11_17 0 5.0 2.0,-10.0 251.0 -1.5707963267948966 flow_7_18 0 5.0 2.0,-103.79199999999975 -6.0 0.0 flow_0_15 0 5.0 2.0,2.0 -81.29199999999975 1.5707963267948966 flow_11_8 0 5.0 2.0,96.29199999999975 6.0 3.141592653589793 flow_1_14 0 5.0 2.0,-6.0 36.2919999999998 -1.5707963267948966 flow_3_12 0 5.0 2.0,2.0 141.2823705068015 1.5707963267948966 flow_5_8 0 5.0 2.0,-43.553036214464558 -2.0 0.0 flow_5_14 0 5.0 2.0,-6.0 -270.1424705068013 -1.5707963267948966 flow_6_5 0 5.0 2.0,-2.0 -26.763995506801508 -1.5707963267948966 flow_6_11 0 5.0 2.0,2.0 -88.79199999999975 1.5707963267948966 flow_11_9 0 5.0 2.0,2.0 -133.79199999999973 1.5707963267948966 flow_11_15 0 5.0 2.0,-89.11421013408372 -2.0 0.0 flow_5_16 0 5.0 2.0,-53.15417882866021 6.0 3.141592653589793 flow_7_14 0 5.0 2.0,296.0 2.0 3.141592653589793 flow_6_19 0 5.0 2.0,-169.65499999999998 -2.0 0.0 flow_5_17 0 5.0 2.0,43.553036214464558 2.0 3.141592653589793 flow_6_14 0 5.0 2.0,-2.0 133.79199999999973 -1.5707963267948966 flow_9_15 0 5.0 2.0,-2.0 88.79199999999975 -1.5707963267948966 flow_9_9 0 5.0 2.0,2.0 -296.0 1.5707963267948966 flow_11_19 0 5.0 2.0,51.2919999999998 6.0 3.141592653589793 flow_1_8 0 5.0 2.0,-2.0 28.04199999999986 -1.5707963267948966 flow_9_1 0 5.0 2.0,136.33582882866024 -6.0 0.0 flow_4_13 0 5.0 2.0,6.0 -87.69972722097998 1.5707963267948966 flow_2_16 0 5.0 2.0,-6.0 251.0 -1.5707963267948966 flow_3_18 0 5.0 2.0,-81.29199999999975 -6.0 0.0 flow_0_12 0 5.0 2.0,2.0 -43.7919999999998 1.5707963267948966 flow_11_3 0 5.0 2.0,-6.0 169.65499999999998 -1.5707963267948966 flow_3_17 0 5.0 2.0,251.0 2.0 3.141592653589793 flow_6_18 0 5.0 2.0,-6.0 51.2919999999998 -1.5707963267948966 flow_3_14 0 5.0 2.0,-66.29199999999975 -6.0 0.0 flow_0_10 0 5.0 2.0,-2.0 118.79199999999975 -1.5707963267948966 flow_9_13 0 5.0 2.0,;road_0_1_0 r r g,road_1_0_1 g r g,road_1_2_3 g r g,road_2_1_2 r r g,
-6.0 -123.4456705068015 -1.5707963267948966 flow_6_9 0 5.0 2.0,2.0 -73.79199999999975 1.5707963267948966 flow_11_7 0 5.0 2.0,76.47450702122689 2.0 3.141592653589793 flow_6_16 0 5.0 2.0,-152.98499999999997 -10.0 0.0 flow_8_17 0 5.0 2.0,-6.0 43.7919999999998 -1.5707963267948966 flow_3_13 0 5.0 2.0,-2.0 51.2919999999998 -1.5707963267948966 flow_9_4 0 5.0 2.0,-52.647211054369339 -2.0 0.0 flow_5_15 0 5.0 2.0,66.29199999999975 6.0 3.141592653589793 flow_1_10 0 5.0 2.0,236.0 6.0 3.141592653589793 flow_1_18 0 5.0 2.0,19.96350051833775 10.001921025350646 3.0890095919788518 flow_10_15 0 5.0 2.0,10.0 69.6558288286602 1.5707963267948966 flow_10_14 0 5.0 2.0,-2.0 36.2919999999998 -1.5707963267948966 flow_9_2 0 5.0 2.0,-43.7919999999998 -6.0 0.0 flow_0_7 0 5.0 2.0,6.0 -291.0 1.5707963267948966 flow_2_19 0 5.0 2.0,6.0 -43.7919999999998 1.5707963267948966 flow_2_13 0 5.0 2.0,2.0 -141.29199999999973 1.5707963267948966 flow_11_16 0 5.0 2.0,58.791999999999777 6.0 3.141592653589793 flow_1_9 0 5.0 2.0,6.0 123.4456705068015 1.5707963267948966 flow_5_9 0 5.0 2.0,-111.29199999999975 -6.0 0.0 flow_0_16 0 5.0 2.0,-2.0 66.29199999999975 -1.5707963267948966 flow_9_6 0 5.0 2.0,-23.29409696115266 -2.0 0.0 flow_5_13 0 5.0 2.0,2.0 -27.791999999999918 1.5707963267948966 flow_11_1 0 5.0 2.0,-2.0 96.29199999999975 -1.5707963267948966 flow_9_10 0 5.0 2.0,2.0 -58.791999999999777 1.5707963267948966 flow_11_5 0 5.0 2.0,152.98499999999997 2.0 3.141592653589793 flow_6_17 0 5.0 2.0,28.791999999999804 6.0 3.141592653589793 flow_1_5 0 5.0 2.0,-2.0 -239.63577050680159 -1.5707963267948966 flow_6_6 0 5.0 2.0,2.0 -66.29199999999975 1.5707963267948966 flow_11_6 0 5.0 2.0,-28.791999999999804 -6.0 0.0 flow_0_5 0 5.0 2.0,-88.79199999999975 -6.0 0.0 flow_0_13 0 5.0 2.0,-19.96350051833775 -10.001921025350646 -0.05258306161094157 flow_8_15 0 5.0 2.0,10.0 236.35582882866027 1.5707963267948966 flow_10_12 0 5.0 2.0,-58.791999999999777 -6.0 0.0 flow_0_9 0 5.0 2.0,-6.0 76.06918166294003 -1.5707963267948966 flow_3_16 0 5.0 2.0,2.0 239.63577050680159 1.5707963267948966 flow_5_6 0 5.0 2.0,6.0 -21.29199999999986 1.5707963267948966 flow_2_10 0 5.0 2.0,10.001921025350646 -19.96350051833775 1.518213265183955 flow_4_15 0 5.0 2.0,21.29199999999986 6.0 3.141592653589793 flow_1_4 0 5.0 2.0,-2.0 291.0 -1.5707963267948966 flow_9_19 0 5.0 2.0,-2.0 103.79199999999975 -1.5707963267948966 flow_9_11 0 5.0 2.0,-5.53649313136691 7.535517845362019 0.8214056483751642 flow_5_12 0 5.0 2.0,-2.0 -157.95237050680152 -1.5707963267948966 flow_6_8 0 5.0 2.0,-2.0 58.791999999999777 -1.5707963267948966 flow_9_5 0 5.0 2.0,-96.29199999999975 -6.0 0.0 flow_0_14 0 5.0 2.0,-2.0 141.29199999999973 -1.5707963267948966 flow_9_16 0 5.0 2.0,6.0 -51.2919999999998 1.5707963267948966 flow_2_14 0 5.0 2.0,-10.0 152.98499999999997 -1.5707963267948966 flow_7_17 0 5.0 2.0,2.0 -96.29199999999975 1.5707963267948966 flow_11_10 0 5.0 2.0,6.0 -152.98499999999997 1.5707963267948966 flow_2_17 0 5.0 2.0,10.0 -291.0 1.5707963267948966 flow_4_19 0 5.0 2.0,1.8644982915931219 -19.305087568812433 1.7633709873536255 flow_11_0 0 5.0 2.0,-2.0 43.7919999999998 -1.5707963267948966 flow_9_3 0 5.0 2.0,-2.0 73.79199999999975 -1.5707963267948966 flow_9_7 0 5.0 2.0,2.0 -118.79199999999975 1.5707963267948966 flow_11_13 0 5.0 2.0,10.0 -69.63499999999988 1.5707963267948966 flow_4_16 0 5.0 2.0,-291.0 -6.0 0.0 flow_0_19 0 5.0 2.0,10.0 153.0058288286602 1.5707963267948966 flow_10_13 0 5.0 2.0,10.0 -236.0 1.5707963267948966 flow_4_18 0 5.0 2.0,-153.0058288286602 10.0 3.141592653589793 flow_7_13 0 5.0 2.0,-2.0 -76.26897050680151 -1.5707963267948966 flow_6_10 0 5.0 2.0,6.0 286.81247050680136 1.5707963267948966 flow_5_5 0 5.0 2.0,-236.0 -2.0 0.0 flow_5_18 0 5.0 2.0,6.0 -236.0 1.5707963267948966 flow_2_18 0 5.0 2.0,152.98499999999997 6.0 3.141592653589793 flow_1_17 0 5.0 2.0,2.0 -51.2919999999998 1.5707963267948966 flow_11_4 0 5.0 2.0,-10.0 291.0 -1.5707963267948966 flow_7_19 0 5.0 2.0,-10.0 -153.0058288286602 -1.5707963267948966 flow_8_13 0 5.0 2.0,-6.0 -205.12907050680156 -1.5707963267948966 flow_6_7 0 5.0 2.0,-6.0 28.791999999999804 -1.5707963267948966 flow_3_11 0 5.0 2.0,291.0 10.0 3.141592653589793 flow_10_19 0 5.0 2.0,2.0 -236.0 1.5707963267948966 flow_11_18 0 5.0 2.0,2.0 -126.29199999999975 1.5707963267948966 flow_11_14 0 5.0 2.0,23.29409696115266 2.0 3.141592653589793 flow_6_13 0 5.0 2.0,43.7919999999998 6.0 3.141592653589793 flow_1_7 0 5.0 2.0,-36.2919999999998 -6.0 0.0 flow_0_6 0 5.0 2.0,-51.2919999999998 -6.0 0.0 flow_0_8 0 5.0 2.0,88.79199999999975 6.0 3.141592653589793 flow_1_13 0 5.0 2.0,69.6558288286602 -10.0 0.0 flow_4_14 0 5.0 2.0,236.0 10.0 3.141592653589793 flow_10_18 0 5.0 2.0,2.0 -111.29199999999975 1.5707963267948966 flow_11_12 0 5.0 2.0,-2.0 81.29199999999975 -1.5707963267948966 flow_9_8 0 5.0 2.0,2.0 76.26897050680151 1.5707963267948966 flow_5_10 0 5.0 2.0,-236.0 -10.0 0.0 flow_8_18 0 5.0 2.0,236.35582882866027 -10.0 0.0 flow_4_12 0 5.0 2.0,-10.0 -236.35582882866027 -1.5707963267948966 flow_8_12 0 5.0 2.0,-21.29199999999986 -6.0 0.0 flow_0_4 0 5.0 2.0,-10.0 69.63499999999988 -1.5707963267948966 flow_7_16 0 5.0 2.0,-1.8644982915931219 19.305087568812433 -1.378221666236168 flow_9_0 0 5.0 2.0,-291.0 -2.0 0.0 flow_5_19 0 5.0 2.0,291.0 6.0 3.141592653589793 flow_1_19 0 5.0 2.0,-2.0 126.29199999999975 -1.5707963267948966 flow_9_14 0 5.0 2.0,2.0 -36.2919999999998 1.5707963267948966 flow_11_2 0 5.0 2.0,-10.0 -69.6558288286602 -1.5707963267948966 flow_8_14 0 5.0 2.0,-236.0 -6.0 0.0 flow_0_18 0 5.0 2.0,-2.0 159.066066723786 -1.5707963267948966 flow_9_17 0 5.0 2.0,52.647211054369339 2.0 3.141592653589793 flow_6_15 0 5.0 2.0,-236.35582882866027 6.0 3.141592653589793 flow_7_12 0 5.0 2.0,5.266660000000001 42.09729550680151 1.5707963267948966 flow_5_11 1 5.0 2.0,-6.0 291.0 -1.5707963267948966 flow_3_19 0 5.0 2.0,6.0 205.12907050680156 1.5707963267948966 flow_5_7 0 5.0 2.0,6.0 -36.2919999999998 1.5707963267948966 flow_2_12 0 5.0 2.0,2.0 -103.79199999999975 1.5707963267948966 flow_11_11 0 5.0 2.0,69.63499999999988 10.0 3.141592653589793 flow_10_16 0 5.0 2.0,81.29199999999975 6.0 3.141592653589793 flow_1_12 0 5.0 2.0,-152.98499999999997 -6.0 0.0 flow_0_17 0 5.0 2.0,-69.63499999999988 -10.0 0.0 flow_8_16 0 5.0 2.0,-73.79199999999975 -6.0 0.0 flow_0_11 0 5.0 2.0,-6.0 21.29199999999986 -1.5707963267948966 flow_3_10 0 5.0 2.0,5.53649313136691 -7.535517845362019 -2.320187005214629 flow_6_12 0 5.0 2.0,73.79199999999975 6.0 3.141592653589793 flow_1_11 0 5.0 2.0,6.0 -58.791999999999777 1.5707963267948966 flow_2_15 0 5.0 2.0,-2.0 236.0 -1.5707963267948966 flow_9_18 0 5.0 2.0,-10.001921025350646 19.96350051833775 -1.6233793884058383 flow_7_15 0 5.0 2.0,6.0 -28.791999999999804 1.5707963267948966 flow_2_11 0 5.0 2.0,-291.0 -10.0 0.0 flow_8_19 0 5.0 2.0,152.98499999999997 10.0 3.141592653589793 flow_10_17 0 5.0 2.0,-2.0 111.29199999999975 -1.5707963267948966 flow_9_12 0 5.0 2.0,36.2919999999998 6.0 3.141592653589793 flow_1_6 0 5.0 2.0,111.29199999999975 6.0 3.141592653589793 flow_1_16 0 5.0 2.0,103.79199999999975 6.0 3.141592653589793 flow_1_15 0 5.0 2.0,10.0 -152.98499999999997 1.5707963267948966 flow_4_17 0 5.0 2.0,-6.0 58.791999999999777 -1.5707963267948966 flow_3_15 0 5.0 2.0,2.0 -159.066066723786 1.5707963267948966 flow_11_17 0 5.0 2.0,-10.0 236.0 -1.5707963267948966 flow_7_18 0 5.0 2.0,-103.79199999999975 -6.0 0.0 flow_0_15 0 5.0 2.0,2.0 -81.29199999999975 1.5707963267948966 flow_11_8 0 5.0 2.0,96.29199999999975 6.0 3.141592653589793 flow_1_14 0 5.0 2.0,-6.0 36.2919999999998 -1.5707963267948966 flow_3_12 0 5.0 2.0,2.0 157.95237050680152 1.5707963267948966 flow_5_8 0 5.0 2.0,-36.16409782967065 -2.0 0.0 flow_5_14 0 5.0 2.0,-6.0 -286.81247050680136 -1.5707963267948966 flow_6_5 0 5.0 2.0,-5.266660000000001 -42.09729550680151 -1.5707963267948966 flow_6_11 1 5.0 2.0,2.0 -88.79199999999975 1.5707963267948966 flow_11_9 0 5.0 2.0,2.0 -133.79199999999973 1.5707963267948966 flow_11_15 0 5.0 2.0,-76.47450702122689 -2.0 0.0 flow_5_16 0 5.0 2.0,-69.6558288286602 6.0 3.141592653589793 flow_7_14 0 5.0 2.0,291.0 2.0 3.141592653589793 flow_6_19 0 5.0 2.0,-152.98499999999997 -2.0 0.0 flow_5_17 0 5.0 2.0,36.16409782967065 2.0 3.141592653589793 flow_6_14 0 5.0 2.0,-2.0 133.79199999999973 -1.5707963267948966 flow_9_15 0 5.0 2.0,-2.0 88.79199999999975 -1.5707963267948966 flow_9_9 0 5.0 2.0,2.0 -291.0 1.5707963267948966 flow_11_19 0 5.0 2.0,51.2919999999998 6.0 3.141592653589793 flow_1_8 0 5.0 2.0,-2.0 27.791999999999918 -1.5707963267948966 flow_9_1 0 5.0 2.0,153.0058288286602 -6.0 0.0 flow_4_13 0 5.0 2.0,6.0 -76.06918166294003 1.5707963267948966 flow_2_16 0 5.0 2.0,-6.0 236.0 -1.5707963267948966 flow_3_18 0 5.0 2.0,-81.29199999999975 -6.0 0.0 flow_0_12 0 5.0 2.0,2.0 -43.7919999999998 1.5707963267948966 flow_11_3 0 5.0 2.0,-6.0 152.98499999999997 -1.5707963267948966 flow_3_17 0 5.0 2.0,236.0 2.0 3.141592653589793 flow_6_18 0 5.0 2.0,-6.0 51.2919999999998 -1.5707963267948966 flow_3_14 0 5.0 2.0,-66.29199999999975 -6.0 0.0 flow_0_10 0 5.0 2.0,-2.0 118.79199999999975 -1.5707963267948966 flow_9_13 0 5.0 2.0,;road_0_1_0 r r g,road_1_0_1 g r g,road_1_2_3 g r g,road_2_1_2 r r g,
-6.0 -140.1156705068015 -1.5707963267948966 flow_6_9 0 5.0 2.0,2.0 -73.79199999999975 1.5707963267948966 flow_11_7 0 5.0 2.0,65.2105785159136 2.0 3.141592653589793 flow_6_16 0 5.0 2.0,-136.31499999999995 -10.0 0.0 flow_8_17 0 5.0 2.0,-6.0 43.7919999999998 -1.5707963267948966 flow_3_13 0 5.0 2.0,-2.0 51.2919999999998 -1.5707963267948966 flow_9_4 0 5.0 2.0,6.0 58.59894550680151 1.5707963267948966 flow_5_11 0 5.0 2.0,-44.88102184306089 -2.0 0.0 flow_5_15 0 5.0 2.0,66.29199999999975 6.0 3.141592653589793 flow_1_10 0 5.0 2.0,219.665 6.0 3.141592653589793 flow_1_18 0 5.0 2.0,11.700813119107233 13.476783965535605 2.2565258377011836 flow_10_15 0 5.0 2.0,10.0 86.3258288286602 1.5707963267948966 flow_10_14 0 5.0 2.0,-2.0 36.2919999999998 -1.5707963267948966 flow_9_2 0 5.0 2.0,-43.7919999999998 -6.0 0.0 flow_0_7 0 5.0 2.0,6.0 -284.0 1.5707963267948966 flow_2_19 0 5.0 2.0,6.0 -43.7919999999998 1.5707963267948966 flow_2_13 0 5.0 2.0,2.0 -141.29199999999973 1.5707963267948966 flow_11_16 0 5.0 2.0,58.791999999999777 6.0 3.141592653589793 flow_1_9 0 5.0 2.0,6.0 140.1156705068015 1.5707963267948966 flow_5_9 0 5.0 2.0,-111.29199999999975 -6.0 0.0 flow_0_16 0 5.0 2.0,-2.0 66.29199999999975 -1.5707963267948966 flow_9_6 0 5.0 2.0,-21.210986993396149 -2.0 0.0 flow_5_13 0 5.0 2.0,2.0 -27.791999999999918 1.5707963267948966 flow_11_1 0 5.0 2.0,-2.0 96.29199999999975 -1.5707963267948966 flow_9_10 0 5.0 2.0,2.0 -58.791999999999777 1.5707963267948966 flow_11_5 0 5.0 2.0,136.31499999999995 2.0 3.141592653589793 flow_6_17 0 5.0 2.0,28.791999999999804 6.0 3.141592653589793 flow_1_5 0 5.0 2.0,-2.0 -256.3057705068016 -1.5707963267948966 flow_6_6 0 5.0 2.0,2.0 -66.29199999999975 1.5707963267948966 flow_11_6 0 5.0 2.0,-28.791999999999804 -6.0 0.0 flow_0_5 0 5.0 2.0,-88.79199999999975 -6.0 0.0 flow_0_13 0 5.0 2.0,-11.700813119107233 -13.476783965535605 -0.8850668158886099 flow_8_15 0 5.0 2.0,10.0 253.02582882866029 1.5707963267948966 flow_10_12 0 5.0 2.0,-58.791999999999777 -6.0 0.0 flow_0_9 0 5.0 2.0,-6.0 68.9386361049001 -1.5707963267948966 flow_3_16 0 5.0 2.0,2.0 256.3057705068016 1.5707963267948966 flow_5_6 0 5.0 2.0,6.0 -21.29199999999986 1.5707963267948966 flow_2_10 0 5.0 2.0,13.476783965535605 -11.700813119107233 0.6857295109062868 flow_4_15 0 5.0 2.0,21.29199999999986 6.0 3.141592653589793 flow_1_4 0 5.0 2.0,-2.0 284.0 -1.5707963267948966 flow_9_19 0 5.0 2.0,-2.0 103.79199999999975 -1.5707963267948966 flow_9_11 0 5.0 2.0,0.1344989934853298 14.816548339193208 0.9955589872739847 flow_5_12 0 5.0 2.0,-2.0 -174.62237050680154 -1.5707963267948966 flow_6_8 0 5.0 2.0,-2.0 58.791999999999777 -1.5707963267948966 flow_9_5 0 5.0 2.0,-96.29199999999975 -6.0 0.0 flow_0_14 0 5.0 2.0,-2.0 141.29199999999973 -1.5707963267948966 flow_9_16 0 5.0 2.0,6.0 -51.2919999999998 1.5707963267948966 flow_2_14 0 5.0 2.0,-10.0 136.31499999999995 -1.5707963267948966 flow_7_17 0 5.0 2.0,2.0 -96.29199999999975 1.5707963267948966 flow_11_10 0 5.0 2.0,6.0 -136.31499999999995 1.5707963267948966 flow_2_17 0 5.0 2.0,10.0 -284.0 1.5707963267948966 flow_4_19 0 5.0 2.0,1.8644982915931219 -19.305087568812433 1.7633709873536255 flow_11_0 0 5.0 2.0,-2.0 43.7919999999998 -1.5707963267948966 flow_9_3 0 5.0 2.0,-2.0 73.79199999999975 -1.5707963267948966 flow_9_7 0 5.0 2.0,2.0 -118.79199999999975 1.5707963267948966 flow_11_13 0 5.0 2.0,10.0 -55.21499999999986 1.5707963267948966 flow_4_16 0 5.0 2.0,-284.0 -6.0 0.0 flow_0_19 0 5.0 2.0,10.0 169.6758288286602 1.5707963267948966 flow_10_13 0 5.0 2.0,10.0 -219.665 1.5707963267948966 flow_4_18 0 5.0 2.0,-169.6758288286602 10.0 3.141592653589793 flow_7_13 0 5.0 2.0,-2.0 -92.93897050680151 -1.5707963267948966 flow_6_10 0 5.0 2.0,-219.665 -2.0 0.0 flow_5_18 0 5.0 2.0,6.0 -219.665 1.5707963267948966 flow_2_18 0 5.0 2.0,138.0648686781611 6.0 3.141592653589793 flow_1_17 0 5.0 2.0,2.0 -51.2919999999998 1.5707963267948966 flow_11_4 0 5.0 2.0,-10.0 284.0 -1.5707963267948966 flow_7_19 0 5.0 2.0,-10.0 -169.6758288286602 -1.5707963267948966 flow_8_13 0 5.0 2.0,-6.0 -221.79907050680158 -1.5707963267948966 flow_6_7 0 5.0 2.0,-6.0 28.791999999999804 -1.5707963267948966 flow_3_11 0 5.0 2.0,284.0 10.0 3.141592653589793 flow_10_19 0 5.0 2.0,2.0 -219.665 1.5707963267948966 flow_11_18 0 5.0 2.0,2.0 -126.29199999999975 1.5707963267948966 flow_11_14 0 5.0 2.0,21.210986993396149 2.0 3.141592653589793 flow_6_13 0 5.0 2.0,43.7919999999998 6.0 3.141592653589793 flow_1_7 0 5.0 2.0,-36.2919999999998 -6.0 0.0 flow_0_6 0 5.0 2.0,-51.2919999999998 -6.0 0.0 flow_0_8 0 5.0 2.0,88.79199999999975 6.0 3.141592653589793 flow_1_13 0 5.0 2.0,86.3258288286602 -10.0 0.0 flow_4_14 0 5.0 2.0,219.665 10.0 3.141592653589793 flow_10_18 0 5.0 2.0,-6.0 -58.59894550680151 -1.5707963267948966 flow_6_11 0 5.0 2.0,2.0 -111.29199999999975 1.5707963267948966 flow_11_12 0 5.0 2.0,-2.0 81.29199999999975 -1.5707963267948966 flow_9_8 0 5.0 2.0,2.0 92.93897050680151 1.5707963267948966 flow_5_10 0 5.0 2.0,-219.665 -10.0 0.0 flow_8_18 0 5.0 2.0,253.02582882866029 -10.0 0.0 flow_4_12 0 5.0 2.0,-10.0 -253.02582882866029 -1.5707963267948966 flow_8_12 0 5.0 2.0,-21.29199999999986 -6.0 0.0 flow_0_4 0 5.0 2.0,-10.0 55.21499999999986 -1.5707963267948966 flow_7_16 0 5.0 2.0,-1.8644982915931219 19.305087568812433 -1.378221666236168 flow_9_0 0 5.0 2.0,-284.0 -2.0 0.0 flow_5_19 0 5.0 2.0,284.0 6.0 3.141592653589793 flow_1_19 0 5.0 2.0,-2.0 126.29199999999975 -1.5707963267948966 flow_9_14 0 5.0 2.0,2.0 -36.2919999999998 1.5707963267948966 flow_11_2 0 5.0 2.0,-10.0 -86.3258288286602 -1.5707963267948966 flow_8_14 0 5.0 2.0,-219.665 -6.0 0.0 flow_0_18 0 5.0 2.0,-2.0 151.70011120631004 -1.5707963267948966 flow_9_17 0 5.0 2.0,44.88102184306089 2.0 3.141592653589793 flow_6_15 0 5.0 2.0,-253.02582882866029 6.0 3.141592653589793 flow_7_12 0 5.0 2.0,-6.0 284.0 -1.5707963267948966 flow_3_19 0 5.0 2.0,6.0 221.79907050680158 1.5707963267948966 flow_5_7 0 5.0 2.0,6.0 -36.2919999999998 1.5707963267948966 flow_2_12 0 5.0 2.0,2.0 -103.79199999999975 1.5707963267948966 flow_11_11 0 5.0 2.0,55.21499999999986 10.0 3.141592653589793 flow_10_16 0 5.0 2.0,81.29199999999975 6.0 3.141592653589793 flow_1_12 0 5.0 2.0,-138.0648686781611 -6.0 0.0 flow_0_17 0 5.0 2.0,-55.21499999999986 -10.0 0.0 flow_8_16 0 5.0 2.0,-73.79199999999975 -6.0 0.0 flow_0_11 0 5.0 2.0,-6.0 21.29199999999986 -1.5707963267948966 flow_3_10 0 5.0 2.0,-0.1344989934853298 -14.816548339193208 -2.1460336663158086 flow_6_12 0 5.0 2.0,73.79199999999975 6.0 3.141592653589793 flow_1_11 0 5.0 2.0,6.0 -58.791999999999777 1.5707963267948966 flow_2_15 0 5.0 2.0,-2.0 219.665 -1.5707963267948966 flow_9_18 0 5.0 2.0,-13.476783965535605 11.700813119107233 -2.4558631426835069 flow_7_15 0 5.0 2.0,6.0 -28.791999999999804 1.5707963267948966 flow_2_11 0 5.0 2.0,-284.0 -10.0 0.0 flow_8_19 0 5.0 2.0,136.31499999999995 10.0 3.141592653589793 flow_10_17 0 5.0 2.0,-2.0 111.29199999999975 -1.5707963267948966 flow_9_12 0 5.0 2.0,36.2919999999998 6.0 3.141592653589793 flow_1_6 0 5.0 2.0,111.29199999999975 6.0 3.141592653589793 flow_1_16 0 5.0 2.0,103.79199999999975 6.0 3.141592653589793 flow_1_15 0 5.0 2.0,10.0 -136.31499999999995 1.5707963267948966 flow_4_17 0 5.0 2.0,-6.0 58.791999999999777 -1.5707963267948966 flow_3_15 0 5.0 2.0,2.0 -151.70011120631004 1.5707963267948966 flow_11_17 0 5.0 2.0,-10.0 219.665 -1.5707963267948966 flow_7_18 0 5.0 2.0,-103.79199999999975 -6.0 0.0 flow_0_15 0 5.0 2.0,2.0 -81.29199999999975 1.5707963267948966 flow_11_8 0 5.0 2.0,96.29199999999975 6.0 3.141592653589793 flow_1_14 0 5.0 2.0,-6.0 36.2919999999998 -1.5707963267948966 flow_3_12 0 5.0 2.0,2.0 174.62237050680154 1.5707963267948966 flow_5_8 0 5.0 2.0,-31.229973026134247 -2.0 0.0 flow_5_14 0 5.0 2.0,2.0 -88.79199999999975 1.5707963267948966 flow_11_9 0 5.0 2.0,2.0 -133.79199999999973 1.5707963267948966 flow_11_15 0 5.0 2.0,-65.2105785159136 -2.0 0.0 flow_5_16 0 5.0 2.0,-86.3258288286602 6.0 3.141592653589793 flow_7_14 0 5.0 2.0,284.0 2.0 3.141592653589793 flow_6_19 0 5.0 2.0,-136.31499999999995 -2.0 0.0 flow_5_17 0 5.0 2.0,31.229973026134247 2.0 3.141592653589793 flow_6_14 0 5.0 2.0,-2.0 133.79199999999973 -1.5707963267948966 flow_9_15 0 5.0 2.0,-2.0 88.79199999999975 -1.5707963267948966 flow_9_9 0 5.0 2.0,2.0 -284.0 1.5707963267948966 flow_11_19 0 5.0 2.0,51.2919999999998 6.0 3.141592653589793 flow_1_8 0 5.0 2.0,-2.0 27.791999999999918 -1.5707963267948966 flow_9_1 0 5.0 2.0,169.6758288286602 -6.0 0.0 flow_4_13 0 5.0 2.0,6.0 -68.9386361049001 1.5707963267948966 flow_2_16 0 5.0 2.0,-6.0 219.665 -1.5707963267948966 flow_3_18 0 5.0 2.0,-81.29199999999975 -6.0 0.0 flow_0_12 0 5.0 2.0,2.0 -43.7919999999998 1.5707963267948966 flow_11_3 0 5.0 2.0,-6.0 136.31499999999995 -1.5707963267948966 flow_3_17 0 5.0 2.0,219.665 2.0 3.141592653589793 flow_6_18 0 5.0 2.0,-6.0 51.2919999999998 -1.5707963267948966 flow_3_14 0 5.0 2.0,-66.29199999999975 -6.0 0.0 flow_0_10 0 5.0 2.0,-2.0 118.79199999999975 -1.5707963267948966 flow_9_13 0 5.0 2.0,;road_0_1_0 r r g,road_1_0_1 g r g,road_1_2_3 g r g,road_2_1_2 r r g,
-6.0 -156.78567050680153 -1.5707963267948966 flow_6_9 0 5.0 2.0,2.0 -73.79199999999975 1.5707963267948966 flow_11_7 0 5.0 2.0,55.40265665184762 2.0 3.141592653589793 flow_6_16 0 5.0 2.0,-119.64499999999993 -10.0 0.0 flow_8_17 0 5.0 2.0,-6.0 43.7919999999998 -1.5707963267948966 flow_3_13 0 5.0 2.0,-2.0 51.2919999999998 -1.5707963267948966 flow_9_4 0 5.0 2.0,6.0 75.26894550680152 1.5707963267948966 flow_5_11 0 5.0 2.0,-39.23938743056823 -2.0 0.0 flow_5_15 0 5.0 2.0,66.29199999999975 6.0 3.141592653589793 flow_1_10 0 5.0 2.0,202.995 6.0 3.141592653589793 flow_1_18 0 5.0 2.0,10.0 24.487578828660206 1.5707963267948966 flow_10_15 0 5.0 2.0,10.0 102.9958288286602 1.5707963267948966 flow_10_14 0 5.0 2.0,-2.0 36.2919999999998 -1.5707963267948966 flow_9_2 0 5.0 2.0,-43.7919999999998 -6.0 0.0 flow_0_7 0 5.0 2.0,6.0 -275.0 1.5707963267948966 flow_2_19 0 5.0 2.0,6.0 -43.7919999999998 1.5707963267948966 flow_2_13 0 5.0 2.0,2.0 -141.29199999999973 1.5707963267948966 flow_11_16 0 5.0 2.0,58.791999999999777 6.0 3.141592653589793 flow_1_9 0 5.0 2.0,6.0 156.78567050680153 1.5707963267948966 flow_5_9 0 5.0 2.0,-111.29199999999975 -6.0 0.0 flow_0_16 0 5.0 2.0,-2.0 66.29199999999975 -1.5707963267948966 flow_9_6 0 5.0 2.0,-20.516617004143997 -2.0 0.0 flow_5_13 0 5.0 2.0,2.0 -27.791999999999918 1.5707963267948966 flow_11_1 0 5.0 2.0,-2.0 96.29199999999975 -1.5707963267948966 flow_9_10 0 5.0 2.0,2.0 -58.791999999999777 1.5707963267948966 flow_11_5 0 5.0 2.0,119.64499999999993 2.0 3.141592653589793 flow_6_17 0 5.0 2.0,28.791999999999804 6.0 3.141592653589793 flow_1_5 0 5.0 2.0,-2.0 -272.9757705068016 -1.5707963267948966 flow_6_6 0 5.0 2.0,2.0 -66.29199999999975 1.5707963267948966 flow_11_6 0 5.0 2.0,-28.791999999999804 -6.0 0.0 flow_0_5 0 5.0 2.0,-88.79199999999975 -6.0 0.0 flow_0_13 0 5.0 2.0,-10.0 -24.487578828660206 -1.5707963267948966 flow_8_15 0 5.0 2.0,10.0 269.6958288286603 1.5707963267948966 flow_10_12 0 5.0 2.0,-58.791999999999777 -6.0 0.0 flow_0_9 0 5.0 2.0,-6.0 66.30809054686017 -1.5707963267948966 flow_3_16 0 5.0 2.0,2.0 272.9757705068016 1.5707963267948966 flow_5_6 0 5.0 2.0,6.0 -21.29199999999986 1.5707963267948966 flow_2_10 0 5.0 2.0,24.487578828660206 -10.0 0.0 flow_4_15 0 5.0 2.0,21.29199999999986 6.0 3.141592653589793 flow_1_4 0 5.0 2.0,-2.0 275.0 -1.5707963267948966 flow_9_19 0 5.0 2.0,-2.0 103.79199999999975 -1.5707963267948966 flow_9_11 0 5.0 2.0,2.0 25.692576024152886 1.5707963267948966 flow_5_12 0 5.0 2.0,-2.0 -191.29237050680156 -1.5707963267948966 flow_6_8 0 5.0 2.0,-2.0 58.791999999999777 -1.5707963267948966 flow_9_5 0 5.0 2.0,-96.29199999999975 -6.0 0.0 flow_0_14 0 5.0 2.0,-2.0 141.29199999999973 -1.5707963267948966 flow_9_16 0 5.0 2.0,6.0 -51.2919999999998 1.5707963267948966 flow_2_14 0 5.0 2.0,-10.0 119.64499999999993 -1.5707963267948966 flow_7_17 0 5.0 2.0,2.0 -96.29199999999975 1.5707963267948966 flow_11_10 0 5.0 2.0,6.0 -119.64499999999993 1.5707963267948966 flow_2_17 0 5.0 2.0,10.0 -275.0 1.5707963267948966 flow_4_19 0 5.0 2.0,1.8644982915931219 -19.305087568812433 1.7633709873536255 flow_11_0 0 5.0 2.0,-2.0 43.7919999999998 -1.5707963267948966 flow_9_3 0 5.0 2.0,-2.0 73.79199999999975 -1.5707963267948966 flow_9_7 0 5.0 2.0,2.0 -118.79199999999975 1.5707963267948966 flow_11_13 0 5.0 2.0,10.0 -44.96334999999985 1.5707963267948966 flow_4_16 0 5.0 2.0,-275.0 -6.0 0.0 flow_0_19 0 5.0 2.0,10.0 186.34582882866023 1.5707963267948966 flow_10_13 0 5.0 2.0,10.0 -202.995 1.5707963267948966 flow_4_18 0 5.0 2.0,-186.34582882866023 10.0 3.141592653589793 flow_7_13 0 5.0 2.0,-2.0 -109.60897050680151 -1.5707963267948966 flow_6_10 0 5.0 2.0,-202.995 -2.0 0.0 flow_5_18 0 5.0 2.0,6.0 -202.995 1.5707963267948966 flow_2_18 0 5.0 2.0,127.14460603448342 6.0 3.141592653589793 flow_1_17 0 5.0 2.0,2.0 -51.2919999999998 1.5707963267948966 flow_11_4 0 5.0 2.0,-10.0 275.0 -1.5707963267948966 flow_7_19 0 5.0 2.0,-10.0 -186.34582882866023 -1.5707963267948966 flow_8_13 0 5.0 2.0,-6.0 -238.4690705068016 -1.5707963267948966 flow_6_7 0 5.0 2.0,-6.0 28.791999999999804 -1.5707963267948966 flow_3_11 0 5.0 2.0,275.0 10.0 3.141592653589793 flow_10_19 0 5.0 2.0,2.0 -202.995 1.5707963267948966 flow_11_18 0 5.0 2.0,2.0 -126.29199999999975 1.5707963267948966 flow_11_14 0 5.0 2.0,20.516617004143997 2.0 3.141592653589793 flow_6_13 0 5.0 2.0,43.7919999999998 6.0 3.141592653589793 flow_1_7 0 5.0 2.0,-36.2919999999998 -6.0 0.0 flow_0_6 0 5.0 2.0,-51.2919999999998 -6.0 0.0 flow_0_8 0 5.0 2.0,88.79199999999975 6.0 3.141592653589793 flow_1_13 0 5.0 2.0,102.9958288286602 -10.0 0.0 flow_4_14 0 5.0 2.0,202.995 10.0 3.141592653589793 flow_10_18 0 5.0 2.0,-6.0 -75.26894550680152 -1.5707963267948966 flow_6_11 0 5.0 2.0,2.0 -111.29199999999975 1.5707963267948966 flow_11_12 0 5.0 2.0,-2.0 81.29199999999975 -1.5707963267948966 flow_9_8 0 5.0 2.0,2.0 109.60897050680151 1.5707963267948966 flow_5_10 0 5.0 2.0,-202.995 -10.0 0.0 flow_8_18 0 5.0 2.0,269.6958288286603 -10.0 0.0 flow_4_12 0 5.0 2.0,-10.0 -269.6958288286603 -1.5707963267948966 flow_8_12 0 5.0 2.0,-21.29199999999986 -6.0 0.0 flow_0_4 0 5.0 2.0,-10.0 44.96334999999985 -1.5707963267948966 flow_7_16 0 5.0 2.0,-1.8644982915931219 19.305087568812433 -1.378221666236168 flow_9_0 0 5.0 2.0,-275.0 -2.0 0.0 flow_5_19 0 5.0 2.0,275.0 6.0 3.141592653589793 flow_1_19 0 5.0 2.0,-2.0 126.29199999999975 -1.5707963267948966 flow_9_14 0 5.0 2.0,2.0 -36.2919999999998 1.5707963267948966 flow_11_2 0 5.0 2.0,-10.0 -102.9958288286602 -1.5707963267948966 flow_8_14 0 5.0 2.0,-202.995 -6.0 0.0 flow_0_18 0 5.0 2.0,-2.0 148.83415568883405 -1.5707963267948966 flow_9_17 0 5.0 2.0,39.23938743056823 2.0 3.141592653589793 flow_6_15 0 5.0 2.0,-269.6958288286603 6.0 3.141592653589793 flow_7_12 0 5.0 2.0,-6.0 275.0 -1.5707963267948966 flow_3_19 0 5.0 2.0,6.0 238.4690705068016 1.5707963267948966 flow_5_7 0 5.0 2.0,6.0 -36.2919999999998 1.5707963267948966 flow_2_12 0 5.0 2.0,2.0 -103.79199999999975 1.5707963267948966 flow_11_11 0 5.0 2.0,44.96334999999985 10.0 3.141592653589793 flow_10_16 0 5.0 2.0,81.29199999999975 6.0 3.141592653589793 flow_1_12 0 5.0 2.0,-127.14460603448342 -6.0 0.0 flow_0_17 0 5.0 2.0,-44.96334999999985 -10.0 0.0 flow_8_16 0 5.0 2.0,-73.79199999999975 -6.0 0.0 flow_0_11 0 5.0 2.0,-6.0 21.29199999999986 -1.5707963267948966 flow_3_10 0 5.0 2.0,-2.0 -25.692576024152886 -1.5707963267948966 flow_6_12 0 5.0 2.0,73.79199999999975 6.0 3.141592653589793 flow_1_11 0 5.0 2.0,6.0 -58.791999999999777 1.5707963267948966 flow_2_15 0 5.0 2.0,-2.0 202.995 -1.5707963267948966 flow_9_18 0 5.0 2.0,-24.487578828660206 10.0 3.141592653589793 flow_7_15 0 5.0 2.0,6.0 -28.791999999999804 1.5707963267948966 flow_2_11 0 5.0 2.0,-275.0 -10.0 0.0 flow_8_19 0 5.0 2.0,119.64499999999993 10.0 3.141592653589793 flow_10_17 0 5.0 2.0,-2.0 111.29199999999975 -1.5707963267948966 flow_9_12 0 5.0 2.0,36.2919999999998 6.0 3.141592653589793 flow_1_6 0 5.0 2.0,111.29199999999975 6.0 3.141592653589793 flow_1_16 0 5.0 2.0,103.79199999999975 6.0 3.141592653589793 flow_1_15 0 5.0 2.0,10.0 -119.64499999999993 1.5707963267948966 flow_4_17 0 5.0 2.0,-6.0 58.791999999999777 -1.5707963267948966 flow_3_15 0 5.0 2.0,2.0 -148.83415568883405 1.5707963267948966 flow_11_17 0 5.0 2.0,-10.0 202.995 -1.5707963267948966 flow_7_18 0 5.0 2.0,-103.79199999999975 -6.0 0.0 flow_0_15 0 5.0 2.0,2.0 -81.29199999999975 1.5707963267948966 flow_11_8 0 5.0 2.0,96.29199999999975 6.0 3.141592653589793 flow_1_14 0 5.0 2.0,-6.0 36.2919999999998 -1.5707963267948966 flow_3_12 0 5.0 2.0,2.0 191.29237050680156 1.5707963267948966 flow_5_8 0 5.0 2.0,-28.757811517847359 -2.0 0.0 flow_5_14 0 5.0 2.0,2.0 -88.79199999999975 1.5707963267948966 flow_11_9 0 5.0 2.0,2.0 -133.79199999999973 1.5707963267948966 flow_11_15 0 5.0 2.0,-55.40265665184762 -2.0 0.0 flow_5_16 0 5.0 2.0,-102.9958288286602 6.0 3.141592653589793 flow_7_14 0 5.0 2.0,275.0 2.0 3.141592653589793 flow_6_19 0 5.0 2.0,-119.64499999999993 -2.0 0.0 flow_5_17 0 5.0 2.0,28.757811517847359 2.0 3.141592653589793 flow_6_14 0 5.0 2.0,-2.0 133.79199999999973 -1.5707963267948966 flow_9_15 0 5.0 2.0,-2.0 88.79199999999975 -1.5707963267948966 flow_9_9 0 5.0 2.0,2.0 -275.0 1.5707963267948966 flow_11_19 0 5.0 2.0,51.2919999999998 6.0 3.141592653589793 flow_1_8 0 5.0 2.0,-2.0 27.791999999999918 -1.5707963267948966 flow_9_1 0 5.0 2.0,186.34582882866023 -6.0 0.0 flow_4_13 0 5.0 2.0,6.0 -66.30809054686017 1.5707963267948966 flow_2_16 0 5.0 2.0,-6.0 202.995 -1.5707963267948966 flow_3_18 0 5.0 2.0,-81.29199999999975 -6.0 0.0 flow_0_12 0 5.0 2.0,2.0 -43.7919999999998 1.5707963267948966 flow_11_3 0 5.0 2.0,-6.0 119.64499999999993 -1.5707963267948966 flow_3_17 0 5.0 2.0,202.995 2.0 3.141592653589793 flow_6_18 0 5.0 2.0,-6.0 51.2919999999998 -1.5707963267948966 flow_3_14 0 5.0 2.0,-66.29199999999975 -6.0 0.0 flow_0_10 0 5.0 2.0,-2.0 118.79199999999975 -1.5707963267948966 flow_9_13 0 5.0 2.0,;road_0_1_0 r r g,road_1_0_1 g r g,road_1_2_3 g r g,road_2_1_2 r r g,
-6.0 -173.45567050680155 -1.5707963267948966 flow_6_9 0 5.0 2.0,2.0 -73.79199999999975 1.5707963267948966 flow_11_7 0 5.0 2.0,48.21798553011291 2.0 3.141592653589793 flow_6_16 0 5.0 2.0,-102.97499999999991 -10.0 0.0 flow_8_17 0 5.0 2.0,-6.0 43.7919999999998 -1.5707963267948966 flow_3_13 0 5.0 2.0,-2.0 51.2919999999998 -1.5707963267948966 flow_9_4 0 5.0 2.0,6.0 91.93894550680152 1.5707963267948966 flow_5_11 0 5.0 2.0,-36.34293340507787 -2.0 0.0 flow_5_15 0 5.0 2.0,66.29199999999975 6.0 3.141592653589793 flow_1_10 0 5.0 2.0,186.325 6.0 3.141592653589793 flow_1_18 0 5.0 2.0,10.0 37.820878828660209 1.5707963267948966 flow_10_15 0 5.0 2.0,10.0 119.66582882866021 1.5707963267948966 flow_10_14 0 5.0 2.0,-2.0 36.2919999999998 -1.5707963267948966 flow_9_2 0 5.0 2.0,-43.7919999999998 -6.0 0.0 flow_0_7 0 5.0 2.0,6.0 -264.0 1.5707963267948966 flow_2_19 0 5.0 2.0,299.0 10.0 3.141592653589793 flow_10_20 0 5.0 2.0,6.0 -43.7919999999998 1.5707963267948966 flow_2_13 0 5.0 2.0,2.0 -141.29199999999973 1.5707963267948966 flow_11_16 0 5.0 2.0,58.791999999999777 6.0 3.141592653589793 flow_1_9 0 5.0 2.0,6.0 173.45567050680155 1.5707963267948966 flow_5_9 0 5.0 2.0,-111.29199999999975 -6.0 0.0 flow_0_16 0 5.0 2.0,-2.0 66.29199999999975 -1.5707963267948966 flow_9_6 0 5.0 2.0,-20.516617004143997 -2.0 0.0 flow_5_13 0 5.0 2.0,6.0 -299.0 1.5707963267948966 flow_2_20 0 5.0 2.0,2.0 -27.791999999999918 1.5707963267948966 flow_11_1 0 5.0 2.0,-2.0 96.29199999999975 -1.5707963267948966 flow_9_10 0 5.0 2.0,2.0 -58.791999999999777 1.5707963267948966 flow_11_5 0 5.0 2.0,102.97499999999991 2.0 3.141592653589793 flow_6_17 0 5.0 2.0,28.791999999999804 6.0 3.141592653589793 flow_1_5 0 5.0 2.0,-299.0 -10.0 0.0 flow_8_20 0 5.0 2.0,-2.0 -289.6457705068016 -1.5707963267948966 flow_6_6 0 5.0 2.0,2.0 -66.29199999999975 1.5707963267948966 flow_11_6 0 5.0 2.0,-28.791999999999804 -6.0 0.0 flow_0_5 0 5.0 2.0,-88.79199999999975 -6.0 0.0 flow_0_13 0 5.0 2.0,-10.0 -37.820878828660209 -1.5707963267948966 flow_8_15 0 5.0 2.0,10.0 286.3658288286603 1.5707963267948966 flow_10_12 0 5.0 2.0,-58.791999999999777 -6.0 0.0 flow_0_9 0 5.0 2.0,-6.0 66.29199999999975 -1.5707963267948966 flow_3_16 0 5.0 2.0,2.0 289.6457705068016 1.5707963267948966 flow_5_6 0 5.0 2.0,6.0 -21.29199999999986 1.5707963267948966 flow_2_10 0 5.0 2.0,37.820878828660209 -7.1333400000000009 0.0 flow_4_15 -1 5.0 2.0,21.29199999999986 6.0 3.141592653589793 flow_1_4 0 5.0 2.0,-2.0 264.0 -1.5707963267948966 flow_9_19 0 5.0 2.0,-2.0 103.79199999999975 -1.5707963267948966 flow_9_11 0 5.0 2.0,2.0 38.942551024152887 1.5707963267948966 flow_5_12 0 5.0 2.0,-2.0 -207.96237050680157 -1.5707963267948966 flow_6_8 0 5.0 2.0,-2.0 58.791999999999777 -1.5707963267948966 flow_9_5 0 5.0 2.0,-96.29199999999975 -6.0 0.0 flow_0_14 0 5.0 2.0,-2.0 141.29199999999973 -1.5707963267948966 flow_9_16 0 5.0 2.0,6.0 -51.2919999999998 1.5707963267948966 flow_2_14 0 5.0 2.0,-10.0 102.97499999999991 -1.5707963267948966 flow_7_17 0 5.0 2.0,2.0 -96.29199999999975 1.5707963267948966 flow_11_10 0 5.0 2.0,6.0 -103.1785900587754 1.5707963267948966 flow_2_17 0 5.0 2.0,10.0 -264.0 1.5707963267948966 flow_4_19 0 5.0 2.0,1.6731116977981342 -18.323572835496856 1.7633709873536255 flow_11_0 0 5.0 2.0,-2.0 43.7919999999998 -1.5707963267948966 flow_9_3 0 5.0 2.0,299.0 2.0 3.141592653589793 flow_6_20 0 5.0 2.0,-2.0 73.79199999999975 -1.5707963267948966 flow_9_7 0 5.0 2.0,2.0 -118.79199999999975 1.5707963267948966 flow_11_13 0 5.0 2.0,-299.0 -6.0 0.0 flow_0_20 0 5.0 2.0,10.0 -36.63004999999987 1.5707963267948966 flow_4_16 0 5.0 2.0,-264.0 -6.0 0.0 flow_0_19 0 5.0 2.0,-6.0 299.0 -1.5707963267948966 flow_3_20 0 5.0 2.0,10.0 203.01582882866024 1.5707963267948966 flow_10_13 0 5.0 2.0,10.0 -186.325 1.5707963267948966 flow_4_18 0 5.0 2.0,-203.01582882866024 10.0 3.141592653589793 flow_7_13 0 5.0 2.0,-2.0 -126.27897050680152 -1.5707963267948966 flow_6_10 0 5.0 2.0,-186.325 -2.0 0.0 flow_5_18 0 5.0 2.0,6.0 -186.325 1.5707963267948966 flow_2_18 0 5.0 2.0,120.72434339080573 6.0 3.141592653589793 flow_1_17 0 5.0 2.0,299.0 6.0 3.141592653589793 flow_1_20 0 5.0 2.0,2.0 -51.2919999999998 1.5707963267948966 flow_11_4 0 5.0 2.0,-10.0 264.0 -1.5707963267948966 flow_7_19 0 5.0 2.0,-10.0 -203.01582882866024 -1.5707963267948966 flow_8_13 0 5.0 2.0,-6.0 -255.1390705068016 -1.5707963267948966 flow_6_7 0 5.0 2.0,-6.0 28.791999999999804 -1.5707963267948966 flow_3_11 0 5.0 2.0,264.0 10.0 3.141592653589793 flow_10_19 0 5.0 2.0,2.0 -186.42585340428944 1.5707963267948966 flow_11_18 0 5.0 2.0,2.0 -126.29199999999975 1.5707963267948966 flow_11_14 0 5.0 2.0,20.516617004143997 2.0 3.141592653589793 flow_6_13 0 5.0 2.0,43.7919999999998 6.0 3.141592653589793 flow_1_7 0 5.0 2.0,-36.2919999999998 -6.0 0.0 flow_0_6 0 5.0 2.0,-51.2919999999998 -6.0 0.0 flow_0_8 0 5.0 2.0,88.79199999999975 6.0 3.141592653589793 flow_1_13 0 5.0 2.0,119.66582882866021 -10.0 0.0 flow_4_14 0 5.0 2.0,186.325 10.0 3.141592653589793 flow_10_18 0 5.0 2.0,-10.0 299.0 -1.5707963267948966 flow_7_20 0 5.0 2.0,-6.0 -91.93894550680152 -1.5707963267948966 flow_6_11 0 5.0 2.0,2.0 -111.29199999999975 1.5707963267948966 flow_11_12 0 5.0 2.0,-2.0 81.29199999999975 -1.5707963267948966 flow_9_8 0 5.0 2.0,2.0 126.27897050680152 1.5707963267948966 flow_5_10 0 5.0 2.0,-186.325 -10.0 0.0 flow_8_18 0 5.0 2.0,286.3658288286603 -10.0 0.0 flow_4_12 0 5.0 2.0,-10.0 -286.3658288286603 -1.5707963267948966 flow_8_12 0 5.0 2.0,-21.29199999999986 -6.0 0.0 flow_0_4 0 5.0 2.0,10.0 -299.0 1.5707963267948966 flow_4_20 0 5.0 2.0,-10.0 36.63004999999987 -1.5707963267948966 flow_7_16 0 5.0 2.0,-1.6731116977981342 18.323572835496856 -1.378221666236168 flow_9_0 0 5.0 2.0,-264.0 -2.0 0.0 flow_5_19 0 5.0 2.0,264.0 6.0 3.141592653589793 flow_1_19 0 5.0 2.0,-2.0 126.29199999999975 -1.5707963267948966 flow_9_14 0 5.0 2.0,2.0 -36.2919999999998 1.5707963267948966 flow_11_2 0 5.0 2.0,-10.0 -119.66582882866021 -1.5707963267948966 flow_8_14 0 5.0 2.0,-186.325 -6.0 0.0 flow_0_18 0 5.0 2.0,2.0 -299.0 1.5707963267948966 flow_11_20 0 5.0 2.0,-2.0 148.7919999999997 -1.5707963267948966 flow_9_17 0 5.0 2.0,36.34293340507787 2.0 3.141592653589793 flow_6_15 0 5.0 2.0,-286.3658288286603 6.0 3.141592653589793 flow_7_12 0 5.0 2.0,-6.0 264.0 -1.5707963267948966 flow_3_19 0 5.0 2.0,6.0 255.1390705068016 1.5707963267948966 flow_5_7 0 5.0 2.0,6.0 -36.2919999999998 1.5707963267948966 flow_2_12 0 5.0 2.0,2.0 -103.79199999999975 1.5707963267948966 flow_11_11 0 5.0 2.0,36.63004999999987 10.0 3.141592653589793 flow_10_16 0 5.0 2.0,81.29199999999975 6.0 3.141592653589793 flow_1_12 0 5.0 2.0,-120.72434339080573 -6.0 0.0 flow_0_17 0 5.0 2.0,-36.63004999999987 -10.0 0.0 flow_8_16 0 5.0 2.0,-73.79199999999975 -6.0 0.0 flow_0_11 0 5.0 2.0,-6.0 21.29199999999986 -1.5707963267948966 flow_3_10 0 5.0 2.0,-2.0 -38.942551024152887 -1.5707963267948966 flow_6_12 0 5.0 2.0,73.79199999999975 6.0 3.141592653589793 flow_1_11 0 5.0 2.0,6.0 -58.791999999999777 1.5707963267948966 flow_2_15 0 5.0 2.0,-299.0 -2.0 0.0 flow_5_20 0 5.0 2.0,-2.0 186.42585340428944 -1.5707963267948966 flow_9_18 0 5.0 2.0,-37.820878828660209 10.0 3.141592653589793 flow_7_15 0 5.0 2.0,-2.0 299.0 -1.5707963267948966 flow_9_20 0 5.0 2.0,6.0 -28.791999999999804 1.5707963267948966 flow_2_11 0 5.0 2.0,-264.0 -10.0 0.0 flow_8_19 0 5.0 2.0,102.97499999999991 10.0 3.141592653589793 flow_10_17 0 5.0 2.0,-2.0 111.29199999999975 -1.5707963267948966 flow_9_12 0 5.0 2.0,36.2919999999998 6.0 3.141592653589793 flow_1_6 0 5.0 2.0,111.29199999999975 6.0 3.141592653589793 flow_1_16 0 5.0 2.0,103.79199999999975 6.0 3.141592653589793 flow_1_15 0 5.0 2.0,10.0 -102.97499999999991 1.5707963267948966 flow_4_17 0 5.0 2.0,-6.0 58.791999999999777 -1.5707963267948966 flow_3_15 0 5.0 2.0,2.0 -148.7919999999997 1.5707963267948966 flow_11_17 0 5.0 2.0,-10.0 186.325 -1.5707963267948966 flow_7_18 0 5.0 2.0,-103.79199999999975 -6.0 0.0 flow_0_15 0 5.0 2.0,2.0 -81.29199999999975 1.5707963267948966 flow_11_8 0 5.0 2.0,96.29199999999975 6.0 3.141592653589793 flow_1_14 0 5.0 2.0,-6.0 36.2919999999998 -1.5707963267948966 flow_3_12 0 5.0 2.0,2.0 207.96237050680157 1.5707963267948966 flow_5_8 0 5.0 2.0,-28.496698245852146 -2.0 0.0 flow_5_14 0 5.0 2.0,2.0 -88.79199999999975 1.5707963267948966 flow_11_9 0 5.0 2.0,2.0 -133.79199999999973 1.5707963267948966 flow_11_15 0 5.0 2.0,-48.21798553011291 -2.0 0.0 flow_5_16 0 5.0 2.0,-119.66582882866021 6.0 3.141592653589793 flow_7_14 0 5.0 2.0,264.0 2.0 3.141592653589793 flow_6_19 0 5.0 2.0,-102.97499999999991 -2.0 0.0 flow_5_17 0 5.0 2.0,28.496698245852146 2.0 3.141592653589793 flow_6_14 0 5.0 2.0,-2.0 133.79199999999973 -1.5707963267948966 flow_9_15 0 5.0 2.0,-2.0 88.79199999999975 -1.5707963267948966 flow_9_9 0 5.0 2.0,2.0 -264.0 1.5707963267948966 flow_11_19 0 5.0 2.0,51.2919999999998 6.0 3.141592653589793 flow_1_8 0 5.0 2.0,-2.0 27.791999999999918 -1.5707963267948966 flow_9_1 0 5.0 2.0,203.01582882866024 -6.0 0.0 flow_4_13 0 5.0 2.0,6.0 -66.29199999999975 1.5707963267948966 flow_2_16 0 5.0 2.0,-6.0 186.325 -1.5707963267948966 flow_3_18 0 5.0 2.0,-81.29199999999975 -6.0 0.0 flow_0_12 0 5.0 2.0,2.0 -43.7919999999998 1.5707963267948966 flow_11_3 0 5.0 2.0,-6.0 103.1785900587754 -1.5707963267948966 flow_3_17 0 5.0 2.0,186.325 2.0 3.141592653589793 flow_6_18 0 5.0 2.0,-6.0 51.2919999999998 -1.5707963267948966 flow_3_14 0 5.0 2.0,-66.29199999999975 -6.0 0.0 flow_0_10 0 5.0 2.0,-2.0 118.79199999999975 -1.5707963267948966 flow_9_13 0 5.0 2.0,;road_0_1_0 r r g,road_1_0_1 g r g,road_1_2_3 g r g,road_2_1_2 r r g,
-6.0 -190.12567050680156 -1.5707963267948966 flow_6_9 0 5.0 2.0,2.0 -73.79199999999975 1.5707963267948966 flow_11_7 0 5.0 2.0,44.222780745697608 2.0 3.141592653589793 flow_6_16 0 5.0 2.0,-86.3049999999999 -10.0 0.0 flow_8_17 0 5.0 2.0,-6.0 43.7919999999998 -1.5707963267948966 flow_3_13 0 5.0 2.0,-2.0 51.2919999999998 -1.5707963267948966 flow_9_4 0 5.0 2.0,6.0 108.60894550680152 1.5707963267948966 flow_5_11 0 5.0 2.0,-35.99669824585209 -2.0 0.0 flow_5_15 0 5.0 2.0,66.29199999999975 6.0 3.141592653589793 flow_1_10 0 5.0 2.0,169.65499999999998 6.0 3.141592653589793 flow_1_18 0 5.0 2.0,10.0 53.15417882866021 1.5707963267948966 flow_10_15 0 5.0 2.0,10.0 136.33582882866024 1.5707963267948966 flow_10_14 0 5.0 2.0,-2.0 36.2919999999998 -1.5707963267948966 flow_9_2 0 5.0 2.0,-43.7919999999998 -6.0 0.0 flow_0_7 0 5.0 2.0,6.0 -251.0 1.5707963267948966 flow_2_19 0 5.0 2.0,296.0 10.0 3.141592653589793 flow_10_20 0 5.0 2.0,6.0 -43.7919999999998 1.5707963267948966 flow_2_13 0 5.0 2.0,2.0 -141.29199999999973 1.5707963267948966 flow_11_16 0 5.0 2.0,58.791999999999777 6.0 3.141592653589793 flow_1_9 0 5.0 2.0,6.0 190.12567050680156 1.5707963267948966 flow_5_9 0 5.0 2.0,-111.29199999999975 -6.0 0.0 flow_0_16 0 5.0 2.0,-2.0 66.29199999999975 -1.5707963267948966 flow_9_6 0 5.0 2.0,-20.516617004143997 -2.0 0.0 flow_5_13 0 5.0 2.0,6.0 -296.0 1.5707963267948966 flow_2_20 0 5.0 2.0,2.0 -26.791999999999918 1.5707963267948966 flow_11_1 0 5.0 2.0,-2.0 96.29199999999975 -1.5707963267948966 flow_9_10 0 5.0 2.0,2.0 -58.791999999999777 1.5707963267948966 flow_11_5 0 5.0 2.0,86.3049999999999 2.0 3.141592653589793 flow_6_17 0 5.0 2.0,28.791999999999804 6.0 3.141592653589793 flow_1_5 0 5.0 2.0,-296.0 -10.0 0.0 flow_8_20 0 5.0 2.0,2.0 -66.29199999999975 1.5707963267948966 flow_11_6 0 5.0 2.0,-28.791999999999804 -6.0 0.0 flow_0_5 0 5.0 2.0,-88.79199999999975 -6.0 0.0 flow_0_13 0 5.0 2.0,-10.0 -53.15417882866021 -1.5707963267948966 flow_8_15 0 5.0 2.0,-58.791999999999777 -6.0 0.0 flow_0_9 0 5.0 2.0,-6.0 66.29199999999975 -1.5707963267948966 flow_3_16 0 5.0 2.0,6.0 -21.29199999999986 1.5707963267948966 flow_2_10 0 5.0 2.0,21.29199999999986 6.0 3.141592653589793 flow_1_4 0 5.0 2.0,-2.0 251.0 -1.5707963267948966 flow_9_19 0 5.0 2.0,-2.0 103.79199999999975 -1.5707963267948966 flow_9_11 0 5.0 2.0,2.0 54.19252602415288 1.5707963267948966 flow_5_12 0 5.0 2.0,-2.0 -224.63237050680159 -1.5707963267948966 flow_6_8 0 5.0 2.0,-2.0 58.791999999999777 -1.5707963267948966 flow_9_5 0 5.0 2.0,-96.29199999999975 -6.0 0.0 flow_0_14 0 5.0 2.0,-2.0 141.29199999999973 -1.5707963267948966 flow_9_16 0 5.0 2.0,6.0 -51.2919999999998 1.5707963267948966 flow_2_14 0 5.0 2.0,-10.0 86.3049999999999 -1.5707963267948966 flow_7_17 0 5.0 2.0,2.0 -96.29199999999975 1.5707963267948966 flow_11_10 0 5.0 2.0,6.0 -89.16577017632634 1.5707963267948966 flow_2_17 0 5.0 2.0,10.0 -251.0 1.5707963267948966 flow_4_19 0 5.0 2.0,0.5412423715615689 -15.559839170395064 2.0052415498226625 flow_11_0 0 5.0 2.0,-2.0 43.7919999999998 -1.5707963267948966 flow_9_3 0 5.0 2.0,296.0 2.0 3.141592653589793 flow_6_20 0 5.0 2.0,-2.0 73.79199999999975 -1.5707963267948966 flow_9_7 0 5.0 2.0,2.0 -118.79199999999975 1.5707963267948966 flow_11_13 0 5.0 2.0,-296.0 -6.0 0.0 flow_0_20 0 5.0 2.0,10.0 -28.29674999999986 1.5707963267948966 flow_4_16 0 5.0 2.0,-251.0 -6.0 0.0 flow_0_19 0 5.0 2.0,-6.0 296.0 -1.5707963267948966 flow_3_20 0 5.0 2.0,10.0 219.68582882866026 1.5707963267948966 flow_10_13 0 5.0 2.0,10.0 -169.65499999999998 1.5707963267948966 flow_4_18 0 5.0 2.0,-219.68582882866026 10.0 3.141592653589793 flow_7_13 0 5.0 2.0,-2.0 -142.94897050680152 -1.5707963267948966 flow_6_10 0 5.0 2.0,-169.65499999999998 -2.0 0.0 flow_5_18 0 5.0 2.0,6.0 -169.65499999999998 1.5707963267948966 flow_2_18 0 5.0 2.0,118.79199999999975 6.0 3.141592653589793 flow_1_17 0 5.0 2.0,296.0 6.0 3.141592653589793 flow_1_20 0 5.0 2.0,2.0 -51.2919999999998 1.5707963267948966 flow_11_4 0 5.0 2.0,-10.0 251.0 -1.5707963267948966 flow_7_19 0 5.0 2.0,-10.0 -219.68582882866026 -1.5707963267948966 flow_8_13 0 5.0 2.0,-6.0 -271.8090705068016 -1.5707963267948966 flow_6_7 0 5.0 2.0,-6.0 28.791999999999804 -1.5707963267948966 flow_3_11 0 5.0 2.0,251.0 10.0 3.141592653589793 flow_10_19 0 5.0 2.0,2.0 -172.20756021286833 1.5707963267948966 flow_11_18 0 5.0 2.0,2.0 -126.29199999999975 1.5707963267948966 flow_11_14 0 5.0 2.0,20.516617004143997 2.0 3.141592653589793 flow_6_13 0 5.0 2.0,43.7919999999998 6.0 3.141592653589793 flow_1_7 0 5.0 2.0,-36.2919999999998 -6.0 0.0 flow_0_6 0 5.0 2.0,-51.2919999999998 -6.0 0.0 flow_0_8 0 5.0 2.0,88.79199999999975 6.0 3.141592653589793 flow_1_13 0 5.0 2.0,136.33582882866024 -10.0 0.0 flow_4_14 0 5.0 2.0,169.65499999999998 10.0 3.141592653589793 flow_10_18 0 5.0 2.0,53.15417882866021 -6.0 0.0 flow_4_15 0 5.0 2.0,-10.0 296.0 -1.5707963267948966 flow_7_20 0 5.0 2.0,-6.0 -108.60894550680152 -1.5707963267948966 flow_6_11 0 5.0 2.0,2.0 -111.29199999999975 1.5707963267948966 flow_11_12 0 5.0 2.0,-2.0 81.29199999999975 -1.5707963267948966 flow_9_8 0 5.0 2.0,2.0 142.94897050680152 1.5707963267948966 flow_5_10 0 5.0 2.0,-169.65499999999998 -10.0 0.0 flow_8_18 0 5.0 2.0,-21.29199999999986 -6.0 0.0 flow_0_4 0 5.0 2.0,10.0 -296.0 1.5707963267948966 flow_4_20 0 5.0 2.0,-10.0 28.29674999999986 -1.5707963267948966 flow_7_16 0 5.0 2.0,-0.5412423715615689 15.559839170395064 -1.136351103767131 flow_9_0 0 5.0 2.0,-251.0 -2.0 0.0 flow_5_19 0 5.0 2.0,251.0 6.0 3.141592653589793 flow_1_19 0 5.0 2.0,-2.0 126.29199999999975 -1.5707963267948966 flow_9_14 0 5.0 2.0,2.0 -36.2919999999998 1.5707963267948966 flow_11_2 0 5.0 2.0,-10.0 -136.33582882866024 -1.5707963267948966 flow_8_14 0 5.0 2.0,-169.65499999999998 -6.0 0.0 flow_0_18 0 5.0 2.0,2.0 -296.0 1.5707963267948966 flow_11_20 0 5.0 2.0,-2.0 148.7919999999997 -1.5707963267948966 flow_9_17 0 5.0 2.0,35.99669824585209 2.0 3.141592653589793 flow_6_15 0 5.0 2.0,-6.0 251.0 -1.5707963267948966 flow_3_19 0 5.0 2.0,6.0 271.8090705068016 1.5707963267948966 flow_5_7 0 5.0 2.0,6.0 -36.2919999999998 1.5707963267948966 flow_2_12 0 5.0 2.0,2.0 -103.79199999999975 1.5707963267948966 flow_11_11 0 5.0 2.0,28.29674999999986 10.0 3.141592653589793 flow_10_16 0 5.0 2.0,81.29199999999975 6.0 3.141592653589793 flow_1_12 0 5.0 2.0,-118.79199999999975 -6.0 0.0 flow_0_17 0 5.0 2.0,-28.29674999999986 -10.0 0.0 flow_8_16 0 5.0 2.0,-73.79199999999975 -6.0 0.0 flow_0_11 0 5.0 2.0,-6.0 21.29199999999986 -1.5707963267948966 flow_3_10 0 5.0 2.0,-2.0 -54.19252602415288 -1.5707963267948966 flow_6_12 0 5.0 2.0,73.79199999999975 6.0 3.141592653589793 flow_1_11 0 5.0 2.0,6.0 -58.791999999999777 1.5707963267948966 flow_2_15 0 5.0 2.0,-296.0 -2.0 0.0 flow_5_20 0 5.0 2.0,-2.0 172.20756021286833 -1.5707963267948966 flow_9_18 0 5.0 2.0,-53.15417882866021 10.0 3.141592653589793 flow_7_15 0 5.0 2.0,-2.0 296.0 -1.5707963267948966 flow_9_20 0 5.0 2.0,6.0 -28.791999999999804 1.5707963267948966 flow_2_11 0 5.0 2.0,-251.0 -10.0 0.0 flow_8_19 0 5.0 2.0,86.3049999999999 10.0 3.141592653589793 flow_10_17 0 5.0 2.0,-2.0 111.29199999999975 -1.5707963267948966 flow_9_12 0 5.0 2.0,36.2919999999998 6.0 3.141592653589793 flow_1_6 0 5.0 2.0,111.29199999999975 6.0 3.141592653589793 flow_1_16 0 5.0 2.0,103.79199999999975 6.0 3.141592653589793 flow_1_15 0 5.0 2.0,10.0 -86.3049999999999 1.5707963267948966 flow_4_17 0 5.0 2.0,-6.0 58.791999999999777 -1.5707963267948966 flow_3_15 0 5.0 2.0,2.0 -148.7919999999997 1.5707963267948966 flow_11_17 0 5.0 2.0,-10.0 169.65499999999998 -1.5707963267948966 flow_7_18 0 5.0 2.0,-103.79199999999975 -6.0 0.0 flow_0_15 0 5.0 2.0,2.0 -81.29199999999975 1.5707963267948966 flow_11_8 0 5.0 2.0,96.29199999999975 6.0 3.141592653589793 flow_1_14 0 5.0 2.0,-6.0 36.2919999999998 -1.5707963267948966 flow_3_12 0 5.0 2.0,2.0 224.63237050680159 1.5707963267948966 flow_5_8 0 5.0 2.0,-28.496698245852146 -2.0 0.0 flow_5_14 0 5.0 2.0,2.0 -88.79199999999975 1.5707963267948966 flow_11_9 0 5.0 2.0,2.0 -133.79199999999973 1.5707963267948966 flow_11_15 0 5.0 2.0,-44.222780745697608 -2.0 0.0 flow_5_16 0 5.0 2.0,-136.33582882866024 6.0 3.141592653589793 flow_7_14 0 5.0 2.0,251.0 2.0 3.141592653589793 flow_6_19 0 5.0 2.0,-86.3049999999999 -2.0 0.0 flow_5_17 0 5.0 2.0,28.496698245852146 2.0 3.141592653589793 flow_6_14 0 5.0 2.0,-2.0 133.79199999999973 -1.5707963267948966 flow_9_15 0 5.0 2.0,-2.0 88.79199999999975 -1.5707963267948966 flow_9_9 0 5.0 2.0,2.0 -251.0 1.5707963267948966 flow_11_19 0 5.0 2.0,51.2919999999998 6.0 3.141592653589793 flow_1_8 0 5.0 2.0,-2.0 26.791999999999918 -1.5707963267948966 flow_9_1 0 5.0 2.0,219.68582882866026 -6.0 0.0 flow_4_13 0 5.0 2.0,6.0 -66.29199999999975 1.5707963267948966 flow_2_16 0 5.0 2.0,-6.0 169.65499999999998 -1.5707963267948966 flow_3_18 0 5.0 2.0,-81.29199999999975 -6.0 0.0 flow_0_12 0 5.0 2.0,2.0 -43.7919999999998 1.5707963267948966 flow_11_3 0 5.0 2.0,-6.0 89.16577017632634 -1.5707963267948966 flow_3_17 0 5.0 2.0,169.65499999999998 2.0 3.141592653589793 flow_6_18 0 5.0 2.0,-6.0 51.2919999999998 -1.5707963267948966 flow_3_14 0 5.0 2.0,-66.29199999999975 -6.0 0.0 flow_0_10 0 5.0 2.0,-2.0 118.79199999999975 -1.5707963267948966 flow_9_13 0 5.0 2.0,;road_0_1_0 r r g,road_1_0_1 g r g,road_1_2_3 g r g,road_2_1_2 r r g,
-6.0 -206.79567050680158 -1.5707963267948966 flow_6_9 0 5.0 2.0,2.0 -73.79199999999975 1.5707963267948966 flow_11_7 0 5.0 2.0,43.49669824585209 2.0 3.141592653589793 flow_6_16 0 5.0 2.0,-69.63499999999988 -10.0 0.0 flow_8_17 0 5.0 2.0,-6.0 43.7919999999998 -1.5707963267948966 flow_3_13 0 5.0 2.0,-2.0 51.2919999999998 -1.5707963267948966 flow_9_4 0 5.0 2.0,6.0 125.27894550680152 1.5707963267948966 flow_5_11 0 5.0 2.0,-35.99669824585209 -2.0 0.0 flow_5_15 0 5.0 2.0,66.29199999999975 6.0 3.141592653589793 flow_1_10 0 5.0 2.0,153.496333898284 6.0 3.141592653589793 flow_1_18 0 5.0 2.0,10.0 69.6558288286602 1.5707963267948966 flow_10_15 0 5.0 2.0,10.0 153.0058288286602 1.5707963267948966 flow_10_14 0 5.0 2.0,-2.0 35.2919999999998 -1.5707963267948966 flow_9_2 0 5.0 2.0,-43.7919999999998 -6.0 0.0 flow_0_7 0 5.0 2.0,6.0 -236.0 1.5707963267948966 flow_2_19 0 5.0 2.0,291.0 10.0 3.141592653589793 flow_10_20 0 5.0 2.0,6.0 -43.7919999999998 1.5707963267948966 flow_2_13 0 5.0 2.0,2.0 -141.29199999999973 1.5707963267948966 flow_11_16 0 5.0 2.0,58.791999999999777 6.0 3.141592653589793 flow_1_9 0 5.0 2.0,6.0 206.79567050680158 1.5707963267948966 flow_5_9 0 5.0 2.0,-111.29199999999975 -6.0 0.0 flow_0_16 0 5.0 2.0,-2.0 66.29199999999975 -1.5707963267948966 flow_9_6 0 5.0 2.0,-20.516617004143997 -2.0 0.0 flow_5_13 0 5.0 2.0,6.0 -291.0 1.5707963267948966 flow_2_20 0 5.0 2.0,2.0 -23.791999999999918 1.5707963267948966 flow_11_1 0 5.0 2.0,-2.0 96.29199999999975 -1.5707963267948966 flow_9_10 0 5.0 2.0,2.0 -58.791999999999777 1.5707963267948966 flow_11_5 0 5.0 2.0,71.22381495917964 2.0 3.141592653589793 flow_6_17 0 5.0 2.0,28.791999999999804 6.0 3.141592653589793 flow_1_5 0 5.0 2.0,-291.0 -10.0 0.0 flow_8_20 0 5.0 2.0,2.0 -66.29199999999975 1.5707963267948966 flow_11_6 0 5.0 2.0,-28.791999999999804 -6.0 0.0 flow_0_5 0 5.0 2.0,-88.79199999999975 -6.0 0.0 flow_0_13 0 5.0 2.0,-10.0 -69.6558288286602 -1.5707963267948966 flow_8_15 0 5.0 2.0,-58.791999999999777 -6.0 0.0 flow_0_9 0 5.0 2.0,-6.0 66.29199999999975 -1.5707963267948966 flow_3_16 0 5.0 2.0,6.0 -21.29199999999986 1.5707963267948966 flow_2_10 0 5.0 2.0,21.29199999999986 6.0 3.141592653589793 flow_1_4 0 5.0 2.0,-2.0 236.0 -1.5707963267948966 flow_9_19 0 5.0 2.0,-2.0 103.79199999999975 -1.5707963267948966 flow_9_11 0 5.0 2.0,2.0 70.65251352415288 1.5707963267948966 flow_5_12 0 5.0 2.0,-2.0 -241.3023705068016 -1.5707963267948966 flow_6_8 0 5.0 2.0,-2.0 58.791999999999777 -1.5707963267948966 flow_9_5 0 5.0 2.0,-96.29199999999975 -6.0 0.0 flow_0_14 0 5.0 2.0,-2.0 141.29199999999973 -1.5707963267948966 flow_9_16 0 5.0 2.0,6.0 -51.2919999999998 1.5707963267948966 flow_2_14 0 5.0 2.0,-10.0 69.63499999999988 -1.5707963267948966 flow_7_17 0 5.0 2.0,2.0 -96.29199999999975 1.5707963267948966 flow_11_10 0 5.0 2.0,6.0 -79.65295029387727 1.5707963267948966 flow_2_17 0 5.0 2.0,10.0 -236.0 1.5707963267948966 flow_4_19 0 5.0 2.0,-2.2146356861677436 -11.39943746490402 2.242702525902899 flow_11_0 0 5.0 2.0,-2.0 43.7919999999998 -1.5707963267948966 flow_9_3 0 5.0 2.0,291.0 2.0 3.141592653589793 flow_6_20 0 5.0 2.0,-2.0 73.79199999999975 -1.5707963267948966 flow_9_7 0 5.0 2.0,2.0 -118.79199999999975 1.5707963267948966 flow_11_13 0 5.0 2.0,-291.0 -6.0 0.0 flow_0_20 0 5.0 2.0,10.001921025350646 -19.96350051833775 1.518213265183955 flow_4_16 0 5.0 2.0,-236.0 -6.0 0.0 flow_0_19 0 5.0 2.0,-6.0 291.0 -1.5707963267948966 flow_3_20 0 5.0 2.0,10.0 236.35582882866027 1.5707963267948966 flow_10_13 0 5.0 2.0,10.0 -152.98499999999997 1.5707963267948966 flow_4_18 0 5.0 2.0,-236.35582882866027 10.0 3.141592653589793 flow_7_13 0 5.0 2.0,-2.0 -159.61897050680154 -1.5707963267948966 flow_6_10 0 5.0 2.0,-152.98499999999997 -2.0 0.0 flow_5_18 0 5.0 2.0,6.0 -152.98499999999997 1.5707963267948966 flow_2_18 0 5.0 2.0,118.79199999999975 6.0 3.141592653589793 flow_1_17 0 5.0 2.0,291.0 6.0 3.141592653589793 flow_1_20 0 5.0 2.0,2.0 -51.2919999999998 1.5707963267948966 flow_11_4 0 5.0 2.0,-10.0 236.0 -1.5707963267948966 flow_7_19 0 5.0 2.0,-10.0 -236.35582882866027 -1.5707963267948966 flow_8_13 0 5.0 2.0,-6.0 -288.47907050680166 -1.5707963267948966 flow_6_7 0 5.0 2.0,-6.0 28.791999999999804 -1.5707963267948966 flow_3_11 0 5.0 2.0,236.0 10.0 3.141592653589793 flow_10_19 0 5.0 2.0,2.0 -162.48926702144719 1.5707963267948966 flow_11_18 0 5.0 2.0,2.0 -126.29199999999975 1.5707963267948966 flow_11_14 0 5.0 2.0,20.516617004143997 2.0 3.141592653589793 flow_6_13 0 5.0 2.0,43.7919999999998 6.0 3.141592653589793 flow_1_7 0 5.0 2.0,-36.2919999999998 -6.0 0.0 flow_0_6 0 5.0 2.0,-51.2919999999998 -6.0 0.0 flow_0_8 0 5.0 2.0,88.79199999999975 6.0 3.141592653589793 flow_1_13 0 5.0 2.0,153.0058288286602 -10.0 0.0 flow_4_14 0 5.0 2.0,152.98499999999997 10.0 3.141592653589793 flow_10_18 0 5.0 2.0,69.6558288286602 -6.0 0.0 flow_4_15 0 5.0 2.0,-10.0 291.0 -1.5707963267948966 flow_7_20 0 5.0 2.0,-6.0 -125.27894550680152 -1.5707963267948966 flow_6_11 0 5.0 2.0,2.0 -111.29199999999975 1.5707963267948966 flow_11_12 0 5.0 2.0,-2.0 81.29199999999975 -1.5707963267948966 flow_9_8 0 5.0 2.0,2.0 159.61897050680154 1.5707963267948966 flow_5_10 0 5.0 2.0,-152.98499999999997 -10.0 0.0 flow_8_18 0 5.0 2.0,-21.29199999999986 -6.0 0.0 flow_0_4 0 5.0 2.0,10.0 -291.0 1.5707963267948966 flow_4_20 0 5.0 2.0,-10.001921025350646 19.96350051833775 -1.6233793884058383 flow_7_16 0 5.0 2.0,2.2146356861677436 11.39943746490402 -0.8988901276868943 flow_9_0 0 5.0 2.0,-236.0 -2.0 0.0 flow_5_19 0 5.0 2.0,236.0 6.0 3.141592653589793 flow_1_19 0 5.0 2.0,-2.0 126.29199999999975 -1.5707963267948966 flow_9_14 0 5.0 2.0,2.0 -35.2919999999998 1.5707963267948966 flow_11_2 0 5.0 2.0,-10.0 -153.0058288286602 -1.5707963267948966 flow_8_14 0 5.0 2.0,-153.496333898284 -6.0 0.0 flow_0_18 0 5.0 2.0,2.0 -291.0 1.5707963267948966 flow_11_20 0 5.0 2.0,-2.0 148.7919999999997 -1.5707963267948966 flow_9_17 0 5.0 2.0,35.99669824585209 2.0 3.141592653589793 flow_6_15 0 5.0 2.0,-6.0 236.0 -1.5707963267948966 flow_3_19 0 5.0 2.0,6.0 288.47907050680166 1.5707963267948966 flow_5_7 0 5.0 2.0,6.0 -36.2919999999998 1.5707963267948966 flow_2_12 0 5.0 2.0,2.0 -103.79199999999975 1.5707963267948966 flow_11_11 0 5.0 2.0,19.96350051833775 10.001921025350646 3.0890095919788518 flow_10_16 0 5.0 2.0,81.29199999999975 6.0 3.141592653589793 flow_1_12 0 5.0 2.0,-118.79199999999975 -6.0 0.0 flow_0_17 0 5.0 2.0,-19.96350051833775 -10.001921025350646 -0.05258306161094157 flow_8_16 0 5.0 2.0,-73.79199999999975 -6.0 0.0 flow_0_11 0 5.0 2.0,-6.0 21.29199999999986 -1.5707963267948966 flow_3_10 0 5.0 2.0,-2.0 -70.65251352415288 -1.5707963267948966 flow_6_12 0 5.0 2.0,73.79199999999975 6.0 3.141592653589793 flow_1_11 0 5.0 2.0,6.0 -58.791999999999777 1.5707963267948966 flow_2_15 0 5.0 2.0,-291.0 -2.0 0.0 flow_5_20 0 5.0 2.0,-2.0 162.48926702144719 -1.5707963267948966 flow_9_18 0 5.0 2.0,-69.6558288286602 10.0 3.141592653589793 flow_7_15 0 5.0 2.0,-2.0 291.0 -1.5707963267948966 flow_9_20 0 5.0 2.0,6.0 -28.791999999999804 1.5707963267948966 flow_2_11 0 5.0 2.0,-236.0 -10.0 0.0 flow_8_19 0 5.0 2.0,69.63499999999988 10.0 3.141592653589793 flow_10_17 0 5.0 2.0,-2.0 111.29199999999975 -1.5707963267948966 flow_9_12 0 5.0 2.0,36.2919999999998 6.0 3.141592653589793 flow_1_6 0 5.0 2.0,111.29199999999975 6.0 3.141592653589793 flow_1_16 0 5.0 2.0,103.79199999999975 6.0 3.141592653589793 flow_1_15 0 5.0 2.0,10.0 -69.63499999999988 1.5707963267948966 flow_4_17 0 5.0 2.0,-6.0 58.791999999999777 -1.5707963267948966 flow_3_15 0 5.0 2.0,2.0 -148.7919999999997 1.5707963267948966 flow_11_17 0 5.0 2.0,-10.0 152.98499999999997 -1.5707963267948966 flow_7_18 0 5.0 2.0,-103.79199999999975 -6.0 0.0 flow_0_15 0 5.0 2.0,2.0 -81.29199999999975 1.5707963267948966 flow_11_8 0 5.0 2.0,96.29199999999975 6.0 3.141592653589793 flow_1_14 0 5.0 2.0,-6.0 36.2919999999998 -1.5707963267948966 flow_3_12 0 5.0 2.0,2.0 241.3023705068016 1.5707963267948966 flow_5_8 0 5.0 2.0,-28.496698245852146 -2.0 0.0 flow_5_14 0 5.0 2.0,2.0 -88.79199999999975 1.5707963267948966 flow_11_9 0 5.0 2.0,2.0 -133.79199999999973 1.5707963267948966 flow_11_15 0 5.0 2.0,-43.49669824585209 -2.0 0.0 flow_5_16 0 5.0 2.0,-153.0058288286602 6.0 3.141592653589793 flow_7_14 0 5.0 2.0,236.0 2.0 3.141592653589793 flow_6_19 0 5.0 2.0,-71.22381495917964 -2.0 0.0 flow_5_17 0 5.0 2.0,28.496698245852146 2.0 3.141592653589793 flow_6_14 0 5.0 2.0,-2.0 133.79199999999973 -1.5707963267948966 flow_9_15 0 5.0 2.0,-2.0 88.79199999999975 -1.5707963267948966 flow_9_9 0 5.0 2.0,2.0 -236.0 1.5707963267948966 flow_11_19 0 5.0 2.0,51.2919999999998 6.0 3.141592653589793 flow_1_8 0 5.0 2.0,-2.0 23.791999999999918 -1.5707963267948966 flow_9_1 0 5.0 2.0,236.35582882866027 -6.0 0.0 flow_4_13 0 5.0 2.0,6.0 -66.29199999999975 1.5707963267948966 flow_2_16 0 5.0 2.0,-6.0 152.98499999999997 -1.5707963267948966 flow_3_18 0 5.0 2.0,-81.29199999999975 -6.0 0.0 flow_0_12 0 5.0 2.0,2.0 -43.7919999999998 1.5707963267948966 flow_11_3 0 5.0 2.0,-6.0 79.65295029387727 -1.5707963267948966 flow_3_17 0 5.0 2.0,152.98499999999997 2.0 3.141592653589793 flow_6_18 0 5.0 2.0,-6.0 51.2919999999998 -1.5707963267948966 flow_3_14 0 5.0 2.0,-66.29199999999975 -6.0 0.0 flow_0_10 0 5.0 2.0,-2.0 118.79199999999975 -1.5707963267948966 flow_9_13 0 5.0 2.0,;road_0_1_0 r r g,road_1_0_1 g r g,road_1_2_3 g r g,road_2_1_2 r r g,
-6.0 -223.4656705068016 -1.5707963267948966 flow_6_9 0 5.0 2.0,2.0 -73.79199999999975 1.5707963267948966 flow_11_7 0 5.0 2.0,43.49669824585209 2.0 3.141592653589793 flow_6_16 0 5.0 2.0,-55.21499999999986 -10.0 0.0 flow_8_17 0 5.0 2.0,-6.0 43.7919999999998 -1.5707963267948966 flow_3_13 0 5.0 2.0,-2.0 51.2919999999998 -1.5707963267948966 flow_9_4 0 5.0 2.0,6.0 141.94894550680153 1.5707963267948966 flow_5_11 0 5.0 2.0,-35.99669824585209 -2.0 0.0 flow_5_15 0 5.0 2.0,66.29199999999975 6.0 3.141592653589793 flow_1_10 0 5.0 2.0,140.09900169485207 6.0 3.141592653589793 flow_1_18 0 5.0 2.0,10.0 86.3258288286602 1.5707963267948966 flow_10_15 0 5.0 2.0,10.0 169.6758288286602 1.5707963267948966 flow_10_14 0 5.0 2.0,-2.0 32.2919999999998 -1.5707963267948966 flow_9_2 0 5.0 2.0,-43.7919999999998 -6.0 0.0 flow_0_7 0 5.0 2.0,6.0 -219.665 1.5707963267948966 flow_2_19 0 5.0 2.0,284.0 10.0 3.141592653589793 flow_10_20 0 5.0 2.0,6.0 -43.7919999999998 1.5707963267948966 flow_2_13 0 5.0 2.0,2.0 -141.29199999999973 1.5707963267948966 flow_11_16 0 5.0 2.0,58.791999999999777 6.0 3.141592653589793 flow_1_9 0 5.0 2.0,6.0 223.4656705068016 1.5707963267948966 flow_5_9 0 5.0 2.0,-111.29199999999975 -6.0 0.0 flow_0_16 0 5.0 2.0,-2.0 66.29199999999975 -1.5707963267948966 flow_9_6 0 5.0 2.0,-20.516617004143997 -2.0 0.0 flow_5_13 0 5.0 2.0,6.0 -284.0 1.5707963267948966 flow_2_20 0 5.0 2.0,1.768804994695639 -18.8143302021547 1.7633709873536255 flow_11_1 0 5.0 2.0,-2.0 96.29199999999975 -1.5707963267948966 flow_9_10 0 5.0 2.0,2.0 -58.791999999999777 1.5707963267948966 flow_11_5 0 5.0 2.0,59.98144487753913 2.0 3.141592653589793 flow_6_17 0 5.0 2.0,28.791999999999804 6.0 3.141592653589793 flow_1_5 0 5.0 2.0,-284.0 -10.0 0.0 flow_8_20 0 5.0 2.0,2.0 -66.29199999999975 1.5707963267948966 flow_11_6 0 5.0 2.0,-28.791999999999804 -6.0 0.0 flow_0_5 0 5.0 2.0,-88.79199999999975 -6.0 0.0 flow_0_13 0 5.0 2.0,-10.0 -86.3258288286602 -1.5707963267948966 flow_8_15 0 5.0 2.0,-58.791999999999777 -6.0 0.0 flow_0_9 0 5.0 2.0,-6.0 66.29199999999975 -1.5707963267948966 flow_3_16 0 5.0 2.0,6.0 -21.29199999999986 1.5707963267948966 flow_2_10 0 5.0 2.0,21.29199999999986 6.0 3.141592653589793 flow_1_4 0 5.0 2.0,-2.0 219.665 -1.5707963267948966 flow_9_19 0 5.0 2.0,-2.0 103.79199999999975 -1.5707963267948966 flow_9_11 0 5.0 2.0,2.0 87.32251352415288 1.5707963267948966 flow_5_12 0 5.0 2.0,-2.0 -257.9723705068016 -1.5707963267948966 flow_6_8 0 5.0 2.0,-2.0 58.791999999999777 -1.5707963267948966 flow_9_5 0 5.0 2.0,-96.29199999999975 -6.0 0.0 flow_0_14 0 5.0 2.0,-2.0 141.29199999999973 -1.5707963267948966 flow_9_16 0 5.0 2.0,6.0 -51.2919999999998 1.5707963267948966 flow_2_14 0 5.0 2.0,-10.0 55.21499999999986 -1.5707963267948966 flow_7_17 0 5.0 2.0,2.0 -96.29199999999975 1.5707963267948966 flow_11_10 0 5.0 2.0,6.0 -74.64013041142818 1.5707963267948966 flow_2_17 0 5.0 2.0,10.0 -219.665 1.5707963267948966 flow_4_19 0 5.0 2.0,-6.855938202898765 -6.168814106064987 2.3922019751700609 flow_11_0 0 5.0 2.0,-2.0 43.0419999999998 -1.5707963267948966 flow_9_3 0 5.0 2.0,284.0 2.0 3.141592653589793 flow_6_20 0 5.0 2.0,-2.0 73.79199999999975 -1.5707963267948966 flow_9_7 0 5.0 2.0,2.0 -118.79199999999975 1.5707963267948966 flow_11_13 0 5.0 2.0,-284.0 -6.0 0.0 flow_0_20 0 5.0 2.0,13.476783965535605 -11.700813119107233 0.6857295109062868 flow_4_16 0 5.0 2.0,-219.665 -6.0 0.0 flow_0_19 0 5.0 2.0,-6.0 284.0 -1.5707963267948966 flow_3_20 0 5.0 2.0,10.0 253.02582882866029 1.5707963267948966 flow_10_13 0 5.0 2.0,10.0 -136.31499999999995 1.5707963267948966 flow_4_18 0 5.0 2.0,-253.02582882866029 10.0 3.141592653589793 flow_7_13 0 5.0 2.0,-2.0 -176.28897050680156 -1.5707963267948966 flow_6_10 0 5.0 2.0,-136.31499999999995 -2.0 0.0 flow_5_18 0 5.0 2.0,6.0 -136.31499999999995 1.5707963267948966 flow_2_18 0 5.0 2.0,118.79199999999975 6.0 3.141592653589793 flow_1_17 0 5.0 2.0,284.0 6.0 3.141592653589793 flow_1_20 0 5.0 2.0,2.0 -51.2919999999998 1.5707963267948966 flow_11_4 0 5.0 2.0,-10.0 219.665 -1.5707963267948966 flow_7_19 0 5.0 2.0,-10.0 -253.02582882866029 -1.5707963267948966 flow_8_13 0 5.0 2.0,-6.0 28.791999999999804 -1.5707963267948966 flow_3_11 0 5.0 2.0,219.665 10.0 3.141592653589793 flow_10_19 0 5.0 2.0,2.0 -157.27097383002605 1.5707963267948966 flow_11_18 0 5.0 2.0,2.0 -126.29199999999975 1.5707963267948966 flow_11_14 0 5.0 2.0,20.516617004143997 2.0 3.141592653589793 flow_6_13 0 5.0 2.0,43.7919999999998 6.0 3.141592653589793 flow_1_7 0 5.0 2.0,-36.2919999999998 -6.0 0.0 flow_0_6 0 5.0 2.0,-51.2919999999998 -6.0 0.0 flow_0_8 0 5.0 2.0,88.79199999999975 6.0 3.141592653589793 flow_1_13 0 5.0 2.0,169.6758288286602 -10.0 0.0 flow_4_14 0 5.0 2.0,136.31499999999995 10.0 3.141592653589793 flow_10_18 0 5.0 2.0,86.3258288286602 -6.0 0.0 flow_4_15 0 5.0 2.0,-10.0 284.0 -1.5707963267948966 flow_7_20 0 5.0 2.0,-6.0 -141.94894550680153 -1.5707963267948966 flow_6_11 0 5.0 2.0,2.0 -111.29199999999975 1.5707963267948966 flow_11_12 0 5.0 2.0,-2.0 81.29199999999975 -1.5707963267948966 flow_9_8 0 5.0 2.0,2.0 176.28897050680156 1.5707963267948966 flow_5_10 0 5.0 2.0,-136.31499999999995 -10.0 0.0 flow_8_18 0 5.0 2.0,-21.29199999999986 -6.0 0.0 flow_0_4 0 5.0 2.0,10.0 -284.0 1.5707963267948966 flow_4_20 0 5.0 2.0,-13.476783965535605 11.700813119107233 -2.4558631426835069 flow_7_16 0 5.0 2.0,6.855938202898765 6.168814106064987 -0.7493906784197324 flow_9_0 0 5.0 2.0,-219.665 -2.0 0.0 flow_5_19 0 5.0 2.0,219.665 6.0 3.141592653589793 flow_1_19 0 5.0 2.0,-2.0 126.29199999999975 -1.5707963267948966 flow_9_14 0 5.0 2.0,2.0 -32.2919999999998 1.5707963267948966 flow_11_2 0 5.0 2.0,-10.0 -169.6758288286602 -1.5707963267948966 flow_8_14 0 5.0 2.0,-140.09900169485207 -6.0 0.0 flow_0_18 0 5.0 2.0,2.0 -284.0 1.5707963267948966 flow_11_20 0 5.0 2.0,-2.0 148.7919999999997 -1.5707963267948966 flow_9_17 0 5.0 2.0,35.99669824585209 2.0 3.141592653589793 flow_6_15 0 5.0 2.0,-6.0 219.665 -1.5707963267948966 flow_3_19 0 5.0 2.0,6.0 -36.2919999999998 1.5707963267948966 flow_2_12 0 5.0 2.0,2.0 -103.79199999999975 1.5707963267948966 flow_11_11 0 5.0 2.0,11.700813119107233 13.476783965535605 2.2565258377011836 flow_10_16 0 5.0 2.0,81.29199999999975 6.0 3.141592653589793 flow_1_12 0 5.0 2.0,-118.79199999999975 -6.0 0.0 flow_0_17 0 5.0 2.0,-11.700813119107233 -13.476783965535605 -0.8850668158886099 flow_8_16 0 5.0 2.0,-73.79199999999975 -6.0 0.0 flow_0_11 0 5.0 2.0,-6.0 21.29199999999986 -1.5707963267948966 flow_3_10 0 5.0 2.0,-2.0 -87.32251352415288 -1.5707963267948966 flow_6_12 0 5.0 2.0,73.79199999999975 6.0 3.141592653589793 flow_1_11 0 5.0 2.0,6.0 -58.791999999999777 1.5707963267948966 flow_2_15 0 5.0 2.0,-284.0 -2.0 0.0 flow_5_20 0 5.0 2.0,-2.0 157.27097383002605 -1.5707963267948966 flow_9_18 0 5.0 2.0,-86.3258288286602 10.0 3.141592653589793 flow_7_15 0 5.0 2.0,-2.0 284.0 -1.5707963267948966 flow_9_20 0 5.0 2.0,6.0 -28.791999999999804 1.5707963267948966 flow_2_11 0 5.0 2.0,-219.665 -10.0 0.0 flow_8_19 0 5.0 2.0,55.21499999999986 10.0 3.141592653589793 flow_10_17 0 5.0 2.0,-2.0 111.29199999999975 -1.5707963267948966 flow_9_12 0 5.0 2.0,36.2919999999998 6.0 3.141592653589793 flow_1_6 0 5.0 2.0,111.29199999999975 6.0 3.141592653589793 flow_1_16 0 5.0 2.0,103.79199999999975 6.0 3.141592653589793 flow_1_15 0 5.0 2.0,10.0 -55.21499999999986 1.5707963267948966 flow_4_17 0 5.0 2.0,-6.0 58.791999999999777 -1.5707963267948966 flow_3_15 0 5.0 2.0,2.0 -148.7919999999997 1.5707963267948966 flow_11_17 0 5.0 2.0,-10.0 136.31499999999995 -1.5707963267948966 flow_7_18 0 5.0 2.0,-103.79199999999975 -6.0 0.0 flow_0_15 0 5.0 2.0,2.0 -81.29199999999975 1.5707963267948966 flow_11_8 0 5.0 2.0,96.29199999999975 6.0 3.141592653589793 flow_1_14 0 5.0 2.0,-6.0 36.2919999999998 -1.5707963267948966 flow_3_12 0 5.0 2.0,2.0 257.9723705068016 1.5707963267948966 flow_5_8 0 5.0 2.0,-28.496698245852146 -2.0 0.0 flow_5_14 0 5.0 2.0,2.0 -88.79199999999975 1.5707963267948966 flow_11_9 0 5.0 2.0,2.0 -133.79199999999973 1.5707963267948966 flow_11_15 0 5.0 2.0,-43.49669824585209 -2.0 0.0 flow_5_16 0 5.0 2.0,-169.6758288286602 6.0 3.141592653589793 flow_7_14 0 5.0 2.0,219.665 2.0 3.141592653589793 flow_6_19 0 5.0 2.0,-59.98144487753913 -2.0 0.0 flow_5_17 0 5.0 2.0,28.496698245852146 2.0 3.141592653589793 flow_6_14 0 5.0 2.0,-2.0 133.79199999999973 -1.5707963267948966 flow_9_15 0 5.0 2.0,-2.0 88.79199999999975 -1.5707963267948966 flow_9_9 0 5.0 2.0,2.0 -219.665 1.5707963267948966 flow_11_19 0 5.0 2.0,51.2919999999998 6.0 3.141592653589793 flow_1_8 0 5.0 2.0,-1.768804994695639 18.8143302021547 -1.378221666236168 flow_9_1 0 5.0 2.0,253.02582882866029 -6.0 0.0 flow_4_13 0 5.0 2.0,6.0 -66.29199999999975 1.5707963267948966 flow_2_16 0 5.0 2.0,-6.0 136.31499999999995 -1.5707963267948966 flow_3_18 0 5.0 2.0,-81.29199999999975 -6.0 0.0 flow_0_12 0 5.0 2.0,2.0 -43.0419999999998 1.5707963267948966 flow_11_3 0 5.0 2.0,-6.0 74.64013041142818 -1.5707963267948966 flow_3_17 0 5.0 2.0,136.31499999999995 2.0 3.141592653589793 flow_6_18 0 5.0 2.0,-6.0 51.2919999999998 -1.5707963267948966 flow_3_14 0 5.0 2.0,-66.29199999999975 -6.0 0.0 flow_0_10 0 5.0 2.0,-2.0 118.79199999999975 -1.5707963267948966 flow_9_13 0 5.0 2.0,;road_0_1_0 r r g,road_1_0_1 g r g,road_1_2_3 g r g,road_2_1_2 r r g,
-6.0 -240.1356705068016 -1.5707963267948966 flow_6_9 0 5.0 2.0,2.0 -73.79199999999975 1.5707963267948966 flow_11_7 0 5.0 2.0,43.49669824585209 2.0 3.141592653589793 flow_6_16 0 5.0 2.0,-44.96334999999985 -10.0 0.0 flow_8_17 0 5.0 2.0,-6.0 43.7919999999998 -1.5707963267948966 flow_3_13 0 5.0 2.0,-2.0 51.2919999999998 -1.5707963267948966 flow_9_4 0 5.0 2.0,6.0 158.61894550680155 1.5707963267948966 flow_5_11 0 5.0 2.0,-35.99669824585209 -2.0 0.0 flow_5_15 0 5.0 2.0,66.29199999999975 6.0 3.141592653589793 flow_1_10 0 5.0 2.0,131.20166949142013 6.0 3.141592653589793 flow_1_18 0 5.0 2.0,10.0 102.9958288286602 1.5707963267948966 flow_10_15 0 5.0 2.0,10.0 186.34582882866023 1.5707963267948966 flow_10_14 0 5.0 2.0,-2.0 27.291999999999804 -1.5707963267948966 flow_9_2 0 5.0 2.0,-43.7919999999998 -6.0 0.0 flow_0_7 0 5.0 2.0,6.0 -202.995 1.5707963267948966 flow_2_19 0 5.0 2.0,275.0 10.0 3.141592653589793 flow_10_20 0 5.0 2.0,6.0 -43.7919999999998 1.5707963267948966 flow_2_13 0 5.0 2.0,2.0 -141.29199999999973 1.5707963267948966 flow_11_16 0 5.0 2.0,58.791999999999777 6.0 3.141592653589793 flow_1_9 0 5.0 2.0,6.0 240.1356705068016 1.5707963267948966 flow_5_9 0 5.0 2.0,-111.29199999999975 -6.0 0.0 flow_0_16 0 5.0 2.0,-2.0 66.29199999999975 -1.5707963267948966 flow_9_6 0 5.0 2.0,-20.516617004143997 -2.0 0.0 flow_5_13 0 5.0 2.0,6.0 -275.0 1.5707963267948966 flow_2_20 0 5.0 2.0,-1.239513704938728 -12.697409448565216 2.1460336663158086 flow_11_1 0 5.0 2.0,-2.0 96.29199999999975 -1.5707963267948966 flow_9_10 0 5.0 2.0,2.0 -58.791999999999777 1.5707963267948966 flow_11_5 0 5.0 2.0,53.23907479589863 2.0 3.141592653589793 flow_6_17 0 5.0 2.0,28.791999999999804 6.0 3.141592653589793 flow_1_5 0 5.0 2.0,-275.0 -10.0 0.0 flow_8_20 0 5.0 2.0,2.0 -66.29199999999975 1.5707963267948966 flow_11_6 0 5.0 2.0,-28.791999999999804 -6.0 0.0 flow_0_5 0 5.0 2.0,-88.79199999999975 -6.0 0.0 flow_0_13 0 5.0 2.0,-10.0 -102.9958288286602 -1.5707963267948966 flow_8_15 0 5.0 2.0,-58.791999999999777 -6.0 0.0 flow_0_9 0 5.0 2.0,-6.0 66.29199999999975 -1.5707963267948966 flow_3_16 0 5.0 2.0,6.0 -21.29199999999986 1.5707963267948966 flow_2_10 0 5.0 2.0,21.29199999999986 6.0 3.141592653589793 flow_1_4 0 5.0 2.0,-2.0 202.995 -1.5707963267948966 flow_9_19 0 5.0 2.0,-2.0 103.79199999999975 -1.5707963267948966 flow_9_11 0 5.0 2.0,2.0 103.99251352415289 1.5707963267948966 flow_5_12 0 5.0 2.0,-2.0 -274.6423705068016 -1.5707963267948966 flow_6_8 0 5.0 2.0,-2.0 58.791999999999777 -1.5707963267948966 flow_9_5 0 5.0 2.0,-96.29199999999975 -6.0 0.0 flow_0_14 0 5.0 2.0,-2.0 141.29199999999973 -1.5707963267948966 flow_9_16 0 5.0 2.0,6.0 -51.2919999999998 1.5707963267948966 flow_2_14 0 5.0 2.0,-10.0 44.96334999999985 -1.5707963267948966 flow_7_17 0 5.0 2.0,2.0 -96.29199999999975 1.5707963267948966 flow_11_10 0 5.0 2.0,6.0 -73.79199999999975 1.5707963267948966 flow_2_17 0 5.0 2.0,10.0 -202.995 1.5707963267948966 flow_4_19 0 5.0 2.0,-13.827938464725092 -0.5064984075411142 2.5663553140688815 flow_11_0 0 5.0 2.0,-2.0 40.5419999999998 -1.5707963267948966 flow_9_3 0 5.0 2.0,275.0 2.0 3.141592653589793 flow_6_20 0 5.0 2.0,-2.0 73.79199999999975 -1.5707963267948966 flow_9_7 0 5.0 2.0,2.0 -118.79199999999975 1.5707963267948966 flow_11_13 0 5.0 2.0,-275.0 -6.0 0.0 flow_0_20 0 5.0 2.0,24.487578828660206 -10.0 0.0 flow_4_16 0 5.0 2.0,-202.995 -6.0 0.0 flow_0_19 0 5.0 2.0,-6.0 275.0 -1.5707963267948966 flow_3_20 0 5.0 2.0,10.0 269.6958288286603 1.5707963267948966 flow_10_13 0 5.0 2.0,10.0 -119.64499999999993 1.5707963267948966 flow_4_18 0 5.0 2.0,-269.6958288286603 10.0 3.141592653589793 flow_7_13 0 5.0 2.0,-2.0 -192.95897050680154 -1.5707963267948966 flow_6_10 0 5.0 2.0,-119.64499999999993 -2.0 0.0 flow_5_18 0 5.0 2.0,6.0 -119.64499999999993 1.5707963267948966 flow_2_18 0 5.0 2.0,118.79199999999975 6.0 3.141592653589793 flow_1_17 0 5.0 2.0,275.0 6.0 3.141592653589793 flow_1_20 0 5.0 2.0,2.0 -51.2919999999998 1.5707963267948966 flow_11_4 0 5.0 2.0,-10.0 202.995 -1.5707963267948966 flow_7_19 0 5.0 2.0,-10.0 -269.6958288286603 -1.5707963267948966 flow_8_13 0 5.0 2.0,-6.0 28.791999999999804 -1.5707963267948966 flow_3_11 0 5.0 2.0,202.995 10.0 3.141592653589793 flow_10_19 0 5.0 2.0,2.0 -156.2919999999997 1.5707963267948966 flow_11_18 0 5.0 2.0,2.0 -126.29199999999975 1.5707963267948966 flow_11_14 0 5.0 2.0,20.516617004143997 2.0 3.141592653589793 flow_6_13 0 5.0 2.0,43.7919999999998 6.0 3.141592653589793 flow_1_7 0 5.0 2.0,-36.2919999999998 -6.0 0.0 flow_0_6 0 5.0 2.0,-51.2919999999998 -6.0 0.0 flow_0_8 0 5.0 2.0,88.79199999999975 6.0 3.141592653589793 flow_1_13 0 5.0 2.0,186.34582882866023 -10.0 0.0 flow_4_14 0 5.0 2.0,119.64499999999993 10.0 3.141592653589793 flow_10_18 0 5.0 2.0,102.9958288286602 -6.0 0.0 flow_4_15 0 5.0 2.0,-10.0 275.0 -1.5707963267948966 flow_7_20 0 5.0 2.0,-6.0 -158.61894550680155 -1.5707963267948966 flow_6_11 0 5.0 2.0,2.0 -111.29199999999975 1.5707963267948966 flow_11_12 0 5.0 2.0,-2.0 81.29199999999975 -1.5707963267948966 flow_9_8 0 5.0 2.0,2.0 192.95897050680154 1.5707963267948966 flow_5_10 0 5.0 2.0,-119.64499999999993 -10.0 0.0 flow_8_18 0 5.0 2.0,-21.29199999999986 -6.0 0.0 flow_0_4 0 5.0 2.0,10.0 -275.0 1.5707963267948966 flow_4_20 0 5.0 2.0,-24.487578828660206 10.0 3.141592653589793 flow_7_16 0 5.0 2.0,13.827938464725092 0.5064984075411142 -0.5752373395209119 flow_9_0 0 5.0 2.0,-202.995 -2.0 0.0 flow_5_19 0 5.0 2.0,202.995 6.0 3.141592653589793 flow_1_19 0 5.0 2.0,-2.0 126.29199999999975 -1.5707963267948966 flow_9_14 0 5.0 2.0,2.0 -27.291999999999804 1.5707963267948966 flow_11_2 0 5.0 2.0,-10.0 -186.34582882866023 -1.5707963267948966 flow_8_14 0 5.0 2.0,-131.20166949142013 -6.0 0.0 flow_0_18 0 5.0 2.0,2.0 -275.0 1.5707963267948966 flow_11_20 0 5.0 2.0,-2.0 148.7919999999997 -1.5707963267948966 flow_9_17 0 5.0 2.0,35.99669824585209 2.0 3.141592653589793 flow_6_15 0 5.0 2.0,-6.0 202.995 -1.5707963267948966 flow_3_19 0 5.0 2.0,6.0 -36.2919999999998 1.5707963267948966 flow_2_12 0 5.0 2.0,2.0 -103.79199999999975 1.5707963267948966 flow_11_11 0 5.0 2.0,10.0 24.487578828660206 1.5707963267948966 flow_10_16 0 5.0 2.0,81.29199999999975 6.0 3.141592653589793 flow_1_12 0 5.0 2.0,-118.79199999999975 -6.0 0.0 flow_0_17 0 5.0 2.0,-10.0 -24.487578828660206 -1.5707963267948966 flow_8_16 0 5.0 2.0,-73.79199999999975 -6.0 0.0 flow_0_11 0 5.0 2.0,-6.0 21.29199999999986 -1.5707963267948966 flow_3_10 0 5.0 2.0,-2.0 -103.99251352415289 -1.5707963267948966 flow_6_12 0 5.0 2.0,73.79199999999975 6.0 3.141592653589793 flow_1_11 0 5.0 2.0,6.0 -58.791999999999777 1.5707963267948966 flow_2_15 0 5.0 2.0,-275.0 -2.0 0.0 flow_5_20 0 5.0 2.0,-2.0 156.2919999999997 -1.5707963267948966 flow_9_18 0 5.0 2.0,-102.9958288286602 10.0 3.141592653589793 flow_7_15 0 5.0 2.0,-2.0 275.0 -1.5707963267948966 flow_9_20 0 5.0 2.0,6.0 -28.791999999999804 1.5707963267948966 flow_2_11 0 5.0 2.0,-202.995 -10.0 0.0 flow_8_19 0 5.0 2.0,44.96334999999985 10.0 3.141592653589793 flow_10_17 0 5.0 2.0,-2.0 111.29199999999975 -1.5707963267948966 flow_9_12 0 5.0 2.0,36.2919999999998 6.0 3.141592653589793 flow_1_6 0 5.0 2.0,111.29199999999975 6.0 3.141592653589793 flow_1_16 0 5.0 2.0,103.79199999999975 6.0 3.141592653589793 flow_1_15 0 5.0 2.0,10.0 -44.96334999999985 1.5707963267948966 flow_4_17 0 5.0 2.0,-6.0 58.791999999999777 -1.5707963267948966 flow_3_15 0 5.0 2.0,2.0 -148.7919999999997 1.5707963267948966 flow_11_17 0 5.0 2.0,-10.0 119.64499999999993 -1.5707963267948966 flow_7_18 0 5.0 2.0,-103.79199999999975 -6.0 0.0 flow_0_15 0 5.0 2.0,2.0 -81.29199999999975 1.5707963267948966 flow_11_8 0 5.0 2.0,96.29199999999975 6.0 3.141592653589793 flow_1_14 0 5.0 2.0,-6.0 36.2919999999998 -1.5707963267948966 flow_3_12 0 5.0 2.0,2.0 274.6423705068016 1.5707963267948966 flow_5_8 0 5.0 2.0,-28.496698245852146 -2.0 0.0 flow_5_14 0 5.0 2.0,2.0 -88.79199999999975 1.5707963267948966 flow_11_9 0 5.0 2.0,2.0 -133.79199999999973 1.5707963267948966 flow_11_15 0 5.0 2.0,-43.49669824585209 -2.0 0.0 flow_5_16 0 5.0 2.0,-186.34582882866023 6.0 3.141592653589793 flow_7_14 0 5.0 2.0,202.995 2.0 3.141592653589793 flow_6_19 0 5.0 2.0,-53.23907479589863 -2.0 0.0 flow_5_17 0 5.0 2.0,28.496698245852146 2.0 3.141592653589793 flow_6_14 0 5.0 2.0,-2.0 133.79199999999973 -1.5707963267948966 flow_9_15 0 5.0 2.0,-2.0 88.79199999999975 -1.5707963267948966 flow_9_9 0 5.0 2.0,2.0 -202.995 1.5707963267948966 flow_11_19 0 5.0 2.0,51.2919999999998 6.0 3.141592653589793 flow_1_8 0 5.0 2.0,1.239513704938728 12.697409448565216 -0.9955589872739847 flow_9_1 0 5.0 2.0,269.6958288286603 -6.0 0.0 flow_4_13 0 5.0 2.0,6.0 -66.29199999999975 1.5707963267948966 flow_2_16 0 5.0 2.0,-6.0 119.64499999999993 -1.5707963267948966 flow_3_18 0 5.0 2.0,-81.29199999999975 -6.0 0.0 flow_0_12 0 5.0 2.0,2.0 -40.5419999999998 1.5707963267948966 flow_11_3 0 5.0 2.0,-6.0 73.79199999999975 -1.5707963267948966 flow_3_17 0 5.0 2.0,119.64499999999993 2.0 3.141592653589793 flow_6_18 0 5.0 2.0,-6.0 51.2919999999998 -1.5707963267948966 flow_3_14 0 5.0 2.0,-66.29199999999975 -6.0 0.0 flow_0_10 0 5.0 2.0,-2.0 118.79199999999975 -1.5707963267948966 flow_9_13 0 5.0 2.0,;road_0_1_0 r r g,road_1_0_1 g r g,road_1_2_3 g r g,road_2_1_2 r r g,
-6.0 -256.8056705068016 -1.5707963267948966 flow_6_9 0 5.0 2.0,2.0 -73.79199999999975 1.5707963267948966 flow_11_7 0 5.0 2.0,43.49669824585209 2.0 3.141592653589793 flow_6_16 0 5.0 2.0,-36.63004999999987 -10.0 0.0 flow_8_17 0 5.0 2.0,-6.0 43.7919999999998 -1.5707963267948966 flow_3_13 0 5.0 2.0,-2.0 50.2919999999998 -1.5707963267948966 flow_9_4 0 5.0 2.0,6.0 175.28894550680156 1.5707963267948966 flow_5_11 0 5.0 2.0,-35.99669824585209 -2.0 0.0 flow_5_15 0 5.0 2.0,66.29199999999975 6.0 3.141592653589793 flow_1_10 0 5.0 2.0,126.80433728798818 6.0 3.141592653589793 flow_1_18 0 5.0 2.0,10.0 119.66582882866021 1.5707963267948966 flow_10_15 0 5.0 2.0,10.0 203.01582882866024 1.5707963267948966 flow_10_14 0 5.0 2.0,-2.0 20.510749999999804 -1.5707963267948966 flow_9_2 0 5.0 2.0,-43.7919999999998 -6.0 0.0 flow_0_7 0 5.0 2.0,6.0 -186.325 1.5707963267948966 flow_2_19 0 5.0 2.0,264.0 10.0 3.141592653589793 flow_10_20 0 5.0 2.0,6.0 -43.7919999999998 1.5707963267948966 flow_2_13 0 5.0 2.0,2.0 -141.29199999999973 1.5707963267948966 flow_11_16 0 5.0 2.0,58.791999999999777 6.0 3.141592653589793 flow_1_9 0 5.0 2.0,6.0 256.8056705068016 1.5707963267948966 flow_5_9 0 5.0 2.0,-111.29199999999975 -6.0 0.0 flow_0_16 0 5.0 2.0,-2.0 66.29199999999975 -1.5707963267948966 flow_9_6 0 5.0 2.0,-20.516617004143997 -2.0 0.0 flow_5_13 0 5.0 2.0,6.0 -264.0 1.5707963267948966 flow_2_20 0 5.0 2.0,-6.810181698509595 -6.211388656046009 2.3922019751700609 flow_11_1 0 5.0 2.0,-2.0 96.29199999999975 -1.5707963267948966 flow_9_10 0 5.0 2.0,10.0 -299.0 1.5707963267948966 flow_4_21 0 5.0 2.0,2.0 -58.791999999999777 1.5707963267948966 flow_11_5 0 5.0 2.0,-299.0 -2.0 0.0 flow_5_21 0 5.0 2.0,50.99669824585209 2.0 3.141592653589793 flow_6_17 0 5.0 2.0,28.791999999999804 6.0 3.141592653589793 flow_1_5 0 5.0 2.0,-264.0 -10.0 0.0 flow_8_20 0 5.0 2.0,2.0 -66.29199999999975 1.5707963267948966 flow_11_6 0 5.0 2.0,299.0 10.0 3.141592653589793 flow_10_21 0 5.0 2.0,-28.791999999999804 -6.0 0.0 flow_0_5 0 5.0 2.0,-88.79199999999975 -6.0 0.0 flow_0_13 0 5.0 2.0,-10.0 -119.66582882866021 -1.5707963267948966 flow_8_15 0 5.0 2.0,-58.791999999999777 -6.0 0.0 flow_0_9 0 5.0 2.0,-6.0 66.29199999999975 -1.5707963267948966 flow_3_16 0 5.0 2.0,6.0 -21.29199999999986 1.5707963267948966 flow_2_10 0 5.0 2.0,21.29199999999986 6.0 3.141592653589793 flow_1_4 0 5.0 2.0,-2.0 187.37556333634644 -1.5707963267948966 flow_9_19 0 5.0 2.0,-2.0 103.79199999999975 -1.5707963267948966 flow_9_11 0 5.0 2.0,2.0 120.66251352415289 1.5707963267948966 flow_5_12 0 5.0 2.0,-2.0 -291.31237050680167 -1.5707963267948966 flow_6_8 0 5.0 2.0,-2.0 58.791999999999777 -1.5707963267948966 flow_9_5 0 5.0 2.0,-96.29199999999975 -6.0 0.0 flow_0_14 0 5.0 2.0,-2.0 141.29199999999973 -1.5707963267948966 flow_9_16 0 5.0 2.0,6.0 -51.2919999999998 1.5707963267948966 flow_2_14 0 5.0 2.0,-10.0 36.63004999999987 -1.5707963267948966 flow_7_17 0 5.0 2.0,2.0 -96.29199999999975 1.5707963267948966 flow_11_10 0 5.0 2.0,6.0 -73.79199999999975 1.5707963267948966 flow_2_17 0 5.0 2.0,-10.0 299.0 -1.5707963267948966 flow_7_21 0 5.0 2.0,10.0 -186.325 1.5707963267948966 flow_4_19 0 5.0 2.0,-24.264370506801329 2.0 3.141592653589793 flow_11_0 0 5.0 2.0,-2.0 36.0419999999998 -1.5707963267948966 flow_9_3 0 5.0 2.0,264.0 2.0 3.141592653589793 flow_6_20 0 5.0 2.0,-2.0 73.79199999999975 -1.5707963267948966 flow_9_7 0 5.0 2.0,2.0 -118.79199999999975 1.5707963267948966 flow_11_13 0 5.0 2.0,-264.0 -6.0 0.0 flow_0_20 0 5.0 2.0,37.820878828660209 -10.0 0.0 flow_4_16 0 5.0 2.0,2.0 -299.0 1.5707963267948966 flow_11_21 0 5.0 2.0,-186.325 -6.0 0.0 flow_0_19 0 5.0 2.0,-6.0 264.0 -1.5707963267948966 flow_3_20 0 5.0 2.0,10.0 286.3658288286603 1.5707963267948966 flow_10_13 0 5.0 2.0,10.0 -102.97499999999991 1.5707963267948966 flow_4_18 0 5.0 2.0,-286.3658288286603 10.0 3.141592653589793 flow_7_13 0 5.0 2.0,-2.0 -209.62897050680159 -1.5707963267948966 flow_6_10 0 5.0 2.0,-102.97499999999991 -2.0 0.0 flow_5_18 0 5.0 2.0,6.0 -104.14005424972521 1.5707963267948966 flow_2_18 0 5.0 2.0,118.79199999999975 6.0 3.141592653589793 flow_1_17 0 5.0 2.0,264.0 6.0 3.141592653589793 flow_1_20 0 5.0 2.0,2.0 -50.2919999999998 1.5707963267948966 flow_11_4 0 5.0 2.0,-10.0 186.325 -1.5707963267948966 flow_7_19 0 5.0 2.0,-10.0 -286.3658288286603 -1.5707963267948966 flow_8_13 0 5.0 2.0,-6.0 28.791999999999804 -1.5707963267948966 flow_3_11 0 5.0 2.0,186.325 10.0 3.141592653589793 flow_10_19 0 5.0 2.0,2.0 -156.2919999999997 1.5707963267948966 flow_11_18 0 5.0 2.0,2.0 -126.29199999999975 1.5707963267948966 flow_11_14 0 5.0 2.0,20.516617004143997 2.0 3.141592653589793 flow_6_13 0 5.0 2.0,43.7919999999998 6.0 3.141592653589793 flow_1_7 0 5.0 2.0,-36.2919999999998 -6.0 0.0 flow_0_6 0 5.0 2.0,-51.2919999999998 -6.0 0.0 flow_0_8 0 5.0 2.0,88.79199999999975 6.0 3.141592653589793 flow_1_13 0 5.0 2.0,6.0 -299.0 1.5707963267948966 flow_2_21 0 5.0 2.0,203.01582882866024 -10.0 0.0 flow_4_14 0 5.0 2.0,102.97499999999991 10.0 3.141592653589793 flow_10_18 0 5.0 2.0,119.66582882866021 -6.0 0.0 flow_4_15 0 5.0 2.0,-10.0 264.0 -1.5707963267948966 flow_7_20 0 5.0 2.0,-6.0 -175.28894550680156 -1.5707963267948966 flow_6_11 0 5.0 2.0,2.0 -111.29199999999975 1.5707963267948966 flow_11_12 0 5.0 2.0,-2.0 81.29199999999975 -1.5707963267948966 flow_9_8 0 5.0 2.0,2.0 209.62897050680159 1.5707963267948966 flow_5_10 0 5.0 2.0,-102.97499999999991 -10.0 0.0 flow_8_18 0 5.0 2.0,-21.29199999999986 -6.0 0.0 flow_0_4 0 5.0 2.0,10.0 -264.0 1.5707963267948966 flow_4_20 0 5.0 2.0,-37.820878828660209 7.1333400000000009 3.141592653589793 flow_7_16 -1 5.0 2.0,299.0 2.0 3.141592653589793 flow_6_21 0 5.0 2.0,24.264370506801329 -2.0 0.0 flow_9_0 0 5.0 2.0,-186.325 -2.0 0.0 flow_5_19 0 5.0 2.0,186.325 6.0 3.141592653589793 flow_1_19 0 5.0 2.0,-2.0 126.29199999999975 -1.5707963267948966 flow_9_14 0 5.0 2.0,2.0 -20.510749999999804 1.5707963267948966 flow_11_2 0 5.0 2.0,-299.0 -6.0 0.0 flow_0_21 0 5.0 2.0,-10.0 -203.01582882866024 -1.5707963267948966 flow_8_14 0 5.0 2.0,-126.80433728798818 -6.0 0.0 flow_0_18 0 5.0 2.0,2.0 -264.0 1.5707963267948966 flow_11_20 0 5.0 2.0,-2.0 148.7919999999997 -1.5707963267948966 flow_9_17 0 5.0 2.0,35.99669824585209 2.0 3.141592653589793 flow_6_15 0 5.0 2.0,-6.0 186.325 -1.5707963267948966 flow_3_19 0 5.0 2.0,6.0 -36.2919999999998 1.5707963267948966 flow_2_12 0 5.0 2.0,2.0 -103.79199999999975 1.5707963267948966 flow_11_11 0 5.0 2.0,7.1333400000000009 37.820878828660209 1.5707963267948966 flow_10_16 -1 5.0 2.0,81.29199999999975 6.0 3.141592653589793 flow_1_12 0 5.0 2.0,-118.79199999999975 -6.0 0.0 flow_0_17 0 5.0 2.0,-7.1333400000000009 -37.820878828660209 -1.5707963267948966 flow_8_16 -1 5.0 2.0,-73.79199999999975 -6.0 0.0 flow_0_11 0 5.0 2.0,-6.0 21.29199999999986 -1.5707963267948966 flow_3_10 0 5.0 2.0,-2.0 -120.66251352415289 -1.5707963267948966 flow_6_12 0 5.0 2.0,73.79199999999975 6.0 3.141592653589793 flow_1_11 0 5.0 2.0,6.0 -58.791999999999777 1.5707963267948966 flow_2_15 0 5.0 2.0,-264.0 -2.0 0.0 flow_5_20 0 5.0 2.0,-2.0 156.2919999999997 -1.5707963267948966 flow_9_18 0 5.0 2.0,-299.0 -10.0 0.0 flow_8_21 0 5.0 2.0,299.0 6.0 3.141592653589793 flow_1_21 0 5.0 2.0,-119.66582882866021 10.0 3.141592653589793 flow_7_15 0 5.0 2.0,-2.0 264.0 -1.5707963267948966 flow_9_20 0 5.0 2.0,6.0 -28.791999999999804 1.5707963267948966 flow_2_11 0 5.0 2.0,-186.325 -10.0 0.0 flow_8_19 0 5.0 2.0,36.63004999999987 10.0 3.141592653589793 flow_10_17 0 5.0 2.0,-2.0 111.29199999999975 -1.5707963267948966 flow_9_12 0 5.0 2.0,36.2919999999998 6.0 3.141592653589793 flow_1_6 0 5.0 2.0,111.29199999999975 6.0 3.141592653589793 flow_1_16 0 5.0 2.0,103.79199999999975 6.0 3.141592653589793 flow_1_15 0 5.0 2.0,10.0 -36.63004999999987 1.5707963267948966 flow_4_17 0 5.0 2.0,-6.0 299.0 -1.5707963267948966 flow_3_21 0 5.0 2.0,-6.0 58.791999999999777 -1.5707963267948966 flow_3_15 0 5.0 2.0,2.0 -148.7919999999997 1.5707963267948966 flow_11_17 0 5.0 2.0,-10.0 102.97499999999991 -1.5707963267948966 flow_7_18 0 5.0 2.0,-103.79199999999975 -6.0 0.0 flow_0_15 0 5.0 2.0,2.0 -81.29199999999975 1.5707963267948966 flow_11_8 0 5.0 2.0,96.29199999999975 6.0 3.141592653589793 flow_1_14 0 5.0 2.0,-6.0 36.2919999999998 -1.5707963267948966 flow_3_12 0 5.0 2.0,2.0 291.31237050680167 1.5707963267948966 flow_5_8 0 5.0 2.0,-28.496698245852146 -2.0 0.0 flow_5_14 0 5.0 2.0,2.0 -88.79199999999975 1.5707963267948966 flow_11_9 0 5.0 2.0,2.0 -133.79199999999973 1.5707963267948966 flow_11_15 0 5.0 2.0,-43.49669824585209 -2.0 0.0 flow_5_16 0 5.0 2.0,-2.0 299.0 -1.5707963267948966 flow_9_21 0 5.0 2.0,-203.01582882866024 6.0 3.141592653589793 flow_7_14 0 5.0 2.0,186.325 2.0 3.141592653589793 flow_6_19 0 5.0 2.0,-50.99669824585209 -2.0 0.0 flow_5_17 0 5.0 2.0,28.496698245852146 2.0 3.141592653589793 flow_6_14 0 5.0 2.0,-2.0 133.79199999999973 -1.5707963267948966 flow_9_15 0 5.0 2.0,-2.0 88.79199999999975 -1.5707963267948966 flow_9_9 0 5.0 2.0,2.0 -187.37556333634644 1.5707963267948966 flow_11_19 0 5.0 2.0,51.2919999999998 6.0 3.141592653589793 flow_1_8 0 5.0 2.0,6.810181698509595 6.211388656046009 -0.7493906784197324 flow_9_1 0 5.0 2.0,286.3658288286603 -6.0 0.0 flow_4_13 0 5.0 2.0,6.0 -66.29199999999975 1.5707963267948966 flow_2_16 0 5.0 2.0,-6.0 104.14005424972521 -1.5707963267948966 flow_3_18 0 5.0 2.0,-81.29199999999975 -6.0 0.0 flow_0_12 0 5.0 2.0,2.0 -36.0419999999998 1.5707963267948966 flow_11_3 0 5.0 2.0,-6.0 73.79199999999975 -1.5707963267948966 flow_3_17 0 5.0 2.0,102.97499999999991 2.0 3.141592653589793 flow_6_18 0 5.0 2.0,-6.0 51.2919999999998 -1.5707963267948966 flow_3_14 0 5.0 2.0,-66.29199999999975 -6.0 0.0 flow_0_10 0 5.0 2.0,-2.0 118.79199999999975 -1.5707963267948966 flow_9_13 0 5.0 2.0,;road_0_1_0 r r g,road_1_0_1 g r g,road_1_2_3 g r g,road_2_1_2 r r g,
-6.0 -273.47567050680166 -1.5707963267948966 flow_6_9 0 5.0 2.0,2.0 -73.79199999999975 1.5707963267948966 flow_11_7 0 5.0 2.0,43.49669824585209 2.0 3.141592653589793 flow_6_16 0 5.0 2.0,-28.29674999999986 -10.0 0.0 flow_8_17 0 5.0 2.0,-6.0 43.7919999999998 -1.5707963267948966 flow_3_13 0 5.0 2.0,-2.0 47.2919999999998 -1.5707963267948966 flow_9_4 0 5.0 2.0,6.0 191.95894550680158 1.5707963267948966 flow_5_11 0 5.0 2.0,-35.99669824585209 -2.0 0.0 flow_5_15 0 5.0 2.0,66.29199999999975 6.0 3.141592653589793 flow_1_10 0 5.0 2.0,126.29199999999975 6.0 3.141592653589793 flow_1_18 0 5.0 2.0,6.0 53.15417882866021 1.5707963267948966 flow_10_16 0 5.0 2.0,10.0 136.33582882866024 1.5707963267948966 flow_10_15 0 5.0 2.0,10.0 219.68582882866026 1.5707963267948966 flow_10_14 0 5.0 2.0,0.8881493790651879 13.239318419706402 -0.9955589872739847 flow_9_2 0 5.0 2.0,-43.7919999999998 -6.0 0.0 flow_0_7 0 5.0 2.0,6.0 -169.65499999999998 1.5707963267948966 flow_2_19 0 5.0 2.0,251.0 10.0 3.141592653589793 flow_10_20 0 5.0 2.0,6.0 -43.7919999999998 1.5707963267948966 flow_2_13 0 5.0 2.0,2.0 -141.29199999999973 1.5707963267948966 flow_11_16 0 5.0 2.0,58.791999999999777 6.0 3.141592653589793 flow_1_9 0 5.0 2.0,6.0 273.47567050680166 1.5707963267948966 flow_5_9 0 5.0 2.0,-111.29199999999975 -6.0 0.0 flow_0_16 0 5.0 2.0,-2.0 66.29199999999975 -1.5707963267948966 flow_9_6 0 5.0 2.0,-20.516617004143997 -2.0 0.0 flow_5_13 0 5.0 2.0,6.0 -251.0 1.5707963267948966 flow_2_20 0 5.0 2.0,-14.850546746181193 0.15654296763647025 2.5663553140688815 flow_11_1 0 5.0 2.0,-2.0 96.29199999999975 -1.5707963267948966 flow_9_10 0 5.0 2.0,10.0 -296.0 1.5707963267948966 flow_4_21 0 5.0 2.0,2.0 -58.0419999999998 1.5707963267948966 flow_11_5 0 5.0 2.0,-296.0 -2.0 0.0 flow_5_21 0 5.0 2.0,50.99669824585209 2.0 3.141592653589793 flow_6_17 0 5.0 2.0,28.791999999999804 6.0 3.141592653589793 flow_1_5 0 5.0 2.0,-251.0 -10.0 0.0 flow_8_20 0 5.0 2.0,2.0 -66.29199999999975 1.5707963267948966 flow_11_6 0 5.0 2.0,296.0 10.0 3.141592653589793 flow_10_21 0 5.0 2.0,-28.791999999999804 -6.0 0.0 flow_0_5 0 5.0 2.0,-88.79199999999975 -6.0 0.0 flow_0_13 0 5.0 2.0,-10.0 -136.33582882866024 -1.5707963267948966 flow_8_15 0 5.0 2.0,-58.791999999999777 -6.0 0.0 flow_0_9 0 5.0 2.0,-6.0 66.29199999999975 -1.5707963267948966 flow_3_16 0 5.0 2.0,6.0 -21.29199999999986 1.5707963267948966 flow_2_10 0 5.0 2.0,21.29199999999986 6.0 3.141592653589793 flow_1_4 0 5.0 2.0,-2.0 175.0566900090393 -1.5707963267948966 flow_9_19 0 5.0 2.0,-2.0 103.79199999999975 -1.5707963267948966 flow_9_11 0 5.0 2.0,2.0 137.3325135241529 1.5707963267948966 flow_5_12 0 5.0 2.0,-2.0 58.0419999999998 -1.5707963267948966 flow_9_5 0 5.0 2.0,-96.29199999999975 -6.0 0.0 flow_0_14 0 5.0 2.0,-2.0 141.29199999999973 -1.5707963267948966 flow_9_16 0 5.0 2.0,6.0 -51.2919999999998 1.5707963267948966 flow_2_14 0 5.0 2.0,-10.0 28.29674999999986 -1.5707963267948966 flow_7_17 0 5.0 2.0,2.0 -96.29199999999975 1.5707963267948966 flow_11_10 0 5.0 2.0,6.0 -73.79199999999975 1.5707963267948966 flow_2_17 0 5.0 2.0,-10.0 296.0 -1.5707963267948966 flow_7_21 0 5.0 2.0,10.0 -169.65499999999998 1.5707963267948966 flow_4_19 0 5.0 2.0,-37.26437050680133 2.0 3.141592653589793 flow_11_0 0 5.0 2.0,-2.0 29.541999999999804 -1.5707963267948966 flow_9_3 0 5.0 2.0,251.0 2.0 3.141592653589793 flow_6_20 0 5.0 2.0,-2.0 73.79199999999975 -1.5707963267948966 flow_9_7 0 5.0 2.0,2.0 -118.79199999999975 1.5707963267948966 flow_11_13 0 5.0 2.0,-251.0 -6.0 0.0 flow_0_20 0 5.0 2.0,53.15417882866021 -10.0 0.0 flow_4_16 0 5.0 2.0,2.0 -296.0 1.5707963267948966 flow_11_21 0 5.0 2.0,-169.65499999999998 -6.0 0.0 flow_0_19 0 5.0 2.0,-6.0 251.0 -1.5707963267948966 flow_3_20 0 5.0 2.0,10.0 -86.3049999999999 1.5707963267948966 flow_4_18 0 5.0 2.0,-2.0 -226.2989705068016 -1.5707963267948966 flow_6_10 0 5.0 2.0,-86.67720302015752 -2.0 0.0 flow_5_18 0 5.0 2.0,6.0 -92.0501627491758 1.5707963267948966 flow_2_18 0 5.0 2.0,118.79199999999975 6.0 3.141592653589793 flow_1_17 0 5.0 2.0,251.0 6.0 3.141592653589793 flow_1_20 0 5.0 2.0,2.0 -47.2919999999998 1.5707963267948966 flow_11_4 0 5.0 2.0,-10.0 169.65499999999998 -1.5707963267948966 flow_7_19 0 5.0 2.0,-6.0 28.791999999999804 -1.5707963267948966 flow_3_11 0 5.0 2.0,169.65499999999998 10.0 3.141592653589793 flow_10_19 0 5.0 2.0,2.0 -156.2919999999997 1.5707963267948966 flow_11_18 0 5.0 2.0,2.0 -126.29199999999975 1.5707963267948966 flow_11_14 0 5.0 2.0,20.516617004143997 2.0 3.141592653589793 flow_6_13 0 5.0 2.0,43.7919999999998 6.0 3.141592653589793 flow_1_7 0 5.0 2.0,-36.2919999999998 -6.0 0.0 flow_0_6 0 5.0 2.0,-51.2919999999998 -6.0 0.0 flow_0_8 0 5.0 2.0,88.79199999999975 6.0 3.141592653589793 flow_1_13 0 5.0 2.0,6.0 -296.0 1.5707963267948966 flow_2_21 0 5.0 2.0,219.68582882866026 -10.0 0.0 flow_4_14 0 5.0 2.0,86.3049999999999 10.0 3.141592653589793 flow_10_18 0 5.0 2.0,136.33582882866024 -6.0 0.0 flow_4_15 0 5.0 2.0,-10.0 251.0 -1.5707963267948966 flow_7_20 0 5.0 2.0,-6.0 -191.95894550680158 -1.5707963267948966 flow_6_11 0 5.0 2.0,2.0 -111.29199999999975 1.5707963267948966 flow_11_12 0 5.0 2.0,-2.0 81.29199999999975 -1.5707963267948966 flow_9_8 0 5.0 2.0,2.0 226.2989705068016 1.5707963267948966 flow_5_10 0 5.0 2.0,-86.3049999999999 -10.0 0.0 flow_8_18 0 5.0 2.0,-21.29199999999986 -6.0 0.0 flow_0_4 0 5.0 2.0,10.0 -251.0 1.5707963267948966 flow_4_20 0 5.0 2.0,296.0 2.0 3.141592653589793 flow_6_21 0 5.0 2.0,37.26437050680133 -2.0 0.0 flow_9_0 0 5.0 2.0,-169.65499999999998 -2.0 0.0 flow_5_19 0 5.0 2.0,169.65499999999998 6.0 3.141592653589793 flow_1_19 0 5.0 2.0,-2.0 126.29199999999975 -1.5707963267948966 flow_9_14 0 5.0 2.0,-0.8881493790651879 -13.239318419706402 2.1460336663158086 flow_11_2 0 5.0 2.0,-296.0 -6.0 0.0 flow_0_21 0 5.0 2.0,-10.0 -219.68582882866026 -1.5707963267948966 flow_8_14 0 5.0 2.0,-126.29199999999975 -6.0 0.0 flow_0_18 0 5.0 2.0,2.0 -251.0 1.5707963267948966 flow_11_20 0 5.0 2.0,-2.0 148.7919999999997 -1.5707963267948966 flow_9_17 0 5.0 2.0,35.99669824585209 2.0 3.141592653589793 flow_6_15 0 5.0 2.0,-6.0 169.65499999999998 -1.5707963267948966 flow_3_19 0 5.0 2.0,6.0 -36.2919999999998 1.5707963267948966 flow_2_12 0 5.0 2.0,2.0 -103.79199999999975 1.5707963267948966 flow_11_11 0 5.0 2.0,81.29199999999975 6.0 3.141592653589793 flow_1_12 0 5.0 2.0,-118.79199999999975 -6.0 0.0 flow_0_17 0 5.0 2.0,-73.79199999999975 -6.0 0.0 flow_0_11 0 5.0 2.0,-6.0 21.29199999999986 -1.5707963267948966 flow_3_10 0 5.0 2.0,-2.0 -137.3325135241529 -1.5707963267948966 flow_6_12 0 5.0 2.0,73.79199999999975 6.0 3.141592653589793 flow_1_11 0 5.0 2.0,6.0 -58.791999999999777 1.5707963267948966 flow_2_15 0 5.0 2.0,-251.0 -2.0 0.0 flow_5_20 0 5.0 2.0,-2.0 156.2919999999997 -1.5707963267948966 flow_9_18 0 5.0 2.0,-296.0 -10.0 0.0 flow_8_21 0 5.0 2.0,296.0 6.0 3.141592653589793 flow_1_21 0 5.0 2.0,-136.33582882866024 10.0 3.141592653589793 flow_7_15 0 5.0 2.0,-2.0 251.0 -1.5707963267948966 flow_9_20 0 5.0 2.0,6.0 -28.791999999999804 1.5707963267948966 flow_2_11 0 5.0 2.0,-169.65499999999998 -10.0 0.0 flow_8_19 0 5.0 2.0,28.29674999999986 10.0 3.141592653589793 flow_10_17 0 5.0 2.0,-2.0 111.29199999999975 -1.5707963267948966 flow_9_12 0 5.0 2.0,36.2919999999998 6.0 3.141592653589793 flow_1_6 0 5.0 2.0,111.29199999999975 6.0 3.141592653589793 flow_1_16 0 5.0 2.0,103.79199999999975 6.0 3.141592653589793 flow_1_15 0 5.0 2.0,10.0 -28.29674999999986 1.5707963267948966 flow_4_17 0 5.0 2.0,-6.0 296.0 -1.5707963267948966 flow_3_21 0 5.0 2.0,-6.0 58.791999999999777 -1.5707963267948966 flow_3_15 0 5.0 2.0,2.0 -148.7919999999997 1.5707963267948966 flow_11_17 0 5.0 2.0,-10.0 86.3049999999999 -1.5707963267948966 flow_7_18 0 5.0 2.0,-103.79199999999975 -6.0 0.0 flow_0_15 0 5.0 2.0,2.0 -81.29199999999975 1.5707963267948966 flow_11_8 0 5.0 2.0,96.29199999999975 6.0 3.141592653589793 flow_1_14 0 5.0 2.0,-6.0 36.2919999999998 -1.5707963267948966 flow_3_12 0 5.0 2.0,-28.496698245852146 -2.0 0.0 flow_5_14 0 5.0 2.0,2.0 -88.79199999999975 1.5707963267948966 flow_11_9 0 5.0 2.0,2.0 -133.79199999999973 1.5707963267948966 flow_11_15 0 5.0 2.0,-43.49669824585209 -2.0 0.0 flow_5_16 0 5.0 2.0,-2.0 296.0 -1.5707963267948966 flow_9_21 0 5.0 2.0,-219.68582882866026 6.0 3.141592653589793 flow_7_14 0 5.0 2.0,169.65499999999998 2.0 3.141592653589793 flow_6_19 0 5.0 2.0,-50.99669824585209 -2.0 0.0 flow_5_17 0 5.0 2.0,-53.15417882866021 6.0 3.141592653589793 flow_7_16 0 5.0 2.0,28.496698245852146 2.0 3.141592653589793 flow_6_14 0 5.0 2.0,-2.0 133.79199999999973 -1.5707963267948966 flow_9_15 0 5.0 2.0,-2.0 88.79199999999975 -1.5707963267948966 flow_9_9 0 5.0 2.0,2.0 -175.0566900090393 1.5707963267948966 flow_11_19 0 5.0 2.0,51.2919999999998 6.0 3.141592653589793 flow_1_8 0 5.0 2.0,14.850546746181193 -0.15654296763647025 -0.5752373395209119 flow_9_1 0 5.0 2.0,6.0 -66.29199999999975 1.5707963267948966 flow_2_16 0 5.0 2.0,-6.0 92.0501627491758 -1.5707963267948966 flow_3_18 0 5.0 2.0,-81.29199999999975 -6.0 0.0 flow_0_12 0 5.0 2.0,2.0 -29.541999999999804 1.5707963267948966 flow_11_3 0 5.0 2.0,-6.0 73.79199999999975 -1.5707963267948966 flow_3_17 0 5.0 2.0,86.67720302015752 2.0 3.141592653589793 flow_6_18 0 5.0 2.0,-6.0 51.2919999999998 -1.5707963267948966 flow_3_14 0 5.0 2.0,-66.29199999999975 -6.0 0.0 flow_0_10 0 5.0 2.0,-2.0 118.79199999999975 -1.5707963267948966 flow_9_13 0 5.0 2.0,-6.0 -53.15417882866021 -1.5707963267948966 flow_8_16 0 5.0 2.0,;road_0_1_0 r r g,road_1_0_1 g r g,road_1_2_3 g r g,road_2_1_2 r r g,
-6.0 -290.14567050680167 -1.5707963267948966 flow_6_9 0 5.0 2.0,2.0 -73.79199999999975 1.5707963267948966 flow_11_7 0 5.0 2.0,43.49669824585209 2.0 3.141592653589793 flow_6_16 0 5.0 2.0,-19.96350051833775 -10.001921025350646 -0.05258306161094157 flow_8_17 0 5.0 2.0,-6.0 43.7919999999998 -1.5707963267948966 flow_3_13 0 5.0 2.0,-2.0 42.2919999999998 -1.5707963267948966 flow_9_4 0 5.0 2.0,6.0 208.62894550680159 1.5707963267948966 flow_5_11 0 5.0 2.0,-35.99669824585209 -2.0 0.0 flow_5_15 0 5.0 2.0,66.29199999999975 6.0 3.141592653589793 flow_1_10 0 5.0 2.0,126.29199999999975 6.0 3.141592653589793 flow_1_18 0 5.0 2.0,6.0 69.6558288286602 1.5707963267948966 flow_10_16 0 5.0 2.0,10.0 153.0058288286602 1.5707963267948966 flow_10_15 0 5.0 2.0,10.0 236.35582882866027 1.5707963267948966 flow_10_14 0 5.0 2.0,6.901658102084454 6.126273615723923 -0.7493906784197324 flow_9_2 0 5.0 2.0,-43.7919999999998 -6.0 0.0 flow_0_7 0 5.0 2.0,6.0 -152.98499999999997 1.5707963267948966 flow_2_19 0 5.0 2.0,236.0 10.0 3.141592653589793 flow_10_20 0 5.0 2.0,6.0 -43.7919999999998 1.5707963267948966 flow_2_13 0 5.0 2.0,2.0 -141.29199999999973 1.5707963267948966 flow_11_16 0 5.0 2.0,58.791999999999777 6.0 3.141592653589793 flow_1_9 0 5.0 2.0,6.0 290.14567050680167 1.5707963267948966 flow_5_9 0 5.0 2.0,-111.29199999999975 -6.0 0.0 flow_0_16 0 5.0 2.0,-2.0 66.29199999999975 -1.5707963267948966 flow_9_6 0 5.0 2.0,-20.516617004143997 -2.0 0.0 flow_5_13 0 5.0 2.0,6.0 -236.0 1.5707963267948966 flow_2_20 0 5.0 2.0,-26.62374550680132 2.0 3.141592653589793 flow_11_1 0 5.0 2.0,-2.0 96.29199999999975 -1.5707963267948966 flow_9_10 0 5.0 2.0,10.0 -291.0 1.5707963267948966 flow_4_21 0 5.0 2.0,2.0 -55.54199999999986 1.5707963267948966 flow_11_5 0 5.0 2.0,-291.0 -2.0 0.0 flow_5_21 0 5.0 2.0,50.99669824585209 2.0 3.141592653589793 flow_6_17 0 5.0 2.0,28.791999999999804 6.0 3.141592653589793 flow_1_5 0 5.0 2.0,-236.0 -10.0 0.0 flow_8_20 0 5.0 2.0,2.0 -66.29199999999975 1.5707963267948966 flow_11_6 0 5.0 2.0,291.0 10.0 3.141592653589793 flow_10_21 0 5.0 2.0,-28.791999999999804 -6.0 0.0 flow_0_5 0 5.0 2.0,-88.79199999999975 -6.0 0.0 flow_0_13 0 5.0 2.0,-10.0 -153.0058288286602 -1.5707963267948966 flow_8_15 0 5.0 2.0,-58.791999999999777 -6.0 0.0 flow_0_9 0 5.0 2.0,-6.0 66.29199999999975 -1.5707963267948966 flow_3_16 0 5.0 2.0,6.0 -21.29199999999986 1.5707963267948966 flow_2_10 0 5.0 2.0,21.29199999999986 6.0 3.141592653589793 flow_1_4 0 5.0 2.0,-2.0 167.2378166817322 -1.5707963267948966 flow_9_19 0 5.0 2.0,-2.0 103.79199999999975 -1.5707963267948966 flow_9_11 0 5.0 2.0,2.0 154.0025135241529 1.5707963267948966 flow_5_12 0 5.0 2.0,-2.0 55.54199999999986 -1.5707963267948966 flow_9_5 0 5.0 2.0,-96.29199999999975 -6.0 0.0 flow_0_14 0 5.0 2.0,-2.0 141.29199999999973 -1.5707963267948966 flow_9_16 0 5.0 2.0,6.0 -51.2919999999998 1.5707963267948966 flow_2_14 0 5.0 2.0,-10.001921025350646 19.96350051833775 -1.6233793884058383 flow_7_17 0 5.0 2.0,2.0 -96.29199999999975 1.5707963267948966 flow_11_10 0 5.0 2.0,6.0 -73.79199999999975 1.5707963267948966 flow_2_17 0 5.0 2.0,-10.0 291.0 -1.5707963267948966 flow_7_21 0 5.0 2.0,10.0 -152.98499999999997 1.5707963267948966 flow_4_19 0 5.0 2.0,-52.26437050680133 2.0 3.141592653589793 flow_11_0 0 5.0 2.0,-2.0 21.651387499999829 -1.5707963267948966 flow_9_3 0 5.0 2.0,236.0 2.0 3.141592653589793 flow_6_20 0 5.0 2.0,-2.0 73.79199999999975 -1.5707963267948966 flow_9_7 0 5.0 2.0,2.0 -118.79199999999975 1.5707963267948966 flow_11_13 0 5.0 2.0,-236.0 -6.0 0.0 flow_0_20 0 5.0 2.0,69.6558288286602 -10.0 0.0 flow_4_16 0 5.0 2.0,2.0 -291.0 1.5707963267948966 flow_11_21 0 5.0 2.0,-154.4949292455978 -6.0 0.0 flow_0_19 0 5.0 2.0,-6.0 236.0 -1.5707963267948966 flow_3_20 0 5.0 2.0,10.0 -69.63499999999988 1.5707963267948966 flow_4_18 0 5.0 2.0,-2.0 -242.9689705068016 -1.5707963267948966 flow_6_10 0 5.0 2.0,-73.00160906047273 -2.0 0.0 flow_5_18 0 5.0 2.0,6.0 -84.46027124862639 1.5707963267948966 flow_2_18 0 5.0 2.0,118.79199999999975 6.0 3.141592653589793 flow_1_17 0 5.0 2.0,236.0 6.0 3.141592653589793 flow_1_20 0 5.0 2.0,2.0 -42.2919999999998 1.5707963267948966 flow_11_4 0 5.0 2.0,-10.0 152.98499999999997 -1.5707963267948966 flow_7_19 0 5.0 2.0,-6.0 28.791999999999804 -1.5707963267948966 flow_3_11 0 5.0 2.0,152.98499999999997 10.0 3.141592653589793 flow_10_19 0 5.0 2.0,2.0 -156.2919999999997 1.5707963267948966 flow_11_18 0 5.0 2.0,2.0 -126.29199999999975 1.5707963267948966 flow_11_14 0 5.0 2.0,20.516617004143997 2.0 3.141592653589793 flow_6_13 0 5.0 2.0,43.7919999999998 6.0 3.141592653589793 flow_1_7 0 5.0 2.0,-36.2919999999998 -6.0 0.0 flow_0_6 0 5.0 2.0,-51.2919999999998 -6.0 0.0 flow_0_8 0 5.0 2.0,88.79199999999975 6.0 3.141592653589793 flow_1_13 0 5.0 2.0,6.0 -291.0 1.5707963267948966 flow_2_21 0 5.0 2.0,236.35582882866027 -10.0 0.0 flow_4_14 0 5.0 2.0,69.63499999999988 10.0 3.141592653589793 flow_10_18 0 5.0 2.0,153.0058288286602 -6.0 0.0 flow_4_15 0 5.0 2.0,-10.0 236.0 -1.5707963267948966 flow_7_20 0 5.0 2.0,-6.0 -208.62894550680159 -1.5707963267948966 flow_6_11 0 5.0 2.0,2.0 -111.29199999999975 1.5707963267948966 flow_11_12 0 5.0 2.0,-2.0 81.29199999999975 -1.5707963267948966 flow_9_8 0 5.0 2.0,2.0 242.9689705068016 1.5707963267948966 flow_5_10 0 5.0 2.0,-69.63499999999988 -10.0 0.0 flow_8_18 0 5.0 2.0,-21.29199999999986 -6.0 0.0 flow_0_4 0 5.0 2.0,10.0 -236.0 1.5707963267948966 flow_4_20 0 5.0 2.0,291.0 2.0 3.141592653589793 flow_6_21 0 5.0 2.0,52.26437050680133 -2.0 0.0 flow_9_0 0 5.0 2.0,-152.98499999999997 -2.0 0.0 flow_5_19 0 5.0 2.0,154.4949292455978 6.0 3.141592653589793 flow_1_19 0 5.0 2.0,-2.0 126.29199999999975 -1.5707963267948966 flow_9_14 0 5.0 2.0,-6.901658102084454 -6.126273615723923 2.3922019751700609 flow_11_2 0 5.0 2.0,-291.0 -6.0 0.0 flow_0_21 0 5.0 2.0,-10.0 -236.35582882866027 -1.5707963267948966 flow_8_14 0 5.0 2.0,-126.29199999999975 -6.0 0.0 flow_0_18 0 5.0 2.0,2.0 -236.0 1.5707963267948966 flow_11_20 0 5.0 2.0,-2.0 148.7919999999997 -1.5707963267948966 flow_9_17 0 5.0 2.0,35.99669824585209 2.0 3.141592653589793 flow_6_15 0 5.0 2.0,-6.0 152.98499999999997 -1.5707963267948966 flow_3_19 0 5.0 2.0,6.0 -36.2919999999998 1.5707963267948966 flow_2_12 0 5.0 2.0,2.0 -103.79199999999975 1.5707963267948966 flow_11_11 0 5.0 2.0,81.29199999999975 6.0 3.141592653589793 flow_1_12 0 5.0 2.0,-118.79199999999975 -6.0 0.0 flow_0_17 0 5.0 2.0,-73.79199999999975 -6.0 0.0 flow_0_11 0 5.0 2.0,-6.0 21.29199999999986 -1.5707963267948966 flow_3_10 0 5.0 2.0,-2.0 -154.0025135241529 -1.5707963267948966 flow_6_12 0 5.0 2.0,73.79199999999975 6.0 3.141592653589793 flow_1_11 0 5.0 2.0,6.0 -58.791999999999777 1.5707963267948966 flow_2_15 0 5.0 2.0,-236.0 -2.0 0.0 flow_5_20 0 5.0 2.0,-2.0 156.2919999999997 -1.5707963267948966 flow_9_18 0 5.0 2.0,-291.0 -10.0 0.0 flow_8_21 0 5.0 2.0,291.0 6.0 3.141592653589793 flow_1_21 0 5.0 2.0,-153.0058288286602 10.0 3.141592653589793 flow_7_15 0 5.0 2.0,-2.0 236.0 -1.5707963267948966 flow_9_20 0 5.0 2.0,6.0 -28.791999999999804 1.5707963267948966 flow_2_11 0 5.0 2.0,-152.98499999999997 -10.0 0.0 flow_8_19 0 5.0 2.0,19.96350051833775 10.001921025350646 3.0890095919788518 flow_10_17 0 5.0 2.0,-2.0 111.29199999999975 -1.5707963267948966 flow_9_12 0 5.0 2.0,36.2919999999998 6.0 3.141592653589793 flow_1_6 0 5.0 2.0,111.29199999999975 6.0 3.141592653589793 flow_1_16 0 5.0 2.0,103.79199999999975 6.0 3.141592653589793 flow_1_15 0 5.0 2.0,10.001921025350646 -19.96350051833775 1.518213265183955 flow_4_17 0 5.0 2.0,-6.0 291.0 -1.5707963267948966 flow_3_21 0 5.0 2.0,-6.0 58.791999999999777 -1.5707963267948966 flow_3_15 0 5.0 2.0,2.0 -148.7919999999997 1.5707963267948966 flow_11_17 0 5.0 2.0,-10.0 69.63499999999988 -1.5707963267948966 flow_7_18 0 5.0 2.0,-103.79199999999975 -6.0 0.0 flow_0_15 0 5.0 2.0,2.0 -81.29199999999975 1.5707963267948966 flow_11_8 0 5.0 2.0,96.29199999999975 6.0 3.141592653589793 flow_1_14 0 5.0 2.0,-6.0 36.2919999999998 -1.5707963267948966 flow_3_12 0 5.0 2.0,-28.496698245852146 -2.0 0.0 flow_5_14 0 5.0 2.0,2.0 -88.79199999999975 1.5707963267948966 flow_11_9 0 5.0 2.0,2.0 -133.79199999999973 1.5707963267948966 flow_11_15 0 5.0 2.0,-43.49669824585209 -2.0 0.0 flow_5_16 0 5.0 2.0,-2.0 291.0 -1.5707963267948966 flow_9_21 0 5.0 2.0,-236.35582882866027 6.0 3.141592653589793 flow_7_14 0 5.0 2.0,152.98499999999997 2.0 3.141592653589793 flow_6_19 0 5.0 2.0,-50.99669824585209 -2.0 0.0 flow_5_17 0 5.0 2.0,-69.6558288286602 6.0 3.141592653589793 flow_7_16 0 5.0 2.0,28.496698245852146 2.0 3.141592653589793 flow_6_14 0 5.0 2.0,-2.0 133.79199999999973 -1.5707963267948966 flow_9_15 0 5.0 2.0,-2.0 88.79199999999975 -1.5707963267948966 flow_9_9 0 5.0 2.0,2.0 -167.2378166817322 1.5707963267948966 flow_11_19 0 5.0 2.0,51.2919999999998 6.0 3.141592653589793 flow_1_8 0 5.0 2.0,26.62374550680132 -2.0 0.0 flow_9_1 0 5.0 2.0,6.0 -66.29199999999975 1.5707963267948966 flow_2_16 0 5.0 2.0,-6.0 84.46027124862639 -1.5707963267948966 flow_3_18 0 5.0 2.0,-81.29199999999975 -6.0 0.0 flow_0_12 0 5.0 2.0,2.0 -21.651387499999829 1.5707963267948966 flow_11_3 0 5.0 2.0,-6.0 73.79199999999975 -1.5707963267948966 flow_3_17 0 5.0 2.0,73.00160906047273 2.0 3.141592653589793 flow_6_18 0 5.0 2.0,-6.0 51.2919999999998 -1.5707963267948966 flow_3_14 0 5.0 2.0,-66.29199999999975 -6.0 0.0 flow_0_10 0 5.0 2.0,-2.0 118.79199999999975 -1.5707963267948966 flow_9_13 0 5.0 2.0,-6.0 -69.6558288286602 -1.5707963267948966 flow_8_16 0 5.0 2.0,;road_0_1_0 r r g,road_1_0_1 g r g,road_1_2_3 g r g,road_2_1_2 r r g,
2.0 -73.79199999999975 1.5707963267948966 flow_11_7 0 5.0 2.0,43.49669824585209 2.0 3.141592653589793 flow_6_16 0 5.0 2.0,-11.700813119107233 -13.476783965535605 -0.8850668158886099 flow_8_17 0 5.0 2.0,-6.0 43.7919999999998 -1.5707963267948966 flow_3_13 0 5.0 2.0,-2.0 35.2919999999998 -1.5707963267948966 flow_9_4 0 5.0 2.0,6.0 225.2989455068016 1.5707963267948966 flow_5_11 0 5.0 2.0,-35.99669824585209 -2.0 0.0 flow_5_15 0 5.0 2.0,66.29199999999975 6.0 3.141592653589793 flow_1_10 0 5.0 2.0,126.29199999999975 6.0 3.141592653589793 flow_1_18 0 5.0 2.0,6.0 86.3258288286602 1.5707963267948966 flow_10_16 0 5.0 2.0,10.0 169.6758288286602 1.5707963267948966 flow_10_15 0 5.0 2.0,10.0 253.02582882866029 1.5707963267948966 flow_10_14 0 5.0 2.0,15.893762641037768 -0.6961869528858247 -0.4344452230277657 flow_9_2 0 5.0 2.0,-43.7919999999998 -6.0 0.0 flow_0_7 0 5.0 2.0,6.0 -136.31499999999995 1.5707963267948966 flow_2_19 0 5.0 2.0,219.665 10.0 3.141592653589793 flow_10_20 0 5.0 2.0,6.0 -43.7919999999998 1.5707963267948966 flow_2_13 0 5.0 2.0,2.0 -141.29199999999973 1.5707963267948966 flow_11_16 0 5.0 2.0,58.791999999999777 6.0 3.141592653589793 flow_1_9 0 5.0 2.0,-111.29199999999975 -6.0 0.0 flow_0_16 0 5.0 2.0,-2.0 65.29199999999975 -1.5707963267948966 flow_9_6 0 5.0 2.0,-20.516617004143997 -2.0 0.0 flow_5_13 0 5.0 2.0,6.0 -219.665 1.5707963267948966 flow_2_20 0 5.0 2.0,-40.69405800680133 5.009375000000001 3.141592653589793 flow_11_1 1 5.0 2.0,-2.0 96.29199999999975 -1.5707963267948966 flow_9_10 0 5.0 2.0,10.0 -284.0 1.5707963267948966 flow_4_21 0 5.0 2.0,2.0 -51.041999999999919 1.5707963267948966 flow_11_5 0 5.0 2.0,-284.0 -2.0 0.0 flow_5_21 0 5.0 2.0,50.99669824585209 2.0 3.141592653589793 flow_6_17 0 5.0 2.0,28.791999999999804 6.0 3.141592653589793 flow_1_5 0 5.0 2.0,-219.665 -10.0 0.0 flow_8_20 0 5.0 2.0,2.0 -65.29199999999975 1.5707963267948966 flow_11_6 0 5.0 2.0,284.0 10.0 3.141592653589793 flow_10_21 0 5.0 2.0,-28.791999999999804 -6.0 0.0 flow_0_5 0 5.0 2.0,-88.79199999999975 -6.0 0.0 flow_0_13 0 5.0 2.0,-10.0 -169.6758288286602 -1.5707963267948966 flow_8_15 0 5.0 2.0,-58.791999999999777 -6.0 0.0 flow_0_9 0 5.0 2.0,-6.0 66.29199999999975 -1.5707963267948966 flow_3_16 0 5.0 2.0,6.0 -21.29199999999986 1.5707963267948966 flow_2_10 0 5.0 2.0,21.29199999999986 6.0 3.141592653589793 flow_1_4 0 5.0 2.0,-2.0 163.9189433544251 -1.5707963267948966 flow_9_19 0 5.0 2.0,-2.0 103.79199999999975 -1.5707963267948966 flow_9_11 0 5.0 2.0,2.0 170.67251352415293 1.5707963267948966 flow_5_12 0 5.0 2.0,-2.0 51.041999999999919 -1.5707963267948966 flow_9_5 0 5.0 2.0,-96.29199999999975 -6.0 0.0 flow_0_14 0 5.0 2.0,-2.0 141.29199999999973 -1.5707963267948966 flow_9_16 0 5.0 2.0,6.0 -51.2919999999998 1.5707963267948966 flow_2_14 0 5.0 2.0,-13.476783965535605 11.700813119107233 -2.4558631426835069 flow_7_17 0 5.0 2.0,2.0 -96.29199999999975 1.5707963267948966 flow_11_10 0 5.0 2.0,6.0 -73.79199999999975 1.5707963267948966 flow_2_17 0 5.0 2.0,-10.0 284.0 -1.5707963267948966 flow_7_21 0 5.0 2.0,10.0 -136.31499999999995 1.5707963267948966 flow_4_19 0 5.0 2.0,-68.59937050680134 2.0 3.141592653589793 flow_11_0 0 5.0 2.0,0.4631092556667027 13.894857525425106 -0.9955589872739847 flow_9_3 0 5.0 2.0,219.665 2.0 3.141592653589793 flow_6_20 0 5.0 2.0,-2.0 73.79199999999975 -1.5707963267948966 flow_9_7 0 5.0 2.0,2.0 -118.79199999999975 1.5707963267948966 flow_11_13 0 5.0 2.0,-219.665 -6.0 0.0 flow_0_20 0 5.0 2.0,86.3258288286602 -10.0 0.0 flow_4_16 0 5.0 2.0,2.0 -284.0 1.5707963267948966 flow_11_21 0 5.0 2.0,-143.09478773679349 -6.0 0.0 flow_0_19 0 5.0 2.0,-6.0 219.665 -1.5707963267948966 flow_3_20 0 5.0 2.0,10.0 -55.21499999999986 1.5707963267948966 flow_4_18 0 5.0 2.0,-2.0 -259.6389705068016 -1.5707963267948966 flow_6_10 0 5.0 2.0,-63.82601510078794 -2.0 0.0 flow_5_18 0 5.0 2.0,6.0 -81.37037974807697 1.5707963267948966 flow_2_18 0 5.0 2.0,118.79199999999975 6.0 3.141592653589793 flow_1_17 0 5.0 2.0,219.665 6.0 3.141592653589793 flow_1_20 0 5.0 2.0,2.0 -35.2919999999998 1.5707963267948966 flow_11_4 0 5.0 2.0,-10.0 136.31499999999995 -1.5707963267948966 flow_7_19 0 5.0 2.0,-6.0 28.791999999999804 -1.5707963267948966 flow_3_11 0 5.0 2.0,136.31499999999995 10.0 3.141592653589793 flow_10_19 0 5.0 2.0,2.0 -156.2919999999997 1.5707963267948966 flow_11_18 0 5.0 2.0,2.0 -126.29199999999975 1.5707963267948966 flow_11_14 0 5.0 2.0,20.516617004143997 2.0 3.141592653589793 flow_6_13 0 5.0 2.0,43.7919999999998 6.0 3.141592653589793 flow_1_7 0 5.0 2.0,-36.2919999999998 -6.0 0.0 flow_0_6 0 5.0 2.0,-51.2919999999998 -6.0 0.0 flow_0_8 0 5.0 2.0,88.79199999999975 6.0 3.141592653589793 flow_1_13 0 5.0 2.0,6.0 -284.0 1.5707963267948966 flow_2_21 0 5.0 2.0,253.02582882866029 -10.0 0.0 flow_4_14 0 5.0 2.0,55.21499999999986 10.0 3.141592653589793 flow_10_18 0 5.0 2.0,169.6758288286602 -6.0 0.0 flow_4_15 0 5.0 2.0,-10.0 219.665 -1.5707963267948966 flow_7_20 0 5.0 2.0,-6.0 -225.2989455068016 -1.5707963267948966 flow_6_11 0 5.0 2.0,2.0 -111.29199999999975 1.5707963267948966 flow_11_12 0 5.0 2.0,-2.0 81.29199999999975 -1.5707963267948966 flow_9_8 0 5.0 2.0,2.0 259.6389705068016 1.5707963267948966 flow_5_10 0 5.0 2.0,-55.21499999999986 -10.0 0.0 flow_8_18 0 5.0 2.0,-21.29199999999986 -6.0 0.0 flow_0_4 0 5.0 2.0,10.0 -219.665 1.5707963267948966 flow_4_20 0 5.0 2.0,284.0 2.0 3.141592653589793 flow_6_21 0 5.0 2.0,68.59937050680134 -2.0 0.0 flow_9_0 0 5.0 2.0,-136.31499999999995 -2.0 0.0 flow_5_19 0 5.0 2.0,143.09478773679349 6.0 3.141592653589793 flow_1_19 0 5.0 2.0,-2.0 126.29199999999975 -1.5707963267948966 flow_9_14 0 5.0 2.0,-15.893762641037768 0.6961869528858247 2.7071474305620275 flow_11_2 0 5.0 2.0,-284.0 -6.0 0.0 flow_0_21 0 5.0 2.0,-10.0 -253.02582882866029 -1.5707963267948966 flow_8_14 0 5.0 2.0,-126.29199999999975 -6.0 0.0 flow_0_18 0 5.0 2.0,2.0 -219.665 1.5707963267948966 flow_11_20 0 5.0 2.0,-2.0 148.7919999999997 -1.5707963267948966 flow_9_17 0 5.0 2.0,35.99669824585209 2.0 3.141592653589793 flow_6_15 0 5.0 2.0,-6.0 136.31499999999995 -1.5707963267948966 flow_3_19 0 5.0 2.0,6.0 -36.2919999999998 1.5707963267948966 flow_2_12 0 5.0 2.0,2.0 -103.79199999999975 1.5707963267948966 flow_11_11 0 5.0 2.0,81.29199999999975 6.0 3.141592653589793 flow_1_12 0 5.0 2.0,-118.79199999999975 -6.0 0.0 flow_0_17 0 5.0 2.0,-73.79199999999975 -6.0 0.0 flow_0_11 0 5.0 2.0,-6.0 21.29199999999986 -1.5707963267948966 flow_3_10 0 5.0 2.0,-2.0 -170.67251352415293 -1.5707963267948966 flow_6_12 0 5.0 2.0,73.79199999999975 6.0 3.141592653589793 flow_1_11 0 5.0 2.0,6.0 -58.791999999999777 1.5707963267948966 flow_2_15 0 5.0 2.0,-219.665 -2.0 0.0 flow_5_20 0 5.0 2.0,-2.0 156.2919999999997 -1.5707963267948966 flow_9_18 0 5.0 2.0,-284.0 -10.0 0.0 flow_8_21 0 5.0 2.0,284.0 6.0 3.141592653589793 flow_1_21 0 5.0 2.0,-169.6758288286602 10.0 3.141592653589793 flow_7_15 0 5.0 2.0,-2.0 219.665 -1.5707963267948966 flow_9_20 0 5.0 2.0,6.0 -28.791999999999804 1.5707963267948966 flow_2_11 0 5.0 2.0,-136.31499999999995 -10.0 0.0 flow_8_19 0 5.0 2.0,11.700813119107233 13.476783965535605 2.2565258377011836 flow_10_17 0 5.0 2.0,-2.0 111.29199999999975 -1.5707963267948966 flow_9_12 0 5.0 2.0,36.2919999999998 6.0 3.141592653589793 flow_1_6 0 5.0 2.0,111.29199999999975 6.0 3.141592653589793 flow_1_16 0 5.0 2.0,103.79199999999975 6.0 3.141592653589793 flow_1_15 0 5.0 2.0,13.476783965535605 -11.700813119107233 0.6857295109062868 flow_4_17 0 5.0 2.0,-6.0 284.0 -1.5707963267948966 flow_3_21 0 5.0 2.0,-6.0 58.791999999999777 -1.5707963267948966 flow_3_15 0 5.0 2.0,2.0 -148.7919999999997 1.5707963267948966 flow_11_17 0 5.0 2.0,-10.0 55.21499999999986 -1.5707963267948966 flow_7_18 0 5.0 2.0,-103.79199999999975 -6.0 0.0 flow_0_15 0 5.0 2.0,2.0 -81.29199999999975 1.5707963267948966 flow_11_8 0 5.0 2.0,96.29199999999975 6.0 3.141592653589793 flow_1_14 0 5.0 2.0,-6.0 36.2919999999998 -1.5707963267948966 flow_3_12 0 5.0 2.0,-28.496698245852146 -2.0 0.0 flow_5_14 0 5.0 2.0,2.0 -88.79199999999975 1.5707963267948966 flow_11_9 0 5.0 2.0,2.0 -133.79199999999973 1.5707963267948966 flow_11_15 0 5.0 2.0,-43.49669824585209 -2.0 0.0 flow_5_16 0 5.0 2.0,-2.0 284.0 -1.5707963267948966 flow_9_21 0 5.0 2.0,-253.02582882866029 6.0 3.141592653589793 flow_7_14 0 5.0 2.0,136.31499999999995 2.0 3.141592653589793 flow_6_19 0 5.0 2.0,-50.99669824585209 -2.0 0.0 flow_5_17 0 5.0 2.0,-86.3258288286602 6.0 3.141592653589793 flow_7_16 0 5.0 2.0,28.496698245852146 2.0 3.141592653589793 flow_6_14 0 5.0 2.0,-2.0 133.79199999999973 -1.5707963267948966 flow_9_15 0 5.0 2.0,-2.0 88.79199999999975 -1.5707963267948966 flow_9_9 0 5.0 2.0,2.0 -163.9189433544251 1.5707963267948966 flow_11_19 0 5.0 2.0,51.2919999999998 6.0 3.141592653589793 flow_1_8 0 5.0 2.0,40.69405800680133 -5.009375000000001 0.0 flow_9_1 1 5.0 2.0,6.0 -66.29199999999975 1.5707963267948966 flow_2_16 0 5.0 2.0,-6.0 81.37037974807697 -1.5707963267948966 flow_3_18 0 5.0 2.0,-81.29199999999975 -6.0 0.0 flow_0_12 0 5.0 2.0,-0.4631092556667027 -13.894857525425106 2.1460336663158086 flow_11_3 0 5.0 2.0,-6.0 73.79199999999975 -1.5707963267948966 flow_3_17 0 5.0 2.0,63.82601510078794 2.0 3.141592653589793 flow_6_18 0 5.0 2.0,-6.0 51.2919999999998 -1.5707963267948966 flow_3_14 0 5.0 2.0,-66.29199999999975 -6.0 0.0 flow_0_10 0 5.0 2.0,-2.0 118.79199999999975 -1.5707963267948966 flow_9_13 0 5.0 2.0,-6.0 -86.3258288286602 -1.5707963267948966 flow_8_16 0 5.0 2.0,;road_0_1_0 r r g,road_1_0_1 g r g,road_1_2_3 g r g,road_2_1_2 r r g,
2.0 -73.04199999999975 1.5707963267948966 flow_11_7 0 5.0 2.0,43.49669824585209 2.0 3.141592653589793 flow_6_16 0 5.0 2.0,-10.0 -24.487578828660206 -1.5707963267948966 flow_8_17 0 5.0 2.0,-6.0 43.7919999999998 -1.5707963267948966 flow_3_13 0 5.0 2.0,-2.0 27.1253499999998 -1.5707963267948966 flow_9_4 0 5.0 2.0,6.0 241.96894550680163 1.5707963267948966 flow_5_11 0 5.0 2.0,-35.99669824585209 -2.0 0.0 flow_5_15 0 5.0 2.0,66.29199999999975 6.0 3.141592653589793 flow_1_10 0 5.0 2.0,126.29199999999975 6.0 3.141592653589793 flow_1_18 0 5.0 2.0,6.0 102.9958288286602 1.5707963267948966 flow_10_16 0 5.0 2.0,10.0 186.34582882866023 1.5707963267948966 flow_10_15 0 5.0 2.0,10.0 269.6958288286603 1.5707963267948966 flow_10_14 0 5.0 2.0,28.993420506801394 -2.0 0.0 flow_9_2 0 5.0 2.0,-43.7919999999998 -6.0 0.0 flow_0_7 0 5.0 2.0,6.0 -119.64780036162915 1.5707963267948966 flow_2_19 0 5.0 2.0,202.995 10.0 3.141592653589793 flow_10_20 0 5.0 2.0,6.0 -43.7919999999998 1.5707963267948966 flow_2_13 0 5.0 2.0,2.0 -141.29199999999973 1.5707963267948966 flow_11_16 0 5.0 2.0,58.791999999999777 6.0 3.141592653589793 flow_1_9 0 5.0 2.0,-111.29199999999975 -6.0 0.0 flow_0_16 0 5.0 2.0,-2.0 62.291999999999749 -1.5707963267948966 flow_9_6 0 5.0 2.0,-20.516617004143997 -2.0 0.0 flow_5_13 0 5.0 2.0,6.0 -202.995 1.5707963267948966 flow_2_20 0 5.0 2.0,-2.0 96.29199999999975 -1.5707963267948966 flow_9_10 0 5.0 2.0,10.0 -275.0 1.5707963267948966 flow_4_21 0 5.0 2.0,2.0 -44.54199999999997 1.5707963267948966 flow_11_5 0 5.0 2.0,-275.0 -2.0 0.0 flow_5_21 0 5.0 2.0,50.99669824585209 2.0 3.141592653589793 flow_6_17 0 5.0 2.0,28.791999999999804 6.0 3.141592653589793 flow_1_5 0 5.0 2.0,-202.995 -10.0 0.0 flow_8_20 0 5.0 2.0,2.0 -62.291999999999749 1.5707963267948966 flow_11_6 0 5.0 2.0,275.0 10.0 3.141592653589793 flow_10_21 0 5.0 2.0,-28.791999999999804 -6.0 0.0 flow_0_5 0 5.0 2.0,-88.79199999999975 -6.0 0.0 flow_0_13 0 5.0 2.0,-10.0 -186.34582882866023 -1.5707963267948966 flow_8_15 0 5.0 2.0,-58.791999999999777 -6.0 0.0 flow_0_9 0 5.0 2.0,-6.0 66.29199999999975 -1.5707963267948966 flow_3_16 0 5.0 2.0,6.0 -21.29199999999986 1.5707963267948966 flow_2_10 0 5.0 2.0,21.29199999999986 6.0 3.141592653589793 flow_1_4 0 5.0 2.0,-2.0 163.7919999999997 -1.5707963267948966 flow_9_19 0 5.0 2.0,-2.0 103.79199999999975 -1.5707963267948966 flow_9_11 0 5.0 2.0,2.0 187.34251352415294 1.5707963267948966 flow_5_12 0 5.0 2.0,-2.0 44.54199999999997 -1.5707963267948966 flow_9_5 0 5.0 2.0,-96.29199999999975 -6.0 0.0 flow_0_14 0 5.0 2.0,-2.0 141.29199999999973 -1.5707963267948966 flow_9_16 0 5.0 2.0,6.0 -51.2919999999998 1.5707963267948966 flow_2_14 0 5.0 2.0,-24.487578828660206 10.0 3.141592653589793 flow_7_17 0 5.0 2.0,2.0 -96.29199999999975 1.5707963267948966 flow_11_10 0 5.0 2.0,6.0 -73.79199999999975 1.5707963267948966 flow_2_17 0 5.0 2.0,-10.0 275.0 -1.5707963267948966 flow_7_21 0 5.0 2.0,10.0 -119.64499999999993 1.5707963267948966 flow_4_19 0 5.0 2.0,56.230464256801329 -6.0 0.0 flow_9_1 0 5.0 2.0,-85.26937050680133 2.0 3.141592653589793 flow_11_0 0 5.0 2.0,6.3415274796934579 6.67031650538177 -0.8214056483751642 flow_9_3 0 5.0 2.0,202.995 2.0 3.141592653589793 flow_6_20 0 5.0 2.0,-2.0 73.04199999999975 -1.5707963267948966 flow_9_7 0 5.0 2.0,2.0 -118.79199999999975 1.5707963267948966 flow_11_13 0 5.0 2.0,-202.995 -6.0 0.0 flow_0_20 0 5.0 2.0,102.9958288286602 -10.0 0.0 flow_4_16 0 5.0 2.0,2.0 -275.0 1.5707963267948966 flow_11_21 0 5.0 2.0,-136.19464622798916 -6.0 0.0 flow_0_19 0 5.0 2.0,-6.0 202.995 -1.5707963267948966 flow_3_20 0 5.0 2.0,10.0 -44.96334999999985 1.5707963267948966 flow_4_18 0 5.0 2.0,-2.0 -276.30897050680167 -1.5707963267948966 flow_6_10 0 5.0 2.0,-59.15042114110312 -2.0 0.0 flow_5_18 0 5.0 2.0,6.0 -81.29199999999975 1.5707963267948966 flow_2_18 0 5.0 2.0,118.79199999999975 6.0 3.141592653589793 flow_1_17 0 5.0 2.0,202.995 6.0 3.141592653589793 flow_1_20 0 5.0 2.0,2.0 -27.1253499999998 1.5707963267948966 flow_11_4 0 5.0 2.0,-10.0 119.64499999999993 -1.5707963267948966 flow_7_19 0 5.0 2.0,-6.0 28.791999999999804 -1.5707963267948966 flow_3_11 0 5.0 2.0,119.64499999999993 10.0 3.141592653589793 flow_10_19 0 5.0 2.0,2.0 -156.2919999999997 1.5707963267948966 flow_11_18 0 5.0 2.0,2.0 -126.29199999999975 1.5707963267948966 flow_11_14 0 5.0 2.0,20.516617004143997 2.0 3.141592653589793 flow_6_13 0 5.0 2.0,43.7919999999998 6.0 3.141592653589793 flow_1_7 0 5.0 2.0,-36.2919999999998 -6.0 0.0 flow_0_6 0 5.0 2.0,-51.2919999999998 -6.0 0.0 flow_0_8 0 5.0 2.0,88.79199999999975 6.0 3.141592653589793 flow_1_13 0 5.0 2.0,6.0 -275.0 1.5707963267948966 flow_2_21 0 5.0 2.0,269.6958288286603 -10.0 0.0 flow_4_14 0 5.0 2.0,44.96334999999985 10.0 3.141592653589793 flow_10_18 0 5.0 2.0,186.34582882866023 -6.0 0.0 flow_4_15 0 5.0 2.0,-10.0 202.995 -1.5707963267948966 flow_7_20 0 5.0 2.0,-6.0 -241.96894550680163 -1.5707963267948966 flow_6_11 0 5.0 2.0,2.0 -111.29199999999975 1.5707963267948966 flow_11_12 0 5.0 2.0,-2.0 81.29199999999975 -1.5707963267948966 flow_9_8 0 5.0 2.0,2.0 276.30897050680167 1.5707963267948966 flow_5_10 0 5.0 2.0,-44.96334999999985 -10.0 0.0 flow_8_18 0 5.0 2.0,-21.29199999999986 -6.0 0.0 flow_0_4 0 5.0 2.0,10.0 -202.995 1.5707963267948966 flow_4_20 0 5.0 2.0,275.0 2.0 3.141592653589793 flow_6_21 0 5.0 2.0,85.26937050680133 -2.0 0.0 flow_9_0 0 5.0 2.0,-119.64499999999993 -2.0 0.0 flow_5_19 0 5.0 2.0,136.19464622798916 6.0 3.141592653589793 flow_1_19 0 5.0 2.0,-2.0 126.29199999999975 -1.5707963267948966 flow_9_14 0 5.0 2.0,-28.993420506801394 2.0 3.141592653589793 flow_11_2 0 5.0 2.0,-275.0 -6.0 0.0 flow_0_21 0 5.0 2.0,-10.0 -269.6958288286603 -1.5707963267948966 flow_8_14 0 5.0 2.0,-126.29199999999975 -6.0 0.0 flow_0_18 0 5.0 2.0,2.0 -202.995 1.5707963267948966 flow_11_20 0 5.0 2.0,-2.0 148.7919999999997 -1.5707963267948966 flow_9_17 0 5.0 2.0,35.99669824585209 2.0 3.141592653589793 flow_6_15 0 5.0 2.0,-6.0 119.64780036162915 -1.5707963267948966 flow_3_19 0 5.0 2.0,6.0 -36.2919999999998 1.5707963267948966 flow_2_12 0 5.0 2.0,2.0 -103.79199999999975 1.5707963267948966 flow_11_11 0 5.0 2.0,81.29199999999975 6.0 3.141592653589793 flow_1_12 0 5.0 2.0,-118.79199999999975 -6.0 0.0 flow_0_17 0 5.0 2.0,-73.79199999999975 -6.0 0.0 flow_0_11 0 5.0 2.0,-6.0 21.29199999999986 -1.5707963267948966 flow_3_10 0 5.0 2.0,-2.0 -187.34251352415294 -1.5707963267948966 flow_6_12 0 5.0 2.0,73.79199999999975 6.0 3.141592653589793 flow_1_11 0 5.0 2.0,6.0 -58.791999999999777 1.5707963267948966 flow_2_15 0 5.0 2.0,-202.995 -2.0 0.0 flow_5_20 0 5.0 2.0,-2.0 156.2919999999997 -1.5707963267948966 flow_9_18 0 5.0 2.0,-275.0 -10.0 0.0 flow_8_21 0 5.0 2.0,275.0 6.0 3.141592653589793 flow_1_21 0 5.0 2.0,-186.34582882866023 10.0 3.141592653589793 flow_7_15 0 5.0 2.0,-2.0 202.995 -1.5707963267948966 flow_9_20 0 5.0 2.0,6.0 -28.791999999999804 1.5707963267948966 flow_2_11 0 5.0 2.0,-119.64499999999993 -10.0 0.0 flow_8_19 0 5.0 2.0,10.0 24.487578828660206 1.5707963267948966 flow_10_17 0 5.0 2.0,-56.230464256801329 6.0 3.141592653589793 flow_11_1 0 5.0 2.0,-2.0 111.29199999999975 -1.5707963267948966 flow_9_12 0 5.0 2.0,36.2919999999998 6.0 3.141592653589793 flow_1_6 0 5.0 2.0,111.29199999999975 6.0 3.141592653589793 flow_1_16 0 5.0 2.0,103.79199999999975 6.0 3.141592653589793 flow_1_15 0 5.0 2.0,24.487578828660206 -10.0 0.0 flow_4_17 0 5.0 2.0,-6.0 275.0 -1.5707963267948966 flow_3_21 0 5.0 2.0,-6.0 58.791999999999777 -1.5707963267948966 flow_3_15 0 5.0 2.0,2.0 -148.7919999999997 1.5707963267948966 flow_11_17 0 5.0 2.0,-10.0 44.96334999999985 -1.5707963267948966 flow_7_18 0 5.0 2.0,-103.79199999999975 -6.0 0.0 flow_0_15 0 5.0 2.0,2.0 -81.29199999999975 1.5707963267948966 flow_11_8 0 5.0 2.0,96.29199999999975 6.0 3.141592653589793 flow_1_14 0 5.0 2.0,-6.0 36.2919999999998 -1.5707963267948966 flow_3_12 0 5.0 2.0,-28.496698245852146 -2.0 0.0 flow_5_14 0 5.0 2.0,2.0 -88.79199999999975 1.5707963267948966 flow_11_9 0 5.0 2.0,2.0 -133.79199999999973 1.5707963267948966 flow_11_15 0 5.0 2.0,-43.49669824585209 -2.0 0.0 flow_5_16 0 5.0 2.0,-2.0 275.0 -1.5707963267948966 flow_9_21 0 5.0 2.0,-269.6958288286603 6.0 3.141592653589793 flow_7_14 0 5.0 2.0,119.64499999999993 2.0 3.141592653589793 flow_6_19 0 5.0 2.0,-50.99669824585209 -2.0 0.0 flow_5_17 0 5.0 2.0,-102.9958288286602 6.0 3.141592653589793 flow_7_16 0 5.0 2.0,28.496698245852146 2.0 3.141592653589793 flow_6_14 0 5.0 2.0,-2.0 133.79199999999973 -1.5707963267948966 flow_9_15 0 5.0 2.0,-2.0 88.79199999999975 -1.5707963267948966 flow_9_9 0 5.0 2.0,2.0 -163.7919999999997 1.5707963267948966 flow_11_19 0 5.0 2.0,51.2919999999998 6.0 3.141592653589793 flow_1_8 0 5.0 2.0,6.0 -66.29199999999975 1.5707963267948966 flow_2_16 0 5.0 2.0,-6.0 81.29199999999975 -1.5707963267948966 flow_3_18 0 5.0 2.0,-81.29199999999975 -6.0 0.0 flow_0_12 0 5.0 2.0,-6.3415274796934579 -6.67031650538177 2.320187005214629 flow_11_3 0 5.0 2.0,-6.0 73.79199999999975 -1.5707963267948966 flow_3_17 0 5.0 2.0,59.15042114110312 2.0 3.141592653589793 flow_6_18 0 5.0 2.0,-6.0 51.2919999999998 -1.5707963267948966 flow_3_14 0 5.0 2.0,-66.29199999999975 -6.0 0.0 flow_0_10 0 5.0 2.0,-2.0 118.79199999999975 -1.5707963267948966 flow_9_13 0 5.0 2.0,-6.0 -102.9958288286602 -1.5707963267948966 flow_8_16 0 5.0 2.0,;road_0_1_0 r r g,road_1_0_1 g r g,road_1_2_3 g r g,road_2_1_2 r r g,
2.0 -70.54199999999975 1.5707963267948966 flow_11_7 0 5.0 2.0,43.49669824585209 2.0 3.141592653589793 flow_6_16 0 5.0 2.0,-10.0 -37.820878828660209 -1.5707963267948966 flow_8_17 0 5.0 2.0,-6.0 43.7919999999998 -1.5707963267948966 flow_3_13 0 5.0 2.0,-1.7688145640253046 18.81437927789124 -1.378221666236168 flow_9_4 0 5.0 2.0,6.0 258.63894550680166 1.5707963267948966 flow_5_11 0 5.0 2.0,-35.99669824585209 -2.0 0.0 flow_5_15 0 5.0 2.0,66.29199999999975 6.0 3.141592653589793 flow_1_10 0 5.0 2.0,126.29199999999975 6.0 3.141592653589793 flow_1_18 0 5.0 2.0,6.0 119.66582882866021 1.5707963267948966 flow_10_16 0 5.0 2.0,10.0 203.01582882866024 1.5707963267948966 flow_10_15 0 5.0 2.0,10.0 286.3658288286603 1.5707963267948966 flow_10_14 0 5.0 2.0,44.326720506801397 -2.0 0.0 flow_9_2 0 5.0 2.0,-43.7919999999998 -6.0 0.0 flow_0_7 0 5.0 2.0,6.0 -105.23340108488759 1.5707963267948966 flow_2_19 0 5.0 2.0,186.325 10.0 3.141592653589793 flow_10_20 0 5.0 2.0,6.0 -43.7919999999998 1.5707963267948966 flow_2_13 0 5.0 2.0,2.0 -141.29199999999973 1.5707963267948966 flow_11_16 0 5.0 2.0,58.791999999999777 6.0 3.141592653589793 flow_1_9 0 5.0 2.0,-111.29199999999975 -6.0 0.0 flow_0_16 0 5.0 2.0,-2.0 57.291999999999749 -1.5707963267948966 flow_9_6 0 5.0 2.0,-20.516617004143997 -2.0 0.0 flow_5_13 0 5.0 2.0,6.0 -186.325 1.5707963267948966 flow_2_20 0 5.0 2.0,-2.0 96.29199999999975 -1.5707963267948966 flow_9_10 0 5.0 2.0,10.0 -264.0 1.5707963267948966 flow_4_21 0 5.0 2.0,2.0 -36.625350000000029 1.5707963267948966 flow_11_5 0 5.0 2.0,-264.0 -2.0 0.0 flow_5_21 0 5.0 2.0,50.99669824585209 2.0 3.141592653589793 flow_6_17 0 5.0 2.0,28.791999999999804 6.0 3.141592653589793 flow_1_5 0 5.0 2.0,-186.325 -10.0 0.0 flow_8_20 0 5.0 2.0,2.0 -57.291999999999749 1.5707963267948966 flow_11_6 0 5.0 2.0,264.0 10.0 3.141592653589793 flow_10_21 0 5.0 2.0,-28.791999999999804 -6.0 0.0 flow_0_5 0 5.0 2.0,-88.79199999999975 -6.0 0.0 flow_0_13 0 5.0 2.0,-10.0 -203.01582882866024 -1.5707963267948966 flow_8_15 0 5.0 2.0,-58.791999999999777 -6.0 0.0 flow_0_9 0 5.0 2.0,-6.0 66.29199999999975 -1.5707963267948966 flow_3_16 0 5.0 2.0,6.0 -21.29199999999986 1.5707963267948966 flow_2_10 0 5.0 2.0,-299.0 -6.0 0.0 flow_0_22 0 5.0 2.0,21.29199999999986 6.0 3.141592653589793 flow_1_4 0 5.0 2.0,-2.0 163.7919999999997 -1.5707963267948966 flow_9_19 0 5.0 2.0,-2.0 103.79199999999975 -1.5707963267948966 flow_9_11 0 5.0 2.0,2.0 204.01251352415296 1.5707963267948966 flow_5_12 0 5.0 2.0,-2.0 36.625350000000029 -1.5707963267948966 flow_9_5 0 5.0 2.0,-96.29199999999975 -6.0 0.0 flow_0_14 0 5.0 2.0,-2.0 141.29199999999973 -1.5707963267948966 flow_9_16 0 5.0 2.0,6.0 -51.2919999999998 1.5707963267948966 flow_2_14 0 5.0 2.0,-37.820878828660209 10.0 3.141592653589793 flow_7_17 0 5.0 2.0,2.0 -96.29199999999975 1.5707963267948966 flow_11_10 0 5.0 2.0,6.0 -73.79199999999975 1.5707963267948966 flow_2_17 0 5.0 2.0,-10.0 264.0 -1.5707963267948966 flow_7_21 0 5.0 2.0,-299.0 -2.0 0.0 flow_5_22 0 5.0 2.0,10.0 -102.97499999999991 1.5707963267948966 flow_4_19 0 5.0 2.0,72.57843300680134 -6.0 0.0 flow_9_1 0 5.0 2.0,-101.93937050680133 2.0 3.141592653589793 flow_11_0 0 5.0 2.0,15.185065204447938 -0.36734265995057499 -0.4344452230277657 flow_9_3 0 5.0 2.0,186.325 2.0 3.141592653589793 flow_6_20 0 5.0 2.0,-2.0 70.54199999999975 -1.5707963267948966 flow_9_7 0 5.0 2.0,2.0 -118.79199999999975 1.5707963267948966 flow_11_13 0 5.0 2.0,-186.325 -6.0 0.0 flow_0_20 0 5.0 2.0,119.66582882866021 -10.0 0.0 flow_4_16 0 5.0 2.0,2.0 -264.0 1.5707963267948966 flow_11_21 0 5.0 2.0,-133.79450471918484 -6.0 0.0 flow_0_19 0 5.0 2.0,-6.0 186.325 -1.5707963267948966 flow_3_20 0 5.0 2.0,10.0 -36.63004999999987 1.5707963267948966 flow_4_18 0 5.0 2.0,-2.0 -292.97897050680168 -1.5707963267948966 flow_6_10 0 5.0 2.0,-58.49669824585209 -2.0 0.0 flow_5_18 0 5.0 2.0,-10.0 299.0 -1.5707963267948966 flow_7_22 0 5.0 2.0,6.0 -81.29199999999975 1.5707963267948966 flow_2_18 0 5.0 2.0,118.79199999999975 6.0 3.141592653589793 flow_1_17 0 5.0 2.0,186.325 6.0 3.141592653589793 flow_1_20 0 5.0 2.0,1.7688145640253046 -18.81437927789124 1.7633709873536255 flow_11_4 0 5.0 2.0,-10.0 102.97499999999991 -1.5707963267948966 flow_7_19 0 5.0 2.0,-6.0 28.791999999999804 -1.5707963267948966 flow_3_11 0 5.0 2.0,102.97499999999991 10.0 3.141592653589793 flow_10_19 0 5.0 2.0,2.0 -156.2919999999997 1.5707963267948966 flow_11_18 0 5.0 2.0,2.0 -126.29199999999975 1.5707963267948966 flow_11_14 0 5.0 2.0,20.516617004143997 2.0 3.141592653589793 flow_6_13 0 5.0 2.0,43.7919999999998 6.0 3.141592653589793 flow_1_7 0 5.0 2.0,-36.2919999999998 -6.0 0.0 flow_0_6 0 5.0 2.0,-51.2919999999998 -6.0 0.0 flow_0_8 0 5.0 2.0,88.79199999999975 6.0 3.141592653589793 flow_1_13 0 5.0 2.0,6.0 -264.0 1.5707963267948966 flow_2_21 0 5.0 2.0,286.3658288286603 -10.0 0.0 flow_4_14 0 5.0 2.0,36.63004999999987 10.0 3.141592653589793 flow_10_18 0 5.0 2.0,203.01582882866024 -6.0 0.0 flow_4_15 0 5.0 2.0,-10.0 186.325 -1.5707963267948966 flow_7_20 0 5.0 2.0,-6.0 -258.63894550680166 -1.5707963267948966 flow_6_11 0 5.0 2.0,2.0 -111.29199999999975 1.5707963267948966 flow_11_12 0 5.0 2.0,-2.0 81.29199999999975 -1.5707963267948966 flow_9_8 0 5.0 2.0,2.0 292.97897050680168 1.5707963267948966 flow_5_10 0 5.0 2.0,-36.63004999999987 -10.0 0.0 flow_8_18 0 5.0 2.0,-6.0 299.0 -1.5707963267948966 flow_3_22 0 5.0 2.0,-21.29199999999986 -6.0 0.0 flow_0_4 0 5.0 2.0,10.0 -186.325 1.5707963267948966 flow_4_20 0 5.0 2.0,264.0 2.0 3.141592653589793 flow_6_21 0 5.0 2.0,101.93937050680133 -2.0 0.0 flow_9_0 0 5.0 2.0,-102.97499999999991 -2.0 0.0 flow_5_19 0 5.0 2.0,133.79450471918484 6.0 3.141592653589793 flow_1_19 0 5.0 2.0,-2.0 126.29199999999975 -1.5707963267948966 flow_9_14 0 5.0 2.0,-44.326720506801397 2.0 3.141592653589793 flow_11_2 0 5.0 2.0,-264.0 -6.0 0.0 flow_0_21 0 5.0 2.0,-10.0 -286.3658288286603 -1.5707963267948966 flow_8_14 0 5.0 2.0,-299.0 -10.0 0.0 flow_8_22 0 5.0 2.0,-126.29199999999975 -6.0 0.0 flow_0_18 0 5.0 2.0,2.0 -188.44717845678975 1.5707963267948966 flow_11_20 0 5.0 2.0,-2.0 148.7919999999997 -1.5707963267948966 flow_9_17 0 5.0 2.0,35.99669824585209 2.0 3.141592653589793 flow_6_15 0 5.0 2.0,-6.0 105.23340108488759 -1.5707963267948966 flow_3_19 0 5.0 2.0,6.0 -36.2919999999998 1.5707963267948966 flow_2_12 0 5.0 2.0,2.0 -103.79199999999975 1.5707963267948966 flow_11_11 0 5.0 2.0,81.29199999999975 6.0 3.141592653589793 flow_1_12 0 5.0 2.0,-118.79199999999975 -6.0 0.0 flow_0_17 0 5.0 2.0,-73.79199999999975 -6.0 0.0 flow_0_11 0 5.0 2.0,-6.0 21.29199999999986 -1.5707963267948966 flow_3_10 0 5.0 2.0,-2.0 -204.01251352415296 -1.5707963267948966 flow_6_12 0 5.0 2.0,73.79199999999975 6.0 3.141592653589793 flow_1_11 0 5.0 2.0,6.0 -58.791999999999777 1.5707963267948966 flow_2_15 0 5.0 2.0,-186.325 -2.0 0.0 flow_5_20 0 5.0 2.0,2.0 -299.0 1.5707963267948966 flow_11_22 0 5.0 2.0,-2.0 156.2919999999997 -1.5707963267948966 flow_9_18 0 5.0 2.0,-264.0 -10.0 0.0 flow_8_21 0 5.0 2.0,264.0 6.0 3.141592653589793 flow_1_21 0 5.0 2.0,-2.0 299.0 -1.5707963267948966 flow_9_22 0 5.0 2.0,-203.01582882866024 10.0 3.141592653589793 flow_7_15 0 5.0 2.0,-2.0 188.44717845678975 -1.5707963267948966 flow_9_20 0 5.0 2.0,6.0 -28.791999999999804 1.5707963267948966 flow_2_11 0 5.0 2.0,-102.97499999999991 -10.0 0.0 flow_8_19 0 5.0 2.0,10.0 37.820878828660209 1.5707963267948966 flow_10_17 0 5.0 2.0,-72.57843300680134 9.334 3.141592653589793 flow_11_1 1 5.0 2.0,-2.0 111.29199999999975 -1.5707963267948966 flow_9_12 0 5.0 2.0,36.2919999999998 6.0 3.141592653589793 flow_1_6 0 5.0 2.0,111.29199999999975 6.0 3.141592653589793 flow_1_16 0 5.0 2.0,103.79199999999975 6.0 3.141592653589793 flow_1_15 0 5.0 2.0,37.820878828660209 -10.0 0.0 flow_4_17 0 5.0 2.0,-6.0 264.0 -1.5707963267948966 flow_3_21 0 5.0 2.0,-6.0 58.791999999999777 -1.5707963267948966 flow_3_15 0 5.0 2.0,2.0 -148.7919999999997 1.5707963267948966 flow_11_17 0 5.0 2.0,-10.0 36.63004999999987 -1.5707963267948966 flow_7_18 0 5.0 2.0,-103.79199999999975 -6.0 0.0 flow_0_15 0 5.0 2.0,2.0 -81.29199999999975 1.5707963267948966 flow_11_8 0 5.0 2.0,96.29199999999975 6.0 3.141592653589793 flow_1_14 0 5.0 2.0,-6.0 36.2919999999998 -1.5707963267948966 flow_3_12 0 5.0 2.0,299.0 6.0 3.141592653589793 flow_1_22 0 5.0 2.0,6.0 -299.0 1.5707963267948966 flow_2_22 0 5.0 2.0,-28.496698245852146 -2.0 0.0 flow_5_14 0 5.0 2.0,2.0 -88.79199999999975 1.5707963267948966 flow_11_9 0 5.0 2.0,2.0 -133.79199999999973 1.5707963267948966 flow_11_15 0 5.0 2.0,-43.49669824585209 -2.0 0.0 flow_5_16 0 5.0 2.0,-2.0 264.0 -1.5707963267948966 flow_9_21 0 5.0 2.0,299.0 2.0 3.141592653589793 flow_6_22 0 5.0 2.0,-286.3658288286603 6.0 3.141592653589793 flow_7_14 0 5.0 2.0,102.97499999999991 2.0 3.141592653589793 flow_6_19 0 5.0 2.0,-50.99669824585209 -2.0 0.0 flow_5_17 0 5.0 2.0,-119.66582882866021 6.0 3.141592653589793 flow_7_16 0 5.0 2.0,28.496698245852146 2.0 3.141592653589793 flow_6_14 0 5.0 2.0,-2.0 133.79199999999973 -1.5707963267948966 flow_9_15 0 5.0 2.0,-2.0 88.79199999999975 -1.5707963267948966 flow_9_9 0 5.0 2.0,2.0 -163.7919999999997 1.5707963267948966 flow_11_19 0 5.0 2.0,10.0 -299.0 1.5707963267948966 flow_4_22 0 5.0 2.0,51.2919999999998 6.0 3.141592653589793 flow_1_8 0 5.0 2.0,6.0 -66.29199999999975 1.5707963267948966 flow_2_16 0 5.0 2.0,-6.0 81.29199999999975 -1.5707963267948966 flow_3_18 0 5.0 2.0,-81.29199999999975 -6.0 0.0 flow_0_12 0 5.0 2.0,-15.185065204447938 0.36734265995057499 2.7071474305620275 flow_11_3 0 5.0 2.0,-6.0 73.79199999999975 -1.5707963267948966 flow_3_17 0 5.0 2.0,58.49669824585209 2.0 3.141592653589793 flow_6_18 0 5.0 2.0,-6.0 51.2919999999998 -1.5707963267948966 flow_3_14 0 5.0 2.0,-66.29199999999975 -6.0 0.0 flow_0_10 0 5.0 2.0,-2.0 118.79199999999975 -1.5707963267948966 flow_9_13 0 5.0 2.0,299.0 10.0 3.141592653589793 flow_10_22 0 5.0 2.0,-6.0 -119.66582882866021 -1.5707963267948966 flow_8_16 0 5.0 2.0,;road_0_1_0 r r g,road_1_0_1 g r g,road_1_2_3 g r g,road_2_1_2 r r g,
2.0 -66.04199999999975 1.5707963267948966 flow_11_7 0 5.0 2.0,43.49669824585209 2.0 3.141592653589793 flow_6_16 0 5.0 2.0,-10.0 -53.15417882866021 -1.5707963267948966 flow_8_17 0 5.0 2.0,-6.0 43.7919999999998 -1.5707963267948966 flow_3_13 0 5.0 2.0,2.7333162946584439 10.747305584932008 -0.8988901276868943 flow_9_4 0 5.0 2.0,6.0 275.30894550680167 1.5707963267948966 flow_5_11 0 5.0 2.0,-35.99669824585209 -2.0 0.0 flow_5_15 0 5.0 2.0,66.29199999999975 6.0 3.141592653589793 flow_1_10 0 5.0 2.0,126.29199999999975 6.0 3.141592653589793 flow_1_18 0 5.0 2.0,6.0 136.33582882866024 1.5707963267948966 flow_10_16 0 5.0 2.0,10.0 219.68582882866026 1.5707963267948966 flow_10_15 0 5.0 2.0,60.82837050680139 -2.0 0.0 flow_9_2 0 5.0 2.0,-43.7919999999998 -6.0 0.0 flow_0_7 0 5.0 2.0,6.0 -95.31900180814603 1.5707963267948966 flow_2_19 0 5.0 2.0,169.65499999999998 10.0 3.141592653589793 flow_10_20 0 5.0 2.0,6.0 -43.7919999999998 1.5707963267948966 flow_2_13 0 5.0 2.0,2.0 -141.29199999999973 1.5707963267948966 flow_11_16 0 5.0 2.0,58.791999999999777 6.0 3.141592653589793 flow_1_9 0 5.0 2.0,-111.29199999999975 -6.0 0.0 flow_0_16 0 5.0 2.0,-2.0 50.291999999999749 -1.5707963267948966 flow_9_6 0 5.0 2.0,-20.516617004143997 -2.0 0.0 flow_5_13 0 5.0 2.0,6.0 -169.65499999999998 1.5707963267948966 flow_2_20 0 5.0 2.0,-2.0 96.29199999999975 -1.5707963267948966 flow_9_10 0 5.0 2.0,10.0 -251.0 1.5707963267948966 flow_4_21 0 5.0 2.0,2.0 -28.292050000000019 1.5707963267948966 flow_11_5 0 5.0 2.0,-251.0 -2.0 0.0 flow_5_21 0 5.0 2.0,50.99669824585209 2.0 3.141592653589793 flow_6_17 0 5.0 2.0,28.791999999999804 6.0 3.141592653589793 flow_1_5 0 5.0 2.0,-169.65499999999998 -10.0 0.0 flow_8_20 0 5.0 2.0,2.0 -50.291999999999749 1.5707963267948966 flow_11_6 0 5.0 2.0,251.0 10.0 3.141592653589793 flow_10_21 0 5.0 2.0,-28.791999999999804 -6.0 0.0 flow_0_5 0 5.0 2.0,-88.79199999999975 -6.0 0.0 flow_0_13 0 5.0 2.0,-10.0 -219.68582882866026 -1.5707963267948966 flow_8_15 0 5.0 2.0,-58.791999999999777 -6.0 0.0 flow_0_9 0 5.0 2.0,-6.0 66.29199999999975 -1.5707963267948966 flow_3_16 0 5.0 2.0,-89.24843300680134 10.0 3.141592653589793 flow_11_1 0 5.0 2.0,6.0 -21.29199999999986 1.5707963267948966 flow_2_10 0 5.0 2.0,-296.0 -6.0 0.0 flow_0_22 0 5.0 2.0,21.29199999999986 6.0 3.141592653589793 flow_1_4 0 5.0 2.0,-2.0 163.7919999999997 -1.5707963267948966 flow_9_19 0 5.0 2.0,-2.0 103.79199999999975 -1.5707963267948966 flow_9_11 0 5.0 2.0,2.0 220.68251352415298 1.5707963267948966 flow_5_12 0 5.0 2.0,-2.0 28.292050000000019 -1.5707963267948966 flow_9_5 0 5.0 2.0,-96.29199999999975 -6.0 0.0 flow_0_14 0 5.0 2.0,-2.0 141.29199999999973 -1.5707963267948966 flow_9_16 0 5.0 2.0,6.0 -51.2919999999998 1.5707963267948966 flow_2_14 0 5.0 2.0,-53.15417882866021 10.0 3.141592653589793 flow_7_17 0 5.0 2.0,2.0 -96.29199999999975 1.5707963267948966 flow_11_10 0 5.0 2.0,6.0 -73.79199999999975 1.5707963267948966 flow_2_17 0 5.0 2.0,-10.0 251.0 -1.5707963267948966 flow_7_21 0 5.0 2.0,-296.0 -2.0 0.0 flow_5_22 0 5.0 2.0,10.0 -86.3049999999999 1.5707963267948966 flow_4_19 0 5.0 2.0,89.24843300680134 -6.0 0.0 flow_9_1 0 5.0 2.0,-118.60937050680133 2.0 3.141592653589793 flow_11_0 0 5.0 2.0,28.212145506801336 -2.0 0.0 flow_9_3 0 5.0 2.0,169.65499999999998 2.0 3.141592653589793 flow_6_20 0 5.0 2.0,-2.0 66.04199999999975 -1.5707963267948966 flow_9_7 0 5.0 2.0,2.0 -118.79199999999975 1.5707963267948966 flow_11_13 0 5.0 2.0,-169.95879308883856 -6.0 0.0 flow_0_20 0 5.0 2.0,136.33582882866024 -10.0 0.0 flow_4_16 0 5.0 2.0,2.0 -251.0 1.5707963267948966 flow_11_21 0 5.0 2.0,-133.79199999999973 -6.0 0.0 flow_0_19 0 5.0 2.0,-6.0 169.65499999999998 -1.5707963267948966 flow_3_20 0 5.0 2.0,10.0 -28.29674999999986 1.5707963267948966 flow_4_18 0 5.0 2.0,-58.49669824585209 -2.0 0.0 flow_5_18 0 5.0 2.0,-10.0 296.0 -1.5707963267948966 flow_7_22 0 5.0 2.0,6.0 -81.29199999999975 1.5707963267948966 flow_2_18 0 5.0 2.0,118.79199999999975 6.0 3.141592653589793 flow_1_17 0 5.0 2.0,169.95879308883856 6.0 3.141592653589793 flow_1_20 0 5.0 2.0,-2.7333162946584439 -10.747305584932008 2.242702525902899 flow_11_4 0 5.0 2.0,-10.0 86.3049999999999 -1.5707963267948966 flow_7_19 0 5.0 2.0,-6.0 28.791999999999804 -1.5707963267948966 flow_3_11 0 5.0 2.0,86.3049999999999 10.0 3.141592653589793 flow_10_19 0 5.0 2.0,2.0 -156.2919999999997 1.5707963267948966 flow_11_18 0 5.0 2.0,2.0 -126.29199999999975 1.5707963267948966 flow_11_14 0 5.0 2.0,20.516617004143997 2.0 3.141592653589793 flow_6_13 0 5.0 2.0,43.7919999999998 6.0 3.141592653589793 flow_1_7 0 5.0 2.0,-36.2919999999998 -6.0 0.0 flow_0_6 0 5.0 2.0,-51.2919999999998 -6.0 0.0 flow_0_8 0 5.0 2.0,88.79199999999975 6.0 3.141592653589793 flow_1_13 0 5.0 2.0,6.0 -251.0 1.5707963267948966 flow_2_21 0 5.0 2.0,28.29674999999986 10.0 3.141592653589793 flow_10_18 0 5.0 2.0,219.68582882866026 -6.0 0.0 flow_4_15 0 5.0 2.0,-10.0 169.65499999999998 -1.5707963267948966 flow_7_20 0 5.0 2.0,-6.0 -275.30894550680167 -1.5707963267948966 flow_6_11 0 5.0 2.0,2.0 -111.29199999999975 1.5707963267948966 flow_11_12 0 5.0 2.0,-2.0 80.29199999999975 -1.5707963267948966 flow_9_8 0 5.0 2.0,-28.29674999999986 -10.0 0.0 flow_8_18 0 5.0 2.0,-6.0 296.0 -1.5707963267948966 flow_3_22 0 5.0 2.0,-21.29199999999986 -6.0 0.0 flow_0_4 0 5.0 2.0,10.0 -169.65499999999998 1.5707963267948966 flow_4_20 0 5.0 2.0,251.0 2.0 3.141592653589793 flow_6_21 0 5.0 2.0,118.60937050680133 -2.0 0.0 flow_9_0 0 5.0 2.0,-87.65864114125003 -2.0 0.0 flow_5_19 0 5.0 2.0,133.79199999999973 6.0 3.141592653589793 flow_1_19 0 5.0 2.0,-2.0 126.29199999999975 -1.5707963267948966 flow_9_14 0 5.0 2.0,-60.82837050680139 2.0 3.141592653589793 flow_11_2 0 5.0 2.0,-251.0 -6.0 0.0 flow_0_21 0 5.0 2.0,-296.0 -10.0 0.0 flow_8_22 0 5.0 2.0,-126.29199999999975 -6.0 0.0 flow_0_18 0 5.0 2.0,2.0 -178.27153537036919 1.5707963267948966 flow_11_20 0 5.0 2.0,-2.0 148.7919999999997 -1.5707963267948966 flow_9_17 0 5.0 2.0,35.99669824585209 2.0 3.141592653589793 flow_6_15 0 5.0 2.0,-6.0 95.31900180814603 -1.5707963267948966 flow_3_19 0 5.0 2.0,6.0 -36.2919999999998 1.5707963267948966 flow_2_12 0 5.0 2.0,2.0 -103.79199999999975 1.5707963267948966 flow_11_11 0 5.0 2.0,81.29199999999975 6.0 3.141592653589793 flow_1_12 0 5.0 2.0,-118.79199999999975 -6.0 0.0 flow_0_17 0 5.0 2.0,-73.79199999999975 -6.0 0.0 flow_0_11 0 5.0 2.0,-6.0 21.29199999999986 -1.5707963267948966 flow_3_10 0 5.0 2.0,-2.0 -220.68251352415298 -1.5707963267948966 flow_6_12 0 5.0 2.0,73.79199999999975 6.0 3.141592653589793 flow_1_11 0 5.0 2.0,6.0 -58.791999999999777 1.5707963267948966 flow_2_15 0 5.0 2.0,-169.65499999999998 -2.0 0.0 flow_5_20 0 5.0 2.0,2.0 -296.0 1.5707963267948966 flow_11_22 0 5.0 2.0,-2.0 156.2919999999997 -1.5707963267948966 flow_9_18 0 5.0 2.0,-251.0 -10.0 0.0 flow_8_21 0 5.0 2.0,251.0 6.0 3.141592653589793 flow_1_21 0 5.0 2.0,-2.0 296.0 -1.5707963267948966 flow_9_22 0 5.0 2.0,-219.68582882866026 10.0 3.141592653589793 flow_7_15 0 5.0 2.0,-2.0 178.27153537036919 -1.5707963267948966 flow_9_20 0 5.0 2.0,6.0 -28.791999999999804 1.5707963267948966 flow_2_11 0 5.0 2.0,-86.3049999999999 -10.0 0.0 flow_8_19 0 5.0 2.0,10.0 53.15417882866021 1.5707963267948966 flow_10_17 0 5.0 2.0,-2.0 111.29199999999975 -1.5707963267948966 flow_9_12 0 5.0 2.0,36.2919999999998 6.0 3.141592653589793 flow_1_6 0 5.0 2.0,111.29199999999975 6.0 3.141592653589793 flow_1_16 0 5.0 2.0,103.79199999999975 6.0 3.141592653589793 flow_1_15 0 5.0 2.0,53.15417882866021 -10.0 0.0 flow_4_17 0 5.0 2.0,-6.0 251.0 -1.5707963267948966 flow_3_21 0 5.0 2.0,-6.0 58.791999999999777 -1.5707963267948966 flow_3_15 0 5.0 2.0,2.0 -148.7919999999997 1.5707963267948966 flow_11_17 0 5.0 2.0,-10.0 28.29674999999986 -1.5707963267948966 flow_7_18 0 5.0 2.0,-103.79199999999975 -6.0 0.0 flow_0_15 0 5.0 2.0,2.0 -80.29199999999975 1.5707963267948966 flow_11_8 0 5.0 2.0,96.29199999999975 6.0 3.141592653589793 flow_1_14 0 5.0 2.0,-6.0 36.2919999999998 -1.5707963267948966 flow_3_12 0 5.0 2.0,296.0 6.0 3.141592653589793 flow_1_22 0 5.0 2.0,6.0 -296.0 1.5707963267948966 flow_2_22 0 5.0 2.0,-28.496698245852146 -2.0 0.0 flow_5_14 0 5.0 2.0,2.0 -88.79199999999975 1.5707963267948966 flow_11_9 0 5.0 2.0,2.0 -133.79199999999973 1.5707963267948966 flow_11_15 0 5.0 2.0,-43.49669824585209 -2.0 0.0 flow_5_16 0 5.0 2.0,-2.0 251.0 -1.5707963267948966 flow_9_21 0 5.0 2.0,296.0 2.0 3.141592653589793 flow_6_22 0 5.0 2.0,87.65864114125003 2.0 3.141592653589793 flow_6_19 0 5.0 2.0,-50.99669824585209 -2.0 0.0 flow_5_17 0 5.0 2.0,-136.33582882866024 6.0 3.141592653589793 flow_7_16 0 5.0 2.0,28.496698245852146 2.0 3.141592653589793 flow_6_14 0 5.0 2.0,-2.0 133.79199999999973 -1.5707963267948966 flow_9_15 0 5.0 2.0,-2.0 88.79199999999975 -1.5707963267948966 flow_9_9 0 5.0 2.0,2.0 -163.7919999999997 1.5707963267948966 flow_11_19 0 5.0 2.0,10.0 -296.0 1.5707963267948966 flow_4_22 0 5.0 2.0,51.2919999999998 6.0 3.141592653589793 flow_1_8 0 5.0 2.0,6.0 -66.29199999999975 1.5707963267948966 flow_2_16 0 5.0 2.0,-6.0 81.29199999999975 -1.5707963267948966 flow_3_18 0 5.0 2.0,-81.29199999999975 -6.0 0.0 flow_0_12 0 5.0 2.0,-28.212145506801336 2.0 3.141592653589793 flow_11_3 0 5.0 2.0,-6.0 73.79199999999975 -1.5707963267948966 flow_3_17 0 5.0 2.0,58.49669824585209 2.0 3.141592653589793 flow_6_18 0 5.0 2.0,-6.0 51.2919999999998 -1.5707963267948966 flow_3_14 0 5.0 2.0,-66.29199999999975 -6.0 0.0 flow_0_10 0 5.0 2.0,-2.0 118.79199999999975 -1.5707963267948966 flow_9_13 0 5.0 2.0,296.0 10.0 3.141592653589793 flow_10_22 0 5.0 2.0,-6.0 -136.33582882866024 -1.5707963267948966 flow_8_16 0 5.0 2.0,;road_0_1_0 r r g,road_1_0_1 g r g,road_1_2_3 g r g,road_2_1_2 r r g,
2.0 -59.54199999999972 1.5707963267948966 flow_11_7 0 5.0 2.0,43.49669824585209 2.0 3.141592653589793 flow_6_16 0 5.0 2.0,-10.0 -69.6558288286602 -1.5707963267948966 flow_8_17 0 5.0 2.0,-6.0 43.7919999999998 -1.5707963267948966 flow_3_13 0 5.0 2.0,10.725525207232476 2.750639569145247 -0.6719061991080024 flow_9_4 0 5.0 2.0,6.0 291.97894550680169 1.5707963267948966 flow_5_11 0 5.0 2.0,-35.99669824585209 -2.0 0.0 flow_5_15 0 5.0 2.0,66.29199999999975 6.0 3.141592653589793 flow_1_10 0 5.0 2.0,126.29199999999975 6.0 3.141592653589793 flow_1_18 0 5.0 2.0,6.0 153.0058288286602 1.5707963267948966 flow_10_16 0 5.0 2.0,10.0 236.35582882866027 1.5707963267948966 flow_10_15 0 5.0 2.0,77.4983705068014 -2.0 0.0 flow_9_2 0 5.0 2.0,-43.7919999999998 -6.0 0.0 flow_0_7 0 5.0 2.0,6.0 -89.90460253140447 1.5707963267948966 flow_2_19 0 5.0 2.0,152.98499999999997 10.0 3.141592653589793 flow_10_20 0 5.0 2.0,6.0 -43.7919999999998 1.5707963267948966 flow_2_13 0 5.0 2.0,2.0 -141.29199999999973 1.5707963267948966 flow_11_16 0 5.0 2.0,58.791999999999777 6.0 3.141592653589793 flow_1_9 0 5.0 2.0,-111.29199999999975 -6.0 0.0 flow_0_16 0 5.0 2.0,-2.0 42.12534999999974 -1.5707963267948966 flow_9_6 0 5.0 2.0,-20.516617004143997 -2.0 0.0 flow_5_13 0 5.0 2.0,6.0 -152.98499999999997 1.5707963267948966 flow_2_20 0 5.0 2.0,-2.0 96.29199999999975 -1.5707963267948966 flow_9_10 0 5.0 2.0,10.0 -236.0 1.5707963267948966 flow_4_21 0 5.0 2.0,1.9921053030059586 -19.95951251725074 1.7633709873536255 flow_11_5 0 5.0 2.0,-236.0 -2.0 0.0 flow_5_21 0 5.0 2.0,50.99669824585209 2.0 3.141592653589793 flow_6_17 0 5.0 2.0,28.791999999999804 6.0 3.141592653589793 flow_1_5 0 5.0 2.0,-152.98499999999997 -10.0 0.0 flow_8_20 0 5.0 2.0,2.0 -42.12534999999974 1.5707963267948966 flow_11_6 0 5.0 2.0,236.0 10.0 3.141592653589793 flow_10_21 0 5.0 2.0,-28.791999999999804 -6.0 0.0 flow_0_5 0 5.0 2.0,-88.79199999999975 -6.0 0.0 flow_0_13 0 5.0 2.0,-10.0 -236.35582882866027 -1.5707963267948966 flow_8_15 0 5.0 2.0,-58.791999999999777 -6.0 0.0 flow_0_9 0 5.0 2.0,-6.0 66.29199999999975 -1.5707963267948966 flow_3_16 0 5.0 2.0,-105.91843300680132 10.0 3.141592653589793 flow_11_1 0 5.0 2.0,6.0 -21.29199999999986 1.5707963267948966 flow_2_10 0 5.0 2.0,-291.0 -6.0 0.0 flow_0_22 0 5.0 2.0,21.29199999999986 6.0 3.141592653589793 flow_1_4 0 5.0 2.0,-2.0 163.7919999999997 -1.5707963267948966 flow_9_19 0 5.0 2.0,-2.0 103.79199999999975 -1.5707963267948966 flow_9_11 0 5.0 2.0,2.0 237.35251352415299 1.5707963267948966 flow_5_12 0 5.0 2.0,-1.9921053030059586 19.95951251725074 -1.378221666236168 flow_9_5 0 5.0 2.0,-96.29199999999975 -6.0 0.0 flow_0_14 0 5.0 2.0,-2.0 141.29199999999973 -1.5707963267948966 flow_9_16 0 5.0 2.0,6.0 -51.2919999999998 1.5707963267948966 flow_2_14 0 5.0 2.0,-69.6558288286602 10.0 3.141592653589793 flow_7_17 -1 5.0 2.0,2.0 -96.29199999999975 1.5707963267948966 flow_11_10 0 5.0 2.0,6.0 -73.79199999999975 1.5707963267948966 flow_2_17 0 5.0 2.0,-10.0 236.0 -1.5707963267948966 flow_7_21 0 5.0 2.0,-291.0 -2.0 0.0 flow_5_22 0 5.0 2.0,10.0 -69.63499999999988 1.5707963267948966 flow_4_19 0 5.0 2.0,105.91843300680132 -6.0 0.0 flow_9_1 0 5.0 2.0,-135.27937050680135 2.0 3.141592653589793 flow_11_0 0 5.0 2.0,43.545445506801339 -5.266660000000001 0.0 flow_9_3 1 5.0 2.0,152.98499999999997 2.0 3.141592653589793 flow_6_20 0 5.0 2.0,-2.0 59.54199999999972 -1.5707963267948966 flow_9_7 0 5.0 2.0,2.0 -118.79199999999975 1.5707963267948966 flow_11_13 0 5.0 2.0,-156.14637926651566 -6.0 0.0 flow_0_20 0 5.0 2.0,153.0058288286602 -10.0 0.0 flow_4_16 0 5.0 2.0,2.0 -236.0 1.5707963267948966 flow_11_21 0 5.0 2.0,-133.79199999999973 -6.0 0.0 flow_0_19 0 5.0 2.0,-6.0 152.98499999999997 -1.5707963267948966 flow_3_20 0 5.0 2.0,10.001921025350646 -19.96350051833775 1.518213265183955 flow_4_18 0 5.0 2.0,-58.49669824585209 -2.0 0.0 flow_5_18 0 5.0 2.0,-10.0 291.0 -1.5707963267948966 flow_7_22 0 5.0 2.0,6.0 -81.29199999999975 1.5707963267948966 flow_2_18 0 5.0 2.0,118.79199999999975 6.0 3.141592653589793 flow_1_17 0 5.0 2.0,156.14637926651566 6.0 3.141592653589793 flow_1_20 0 5.0 2.0,-10.725525207232476 -2.750639569145247 2.4696864544817909 flow_11_4 0 5.0 2.0,-10.0 69.63499999999988 -1.5707963267948966 flow_7_19 0 5.0 2.0,-6.0 28.791999999999804 -1.5707963267948966 flow_3_11 0 5.0 2.0,69.63499999999988 10.0 3.141592653589793 flow_10_19 0 5.0 2.0,2.0 -156.2919999999997 1.5707963267948966 flow_11_18 0 5.0 2.0,2.0 -126.29199999999975 1.5707963267948966 flow_11_14 0 5.0 2.0,20.516617004143997 2.0 3.141592653589793 flow_6_13 0 5.0 2.0,43.7919999999998 6.0 3.141592653589793 flow_1_7 0 5.0 2.0,-36.2919999999998 -6.0 0.0 flow_0_6 0 5.0 2.0,-51.2919999999998 -6.0 0.0 flow_0_8 0 5.0 2.0,88.79199999999975 6.0 3.141592653589793 flow_1_13 0 5.0 2.0,6.0 -236.0 1.5707963267948966 flow_2_21 0 5.0 2.0,19.96350051833775 10.001921025350646 3.0890095919788518 flow_10_18 0 5.0 2.0,236.35582882866027 -6.0 0.0 flow_4_15 0 5.0 2.0,-10.0 152.98499999999997 -1.5707963267948966 flow_7_20 0 5.0 2.0,-6.0 -291.97894550680169 -1.5707963267948966 flow_6_11 0 5.0 2.0,2.0 -111.29199999999975 1.5707963267948966 flow_11_12 0 5.0 2.0,-2.0 77.29199999999978 -1.5707963267948966 flow_9_8 0 5.0 2.0,-19.96350051833775 -10.001921025350646 -0.05258306161094157 flow_8_18 0 5.0 2.0,-6.0 291.0 -1.5707963267948966 flow_3_22 0 5.0 2.0,-21.29199999999986 -6.0 0.0 flow_0_4 0 5.0 2.0,10.0 -152.98499999999997 1.5707963267948966 flow_4_20 0 5.0 2.0,236.0 2.0 3.141592653589793 flow_6_21 0 5.0 2.0,135.27937050680135 -2.0 0.0 flow_9_0 0 5.0 2.0,-75.94592342375029 -2.0 0.0 flow_5_19 0 5.0 2.0,133.79199999999973 6.0 3.141592653589793 flow_1_19 0 5.0 2.0,-2.0 126.29199999999975 -1.5707963267948966 flow_9_14 0 5.0 2.0,-77.4983705068014 5.334000000000001 3.141592653589793 flow_11_2 1 5.0 2.0,-236.0 -6.0 0.0 flow_0_21 0 5.0 2.0,-291.0 -10.0 0.0 flow_8_22 0 5.0 2.0,-126.29199999999975 -6.0 0.0 flow_0_18 0 5.0 2.0,2.0 -172.59589228394868 1.5707963267948966 flow_11_20 0 5.0 2.0,-2.0 148.7919999999997 -1.5707963267948966 flow_9_17 0 5.0 2.0,35.99669824585209 2.0 3.141592653589793 flow_6_15 0 5.0 2.0,-6.0 89.90460253140447 -1.5707963267948966 flow_3_19 0 5.0 2.0,6.0 -36.2919999999998 1.5707963267948966 flow_2_12 0 5.0 2.0,2.0 -103.79199999999975 1.5707963267948966 flow_11_11 0 5.0 2.0,81.29199999999975 6.0 3.141592653589793 flow_1_12 0 5.0 2.0,-118.79199999999975 -6.0 0.0 flow_0_17 0 5.0 2.0,-73.79199999999975 -6.0 0.0 flow_0_11 0 5.0 2.0,-6.0 21.29199999999986 -1.5707963267948966 flow_3_10 0 5.0 2.0,-2.0 -237.35251352415299 -1.5707963267948966 flow_6_12 0 5.0 2.0,73.79199999999975 6.0 3.141592653589793 flow_1_11 0 5.0 2.0,6.0 -58.791999999999777 1.5707963267948966 flow_2_15 0 5.0 2.0,-152.98499999999997 -2.0 0.0 flow_5_20 0 5.0 2.0,2.0 -291.0 1.5707963267948966 flow_11_22 0 5.0 2.0,-2.0 156.2919999999997 -1.5707963267948966 flow_9_18 0 5.0 2.0,-236.0 -10.0 0.0 flow_8_21 0 5.0 2.0,236.0 6.0 3.141592653589793 flow_1_21 0 5.0 2.0,-2.0 291.0 -1.5707963267948966 flow_9_22 0 5.0 2.0,-236.35582882866027 10.0 3.141592653589793 flow_7_15 0 5.0 2.0,-2.0 172.59589228394868 -1.5707963267948966 flow_9_20 0 5.0 2.0,6.0 -28.791999999999804 1.5707963267948966 flow_2_11 0 5.0 2.0,-69.63499999999988 -10.0 0.0 flow_8_19 0 5.0 2.0,10.0 69.6558288286602 1.5707963267948966 flow_10_17 0 5.0 2.0,-2.0 111.29199999999975 -1.5707963267948966 flow_9_12 0 5.0 2.0,36.2919999999998 6.0 3.141592653589793 flow_1_6 0 5.0 2.0,111.29199999999975 6.0 3.141592653589793 flow_1_16 0 5.0 2.0,103.79199999999975 6.0 3.141592653589793 flow_1_15 0 5.0 2.0,69.6558288286602 -10.0 0.0 flow_4_17 0 5.0 2.0,-6.0 236.0 -1.5707963267948966 flow_3_21 0 5.0 2.0,-6.0 58.791999999999777 -1.5707963267948966 flow_3_15 0 5.0 2.0,2.0 -148.7919999999997 1.5707963267948966 flow_11_17 0 5.0 2.0,-10.001921025350646 19.96350051833775 -1.6233793884058383 flow_7_18 0 5.0 2.0,-103.79199999999975 -6.0 0.0 flow_0_15 0 5.0 2.0,2.0 -77.29199999999978 1.5707963267948966 flow_11_8 0 5.0 2.0,96.29199999999975 6.0 3.141592653589793 flow_1_14 0 5.0 2.0,-6.0 36.2919999999998 -1.5707963267948966 flow_3_12 0 5.0 2.0,291.0 6.0 3.141592653589793 flow_1_22 0 5.0 2.0,6.0 -291.0 1.5707963267948966 flow_2_22 0 5.0 2.0,-28.496698245852146 -2.0 0.0 flow_5_14 0 5.0 2.0,2.0 -88.04199999999975 1.5707963267948966 flow_11_9 0 5.0 2.0,2.0 -133.79199999999973 1.5707963267948966 flow_11_15 0 5.0 2.0,-43.49669824585209 -2.0 0.0 flow_5_16 0 5.0 2.0,-2.0 236.0 -1.5707963267948966 flow_9_21 0 5.0 2.0,291.0 2.0 3.141592653589793 flow_6_22 0 5.0 2.0,75.94592342375029 2.0 3.141592653589793 flow_6_19 0 5.0 2.0,-50.99669824585209 -2.0 0.0 flow_5_17 0 5.0 2.0,-153.0058288286602 6.0 3.141592653589793 flow_7_16 0 5.0 2.0,28.496698245852146 2.0 3.141592653589793 flow_6_14 0 5.0 2.0,-2.0 133.79199999999973 -1.5707963267948966 flow_9_15 0 5.0 2.0,-2.0 88.04199999999975 -1.5707963267948966 flow_9_9 0 5.0 2.0,2.0 -163.7919999999997 1.5707963267948966 flow_11_19 0 5.0 2.0,10.0 -291.0 1.5707963267948966 flow_4_22 0 5.0 2.0,51.2919999999998 6.0 3.141592653589793 flow_1_8 0 5.0 2.0,6.0 -66.29199999999975 1.5707963267948966 flow_2_16 0 5.0 2.0,-6.0 81.29199999999975 -1.5707963267948966 flow_3_18 0 5.0 2.0,-81.29199999999975 -6.0 0.0 flow_0_12 0 5.0 2.0,-40.987556526779879 4.243504407991417 3.141592653589793 flow_11_3 1 5.0 2.0,-6.0 73.79199999999975 -1.5707963267948966 flow_3_17 0 5.0 2.0,58.49669824585209 2.0 3.141592653589793 flow_6_18 0 5.0 2.0,-6.0 51.2919999999998 -1.5707963267948966 flow_3_14 0 5.0 2.0,-66.29199999999975 -6.0 0.0 flow_0_10 0 5.0 2.0,-2.0 118.79199999999975 -1.5707963267948966 flow_9_13 0 5.0 2.0,291.0 10.0 3.141592653589793 flow_10_22 0 5.0 2.0,-6.0 -153.0058288286602 -1.5707963267948966 flow_8_16 0 5.0 2.0,;road_0_1_0 r r g,road_1_0_1 g r g,road_1_2_3 g r g,road_2_1_2 r r g,
2.0 -51.62534999999974 1.5707963267948966 flow_11_7 0 5.0 2.0,43.49669824585209 2.0 3.141592653589793 flow_6_16 0 5.0 2.0,-10.0 -86.3258288286602 -1.5707963267948966 flow_8_17 0 5.0 2.0,-6.0 43.7919999999998 -1.5707963267948966 flow_3_13 0 5.0 2.0,22.764220506801395 -2.0 0.0 flow_9_4 0 5.0 2.0,-35.99669824585209 -2.0 0.0 flow_5_15 0 5.0 2.0,66.29199999999975 6.0 3.141592653589793 flow_1_10 0 5.0 2.0,126.29199999999975 6.0 3.141592653589793 flow_1_18 0 5.0 2.0,6.0 169.6758288286602 1.5707963267948966 flow_10_16 0 5.0 2.0,10.0 253.02582882866029 1.5707963267948966 flow_10_15 0 5.0 2.0,94.1683705068014 -2.0 0.0 flow_9_2 0 5.0 2.0,-43.7919999999998 -6.0 0.0 flow_0_7 0 5.0 2.0,6.0 -88.79199999999975 1.5707963267948966 flow_2_19 0 5.0 2.0,136.31499999999995 10.0 3.141592653589793 flow_10_20 0 5.0 2.0,6.0 -43.7919999999998 1.5707963267948966 flow_2_13 0 5.0 2.0,2.0 -141.29199999999973 1.5707963267948966 flow_11_16 0 5.0 2.0,58.791999999999777 6.0 3.141592653589793 flow_1_9 0 5.0 2.0,-111.29199999999975 -6.0 0.0 flow_0_16 0 5.0 2.0,-2.0 33.79204999999973 -1.5707963267948966 flow_9_6 0 5.0 2.0,-20.516617004143997 -2.0 0.0 flow_5_13 0 5.0 2.0,6.0 -136.31499999999995 1.5707963267948966 flow_2_20 0 5.0 2.0,-2.0 96.29199999999975 -1.5707963267948966 flow_9_10 0 5.0 2.0,10.0 -219.665 1.5707963267948966 flow_4_21 0 5.0 2.0,-2.007070070924674 -11.660407612370865 2.242702525902899 flow_11_5 0 5.0 2.0,-219.665 -2.0 0.0 flow_5_21 0 5.0 2.0,50.99669824585209 2.0 3.141592653589793 flow_6_17 0 5.0 2.0,28.791999999999804 6.0 3.141592653589793 flow_1_5 0 5.0 2.0,-136.31499999999995 -10.0 0.0 flow_8_20 0 5.0 2.0,2.0 -33.79204999999973 1.5707963267948966 flow_11_6 0 5.0 2.0,219.665 10.0 3.141592653589793 flow_10_21 0 5.0 2.0,-28.791999999999804 -6.0 0.0 flow_0_5 0 5.0 2.0,-88.79199999999975 -6.0 0.0 flow_0_13 0 5.0 2.0,-10.0 -253.02582882866029 -1.5707963267948966 flow_8_15 0 5.0 2.0,-58.791999999999777 -6.0 0.0 flow_0_9 0 5.0 2.0,-6.0 66.29199999999975 -1.5707963267948966 flow_3_16 0 5.0 2.0,-122.58843300680134 10.0 3.141592653589793 flow_11_1 0 5.0 2.0,6.0 -21.29199999999986 1.5707963267948966 flow_2_10 0 5.0 2.0,-284.0 -6.0 0.0 flow_0_22 0 5.0 2.0,21.29199999999986 6.0 3.141592653589793 flow_1_4 0 5.0 2.0,-2.0 163.7919999999997 -1.5707963267948966 flow_9_19 0 5.0 2.0,-2.0 103.79199999999975 -1.5707963267948966 flow_9_11 0 5.0 2.0,2.0 254.022513524153 1.5707963267948966 flow_5_12 0 5.0 2.0,2.007070070924674 11.660407612370865 -0.8988901276868943 flow_9_5 0 5.0 2.0,-96.29199999999975 -6.0 0.0 flow_0_14 0 5.0 2.0,-2.0 141.29199999999973 -1.5707963267948966 flow_9_16 0 5.0 2.0,6.0 -51.2919999999998 1.5707963267948966 flow_2_14 0 5.0 2.0,-86.3258288286602 10.0 3.141592653589793 flow_7_17 0 5.0 2.0,2.0 -96.29199999999975 1.5707963267948966 flow_11_10 0 5.0 2.0,6.0 -73.79199999999975 1.5707963267948966 flow_2_17 0 5.0 2.0,-10.0 219.665 -1.5707963267948966 flow_7_21 0 5.0 2.0,-284.0 -2.0 0.0 flow_5_22 0 5.0 2.0,10.0 -55.21499999999986 1.5707963267948966 flow_4_19 0 5.0 2.0,122.58843300680134 -6.0 0.0 flow_9_1 0 5.0 2.0,-151.94937050680134 2.0 3.141592653589793 flow_11_0 0 5.0 2.0,136.31499999999995 2.0 3.141592653589793 flow_6_20 0 5.0 2.0,-2.0 51.62534999999974 -1.5707963267948966 flow_9_7 0 5.0 2.0,2.0 -118.79199999999975 1.5707963267948966 flow_11_13 0 5.0 2.0,-146.83396544419277 -6.0 0.0 flow_0_20 0 5.0 2.0,169.6758288286602 -10.0 0.0 flow_4_16 0 5.0 2.0,2.0 -219.665 1.5707963267948966 flow_11_21 0 5.0 2.0,-133.79199999999973 -6.0 0.0 flow_0_19 0 5.0 2.0,-6.0 136.31499999999995 -1.5707963267948966 flow_3_20 0 5.0 2.0,13.476783965535605 -11.700813119107233 0.6857295109062868 flow_4_18 0 5.0 2.0,-58.49669824585209 -2.0 0.0 flow_5_18 0 5.0 2.0,-10.0 284.0 -1.5707963267948966 flow_7_22 0 5.0 2.0,6.0 -81.29199999999975 1.5707963267948966 flow_2_18 0 5.0 2.0,-53.20507856673696 6.0 3.141592653589793 flow_11_3 0 5.0 2.0,118.79199999999975 6.0 3.141592653589793 flow_1_17 0 5.0 2.0,146.83396544419277 6.0 3.141592653589793 flow_1_20 0 5.0 2.0,-22.764220506801395 2.0 3.141592653589793 flow_11_4 0 5.0 2.0,-10.0 55.21499999999986 -1.5707963267948966 flow_7_19 0 5.0 2.0,-6.0 28.791999999999804 -1.5707963267948966 flow_3_11 0 5.0 2.0,55.21499999999986 10.0 3.141592653589793 flow_10_19 0 5.0 2.0,2.0 -156.2919999999997 1.5707963267948966 flow_11_18 0 5.0 2.0,2.0 -126.29199999999975 1.5707963267948966 flow_11_14 0 5.0 2.0,20.516617004143997 2.0 3.141592653589793 flow_6_13 0 5.0 2.0,43.7919999999998 6.0 3.141592653589793 flow_1_7 0 5.0 2.0,-36.2919999999998 -6.0 0.0 flow_0_6 0 5.0 2.0,-51.2919999999998 -6.0 0.0 flow_0_8 0 5.0 2.0,88.79199999999975 6.0 3.141592653589793 flow_1_13 0 5.0 2.0,6.0 -219.665 1.5707963267948966 flow_2_21 0 5.0 2.0,11.700813119107233 13.476783965535605 2.2565258377011836 flow_10_18 0 5.0 2.0,253.02582882866029 -6.0 0.0 flow_4_15 0 5.0 2.0,-10.0 136.31499999999995 -1.5707963267948966 flow_7_20 0 5.0 2.0,2.0 -111.29199999999975 1.5707963267948966 flow_11_12 0 5.0 2.0,-2.0 72.29199999999975 -1.5707963267948966 flow_9_8 0 5.0 2.0,-11.700813119107233 -13.476783965535605 -0.8850668158886099 flow_8_18 0 5.0 2.0,-6.0 284.0 -1.5707963267948966 flow_3_22 0 5.0 2.0,-21.29199999999986 -6.0 0.0 flow_0_4 0 5.0 2.0,10.0 -136.31499999999995 1.5707963267948966 flow_4_20 0 5.0 2.0,60.04709550680134 -6.0 0.0 flow_9_3 0 5.0 2.0,219.665 2.0 3.141592653589793 flow_6_21 0 5.0 2.0,151.94937050680134 -2.0 0.0 flow_9_0 0 5.0 2.0,-68.73320570625055 -2.0 0.0 flow_5_19 0 5.0 2.0,133.79199999999973 6.0 3.141592653589793 flow_1_19 0 5.0 2.0,-2.0 126.29199999999975 -1.5707963267948966 flow_9_14 0 5.0 2.0,-219.665 -6.0 0.0 flow_0_21 0 5.0 2.0,-284.0 -10.0 0.0 flow_8_22 0 5.0 2.0,-126.29199999999975 -6.0 0.0 flow_0_18 0 5.0 2.0,2.0 -171.2919999999997 1.5707963267948966 flow_11_20 0 5.0 2.0,-2.0 148.7919999999997 -1.5707963267948966 flow_9_17 0 5.0 2.0,35.99669824585209 2.0 3.141592653589793 flow_6_15 0 5.0 2.0,-6.0 88.79199999999975 -1.5707963267948966 flow_3_19 0 5.0 2.0,6.0 -36.2919999999998 1.5707963267948966 flow_2_12 0 5.0 2.0,2.0 -103.79199999999975 1.5707963267948966 flow_11_11 0 5.0 2.0,81.29199999999975 6.0 3.141592653589793 flow_1_12 0 5.0 2.0,-118.79199999999975 -6.0 0.0 flow_0_17 0 5.0 2.0,-73.79199999999975 -6.0 0.0 flow_0_11 0 5.0 2.0,-6.0 21.29199999999986 -1.5707963267948966 flow_3_10 0 5.0 2.0,-2.0 -254.022513524153 -1.5707963267948966 flow_6_12 0 5.0 2.0,73.79199999999975 6.0 3.141592653589793 flow_1_11 0 5.0 2.0,6.0 -58.791999999999777 1.5707963267948966 flow_2_15 0 5.0 2.0,-136.31499999999995 -2.0 0.0 flow_5_20 0 5.0 2.0,2.0 -284.0 1.5707963267948966 flow_11_22 0 5.0 2.0,-2.0 156.2919999999997 -1.5707963267948966 flow_9_18 0 5.0 2.0,-219.665 -10.0 0.0 flow_8_21 0 5.0 2.0,219.665 6.0 3.141592653589793 flow_1_21 0 5.0 2.0,-2.0 284.0 -1.5707963267948966 flow_9_22 0 5.0 2.0,-253.02582882866029 10.0 3.141592653589793 flow_7_15 0 5.0 2.0,-2.0 171.2919999999997 -1.5707963267948966 flow_9_20 0 5.0 2.0,6.0 -28.791999999999804 1.5707963267948966 flow_2_11 0 5.0 2.0,-55.21499999999986 -10.0 0.0 flow_8_19 0 5.0 2.0,10.0 86.3258288286602 1.5707963267948966 flow_10_17 0 5.0 2.0,-2.0 111.29199999999975 -1.5707963267948966 flow_9_12 0 5.0 2.0,36.2919999999998 6.0 3.141592653589793 flow_1_6 0 5.0 2.0,111.29199999999975 6.0 3.141592653589793 flow_1_16 0 5.0 2.0,103.79199999999975 6.0 3.141592653589793 flow_1_15 0 5.0 2.0,86.3258288286602 -10.0 0.0 flow_4_17 0 5.0 2.0,-6.0 219.665 -1.5707963267948966 flow_3_21 0 5.0 2.0,-6.0 58.791999999999777 -1.5707963267948966 flow_3_15 0 5.0 2.0,2.0 -148.7919999999997 1.5707963267948966 flow_11_17 0 5.0 2.0,-13.476783965535605 11.700813119107233 -2.4558631426835069 flow_7_18 0 5.0 2.0,-103.79199999999975 -6.0 0.0 flow_0_15 0 5.0 2.0,2.0 -72.29199999999975 1.5707963267948966 flow_11_8 0 5.0 2.0,96.29199999999975 6.0 3.141592653589793 flow_1_14 0 5.0 2.0,-6.0 36.2919999999998 -1.5707963267948966 flow_3_12 0 5.0 2.0,284.0 6.0 3.141592653589793 flow_1_22 0 5.0 2.0,6.0 -284.0 1.5707963267948966 flow_2_22 0 5.0 2.0,-28.496698245852146 -2.0 0.0 flow_5_14 0 5.0 2.0,2.0 -85.54199999999975 1.5707963267948966 flow_11_9 0 5.0 2.0,2.0 -133.79199999999973 1.5707963267948966 flow_11_15 0 5.0 2.0,-43.49669824585209 -2.0 0.0 flow_5_16 0 5.0 2.0,-2.0 219.665 -1.5707963267948966 flow_9_21 0 5.0 2.0,284.0 2.0 3.141592653589793 flow_6_22 0 5.0 2.0,-94.1683705068014 6.0 3.141592653589793 flow_11_2 0 5.0 2.0,68.73320570625055 2.0 3.141592653589793 flow_6_19 0 5.0 2.0,-50.99669824585209 -2.0 0.0 flow_5_17 0 5.0 2.0,-169.6758288286602 6.0 3.141592653589793 flow_7_16 0 5.0 2.0,28.496698245852146 2.0 3.141592653589793 flow_6_14 0 5.0 2.0,-2.0 133.79199999999973 -1.5707963267948966 flow_9_15 0 5.0 2.0,-2.0 85.54199999999975 -1.5707963267948966 flow_9_9 0 5.0 2.0,2.0 -163.7919999999997 1.5707963267948966 flow_11_19 0 5.0 2.0,10.0 -284.0 1.5707963267948966 flow_4_22 0 5.0 2.0,51.2919999999998 6.0 3.141592653589793 flow_1_8 0 5.0 2.0,6.0 -66.29199999999975 1.5707963267948966 flow_2_16 0 5.0 2.0,-6.0 81.29199999999975 -1.5707963267948966 flow_3_18 0 5.0 2.0,-81.29199999999975 -6.0 0.0 flow_0_12 0 5.0 2.0,-6.0 73.79199999999975 -1.5707963267948966 flow_3_17 0 5.0 2.0,58.49669824585209 2.0 3.141592653589793 flow_6_18 0 5.0 2.0,-6.0 51.2919999999998 -1.5707963267948966 flow_3_14 0 5.0 2.0,-66.29199999999975 -6.0 0.0 flow_0_10 0 5.0 2.0,-2.0 118.79199999999975 -1.5707963267948966 flow_9_13 0 5.0 2.0,284.0 10.0 3.141592653589793 flow_10_22 0 5.0 2.0,-6.0 -169.6758288286602 -1.5707963267948966 flow_8_16 0 5.0 2.0,;road_0_1_0 r r g,road_1_0_1 g r g,road_1_2_3 g r g,road_2_1_2 r r g,
2.0 -43.29204999999973 1.5707963267948966 flow_11_7 0 5.0 2.0,43.49669824585209 2.0 3.141592653589793 flow_6_16 0 5.0 2.0,-10.0 -102.9958288286602 -1.5707963267948966 flow_8_17 0 5.0 2.0,-6.0 43.7919999999998 -1.5707963267948966 flow_3_13 0 5.0 2.0,38.097520506801398 -2.0 0.0 flow_9_4 0 5.0 2.0,-35.99669824585209 -2.0 0.0 flow_5_15 0 5.0 2.0,66.29199999999975 6.0 3.141592653589793 flow_1_10 0 5.0 2.0,126.29199999999975 6.0 3.141592653589793 flow_1_18 0 5.0 2.0,6.0 186.34582882866023 1.5707963267948966 flow_10_16 0 5.0 2.0,10.0 269.6958288286603 1.5707963267948966 flow_10_15 0 5.0 2.0,110.83837050680138 -2.0 0.0 flow_9_2 0 5.0 2.0,-43.7919999999998 -6.0 0.0 flow_0_7 0 5.0 2.0,6.0 -88.79199999999975 1.5707963267948966 flow_2_19 0 5.0 2.0,119.64499999999993 10.0 3.141592653589793 flow_10_20 0 5.0 2.0,6.0 -43.7919999999998 1.5707963267948966 flow_2_13 0 5.0 2.0,2.0 -141.29199999999973 1.5707963267948966 flow_11_16 0 5.0 2.0,58.791999999999777 6.0 3.141592653589793 flow_1_9 0 5.0 2.0,-111.29199999999975 -6.0 0.0 flow_0_16 0 5.0 2.0,-2.0 25.458749999999726 -1.5707963267948966 flow_9_6 0 5.0 2.0,-20.516617004143997 -2.0 0.0 flow_5_13 0 5.0 2.0,6.0 -120.58657144773747 1.5707963267948966 flow_2_20 0 5.0 2.0,-2.0 95.29199999999975 -1.5707963267948966 flow_9_10 0 5.0 2.0,10.0 -202.995 1.5707963267948966 flow_4_21 0 5.0 2.0,-9.81242317979362 -3.4768857928790166 2.4696864544817909 flow_11_5 0 5.0 2.0,-202.995 -2.0 0.0 flow_5_21 0 5.0 2.0,50.99669824585209 2.0 3.141592653589793 flow_6_17 0 5.0 2.0,28.791999999999804 6.0 3.141592653589793 flow_1_5 0 5.0 2.0,-119.64499999999993 -10.0 0.0 flow_8_20 0 5.0 2.0,2.0 -25.458749999999726 1.5707963267948966 flow_11_6 0 5.0 2.0,202.995 10.0 3.141592653589793 flow_10_21 0 5.0 2.0,-28.791999999999804 -6.0 0.0 flow_0_5 0 5.0 2.0,-88.79199999999975 -6.0 0.0 flow_0_13 0 5.0 2.0,-10.0 -269.6958288286603 -1.5707963267948966 flow_8_15 0 5.0 2.0,-58.791999999999777 -6.0 0.0 flow_0_9 0 5.0 2.0,-6.0 66.29199999999975 -1.5707963267948966 flow_3_16 0 5.0 2.0,-139.25843300680135 10.0 3.141592653589793 flow_11_1 0 5.0 2.0,6.0 -21.29199999999986 1.5707963267948966 flow_2_10 0 5.0 2.0,-275.0 -6.0 0.0 flow_0_22 0 5.0 2.0,21.29199999999986 6.0 3.141592653589793 flow_1_4 0 5.0 2.0,-2.0 163.7919999999997 -1.5707963267948966 flow_9_19 0 5.0 2.0,-2.0 103.79199999999975 -1.5707963267948966 flow_9_11 0 5.0 2.0,2.0 270.692513524153 1.5707963267948966 flow_5_12 0 5.0 2.0,9.81242317979362 3.4768857928790166 -0.6719061991080024 flow_9_5 0 5.0 2.0,-96.29199999999975 -6.0 0.0 flow_0_14 0 5.0 2.0,-2.0 141.29199999999973 -1.5707963267948966 flow_9_16 0 5.0 2.0,6.0 -51.2919999999998 1.5707963267948966 flow_2_14 0 5.0 2.0,-102.9958288286602 10.0 3.141592653589793 flow_7_17 0 5.0 2.0,2.0 -95.29199999999975 1.5707963267948966 flow_11_10 0 5.0 2.0,6.0 -73.79199999999975 1.5707963267948966 flow_2_17 0 5.0 2.0,-10.0 202.995 -1.5707963267948966 flow_7_21 0 5.0 2.0,-275.0 -2.0 0.0 flow_5_22 0 5.0 2.0,10.0 -44.96334999999985 1.5707963267948966 flow_4_19 0 5.0 2.0,139.25843300680135 -6.0 0.0 flow_9_1 0 5.0 2.0,-168.61937050680133 2.0 3.141592653589793 flow_11_0 0 5.0 2.0,119.64499999999993 2.0 3.141592653589793 flow_6_20 0 5.0 2.0,-2.0 43.29204999999973 -1.5707963267948966 flow_9_7 0 5.0 2.0,2.0 -118.79199999999975 1.5707963267948966 flow_11_13 0 5.0 2.0,-142.02155162186984 -6.0 0.0 flow_0_20 0 5.0 2.0,186.34582882866023 -10.0 0.0 flow_4_16 0 5.0 2.0,2.0 -203.82504490162314 1.5707963267948966 flow_11_21 0 5.0 2.0,-133.79199999999973 -6.0 0.0 flow_0_19 0 5.0 2.0,-6.0 120.58657144773747 -1.5707963267948966 flow_3_20 0 5.0 2.0,24.487578828660206 -10.0 0.0 flow_4_18 0 5.0 2.0,-58.49669824585209 -2.0 0.0 flow_5_18 0 5.0 2.0,-10.0 275.0 -1.5707963267948966 flow_7_22 0 5.0 2.0,6.0 -81.29199999999975 1.5707963267948966 flow_2_18 0 5.0 2.0,-67.42260060669405 2.956495592008583 3.141592653589793 flow_11_3 -1 5.0 2.0,118.79199999999975 6.0 3.141592653589793 flow_1_17 0 5.0 2.0,142.02155162186984 6.0 3.141592653589793 flow_1_20 0 5.0 2.0,-37.77433276931011 2.0 3.141592653589793 flow_11_4 0 5.0 2.0,-10.0 44.96334999999985 -1.5707963267948966 flow_7_19 0 5.0 2.0,-6.0 28.791999999999804 -1.5707963267948966 flow_3_11 0 5.0 2.0,44.96334999999985 10.0 3.141592653589793 flow_10_19 0 5.0 2.0,2.0 -156.2919999999997 1.5707963267948966 flow_11_18 0 5.0 2.0,2.0 -126.29199999999975 1.5707963267948966 flow_11_14 0 5.0 2.0,20.516617004143997 2.0 3.141592653589793 flow_6_13 0 5.0 2.0,43.7919999999998 6.0 3.141592653589793 flow_1_7 0 5.0 2.0,-36.2919999999998 -6.0 0.0 flow_0_6 0 5.0 2.0,-51.2919999999998 -6.0 0.0 flow_0_8 0 5.0 2.0,88.79199999999975 6.0 3.141592653589793 flow_1_13 0 5.0 2.0,6.0 -202.995 1.5707963267948966 flow_2_21 0 5.0 2.0,10.0 24.487578828660206 1.5707963267948966 flow_10_18 0 5.0 2.0,269.6958288286603 -6.0 0.0 flow_4_15 0 5.0 2.0,-10.0 119.64499999999993 -1.5707963267948966 flow_7_20 0 5.0 2.0,2.0 -111.29199999999975 1.5707963267948966 flow_11_12 0 5.0 2.0,-2.0 65.29199999999975 -1.5707963267948966 flow_9_8 0 5.0 2.0,-10.0 -24.487578828660206 -1.5707963267948966 flow_8_18 0 5.0 2.0,-6.0 275.0 -1.5707963267948966 flow_3_22 0 5.0 2.0,-21.29199999999986 -6.0 0.0 flow_0_4 0 5.0 2.0,10.0 -119.64499999999993 1.5707963267948966 flow_4_20 0 5.0 2.0,76.71709550680134 -6.0 0.0 flow_9_3 0 5.0 2.0,202.995 2.0 3.141592653589793 flow_6_21 0 5.0 2.0,168.61937050680133 -2.0 0.0 flow_9_0 0 5.0 2.0,-66.02048798875078 -2.0 0.0 flow_5_19 0 5.0 2.0,133.79199999999973 6.0 3.141592653589793 flow_1_19 0 5.0 2.0,-2.0 126.29199999999975 -1.5707963267948966 flow_9_14 0 5.0 2.0,-202.995 -6.0 0.0 flow_0_21 0 5.0 2.0,-275.0 -10.0 0.0 flow_8_22 0 5.0 2.0,-126.29199999999975 -6.0 0.0 flow_0_18 0 5.0 2.0,2.0 -171.2919999999997 1.5707963267948966 flow_11_20 0 5.0 2.0,-2.0 148.7919999999997 -1.5707963267948966 flow_9_17 0 5.0 2.0,35.99669824585209 2.0 3.141592653589793 flow_6_15 0 5.0 2.0,-6.0 88.79199999999975 -1.5707963267948966 flow_3_19 0 5.0 2.0,6.0 -36.2919999999998 1.5707963267948966 flow_2_12 0 5.0 2.0,2.0 -103.79199999999975 1.5707963267948966 flow_11_11 0 5.0 2.0,81.29199999999975 6.0 3.141592653589793 flow_1_12 0 5.0 2.0,-118.79199999999975 -6.0 0.0 flow_0_17 0 5.0 2.0,-73.79199999999975 -6.0 0.0 flow_0_11 0 5.0 2.0,-6.0 21.29199999999986 -1.5707963267948966 flow_3_10 0 5.0 2.0,-2.0 -270.692513524153 -1.5707963267948966 flow_6_12 0 5.0 2.0,73.79199999999975 6.0 3.141592653589793 flow_1_11 0 5.0 2.0,6.0 -58.791999999999777 1.5707963267948966 flow_2_15 0 5.0 2.0,-119.64499999999993 -2.0 0.0 flow_5_20 0 5.0 2.0,2.0 -275.0 1.5707963267948966 flow_11_22 0 5.0 2.0,-2.0 156.2919999999997 -1.5707963267948966 flow_9_18 0 5.0 2.0,-202.995 -10.0 0.0 flow_8_21 0 5.0 2.0,202.995 6.0 3.141592653589793 flow_1_21 0 5.0 2.0,-2.0 275.0 -1.5707963267948966 flow_9_22 0 5.0 2.0,-269.6958288286603 10.0 3.141592653589793 flow_7_15 0 5.0 2.0,-2.0 171.2919999999997 -1.5707963267948966 flow_9_20 0 5.0 2.0,6.0 -28.791999999999804 1.5707963267948966 flow_2_11 0 5.0 2.0,-44.96334999999985 -10.0 0.0 flow_8_19 0 5.0 2.0,10.0 102.9958288286602 1.5707963267948966 flow_10_17 0 5.0 2.0,-2.0 111.29199999999975 -1.5707963267948966 flow_9_12 0 5.0 2.0,36.2919999999998 6.0 3.141592653589793 flow_1_6 0 5.0 2.0,111.29199999999975 6.0 3.141592653589793 flow_1_16 0 5.0 2.0,103.79199999999975 6.0 3.141592653589793 flow_1_15 0 5.0 2.0,102.9958288286602 -10.0 0.0 flow_4_17 0 5.0 2.0,-6.0 202.995 -1.5707963267948966 flow_3_21 0 5.0 2.0,-6.0 58.791999999999777 -1.5707963267948966 flow_3_15 0 5.0 2.0,2.0 -148.7919999999997 1.5707963267948966 flow_11_17 0 5.0 2.0,-24.487578828660206 10.0 3.141592653589793 flow_7_18 0 5.0 2.0,-103.79199999999975 -6.0 0.0 flow_0_15 0 5.0 2.0,2.0 -65.29199999999975 1.5707963267948966 flow_11_8 0 5.0 2.0,96.29199999999975 6.0 3.141592653589793 flow_1_14 0 5.0 2.0,-6.0 36.2919999999998 -1.5707963267948966 flow_3_12 0 5.0 2.0,275.0 6.0 3.141592653589793 flow_1_22 0 5.0 2.0,6.0 -275.0 1.5707963267948966 flow_2_22 0 5.0 2.0,-28.496698245852146 -2.0 0.0 flow_5_14 0 5.0 2.0,2.0 -81.04199999999975 1.5707963267948966 flow_11_9 0 5.0 2.0,2.0 -133.79199999999973 1.5707963267948966 flow_11_15 0 5.0 2.0,-43.49669824585209 -2.0 0.0 flow_5_16 0 5.0 2.0,-2.0 203.82504490162314 -1.5707963267948966 flow_9_21 0 5.0 2.0,275.0 2.0 3.141592653589793 flow_6_22 0 5.0 2.0,-110.83837050680138 6.0 3.141592653589793 flow_11_2 0 5.0 2.0,66.02048798875078 2.0 3.141592653589793 flow_6_19 0 5.0 2.0,-50.99669824585209 -2.0 0.0 flow_5_17 0 5.0 2.0,-186.34582882866023 6.0 3.141592653589793 flow_7_16 0 5.0 2.0,28.496698245852146 2.0 3.141592653589793 flow_6_14 0 5.0 2.0,-2.0 133.79199999999973 -1.5707963267948966 flow_9_15 0 5.0 2.0,-2.0 81.04199999999975 -1.5707963267948966 flow_9_9 0 5.0 2.0,2.0 -163.7919999999997 1.5707963267948966 flow_11_19 0 5.0 2.0,10.0 -275.0 1.5707963267948966 flow_4_22 0 5.0 2.0,51.2919999999998 6.0 3.141592653589793 flow_1_8 0 5.0 2.0,6.0 -66.29199999999975 1.5707963267948966 flow_2_16 0 5.0 2.0,-6.0 81.29199999999975 -1.5707963267948966 flow_3_18 0 5.0 2.0,-81.29199999999975 -6.0 0.0 flow_0_12 0 5.0 2.0,-6.0 73.79199999999975 -1.5707963267948966 flow_3_17 0 5.0 2.0,58.49669824585209 2.0 3.141592653589793 flow_6_18 0 5.0 2.0,-6.0 51.2919999999998 -1.5707963267948966 flow_3_14 0 5.0 2.0,-66.29199999999975 -6.0 0.0 flow_0_10 0 5.0 2.0,-2.0 118.79199999999975 -1.5707963267948966 flow_9_13 0 5.0 2.0,275.0 10.0 3.141592653589793 flow_10_22 0 5.0 2.0,-6.0 -186.34582882866023 -1.5707963267948966 flow_8_16 0 5.0 2.0,;road_0_1_0 r r g,road_1_0_1 g r g,road_1_2_3 g r g,road_2_1_2 r r g,
2.0 -34.958749999999728 1.5707963267948966 flow_11_7 0 5.0 2.0,43.49669824585209 2.0 3.141592653589793 flow_6_16 0 5.0 2.0,-10.0 -119.66582882866021 -1.5707963267948966 flow_8_17 0 5.0 2.0,-6.0 43.7919999999998 -1.5707963267948966 flow_3_13 0 5.0 2.0,54.5991705068014 -2.0 0.0 flow_9_4 0 5.0 2.0,-35.99669824585209 -2.0 0.0 flow_5_15 0 5.0 2.0,66.29199999999975 6.0 3.141592653589793 flow_1_10 0 5.0 2.0,126.29199999999975 6.0 3.141592653589793 flow_1_18 0 5.0 2.0,-2.0 299.0 -1.5707963267948966 flow_9_23 0 5.0 2.0,6.0 203.01582882866024 1.5707963267948966 flow_10_16 0 5.0 2.0,10.0 286.3658288286603 1.5707963267948966 flow_10_15 0 5.0 2.0,127.5083705068014 -2.0 0.0 flow_9_2 0 5.0 2.0,-43.7919999999998 -6.0 0.0 flow_0_7 0 5.0 2.0,6.0 -88.79199999999975 1.5707963267948966 flow_2_19 0 5.0 2.0,102.97499999999991 10.0 3.141592653589793 flow_10_20 0 5.0 2.0,6.0 -43.7919999999998 1.5707963267948966 flow_2_13 0 5.0 2.0,2.0 -141.29199999999973 1.5707963267948966 flow_11_16 0 5.0 2.0,58.791999999999777 6.0 3.141592653589793 flow_1_9 0 5.0 2.0,-111.29199999999975 -6.0 0.0 flow_0_16 0 5.0 2.0,-1.3129547249352823 17.2229684336064 -1.136351103767131 flow_9_6 0 5.0 2.0,-20.516617004143997 -2.0 0.0 flow_5_13 0 5.0 2.0,6.0 -108.04971434321254 1.5707963267948966 flow_2_20 0 5.0 2.0,-2.0 92.29199999999975 -1.5707963267948966 flow_9_10 0 5.0 2.0,10.0 -186.325 1.5707963267948966 flow_4_21 0 5.0 2.0,-21.597520506801176 2.0 3.141592653589793 flow_11_5 0 5.0 2.0,-186.325 -2.0 0.0 flow_5_21 0 5.0 2.0,50.99669824585209 2.0 3.141592653589793 flow_6_17 0 5.0 2.0,28.791999999999804 6.0 3.141592653589793 flow_1_5 0 5.0 2.0,-102.97499999999991 -10.0 0.0 flow_8_20 0 5.0 2.0,1.3129547249352823 -17.2229684336064 2.0052415498226625 flow_11_6 0 5.0 2.0,186.325 10.0 3.141592653589793 flow_10_21 0 5.0 2.0,-28.791999999999804 -6.0 0.0 flow_0_5 0 5.0 2.0,-88.79199999999975 -6.0 0.0 flow_0_13 0 5.0 2.0,-10.0 -286.3658288286603 -1.5707963267948966 flow_8_15 0 5.0 2.0,-58.791999999999777 -6.0 0.0 flow_0_9 0 5.0 2.0,-6.0 299.0 -1.5707963267948966 flow_3_23 0 5.0 2.0,-6.0 66.29199999999975 -1.5707963267948966 flow_3_16 0 5.0 2.0,-155.92843300680137 10.0 3.141592653589793 flow_11_1 0 5.0 2.0,6.0 -21.29199999999986 1.5707963267948966 flow_2_10 0 5.0 2.0,-83.36636162667259 2.0 3.141592653589793 flow_11_3 0 5.0 2.0,-264.0 -6.0 0.0 flow_0_22 0 5.0 2.0,-10.0 299.0 -1.5707963267948966 flow_7_23 0 5.0 2.0,21.29199999999986 6.0 3.141592653589793 flow_1_4 0 5.0 2.0,-2.0 163.7919999999997 -1.5707963267948966 flow_9_19 0 5.0 2.0,-2.0 103.04199999999975 -1.5707963267948966 flow_9_11 0 5.0 2.0,2.0 287.36251352415305 1.5707963267948966 flow_5_12 0 5.0 2.0,21.597520506801176 -2.0 0.0 flow_9_5 0 5.0 2.0,-96.29199999999975 -6.0 0.0 flow_0_14 0 5.0 2.0,-2.0 141.29199999999973 -1.5707963267948966 flow_9_16 0 5.0 2.0,6.0 -51.2919999999998 1.5707963267948966 flow_2_14 0 5.0 2.0,-119.66582882866021 10.0 3.141592653589793 flow_7_17 0 5.0 2.0,2.0 -92.29199999999975 1.5707963267948966 flow_11_10 0 5.0 2.0,6.0 -73.79199999999975 1.5707963267948966 flow_2_17 0 5.0 2.0,-10.0 186.325 -1.5707963267948966 flow_7_21 0 5.0 2.0,-264.0 -2.0 0.0 flow_5_22 0 5.0 2.0,10.0 -36.63004999999987 1.5707963267948966 flow_4_19 0 5.0 2.0,155.92843300680137 -6.0 0.0 flow_9_1 0 5.0 2.0,-185.28937050680134 2.0 3.141592653589793 flow_11_0 0 5.0 2.0,299.0 2.0 3.141592653589793 flow_6_23 0 5.0 2.0,103.14276916199163 2.0 3.141592653589793 flow_6_20 0 5.0 2.0,-2.0 34.958749999999728 -1.5707963267948966 flow_9_7 0 5.0 2.0,2.0 -118.79199999999975 1.5707963267948966 flow_11_13 0 5.0 2.0,-141.29199999999973 -6.0 0.0 flow_0_20 0 5.0 2.0,203.01582882866024 -10.0 0.0 flow_4_16 0 5.0 2.0,2.0 -191.06513470486943 1.5707963267948966 flow_11_21 0 5.0 2.0,-133.79199999999973 -6.0 0.0 flow_0_19 0 5.0 2.0,-6.0 108.04971434321254 -1.5707963267948966 flow_3_20 0 5.0 2.0,37.820878828660209 -10.0 0.0 flow_4_18 0 5.0 2.0,-299.0 -6.0 0.0 flow_0_23 0 5.0 2.0,-58.49669824585209 -2.0 0.0 flow_5_18 0 5.0 2.0,-10.0 264.0 -1.5707963267948966 flow_7_22 0 5.0 2.0,6.0 -81.29199999999975 1.5707963267948966 flow_2_18 0 5.0 2.0,118.79199999999975 6.0 3.141592653589793 flow_1_17 0 5.0 2.0,141.29199999999973 6.0 3.141592653589793 flow_1_20 0 5.0 2.0,-53.68205224615943 2.0 3.141592653589793 flow_11_4 0 5.0 2.0,-10.0 36.63004999999987 -1.5707963267948966 flow_7_19 0 5.0 2.0,299.0 10.0 3.141592653589793 flow_10_23 0 5.0 2.0,-299.0 -10.0 0.0 flow_8_23 0 5.0 2.0,-6.0 28.791999999999804 -1.5707963267948966 flow_3_11 0 5.0 2.0,36.63004999999987 10.0 3.141592653589793 flow_10_19 0 5.0 2.0,2.0 -156.2919999999997 1.5707963267948966 flow_11_18 0 5.0 2.0,2.0 -126.29199999999975 1.5707963267948966 flow_11_14 0 5.0 2.0,20.516617004143997 2.0 3.141592653589793 flow_6_13 0 5.0 2.0,43.7919999999998 6.0 3.141592653589793 flow_1_7 0 5.0 2.0,-36.2919999999998 -6.0 0.0 flow_0_6 0 5.0 2.0,-51.2919999999998 -6.0 0.0 flow_0_8 0 5.0 2.0,88.79199999999975 6.0 3.141592653589793 flow_1_13 0 5.0 2.0,6.0 -186.325 1.5707963267948966 flow_2_21 0 5.0 2.0,7.1333400000000009 37.820878828660209 1.5707963267948966 flow_10_18 -1 5.0 2.0,286.3658288286603 -6.0 0.0 flow_4_15 0 5.0 2.0,-10.0 102.97499999999991 -1.5707963267948966 flow_7_20 0 5.0 2.0,2.0 -111.29199999999975 1.5707963267948966 flow_11_12 0 5.0 2.0,-2.0 57.12534999999974 -1.5707963267948966 flow_9_8 0 5.0 2.0,2.0 -299.0 1.5707963267948966 flow_11_23 0 5.0 2.0,-7.1333400000000009 -37.820878828660209 -1.5707963267948966 flow_8_18 -1 5.0 2.0,-6.0 264.0 -1.5707963267948966 flow_3_22 0 5.0 2.0,-21.29199999999986 -6.0 0.0 flow_0_4 0 5.0 2.0,10.0 -102.97499999999991 1.5707963267948966 flow_4_20 0 5.0 2.0,93.38709550680135 -6.0 0.0 flow_9_3 0 5.0 2.0,186.325 2.0 3.141592653589793 flow_6_21 0 5.0 2.0,185.28937050680134 -2.0 0.0 flow_9_0 0 5.0 2.0,-65.99669824585209 -2.0 0.0 flow_5_19 0 5.0 2.0,133.79199999999973 6.0 3.141592653589793 flow_1_19 0 5.0 2.0,-2.0 126.29199999999975 -1.5707963267948966 flow_9_14 0 5.0 2.0,-186.325 -6.0 0.0 flow_0_21 0 5.0 2.0,-264.0 -10.0 0.0 flow_8_22 0 5.0 2.0,-126.29199999999975 -6.0 0.0 flow_0_18 0 5.0 2.0,2.0 -171.2919999999997 1.5707963267948966 flow_11_20 0 5.0 2.0,299.0 6.0 3.141592653589793 flow_1_23 0 5.0 2.0,-2.0 148.7919999999997 -1.5707963267948966 flow_9_17 0 5.0 2.0,35.99669824585209 2.0 3.141592653589793 flow_6_15 0 5.0 2.0,-6.0 88.79199999999975 -1.5707963267948966 flow_3_19 0 5.0 2.0,6.0 -36.2919999999998 1.5707963267948966 flow_2_12 0 5.0 2.0,10.0 -299.0 1.5707963267948966 flow_4_23 0 5.0 2.0,2.0 -103.04199999999975 1.5707963267948966 flow_11_11 0 5.0 2.0,81.29199999999975 6.0 3.141592653589793 flow_1_12 0 5.0 2.0,-118.79199999999975 -6.0 0.0 flow_0_17 0 5.0 2.0,-73.79199999999975 -6.0 0.0 flow_0_11 0 5.0 2.0,-6.0 21.29199999999986 -1.5707963267948966 flow_3_10 0 5.0 2.0,-2.0 -287.36251352415305 -1.5707963267948966 flow_6_12 0 5.0 2.0,73.79199999999975 6.0 3.141592653589793 flow_1_11 0 5.0 2.0,6.0 -58.791999999999777 1.5707963267948966 flow_2_15 0 5.0 2.0,-103.14276916199163 -2.0 0.0 flow_5_20 0 5.0 2.0,2.0 -264.0 1.5707963267948966 flow_11_22 0 5.0 2.0,-2.0 156.2919999999997 -1.5707963267948966 flow_9_18 0 5.0 2.0,-186.325 -10.0 0.0 flow_8_21 0 5.0 2.0,186.325 6.0 3.141592653589793 flow_1_21 0 5.0 2.0,-2.0 264.0 -1.5707963267948966 flow_9_22 0 5.0 2.0,-286.3658288286603 10.0 3.141592653589793 flow_7_15 0 5.0 2.0,-2.0 171.2919999999997 -1.5707963267948966 flow_9_20 0 5.0 2.0,6.0 -28.791999999999804 1.5707963267948966 flow_2_11 0 5.0 2.0,-36.63004999999987 -10.0 0.0 flow_8_19 0 5.0 2.0,10.0 119.66582882866021 1.5707963267948966 flow_10_17 0 5.0 2.0,-2.0 111.29199999999975 -1.5707963267948966 flow_9_12 0 5.0 2.0,-299.0 -2.0 0.0 flow_5_23 0 5.0 2.0,36.2919999999998 6.0 3.141592653589793 flow_1_6 0 5.0 2.0,111.29199999999975 6.0 3.141592653589793 flow_1_16 0 5.0 2.0,103.79199999999975 6.0 3.141592653589793 flow_1_15 0 5.0 2.0,119.66582882866021 -10.0 0.0 flow_4_17 0 5.0 2.0,-6.0 186.325 -1.5707963267948966 flow_3_21 0 5.0 2.0,-6.0 58.791999999999777 -1.5707963267948966 flow_3_15 0 5.0 2.0,2.0 -148.7919999999997 1.5707963267948966 flow_11_17 0 5.0 2.0,-37.820878828660209 10.0 3.141592653589793 flow_7_18 0 5.0 2.0,-103.79199999999975 -6.0 0.0 flow_0_15 0 5.0 2.0,2.0 -57.12534999999974 1.5707963267948966 flow_11_8 0 5.0 2.0,96.29199999999975 6.0 3.141592653589793 flow_1_14 0 5.0 2.0,-6.0 36.2919999999998 -1.5707963267948966 flow_3_12 0 5.0 2.0,264.0 6.0 3.141592653589793 flow_1_22 0 5.0 2.0,6.0 -264.0 1.5707963267948966 flow_2_22 0 5.0 2.0,-28.496698245852146 -2.0 0.0 flow_5_14 0 5.0 2.0,6.0 -299.0 1.5707963267948966 flow_2_23 0 5.0 2.0,2.0 -74.54199999999975 1.5707963267948966 flow_11_9 0 5.0 2.0,2.0 -133.79199999999973 1.5707963267948966 flow_11_15 0 5.0 2.0,-43.49669824585209 -2.0 0.0 flow_5_16 0 5.0 2.0,-2.0 191.06513470486943 -1.5707963267948966 flow_9_21 0 5.0 2.0,264.0 2.0 3.141592653589793 flow_6_22 0 5.0 2.0,-127.5083705068014 6.0 3.141592653589793 flow_11_2 0 5.0 2.0,65.99669824585209 2.0 3.141592653589793 flow_6_19 0 5.0 2.0,-50.99669824585209 -2.0 0.0 flow_5_17 0 5.0 2.0,-203.01582882866024 6.0 3.141592653589793 flow_7_16 0 5.0 2.0,28.496698245852146 2.0 3.141592653589793 flow_6_14 0 5.0 2.0,-2.0 133.79199999999973 -1.5707963267948966 flow_9_15 0 5.0 2.0,-2.0 74.54199999999975 -1.5707963267948966 flow_9_9 0 5.0 2.0,2.0 -163.7919999999997 1.5707963267948966 flow_11_19 0 5.0 2.0,10.0 -264.0 1.5707963267948966 flow_4_22 0 5.0 2.0,51.2919999999998 6.0 3.141592653589793 flow_1_8 0 5.0 2.0,6.0 -66.29199999999975 1.5707963267948966 flow_2_16 0 5.0 2.0,-6.0 81.29199999999975 -1.5707963267948966 flow_3_18 0 5.0 2.0,-81.29199999999975 -6.0 0.0 flow_0_12 0 5.0 2.0,-6.0 73.79199999999975 -1.5707963267948966 flow_3_17 0 5.0 2.0,58.49669824585209 2.0 3.141592653589793 flow_6_18 0 5.0 2.0,-6.0 51.2919999999998 -1.5707963267948966 flow_3_14 0 5.0 2.0,-66.29199999999975 -6.0 0.0 flow_0_10 0 5.0 2.0,-2.0 118.79199999999975 -1.5707963267948966 flow_9_13 0 5.0 2.0,264.0 10.0 3.141592653589793 flow_10_22 0 5.0 2.0,-6.0 -203.01582882866024 -1.5707963267948966 flow_8_16 0 5.0 2.0,;road_0_1_0 r r g,road_1_0_1 g r g,road_1_2_3 g r g,road_2_1_2 r r g,
2.0 -26.625449999999718 1.5707963267948966 flow_11_7 0 5.0 2.0,43.49669824585209 2.0 3.141592653589793 flow_6_16 0 5.0 2.0,-10.0 -136.33582882866024 -1.5707963267948966 flow_8_17 0 5.0 2.0,-6.0 43.7919999999998 -1.5707963267948966 flow_3_13 0 5.0 2.0,71.2691705068014 -2.0 0.0 flow_9_4 0 5.0 2.0,-35.99669824585209 -2.0 0.0 flow_5_15 0 5.0 2.0,66.29199999999975 6.0 3.141592653589793 flow_1_10 0 5.0 2.0,126.29199999999975 6.0 3.141592653589793 flow_1_18 0 5.0 2.0,-2.0 296.0 -1.5707963267948966 flow_9_23 0 5.0 2.0,6.0 219.68582882866026 1.5707963267948966 flow_10_16 0 5.0 2.0,144.1783705068014 -2.0 0.0 flow_9_2 0 5.0 2.0,-43.7919999999998 -6.0 0.0 flow_0_7 0 5.0 2.0,6.0 -88.79199999999975 1.5707963267948966 flow_2_19 0 5.0 2.0,86.3049999999999 10.0 3.141592653589793 flow_10_20 0 5.0 2.0,6.0 -43.7919999999998 1.5707963267948966 flow_2_13 0 5.0 2.0,2.0 -141.29199999999973 1.5707963267948966 flow_11_16 0 5.0 2.0,58.791999999999777 6.0 3.141592653589793 flow_1_9 0 5.0 2.0,-111.29199999999975 -6.0 0.0 flow_0_16 0 5.0 2.0,3.770739759537613 9.442963561336072 -0.8988901276868943 flow_9_6 0 5.0 2.0,-20.516617004143997 -2.0 0.0 flow_5_13 0 5.0 2.0,6.0 -100.01285723868762 1.5707963267948966 flow_2_20 0 5.0 2.0,-2.0 87.29199999999975 -1.5707963267948966 flow_9_10 0 5.0 2.0,10.0 -169.65499999999998 1.5707963267948966 flow_4_21 0 5.0 2.0,-35.36912724083926 4.641982693615237 3.141592653589793 flow_11_5 1 5.0 2.0,-169.65499999999998 -2.0 0.0 flow_5_21 0 5.0 2.0,50.99669824585209 2.0 3.141592653589793 flow_6_17 0 5.0 2.0,28.791999999999804 6.0 3.141592653589793 flow_1_5 0 5.0 2.0,-86.3049999999999 -10.0 0.0 flow_8_20 0 5.0 2.0,-3.770739759537613 -9.442963561336072 2.242702525902899 flow_11_6 0 5.0 2.0,169.65499999999998 10.0 3.141592653589793 flow_10_21 0 5.0 2.0,-28.791999999999804 -6.0 0.0 flow_0_5 0 5.0 2.0,-88.79199999999975 -6.0 0.0 flow_0_13 0 5.0 2.0,-58.791999999999777 -6.0 0.0 flow_0_9 0 5.0 2.0,-6.0 296.0 -1.5707963267948966 flow_3_23 0 5.0 2.0,-6.0 66.29199999999975 -1.5707963267948966 flow_3_16 0 5.0 2.0,-172.59843300680138 10.0 3.141592653589793 flow_11_1 0 5.0 2.0,6.0 -21.29199999999986 1.5707963267948966 flow_2_10 0 5.0 2.0,-100.0363616266726 2.0 3.141592653589793 flow_11_3 0 5.0 2.0,-251.0 -6.0 0.0 flow_0_22 0 5.0 2.0,-10.0 296.0 -1.5707963267948966 flow_7_23 0 5.0 2.0,21.29199999999986 6.0 3.141592653589793 flow_1_4 0 5.0 2.0,-2.0 163.7919999999997 -1.5707963267948966 flow_9_19 0 5.0 2.0,-2.0 100.54199999999975 -1.5707963267948966 flow_9_11 0 5.0 2.0,36.930820506801179 -5.266660000000001 0.0 flow_9_5 1 5.0 2.0,-96.29199999999975 -6.0 0.0 flow_0_14 0 5.0 2.0,-2.0 141.29199999999973 -1.5707963267948966 flow_9_16 0 5.0 2.0,6.0 -51.2919999999998 1.5707963267948966 flow_2_14 0 5.0 2.0,-136.33582882866024 10.0 3.141592653589793 flow_7_17 0 5.0 2.0,2.0 -87.29199999999975 1.5707963267948966 flow_11_10 0 5.0 2.0,6.0 -73.79199999999975 1.5707963267948966 flow_2_17 0 5.0 2.0,-10.0 169.65499999999998 -1.5707963267948966 flow_7_21 0 5.0 2.0,-251.0 -2.0 0.0 flow_5_22 0 5.0 2.0,10.0 -28.29674999999986 1.5707963267948966 flow_4_19 0 5.0 2.0,172.59843300680138 -6.0 0.0 flow_9_1 0 5.0 2.0,-201.95937050680136 2.0 3.141592653589793 flow_11_0 0 5.0 2.0,296.0 2.0 3.141592653589793 flow_6_23 0 5.0 2.0,89.058307485975 2.0 3.141592653589793 flow_6_20 0 5.0 2.0,-2.0 26.625449999999718 -1.5707963267948966 flow_9_7 0 5.0 2.0,2.0 -118.79199999999975 1.5707963267948966 flow_11_13 0 5.0 2.0,-141.29199999999973 -6.0 0.0 flow_0_20 0 5.0 2.0,219.68582882866026 -10.0 0.0 flow_4_16 0 5.0 2.0,2.0 -182.8052245081157 1.5707963267948966 flow_11_21 0 5.0 2.0,-133.79199999999973 -6.0 0.0 flow_0_19 0 5.0 2.0,-6.0 100.01285723868762 -1.5707963267948966 flow_3_20 0 5.0 2.0,53.15417882866021 -10.0 0.0 flow_4_18 0 5.0 2.0,-296.0 -6.0 0.0 flow_0_23 0 5.0 2.0,-58.49669824585209 -2.0 0.0 flow_5_18 0 5.0 2.0,-10.0 251.0 -1.5707963267948966 flow_7_22 0 5.0 2.0,6.0 -81.29199999999975 1.5707963267948966 flow_2_18 0 5.0 2.0,118.79199999999975 6.0 3.141592653589793 flow_1_17 0 5.0 2.0,141.29199999999973 6.0 3.141592653589793 flow_1_20 0 5.0 2.0,-70.06882250204319 5.329005216617254 3.141592653589793 flow_11_4 1 5.0 2.0,-10.0 28.29674999999986 -1.5707963267948966 flow_7_19 0 5.0 2.0,296.0 10.0 3.141592653589793 flow_10_23 0 5.0 2.0,-296.0 -10.0 0.0 flow_8_23 0 5.0 2.0,-6.0 28.791999999999804 -1.5707963267948966 flow_3_11 0 5.0 2.0,28.29674999999986 10.0 3.141592653589793 flow_10_19 0 5.0 2.0,2.0 -156.2919999999997 1.5707963267948966 flow_11_18 0 5.0 2.0,2.0 -126.29199999999975 1.5707963267948966 flow_11_14 0 5.0 2.0,20.516617004143997 2.0 3.141592653589793 flow_6_13 0 5.0 2.0,6.0 53.15417882866021 1.5707963267948966 flow_10_18 0 5.0 2.0,43.7919999999998 6.0 3.141592653589793 flow_1_7 0 5.0 2.0,-36.2919999999998 -6.0 0.0 flow_0_6 0 5.0 2.0,-51.2919999999998 -6.0 0.0 flow_0_8 0 5.0 2.0,88.79199999999975 6.0 3.141592653589793 flow_1_13 0 5.0 2.0,6.0 -169.65499999999998 1.5707963267948966 flow_2_21 0 5.0 2.0,-10.0 86.3049999999999 -1.5707963267948966 flow_7_20 0 5.0 2.0,2.0 -111.29199999999975 1.5707963267948966 flow_11_12 0 5.0 2.0,-2.0 48.79204999999973 -1.5707963267948966 flow_9_8 0 5.0 2.0,2.0 -296.0 1.5707963267948966 flow_11_23 0 5.0 2.0,-6.0 251.0 -1.5707963267948966 flow_3_22 0 5.0 2.0,-21.29199999999986 -6.0 0.0 flow_0_4 0 5.0 2.0,10.0 -86.3049999999999 1.5707963267948966 flow_4_20 0 5.0 2.0,110.05709550680135 -6.0 0.0 flow_9_3 0 5.0 2.0,169.65499999999998 2.0 3.141592653589793 flow_6_21 0 5.0 2.0,201.95937050680136 -2.0 0.0 flow_9_0 0 5.0 2.0,-65.99669824585209 -2.0 0.0 flow_5_19 0 5.0 2.0,133.79199999999973 6.0 3.141592653589793 flow_1_19 0 5.0 2.0,-2.0 126.29199999999975 -1.5707963267948966 flow_9_14 0 5.0 2.0,-170.932022241262 -6.0 0.0 flow_0_21 0 5.0 2.0,-251.0 -10.0 0.0 flow_8_22 0 5.0 2.0,-126.29199999999975 -6.0 0.0 flow_0_18 0 5.0 2.0,2.0 -171.2919999999997 1.5707963267948966 flow_11_20 0 5.0 2.0,296.0 6.0 3.141592653589793 flow_1_23 0 5.0 2.0,-2.0 148.7919999999997 -1.5707963267948966 flow_9_17 0 5.0 2.0,35.99669824585209 2.0 3.141592653589793 flow_6_15 0 5.0 2.0,-6.0 -53.15417882866021 -1.5707963267948966 flow_8_18 0 5.0 2.0,-6.0 88.79199999999975 -1.5707963267948966 flow_3_19 0 5.0 2.0,6.0 -36.2919999999998 1.5707963267948966 flow_2_12 0 5.0 2.0,10.0 -296.0 1.5707963267948966 flow_4_23 0 5.0 2.0,2.0 -100.54199999999975 1.5707963267948966 flow_11_11 0 5.0 2.0,81.29199999999975 6.0 3.141592653589793 flow_1_12 0 5.0 2.0,-118.79199999999975 -6.0 0.0 flow_0_17 0 5.0 2.0,-73.79199999999975 -6.0 0.0 flow_0_11 0 5.0 2.0,-6.0 21.29199999999986 -1.5707963267948966 flow_3_10 0 5.0 2.0,73.79199999999975 6.0 3.141592653589793 flow_1_11 0 5.0 2.0,6.0 -58.791999999999777 1.5707963267948966 flow_2_15 0 5.0 2.0,-89.058307485975 -2.0 0.0 flow_5_20 0 5.0 2.0,2.0 -251.0 1.5707963267948966 flow_11_22 0 5.0 2.0,-2.0 156.2919999999997 -1.5707963267948966 flow_9_18 0 5.0 2.0,-169.65499999999998 -10.0 0.0 flow_8_21 0 5.0 2.0,170.932022241262 6.0 3.141592653589793 flow_1_21 0 5.0 2.0,-2.0 251.0 -1.5707963267948966 flow_9_22 0 5.0 2.0,-2.0 171.2919999999997 -1.5707963267948966 flow_9_20 0 5.0 2.0,6.0 -28.791999999999804 1.5707963267948966 flow_2_11 0 5.0 2.0,-28.29674999999986 -10.0 0.0 flow_8_19 0 5.0 2.0,10.0 136.33582882866024 1.5707963267948966 flow_10_17 0 5.0 2.0,-2.0 111.29199999999975 -1.5707963267948966 flow_9_12 0 5.0 2.0,-296.0 -2.0 0.0 flow_5_23 0 5.0 2.0,36.2919999999998 6.0 3.141592653589793 flow_1_6 0 5.0 2.0,111.29199999999975 6.0 3.141592653589793 flow_1_16 0 5.0 2.0,103.79199999999975 6.0 3.141592653589793 flow_1_15 0 5.0 2.0,136.33582882866024 -10.0 0.0 flow_4_17 0 5.0 2.0,-6.0 169.65499999999998 -1.5707963267948966 flow_3_21 0 5.0 2.0,-6.0 58.791999999999777 -1.5707963267948966 flow_3_15 0 5.0 2.0,2.0 -148.7919999999997 1.5707963267948966 flow_11_17 0 5.0 2.0,-53.15417882866021 10.0 3.141592653589793 flow_7_18 0 5.0 2.0,-103.79199999999975 -6.0 0.0 flow_0_15 0 5.0 2.0,2.0 -48.79204999999973 1.5707963267948966 flow_11_8 0 5.0 2.0,96.29199999999975 6.0 3.141592653589793 flow_1_14 0 5.0 2.0,-6.0 36.2919999999998 -1.5707963267948966 flow_3_12 0 5.0 2.0,251.0 6.0 3.141592653589793 flow_1_22 0 5.0 2.0,6.0 -251.0 1.5707963267948966 flow_2_22 0 5.0 2.0,-28.496698245852146 -2.0 0.0 flow_5_14 0 5.0 2.0,6.0 -296.0 1.5707963267948966 flow_2_23 0 5.0 2.0,2.0 -66.62534999999974 1.5707963267948966 flow_11_9 0 5.0 2.0,2.0 -133.79199999999973 1.5707963267948966 flow_11_15 0 5.0 2.0,-43.49669824585209 -2.0 0.0 flow_5_16 0 5.0 2.0,-2.0 182.8052245081157 -1.5707963267948966 flow_9_21 0 5.0 2.0,251.0 2.0 3.141592653589793 flow_6_22 0 5.0 2.0,-144.1783705068014 6.0 3.141592653589793 flow_11_2 0 5.0 2.0,65.99669824585209 2.0 3.141592653589793 flow_6_19 0 5.0 2.0,-50.99669824585209 -2.0 0.0 flow_5_17 0 5.0 2.0,-219.68582882866026 6.0 3.141592653589793 flow_7_16 0 5.0 2.0,28.496698245852146 2.0 3.141592653589793 flow_6_14 0 5.0 2.0,-2.0 133.79199999999973 -1.5707963267948966 flow_9_15 0 5.0 2.0,-2.0 66.62534999999974 -1.5707963267948966 flow_9_9 0 5.0 2.0,2.0 -163.7919999999997 1.5707963267948966 flow_11_19 0 5.0 2.0,10.0 -251.0 1.5707963267948966 flow_4_22 0 5.0 2.0,51.2919999999998 6.0 3.141592653589793 flow_1_8 0 5.0 2.0,6.0 -66.29199999999975 1.5707963267948966 flow_2_16 0 5.0 2.0,-6.0 81.29199999999975 -1.5707963267948966 flow_3_18 0 5.0 2.0,-81.29199999999975 -6.0 0.0 flow_0_12 0 5.0 2.0,-6.0 73.79199999999975 -1.5707963267948966 flow_3_17 0 5.0 2.0,58.49669824585209 2.0 3.141592653589793 flow_6_18 0 5.0 2.0,-6.0 51.2919999999998 -1.5707963267948966 flow_3_14 0 5.0 2.0,-66.29199999999975 -6.0 0.0 flow_0_10 0 5.0 2.0,-2.0 118.79199999999975 -1.5707963267948966 flow_9_13 0 5.0 2.0,251.0 10.0 3.141592653589793 flow_10_22 0 5.0 2.0,-6.0 -219.68582882866026 -1.5707963267948966 flow_8_16 0 5.0 2.0,;road_0_1_0 r r g,road_1_0_1 g r g,road_1_2_3 g r g,road_2_1_2 r r g,
1.6731404057871747 -18.323720062706703 1.7633709873536255 flow_11_7 0 5.0 2.0,43.49669824585209 2.0 3.141592653589793 flow_6_16 0 5.0 2.0,-10.0 -153.0058288286602 -1.5707963267948966 flow_8_17 0 5.0 2.0,-6.0 43.7919999999998 -1.5707963267948966 flow_3_13 0 5.0 2.0,87.9391705068014 -2.0 0.0 flow_9_4 0 5.0 2.0,-35.99669824585209 -2.0 0.0 flow_5_15 0 5.0 2.0,66.29199999999975 6.0 3.141592653589793 flow_1_10 0 5.0 2.0,126.29199999999975 6.0 3.141592653589793 flow_1_18 0 5.0 2.0,-2.0 291.0 -1.5707963267948966 flow_9_23 0 5.0 2.0,6.0 236.35582882866027 1.5707963267948966 flow_10_16 0 5.0 2.0,160.84837050680143 -2.0 0.0 flow_9_2 0 5.0 2.0,-43.7919999999998 -6.0 0.0 flow_0_7 0 5.0 2.0,6.0 -88.79199999999975 1.5707963267948966 flow_2_19 0 5.0 2.0,69.63499999999988 10.0 3.141592653589793 flow_10_20 0 5.0 2.0,6.0 -43.7919999999998 1.5707963267948966 flow_2_13 0 5.0 2.0,2.0 -141.29199999999973 1.5707963267948966 flow_11_16 0 5.0 2.0,58.791999999999777 6.0 3.141592653589793 flow_1_9 0 5.0 2.0,-111.29199999999975 -6.0 0.0 flow_0_16 0 5.0 2.0,12.029867230828414 1.7132161042660772 -0.6719061991080024 flow_9_6 0 5.0 2.0,-20.516617004143997 -2.0 0.0 flow_5_13 0 5.0 2.0,6.0 -96.47600013416266 1.5707963267948966 flow_2_20 0 5.0 2.0,-2.0 80.29199999999975 -1.5707963267948966 flow_9_10 0 5.0 2.0,10.0 -152.98499999999997 1.5707963267948966 flow_4_21 0 5.0 2.0,-152.98499999999997 -2.0 0.0 flow_5_21 0 5.0 2.0,50.99669824585209 2.0 3.141592653589793 flow_6_17 0 5.0 2.0,28.791999999999804 6.0 3.141592653589793 flow_1_5 0 5.0 2.0,-69.63499999999988 -10.0 0.0 flow_8_20 0 5.0 2.0,-12.029867230828414 -1.7132161042660772 2.4696864544817909 flow_11_6 0 5.0 2.0,152.98499999999997 10.0 3.141592653589793 flow_10_21 0 5.0 2.0,-28.791999999999804 -6.0 0.0 flow_0_5 0 5.0 2.0,-88.79199999999975 -6.0 0.0 flow_0_13 0 5.0 2.0,-58.791999999999777 -6.0 0.0 flow_0_9 0 5.0 2.0,-6.0 291.0 -1.5707963267948966 flow_3_23 0 5.0 2.0,-6.0 66.29199999999975 -1.5707963267948966 flow_3_16 0 5.0 2.0,-189.2684330068014 10.0 3.141592653589793 flow_11_1 0 5.0 2.0,-86.7200920643579 6.0 3.141592653589793 flow_11_4 0 5.0 2.0,6.0 -21.29199999999986 1.5707963267948966 flow_2_10 0 5.0 2.0,-116.7063616266726 2.0 3.141592653589793 flow_11_3 0 5.0 2.0,-236.0 -6.0 0.0 flow_0_22 0 5.0 2.0,-10.0 291.0 -1.5707963267948966 flow_7_23 0 5.0 2.0,21.29199999999986 6.0 3.141592653589793 flow_1_4 0 5.0 2.0,-2.0 163.7919999999997 -1.5707963267948966 flow_9_19 0 5.0 2.0,-2.0 96.04199999999975 -1.5707963267948966 flow_9_11 0 5.0 2.0,-96.29199999999975 -6.0 0.0 flow_0_14 0 5.0 2.0,-2.0 141.29199999999973 -1.5707963267948966 flow_9_16 0 5.0 2.0,6.0 -51.2919999999998 1.5707963267948966 flow_2_14 0 5.0 2.0,-153.0058288286602 10.0 3.141592653589793 flow_7_17 0 5.0 2.0,2.0 -80.29199999999975 1.5707963267948966 flow_11_10 0 5.0 2.0,6.0 -73.79199999999975 1.5707963267948966 flow_2_17 0 5.0 2.0,-10.0 152.98499999999997 -1.5707963267948966 flow_7_21 0 5.0 2.0,-236.0 -2.0 0.0 flow_5_22 0 5.0 2.0,10.001921025350646 -19.96350051833775 1.518213265183955 flow_4_19 0 5.0 2.0,189.2684330068014 -6.0 0.0 flow_9_1 0 5.0 2.0,-218.62937050680137 2.0 3.141592653589793 flow_11_0 0 5.0 2.0,291.0 2.0 3.141592653589793 flow_6_23 0 5.0 2.0,79.47384580995839 2.0 3.141592653589793 flow_6_20 0 5.0 2.0,-1.6731404057871747 18.323720062706703 -1.378221666236168 flow_9_7 0 5.0 2.0,2.0 -118.79199999999975 1.5707963267948966 flow_11_13 0 5.0 2.0,-141.29199999999973 -6.0 0.0 flow_0_20 0 5.0 2.0,236.35582882866027 -10.0 0.0 flow_4_16 0 5.0 2.0,2.0 -179.045314311362 1.5707963267948966 flow_11_21 0 5.0 2.0,-133.79199999999973 -6.0 0.0 flow_0_19 0 5.0 2.0,-6.0 96.47600013416266 -1.5707963267948966 flow_3_20 0 5.0 2.0,69.6558288286602 -10.0 0.0 flow_4_18 0 5.0 2.0,-291.0 -6.0 0.0 flow_0_23 0 5.0 2.0,-58.49669824585209 -2.0 0.0 flow_5_18 0 5.0 2.0,-10.0 236.0 -1.5707963267948966 flow_7_22 0 5.0 2.0,6.0 -81.29199999999975 1.5707963267948966 flow_2_18 0 5.0 2.0,118.79199999999975 6.0 3.141592653589793 flow_1_17 0 5.0 2.0,141.29199999999973 6.0 3.141592653589793 flow_1_20 0 5.0 2.0,-10.001921025350646 19.96350051833775 -1.6233793884058383 flow_7_19 0 5.0 2.0,291.0 10.0 3.141592653589793 flow_10_23 0 5.0 2.0,-291.0 -10.0 0.0 flow_8_23 0 5.0 2.0,-6.0 28.791999999999804 -1.5707963267948966 flow_3_11 0 5.0 2.0,19.96350051833775 10.001921025350646 3.0890095919788518 flow_10_19 0 5.0 2.0,2.0 -156.2919999999997 1.5707963267948966 flow_11_18 0 5.0 2.0,2.0 -126.29199999999975 1.5707963267948966 flow_11_14 0 5.0 2.0,20.516617004143997 2.0 3.141592653589793 flow_6_13 0 5.0 2.0,6.0 69.6558288286602 1.5707963267948966 flow_10_18 0 5.0 2.0,43.7919999999998 6.0 3.141592653589793 flow_1_7 0 5.0 2.0,-36.2919999999998 -6.0 0.0 flow_0_6 0 5.0 2.0,-51.2919999999998 -6.0 0.0 flow_0_8 0 5.0 2.0,88.79199999999975 6.0 3.141592653589793 flow_1_13 0 5.0 2.0,6.0 -152.98499999999997 1.5707963267948966 flow_2_21 0 5.0 2.0,-49.57904070891545 6.0 3.141592653589793 flow_11_5 0 5.0 2.0,-10.0 69.63499999999988 -1.5707963267948966 flow_7_20 0 5.0 2.0,2.0 -110.29199999999975 1.5707963267948966 flow_11_12 0 5.0 2.0,-2.0 40.458749999999728 -1.5707963267948966 flow_9_8 0 5.0 2.0,2.0 -291.0 1.5707963267948966 flow_11_23 0 5.0 2.0,-6.0 236.0 -1.5707963267948966 flow_3_22 0 5.0 2.0,-21.29199999999986 -6.0 0.0 flow_0_4 0 5.0 2.0,10.0 -69.63499999999988 1.5707963267948966 flow_4_20 0 5.0 2.0,126.72709550680135 -6.0 0.0 flow_9_3 0 5.0 2.0,152.98499999999997 2.0 3.141592653589793 flow_6_21 0 5.0 2.0,218.62937050680137 -2.0 0.0 flow_9_0 0 5.0 2.0,-65.99669824585209 -2.0 0.0 flow_5_19 0 5.0 2.0,133.79199999999973 6.0 3.141592653589793 flow_1_19 0 5.0 2.0,-2.0 126.29199999999975 -1.5707963267948966 flow_9_14 0 5.0 2.0,-159.066066723786 -6.0 0.0 flow_0_21 0 5.0 2.0,-236.0 -10.0 0.0 flow_8_22 0 5.0 2.0,-126.29199999999975 -6.0 0.0 flow_0_18 0 5.0 2.0,2.0 -171.2919999999997 1.5707963267948966 flow_11_20 0 5.0 2.0,53.43247050680118 -6.0 0.0 flow_9_5 0 5.0 2.0,291.0 6.0 3.141592653589793 flow_1_23 0 5.0 2.0,-2.0 148.7919999999997 -1.5707963267948966 flow_9_17 0 5.0 2.0,35.99669824585209 2.0 3.141592653589793 flow_6_15 0 5.0 2.0,-6.0 -69.6558288286602 -1.5707963267948966 flow_8_18 0 5.0 2.0,-6.0 88.79199999999975 -1.5707963267948966 flow_3_19 0 5.0 2.0,6.0 -36.2919999999998 1.5707963267948966 flow_2_12 0 5.0 2.0,10.0 -291.0 1.5707963267948966 flow_4_23 0 5.0 2.0,2.0 -96.04199999999975 1.5707963267948966 flow_11_11 0 5.0 2.0,81.29199999999975 6.0 3.141592653589793 flow_1_12 0 5.0 2.0,-118.79199999999975 -6.0 0.0 flow_0_17 0 5.0 2.0,-73.79199999999975 -6.0 0.0 flow_0_11 0 5.0 2.0,-6.0 21.29199999999986 -1.5707963267948966 flow_3_10 0 5.0 2.0,73.79199999999975 6.0 3.141592653589793 flow_1_11 0 5.0 2.0,6.0 -58.791999999999777 1.5707963267948966 flow_2_15 0 5.0 2.0,-79.47384580995839 -2.0 0.0 flow_5_20 0 5.0 2.0,2.0 -236.0 1.5707963267948966 flow_11_22 0 5.0 2.0,-2.0 156.2919999999997 -1.5707963267948966 flow_9_18 0 5.0 2.0,-152.98499999999997 -10.0 0.0 flow_8_21 0 5.0 2.0,159.066066723786 6.0 3.141592653589793 flow_1_21 0 5.0 2.0,-2.0 236.0 -1.5707963267948966 flow_9_22 0 5.0 2.0,-2.0 171.2919999999997 -1.5707963267948966 flow_9_20 0 5.0 2.0,6.0 -28.791999999999804 1.5707963267948966 flow_2_11 0 5.0 2.0,-19.96350051833775 -10.001921025350646 -0.05258306161094157 flow_8_19 0 5.0 2.0,10.0 153.0058288286602 1.5707963267948966 flow_10_17 0 5.0 2.0,-2.0 110.29199999999975 -1.5707963267948966 flow_9_12 0 5.0 2.0,-291.0 -2.0 0.0 flow_5_23 0 5.0 2.0,36.2919999999998 6.0 3.141592653589793 flow_1_6 0 5.0 2.0,111.29199999999975 6.0 3.141592653589793 flow_1_16 0 5.0 2.0,103.79199999999975 6.0 3.141592653589793 flow_1_15 0 5.0 2.0,153.0058288286602 -10.0 0.0 flow_4_17 0 5.0 2.0,-6.0 152.98499999999997 -1.5707963267948966 flow_3_21 0 5.0 2.0,-6.0 58.791999999999777 -1.5707963267948966 flow_3_15 0 5.0 2.0,2.0 -148.7919999999997 1.5707963267948966 flow_11_17 0 5.0 2.0,-69.6558288286602 10.0 3.141592653589793 flow_7_18 0 5.0 2.0,-103.79199999999975 -6.0 0.0 flow_0_15 0 5.0 2.0,2.0 -40.458749999999728 1.5707963267948966 flow_11_8 0 5.0 2.0,96.29199999999975 6.0 3.141592653589793 flow_1_14 0 5.0 2.0,-6.0 36.2919999999998 -1.5707963267948966 flow_3_12 0 5.0 2.0,236.0 6.0 3.141592653589793 flow_1_22 0 5.0 2.0,6.0 -236.0 1.5707963267948966 flow_2_22 0 5.0 2.0,-28.496698245852146 -2.0 0.0 flow_5_14 0 5.0 2.0,6.0 -291.0 1.5707963267948966 flow_2_23 0 5.0 2.0,2.0 -58.29204999999973 1.5707963267948966 flow_11_9 0 5.0 2.0,2.0 -133.79199999999973 1.5707963267948966 flow_11_15 0 5.0 2.0,-43.49669824585209 -2.0 0.0 flow_5_16 0 5.0 2.0,-2.0 179.045314311362 -1.5707963267948966 flow_9_21 0 5.0 2.0,236.0 2.0 3.141592653589793 flow_6_22 0 5.0 2.0,-160.84837050680143 6.0 3.141592653589793 flow_11_2 0 5.0 2.0,65.99669824585209 2.0 3.141592653589793 flow_6_19 0 5.0 2.0,-50.99669824585209 -2.0 0.0 flow_5_17 0 5.0 2.0,-236.35582882866027 6.0 3.141592653589793 flow_7_16 0 5.0 2.0,28.496698245852146 2.0 3.141592653589793 flow_6_14 0 5.0 2.0,-2.0 133.79199999999973 -1.5707963267948966 flow_9_15 0 5.0 2.0,-2.0 58.29204999999973 -1.5707963267948966 flow_9_9 0 5.0 2.0,2.0 -163.7919999999997 1.5707963267948966 flow_11_19 0 5.0 2.0,10.0 -236.0 1.5707963267948966 flow_4_22 0 5.0 2.0,51.2919999999998 6.0 3.141592653589793 flow_1_8 0 5.0 2.0,6.0 -66.29199999999975 1.5707963267948966 flow_2_16 0 5.0 2.0,-6.0 81.29199999999975 -1.5707963267948966 flow_3_18 0 5.0 2.0,-81.29199999999975 -6.0 0.0 flow_0_12 0 5.0 2.0,-6.0 73.79199999999975 -1.5707963267948966 flow_3_17 0 5.0 2.0,58.49669824585209 2.0 3.141592653589793 flow_6_18 0 5.0 2.0,-6.0 51.2919999999998 -1.5707963267948966 flow_3_14 0 5.0 2.0,-66.29199999999975 -6.0 0.0 flow_0_10 0 5.0 2.0,-2.0 118.79199999999975 -1.5707963267948966 flow_9_13 0 5.0 2.0,236.0 10.0 3.141592653589793 flow_10_22 0 5.0 2.0,-6.0 -236.35582882866027 -1.5707963267948966 flow_8_16 0 5.0 2.0,;road_0_1_0 r r g,road_1_0_1 g r g,road_1_2_3 g r g,road_2_1_2 r r g,
-3.0444935358039846 -10.356065588774749 2.242702525902899 flow_11_7 0 5.0 2.0,43.49669824585209 2.0 3.141592653589793 flow_6_16 0 5.0 2.0,-10.0 -169.6758288286602 -1.5707963267948966 flow_8_17 0 5.0 2.0,-6.0 43.7919999999998 -1.5707963267948966 flow_3_13 0 5.0 2.0,104.6091705068014 -2.0 0.0 flow_9_4 0 5.0 2.0,-35.99669824585209 -2.0 0.0 flow_5_15 0 5.0 2.0,66.29199999999975 6.0 3.141592653589793 flow_1_10 0 5.0 2.0,126.29199999999975 6.0 3.141592653589793 flow_1_18 0 5.0 2.0,-2.0 284.0 -1.5707963267948966 flow_9_23 0 5.0 2.0,6.0 253.02582882866029 1.5707963267948966 flow_10_16 0 5.0 2.0,177.51837050680144 -2.0 0.0 flow_9_2 0 5.0 2.0,-43.7919999999998 -6.0 0.0 flow_0_7 0 5.0 2.0,6.0 -88.79199999999975 1.5707963267948966 flow_2_19 0 5.0 2.0,55.21499999999986 10.0 3.141592653589793 flow_10_20 0 5.0 2.0,6.0 -43.7919999999998 1.5707963267948966 flow_2_13 0 5.0 2.0,2.0 -141.29199999999973 1.5707963267948966 flow_11_16 0 5.0 2.0,58.791999999999777 6.0 3.141592653589793 flow_1_9 0 5.0 2.0,-111.29199999999975 -6.0 0.0 flow_0_16 0 5.0 2.0,24.430820506801468 -2.0 0.0 flow_9_6 0 5.0 2.0,-20.516617004143997 -2.0 0.0 flow_5_13 0 5.0 2.0,6.0 -96.29199999999975 1.5707963267948966 flow_2_20 0 5.0 2.0,-2.0 72.12534999999974 -1.5707963267948966 flow_9_10 0 5.0 2.0,10.0 -136.31499999999995 1.5707963267948966 flow_4_21 0 5.0 2.0,-136.31499999999995 -2.0 0.0 flow_5_21 0 5.0 2.0,50.99669824585209 2.0 3.141592653589793 flow_6_17 0 5.0 2.0,28.791999999999804 6.0 3.141592653589793 flow_1_5 0 5.0 2.0,-55.21499999999986 -10.0 0.0 flow_8_20 0 5.0 2.0,-24.430820506801468 2.0 3.141592653589793 flow_11_6 0 5.0 2.0,136.31499999999995 10.0 3.141592653589793 flow_10_21 0 5.0 2.0,-28.791999999999804 -6.0 0.0 flow_0_5 0 5.0 2.0,-88.79199999999975 -6.0 0.0 flow_0_13 0 5.0 2.0,-58.791999999999777 -6.0 0.0 flow_0_9 0 5.0 2.0,-6.0 284.0 -1.5707963267948966 flow_3_23 0 5.0 2.0,-6.0 66.29199999999975 -1.5707963267948966 flow_3_16 0 5.0 2.0,-205.9384330068014 10.0 3.141592653589793 flow_11_1 0 5.0 2.0,-103.38384858512947 6.0 3.141592653589793 flow_11_4 0 5.0 2.0,6.0 -21.29199999999986 1.5707963267948966 flow_2_10 0 5.0 2.0,-133.3763616266726 2.0 3.141592653589793 flow_11_3 0 5.0 2.0,-219.665 -6.0 0.0 flow_0_22 0 5.0 2.0,-10.0 284.0 -1.5707963267948966 flow_7_23 0 5.0 2.0,21.29199999999986 6.0 3.141592653589793 flow_1_4 0 5.0 2.0,-2.0 163.7919999999997 -1.5707963267948966 flow_9_19 0 5.0 2.0,-2.0 89.54199999999975 -1.5707963267948966 flow_9_11 0 5.0 2.0,-96.29199999999975 -6.0 0.0 flow_0_14 0 5.0 2.0,-2.0 141.29199999999973 -1.5707963267948966 flow_9_16 0 5.0 2.0,6.0 -51.2919999999998 1.5707963267948966 flow_2_14 0 5.0 2.0,-169.6758288286602 10.0 3.141592653589793 flow_7_17 0 5.0 2.0,2.0 -72.12534999999974 1.5707963267948966 flow_11_10 0 5.0 2.0,6.0 -73.79199999999975 1.5707963267948966 flow_2_17 0 5.0 2.0,-10.0 136.31499999999995 -1.5707963267948966 flow_7_21 0 5.0 2.0,-219.665 -2.0 0.0 flow_5_22 0 5.0 2.0,13.476783965535605 -11.700813119107233 0.6857295109062868 flow_4_19 0 5.0 2.0,205.9384330068014 -6.0 0.0 flow_9_1 0 5.0 2.0,-235.29937050680139 2.0 3.141592653589793 flow_11_0 0 5.0 2.0,284.0 2.0 3.141592653589793 flow_6_23 0 5.0 2.0,74.38938413394175 2.0 3.141592653589793 flow_6_20 0 5.0 2.0,3.0444935358039846 10.356065588774749 -0.8988901276868943 flow_9_7 0 5.0 2.0,2.0 -118.04199999999975 1.5707963267948966 flow_11_13 0 5.0 2.0,-141.29199999999973 -6.0 0.0 flow_0_20 0 5.0 2.0,253.02582882866029 -10.0 0.0 flow_4_16 0 5.0 2.0,2.0 -178.7919999999997 1.5707963267948966 flow_11_21 0 5.0 2.0,-133.79199999999973 -6.0 0.0 flow_0_19 0 5.0 2.0,-6.0 96.29199999999975 -1.5707963267948966 flow_3_20 0 5.0 2.0,86.3258288286602 -10.0 0.0 flow_4_18 0 5.0 2.0,-284.0 -6.0 0.0 flow_0_23 0 5.0 2.0,-58.49669824585209 -2.0 0.0 flow_5_18 0 5.0 2.0,-10.0 219.665 -1.5707963267948966 flow_7_22 0 5.0 2.0,6.0 -81.29199999999975 1.5707963267948966 flow_2_18 0 5.0 2.0,118.79199999999975 6.0 3.141592653589793 flow_1_17 0 5.0 2.0,141.29199999999973 6.0 3.141592653589793 flow_1_20 0 5.0 2.0,-13.476783965535605 11.700813119107233 -2.4558631426835069 flow_7_19 0 5.0 2.0,284.0 10.0 3.141592653589793 flow_10_23 0 5.0 2.0,-284.0 -10.0 0.0 flow_8_23 0 5.0 2.0,-6.0 28.791999999999804 -1.5707963267948966 flow_3_11 0 5.0 2.0,11.700813119107233 13.476783965535605 2.2565258377011836 flow_10_19 0 5.0 2.0,2.0 -156.2919999999997 1.5707963267948966 flow_11_18 0 5.0 2.0,2.0 -126.29199999999975 1.5707963267948966 flow_11_14 0 5.0 2.0,20.516617004143997 2.0 3.141592653589793 flow_6_13 0 5.0 2.0,6.0 86.3258288286602 1.5707963267948966 flow_10_18 0 5.0 2.0,43.7919999999998 6.0 3.141592653589793 flow_1_7 0 5.0 2.0,-36.2919999999998 -6.0 0.0 flow_0_6 0 5.0 2.0,-51.2919999999998 -6.0 0.0 flow_0_8 0 5.0 2.0,88.79199999999975 6.0 3.141592653589793 flow_1_13 0 5.0 2.0,6.0 -136.31499999999995 1.5707963267948966 flow_2_21 0 5.0 2.0,-65.51899744295355 2.6659999999999997 3.141592653589793 flow_11_5 -1 5.0 2.0,-10.0 55.21499999999986 -1.5707963267948966 flow_7_20 0 5.0 2.0,2.0 -107.29199999999975 1.5707963267948966 flow_11_12 0 5.0 2.0,-2.0 32.12544999999972 -1.5707963267948966 flow_9_8 0 5.0 2.0,2.0 -284.0 1.5707963267948966 flow_11_23 0 5.0 2.0,-6.0 219.665 -1.5707963267948966 flow_3_22 0 5.0 2.0,-21.29199999999986 -6.0 0.0 flow_0_4 0 5.0 2.0,10.0 -55.21499999999986 1.5707963267948966 flow_4_20 0 5.0 2.0,143.39709550680136 -6.0 0.0 flow_9_3 0 5.0 2.0,136.31499999999995 2.0 3.141592653589793 flow_6_21 0 5.0 2.0,235.29937050680139 -2.0 0.0 flow_9_0 0 5.0 2.0,-65.99669824585209 -2.0 0.0 flow_5_19 0 5.0 2.0,133.79199999999973 6.0 3.141592653589793 flow_1_19 0 5.0 2.0,-2.0 126.29199999999975 -1.5707963267948966 flow_9_14 0 5.0 2.0,-151.70011120631004 -6.0 0.0 flow_0_21 0 5.0 2.0,-219.665 -10.0 0.0 flow_8_22 0 5.0 2.0,-126.29199999999975 -6.0 0.0 flow_0_18 0 5.0 2.0,2.0 -171.2919999999997 1.5707963267948966 flow_11_20 0 5.0 2.0,70.10247050680118 -6.0 0.0 flow_9_5 0 5.0 2.0,284.0 6.0 3.141592653589793 flow_1_23 0 5.0 2.0,-2.0 148.7919999999997 -1.5707963267948966 flow_9_17 0 5.0 2.0,35.99669824585209 2.0 3.141592653589793 flow_6_15 0 5.0 2.0,-6.0 -86.3258288286602 -1.5707963267948966 flow_8_18 0 5.0 2.0,-6.0 88.79199999999975 -1.5707963267948966 flow_3_19 0 5.0 2.0,6.0 -36.2919999999998 1.5707963267948966 flow_2_12 0 5.0 2.0,10.0 -284.0 1.5707963267948966 flow_4_23 0 5.0 2.0,2.0 -89.54199999999975 1.5707963267948966 flow_11_11 0 5.0 2.0,81.29199999999975 6.0 3.141592653589793 flow_1_12 0 5.0 2.0,-118.79199999999975 -6.0 0.0 flow_0_17 0 5.0 2.0,-73.79199999999975 -6.0 0.0 flow_0_11 0 5.0 2.0,-6.0 21.29199999999986 -1.5707963267948966 flow_3_10 0 5.0 2.0,73.79199999999975 6.0 3.141592653589793 flow_1_11 0 5.0 2.0,6.0 -58.791999999999777 1.5707963267948966 flow_2_15 0 5.0 2.0,-74.38938413394175 -2.0 0.0 flow_5_20 0 5.0 2.0,2.0 -219.665 1.5707963267948966 flow_11_22 0 5.0 2.0,-2.0 156.2919999999997 -1.5707963267948966 flow_9_18 0 5.0 2.0,-136.31499999999995 -10.0 0.0 flow_8_21 0 5.0 2.0,151.70011120631004 6.0 3.141592653589793 flow_1_21 0 5.0 2.0,-2.0 219.665 -1.5707963267948966 flow_9_22 0 5.0 2.0,-2.0 171.2919999999997 -1.5707963267948966 flow_9_20 0 5.0 2.0,6.0 -28.791999999999804 1.5707963267948966 flow_2_11 0 5.0 2.0,-11.700813119107233 -13.476783965535605 -0.8850668158886099 flow_8_19 0 5.0 2.0,10.0 169.6758288286602 1.5707963267948966 flow_10_17 0 5.0 2.0,-2.0 107.29199999999975 -1.5707963267948966 flow_9_12 0 5.0 2.0,-284.0 -2.0 0.0 flow_5_23 0 5.0 2.0,36.2919999999998 6.0 3.141592653589793 flow_1_6 0 5.0 2.0,111.29199999999975 6.0 3.141592653589793 flow_1_16 0 5.0 2.0,103.79199999999975 6.0 3.141592653589793 flow_1_15 0 5.0 2.0,169.6758288286602 -10.0 0.0 flow_4_17 0 5.0 2.0,-6.0 136.31499999999995 -1.5707963267948966 flow_3_21 0 5.0 2.0,-6.0 58.791999999999777 -1.5707963267948966 flow_3_15 0 5.0 2.0,2.0 -148.7919999999997 1.5707963267948966 flow_11_17 0 5.0 2.0,-86.3258288286602 10.0 3.141592653589793 flow_7_18 0 5.0 2.0,-103.79199999999975 -6.0 0.0 flow_0_15 0 5.0 2.0,2.0 -32.12544999999972 1.5707963267948966 flow_11_8 0 5.0 2.0,96.29199999999975 6.0 3.141592653589793 flow_1_14 0 5.0 2.0,-6.0 36.2919999999998 -1.5707963267948966 flow_3_12 0 5.0 2.0,219.665 6.0 3.141592653589793 flow_1_22 0 5.0 2.0,6.0 -219.665 1.5707963267948966 flow_2_22 0 5.0 2.0,-28.496698245852146 -2.0 0.0 flow_5_14 0 5.0 2.0,6.0 -284.0 1.5707963267948966 flow_2_23 0 5.0 2.0,2.0 -49.958749999999728 1.5707963267948966 flow_11_9 0 5.0 2.0,2.0 -133.79199999999973 1.5707963267948966 flow_11_15 0 5.0 2.0,-43.49669824585209 -2.0 0.0 flow_5_16 0 5.0 2.0,-2.0 178.7919999999997 -1.5707963267948966 flow_9_21 0 5.0 2.0,219.665 2.0 3.141592653589793 flow_6_22 0 5.0 2.0,-177.51837050680144 6.0 3.141592653589793 flow_11_2 0 5.0 2.0,65.99669824585209 2.0 3.141592653589793 flow_6_19 0 5.0 2.0,-50.99669824585209 -2.0 0.0 flow_5_17 0 5.0 2.0,-253.02582882866029 6.0 3.141592653589793 flow_7_16 0 5.0 2.0,28.496698245852146 2.0 3.141592653589793 flow_6_14 0 5.0 2.0,-2.0 133.79199999999973 -1.5707963267948966 flow_9_15 0 5.0 2.0,-2.0 49.958749999999728 -1.5707963267948966 flow_9_9 0 5.0 2.0,2.0 -163.7919999999997 1.5707963267948966 flow_11_19 0 5.0 2.0,10.0 -219.665 1.5707963267948966 flow_4_22 0 5.0 2.0,51.2919999999998 6.0 3.141592653589793 flow_1_8 0 5.0 2.0,6.0 -66.29199999999975 1.5707963267948966 flow_2_16 0 5.0 2.0,-6.0 81.29199999999975 -1.5707963267948966 flow_3_18 0 5.0 2.0,-81.29199999999975 -6.0 0.0 flow_0_12 0 5.0 2.0,-6.0 73.79199999999975 -1.5707963267948966 flow_3_17 0 5.0 2.0,58.49669824585209 2.0 3.141592653589793 flow_6_18 0 5.0 2.0,-6.0 51.2919999999998 -1.5707963267948966 flow_3_14 0 5.0 2.0,-66.29199999999975 -6.0 0.0 flow_0_10 0 5.0 2.0,-2.0 118.04199999999975 -1.5707963267948966 flow_9_13 0 5.0 2.0,219.665 10.0 3.141592653589793 flow_10_22 0 5.0 2.0,-6.0 -253.02582882866029 -1.5707963267948966 flow_8_16 0 5.0 2.0,;road_0_1_0 r r g,road_1_0_1 g r g,road_1_2_3 g r g,road_2_1_2 r r g,
-11.116765203389737 -2.4394623279997056 2.4696864544817909 flow_11_7 0 5.0 2.0,43.49669824585209 2.0 3.141592653589793 flow_6_16 0 5.0 2.0,-10.0 -186.34582882866023 -1.5707963267948966 flow_8_17 0 5.0 2.0,-6.0 43.7919999999998 -1.5707963267948966 flow_3_13 0 5.0 2.0,121.2791705068014 -2.0 0.0 flow_9_4 0 5.0 2.0,-35.99669824585209 -2.0 0.0 flow_5_15 0 5.0 2.0,66.29199999999975 6.0 3.141592653589793 flow_1_10 0 5.0 2.0,126.29199999999975 6.0 3.141592653589793 flow_1_18 0 5.0 2.0,-2.0 275.0 -1.5707963267948966 flow_9_23 0 5.0 2.0,6.0 269.6958288286603 1.5707963267948966 flow_10_16 0 5.0 2.0,194.18837050680146 -2.0 0.0 flow_9_2 0 5.0 2.0,-43.7919999999998 -6.0 0.0 flow_0_7 0 5.0 2.0,6.0 -88.79199999999975 1.5707963267948966 flow_2_19 0 5.0 2.0,44.96334999999985 10.0 3.141592653589793 flow_10_20 0 5.0 2.0,6.0 -43.7919999999998 1.5707963267948966 flow_2_13 0 5.0 2.0,2.0 -141.29199999999973 1.5707963267948966 flow_11_16 0 5.0 2.0,58.791999999999777 6.0 3.141592653589793 flow_1_9 0 5.0 2.0,-111.29199999999975 -6.0 0.0 flow_0_16 0 5.0 2.0,39.76412050680147 -2.0 0.0 flow_9_6 0 5.0 2.0,-20.516617004143997 -2.0 0.0 flow_5_13 0 5.0 2.0,6.0 -96.29199999999975 1.5707963267948966 flow_2_20 0 5.0 2.0,-2.0 63.79204999999973 -1.5707963267948966 flow_9_10 0 5.0 2.0,10.0 -119.64499999999993 1.5707963267948966 flow_4_21 0 5.0 2.0,-119.64499999999993 -2.0 0.0 flow_5_21 0 5.0 2.0,50.99669824585209 2.0 3.141592653589793 flow_6_17 0 5.0 2.0,28.791999999999804 6.0 3.141592653589793 flow_1_5 0 5.0 2.0,-44.96334999999985 -10.0 0.0 flow_8_20 0 5.0 2.0,-39.66216111007219 2.0 3.141592653589793 flow_11_6 0 5.0 2.0,119.64499999999993 10.0 3.141592653589793 flow_10_21 0 5.0 2.0,-28.791999999999804 -6.0 0.0 flow_0_5 0 5.0 2.0,-88.79199999999975 -6.0 0.0 flow_0_13 0 5.0 2.0,-58.791999999999777 -6.0 0.0 flow_0_9 0 5.0 2.0,-6.0 275.0 -1.5707963267948966 flow_3_23 0 5.0 2.0,-6.0 66.29199999999975 -1.5707963267948966 flow_3_16 0 5.0 2.0,-222.60843300680143 10.0 3.141592653589793 flow_11_1 0 5.0 2.0,-120.05384858512947 6.0 3.141592653589793 flow_11_4 0 5.0 2.0,6.0 -21.29199999999986 1.5707963267948966 flow_2_10 0 5.0 2.0,-150.0463616266726 2.0 3.141592653589793 flow_11_3 0 5.0 2.0,-202.995 -6.0 0.0 flow_0_22 0 5.0 2.0,-10.0 275.0 -1.5707963267948966 flow_7_23 0 5.0 2.0,21.29199999999986 6.0 3.141592653589793 flow_1_4 0 5.0 2.0,-2.0 163.7919999999997 -1.5707963267948966 flow_9_19 0 5.0 2.0,-2.0 81.54201249999972 -1.5707963267948966 flow_9_11 0 5.0 2.0,-96.29199999999975 -6.0 0.0 flow_0_14 0 5.0 2.0,-2.0 141.29199999999973 -1.5707963267948966 flow_9_16 0 5.0 2.0,6.0 -51.2919999999998 1.5707963267948966 flow_2_14 0 5.0 2.0,-186.34582882866023 10.0 3.141592653589793 flow_7_17 0 5.0 2.0,2.0 -63.79204999999973 1.5707963267948966 flow_11_10 0 5.0 2.0,6.0 -73.79199999999975 1.5707963267948966 flow_2_17 0 5.0 2.0,-10.0 119.64499999999993 -1.5707963267948966 flow_7_21 0 5.0 2.0,-202.995 -2.0 0.0 flow_5_22 0 5.0 2.0,24.487578828660206 -10.0 0.0 flow_4_19 0 5.0 2.0,222.60843300680143 -6.0 0.0 flow_9_1 0 5.0 2.0,-251.9693705068014 2.0 3.141592653589793 flow_11_0 0 5.0 2.0,275.0 2.0 3.141592653589793 flow_6_23 0 5.0 2.0,73.49669824585206 2.0 3.141592653589793 flow_6_20 0 5.0 2.0,11.116765203389737 2.4394623279997056 -0.6719061991080024 flow_9_7 0 5.0 2.0,2.0 -115.54199999999975 1.5707963267948966 flow_11_13 0 5.0 2.0,-141.29199999999973 -6.0 0.0 flow_0_20 0 5.0 2.0,269.6958288286603 -10.0 0.0 flow_4_16 0 5.0 2.0,2.0 -178.7919999999997 1.5707963267948966 flow_11_21 0 5.0 2.0,-133.79199999999973 -6.0 0.0 flow_0_19 0 5.0 2.0,-6.0 96.29199999999975 -1.5707963267948966 flow_3_20 0 5.0 2.0,102.9958288286602 -10.0 0.0 flow_4_18 0 5.0 2.0,-275.0 -6.0 0.0 flow_0_23 0 5.0 2.0,-58.49669824585209 -2.0 0.0 flow_5_18 0 5.0 2.0,-10.0 202.995 -1.5707963267948966 flow_7_22 0 5.0 2.0,6.0 -81.29199999999975 1.5707963267948966 flow_2_18 0 5.0 2.0,118.79199999999975 6.0 3.141592653589793 flow_1_17 0 5.0 2.0,141.29199999999973 6.0 3.141592653589793 flow_1_20 0 5.0 2.0,-24.487578828660206 10.0 3.141592653589793 flow_7_19 0 5.0 2.0,275.0 10.0 3.141592653589793 flow_10_23 0 5.0 2.0,-275.0 -10.0 0.0 flow_8_23 0 5.0 2.0,-6.0 28.791999999999804 -1.5707963267948966 flow_3_11 0 5.0 2.0,10.0 24.487578828660206 1.5707963267948966 flow_10_19 0 5.0 2.0,2.0 -156.2919999999997 1.5707963267948966 flow_11_18 0 5.0 2.0,2.0 -126.29199999999975 1.5707963267948966 flow_11_14 0 5.0 2.0,20.516617004143997 2.0 3.141592653589793 flow_6_13 0 5.0 2.0,6.0 102.9958288286602 1.5707963267948966 flow_10_18 0 5.0 2.0,43.7919999999998 6.0 3.141592653589793 flow_1_7 0 5.0 2.0,-36.2919999999998 -6.0 0.0 flow_0_6 0 5.0 2.0,-51.2919999999998 -6.0 0.0 flow_0_8 0 5.0 2.0,88.79199999999975 6.0 3.141592653589793 flow_1_13 0 5.0 2.0,6.0 -121.64251884424482 1.5707963267948966 flow_2_21 0 5.0 2.0,-10.0 44.96334999999985 -1.5707963267948966 flow_7_20 0 5.0 2.0,2.0 -102.29199999999975 1.5707963267948966 flow_11_12 0 5.0 2.0,-2.0 23.792149999999709 -1.5707963267948966 flow_9_8 0 5.0 2.0,2.0 -275.0 1.5707963267948966 flow_11_23 0 5.0 2.0,-6.0 202.995 -1.5707963267948966 flow_3_22 0 5.0 2.0,-21.29199999999986 -6.0 0.0 flow_0_4 0 5.0 2.0,10.0 -44.96334999999985 1.5707963267948966 flow_4_20 0 5.0 2.0,160.06709550680137 -6.0 0.0 flow_9_3 0 5.0 2.0,119.64499999999993 2.0 3.141592653589793 flow_6_21 0 5.0 2.0,251.9693705068014 -2.0 0.0 flow_9_0 0 5.0 2.0,-65.99669824585209 -2.0 0.0 flow_5_19 0 5.0 2.0,133.79199999999973 6.0 3.141592653589793 flow_1_19 0 5.0 2.0,-2.0 126.29199999999975 -1.5707963267948966 flow_9_14 0 5.0 2.0,-148.83415568883405 -6.0 0.0 flow_0_21 0 5.0 2.0,-202.995 -10.0 0.0 flow_8_22 0 5.0 2.0,-126.29199999999975 -6.0 0.0 flow_0_18 0 5.0 2.0,2.0 -171.2919999999997 1.5707963267948966 flow_11_20 0 5.0 2.0,86.77247050680119 -6.0 0.0 flow_9_5 0 5.0 2.0,275.0 6.0 3.141592653589793 flow_1_23 0 5.0 2.0,-2.0 148.7919999999997 -1.5707963267948966 flow_9_17 0 5.0 2.0,35.99669824585209 2.0 3.141592653589793 flow_6_15 0 5.0 2.0,-6.0 -102.9958288286602 -1.5707963267948966 flow_8_18 0 5.0 2.0,-6.0 88.79199999999975 -1.5707963267948966 flow_3_19 0 5.0 2.0,6.0 -36.2919999999998 1.5707963267948966 flow_2_12 0 5.0 2.0,10.0 -275.0 1.5707963267948966 flow_4_23 0 5.0 2.0,2.0 -81.54201249999972 1.5707963267948966 flow_11_11 0 5.0 2.0,81.29199999999975 6.0 3.141592653589793 flow_1_12 0 5.0 2.0,-118.79199999999975 -6.0 0.0 flow_0_17 0 5.0 2.0,-73.79199999999975 -6.0 0.0 flow_0_11 0 5.0 2.0,-6.0 21.29199999999986 -1.5707963267948966 flow_3_10 0 5.0 2.0,73.79199999999975 6.0 3.141592653589793 flow_1_11 0 5.0 2.0,6.0 -58.791999999999777 1.5707963267948966 flow_2_15 0 5.0 2.0,-73.49669824585206 -2.0 0.0 flow_5_20 0 5.0 2.0,2.0 -204.86545950007509 1.5707963267948966 flow_11_22 0 5.0 2.0,-2.0 156.2919999999997 -1.5707963267948966 flow_9_18 0 5.0 2.0,-119.64499999999993 -10.0 0.0 flow_8_21 0 5.0 2.0,148.83415568883405 6.0 3.141592653589793 flow_1_21 0 5.0 2.0,-2.0 204.86545950007509 -1.5707963267948966 flow_9_22 0 5.0 2.0,-2.0 171.2919999999997 -1.5707963267948966 flow_9_20 0 5.0 2.0,6.0 -28.791999999999804 1.5707963267948966 flow_2_11 0 5.0 2.0,-10.0 -24.487578828660206 -1.5707963267948966 flow_8_19 0 5.0 2.0,10.0 186.34582882866023 1.5707963267948966 flow_10_17 0 5.0 2.0,-2.0 102.29199999999975 -1.5707963267948966 flow_9_12 0 5.0 2.0,-275.0 -2.0 0.0 flow_5_23 0 5.0 2.0,36.2919999999998 6.0 3.141592653589793 flow_1_6 0 5.0 2.0,111.29199999999975 6.0 3.141592653589793 flow_1_16 0 5.0 2.0,103.79199999999975 6.0 3.141592653589793 flow_1_15 0 5.0 2.0,186.34582882866023 -10.0 0.0 flow_4_17 0 5.0 2.0,-6.0 121.64251884424482 -1.5707963267948966 flow_3_21 0 5.0 2.0,-6.0 58.791999999999777 -1.5707963267948966 flow_3_15 0 5.0 2.0,2.0 -148.7919999999997 1.5707963267948966 flow_11_17 0 5.0 2.0,-102.9958288286602 10.0 3.141592653589793 flow_7_18 0 5.0 2.0,-103.79199999999975 -6.0 0.0 flow_0_15 0 5.0 2.0,2.0 -23.792149999999709 1.5707963267948966 flow_11_8 0 5.0 2.0,96.29199999999975 6.0 3.141592653589793 flow_1_14 0 5.0 2.0,-6.0 36.2919999999998 -1.5707963267948966 flow_3_12 0 5.0 2.0,202.995 6.0 3.141592653589793 flow_1_22 0 5.0 2.0,6.0 -202.995 1.5707963267948966 flow_2_22 0 5.0 2.0,-28.496698245852146 -2.0 0.0 flow_5_14 0 5.0 2.0,6.0 -275.0 1.5707963267948966 flow_2_23 0 5.0 2.0,2.0 -41.62544999999972 1.5707963267948966 flow_11_9 0 5.0 2.0,2.0 -133.79199999999973 1.5707963267948966 flow_11_15 0 5.0 2.0,-43.49669824585209 -2.0 0.0 flow_5_16 0 5.0 2.0,-2.0 178.7919999999997 -1.5707963267948966 flow_9_21 0 5.0 2.0,202.995 2.0 3.141592653589793 flow_6_22 0 5.0 2.0,-194.18837050680146 6.0 3.141592653589793 flow_11_2 0 5.0 2.0,65.99669824585209 2.0 3.141592653589793 flow_6_19 0 5.0 2.0,-50.99669824585209 -2.0 0.0 flow_5_17 0 5.0 2.0,-269.6958288286603 6.0 3.141592653589793 flow_7_16 0 5.0 2.0,28.496698245852146 2.0 3.141592653589793 flow_6_14 0 5.0 2.0,-2.0 133.79199999999973 -1.5707963267948966 flow_9_15 0 5.0 2.0,-2.0 41.62544999999972 -1.5707963267948966 flow_9_9 0 5.0 2.0,2.0 -163.7919999999997 1.5707963267948966 flow_11_19 0 5.0 2.0,10.0 -202.995 1.5707963267948966 flow_4_22 0 5.0 2.0,-82.18899744295354 2.0 3.141592653589793 flow_11_5 0 5.0 2.0,51.2919999999998 6.0 3.141592653589793 flow_1_8 0 5.0 2.0,6.0 -66.29199999999975 1.5707963267948966 flow_2_16 0 5.0 2.0,-6.0 81.29199999999975 -1.5707963267948966 flow_3_18 0 5.0 2.0,-81.29199999999975 -6.0 0.0 flow_0_12 0 5.0 2.0,-6.0 73.79199999999975 -1.5707963267948966 flow_3_17 0 5.0 2.0,58.49669824585209 2.0 3.141592653589793 flow_6_18 0 5.0 2.0,-6.0 51.2919999999998 -1.5707963267948966 flow_3_14 0 5.0 2.0,-66.29199999999975 -6.0 0.0 flow_0_10 0 5.0 2.0,-2.0 115.54199999999975 -1.5707963267948966 flow_9_13 0 5.0 2.0,202.995 10.0 3.141592653589793 flow_10_22 0 5.0 2.0,-6.0 -269.6958288286603 -1.5707963267948966 flow_8_16 0 5.0 2.0,;road_0_1_0 r r g,road_1_0_1 g r g,road_1_2_3 g r g,road_2_1_2 r r g,
-23.264120506801477 2.0 3.141592653589793 flow_11_7 0 5.0 2.0,43.49669824585209 2.0 3.141592653589793 flow_6_16 0 5.0 2.0,-10.0 -203.01582882866024 -1.5707963267948966 flow_8_17 0 5.0 2.0,-6.0 43.7919999999998 -1.5707963267948966 flow_3_13 0 5.0 2.0,137.9491705068014 -2.0 0.0 flow_9_4 0 5.0 2.0,-35.99669824585209 -2.0 0.0 flow_5_15 0 5.0 2.0,66.29199999999975 6.0 3.141592653589793 flow_1_10 0 5.0 2.0,126.29199999999975 6.0 3.141592653589793 flow_1_18 0 5.0 2.0,299.0 2.0 3.141592653589793 flow_6_24 0 5.0 2.0,-2.0 264.0 -1.5707963267948966 flow_9_23 0 5.0 2.0,6.0 286.3658288286603 1.5707963267948966 flow_10_16 0 5.0 2.0,210.85837050680147 -2.0 0.0 flow_9_2 0 5.0 2.0,-43.7919999999998 -6.0 0.0 flow_0_7 0 5.0 2.0,6.0 -88.79199999999975 1.5707963267948966 flow_2_19 0 5.0 2.0,-2.0 299.0 -1.5707963267948966 flow_9_24 0 5.0 2.0,36.63004999999987 10.0 3.141592653589793 flow_10_20 0 5.0 2.0,6.0 -43.7919999999998 1.5707963267948966 flow_2_13 0 5.0 2.0,2.0 -141.29199999999973 1.5707963267948966 flow_11_16 0 5.0 2.0,58.791999999999777 6.0 3.141592653589793 flow_1_9 0 5.0 2.0,-111.29199999999975 -6.0 0.0 flow_0_16 0 5.0 2.0,56.26577050680147 -2.0 0.0 flow_9_6 0 5.0 2.0,-20.516617004143997 -2.0 0.0 flow_5_13 0 5.0 2.0,6.0 -96.29199999999975 1.5707963267948966 flow_2_20 0 5.0 2.0,-2.0 55.458749999999728 -1.5707963267948966 flow_9_10 0 5.0 2.0,10.0 -102.97499999999991 1.5707963267948966 flow_4_21 0 5.0 2.0,-104.10010024374415 -2.0 0.0 flow_5_21 0 5.0 2.0,50.99669824585209 2.0 3.141592653589793 flow_6_17 0 5.0 2.0,28.791999999999804 6.0 3.141592653589793 flow_1_5 0 5.0 2.0,-36.63004999999987 -10.0 0.0 flow_8_20 0 5.0 2.0,-56.061851713342907 5.334000000000001 3.141592653589793 flow_11_6 1 5.0 2.0,102.97499999999991 10.0 3.141592653589793 flow_10_21 0 5.0 2.0,-28.791999999999804 -6.0 0.0 flow_0_5 0 5.0 2.0,-88.79199999999975 -6.0 0.0 flow_0_13 0 5.0 2.0,299.0 6.0 3.141592653589793 flow_1_24 0 5.0 2.0,-58.791999999999777 -6.0 0.0 flow_0_9 0 5.0 2.0,-6.0 264.0 -1.5707963267948966 flow_3_23 0 5.0 2.0,-6.0 66.29199999999975 -1.5707963267948966 flow_3_16 0 5.0 2.0,-239.27843300680144 10.0 3.141592653589793 flow_11_1 0 5.0 2.0,-136.72384858512948 6.0 3.141592653589793 flow_11_4 0 5.0 2.0,6.0 -21.29199999999986 1.5707963267948966 flow_2_10 0 5.0 2.0,-166.7163616266726 2.0 3.141592653589793 flow_11_3 0 5.0 2.0,-186.42585340428944 -6.0 0.0 flow_0_22 0 5.0 2.0,-10.0 264.0 -1.5707963267948966 flow_7_23 0 5.0 2.0,21.29199999999986 6.0 3.141592653589793 flow_1_4 0 5.0 2.0,-2.0 163.7919999999997 -1.5707963267948966 flow_9_19 0 5.0 2.0,-2.0 73.12537499999974 -1.5707963267948966 flow_9_11 0 5.0 2.0,-96.29199999999975 -6.0 0.0 flow_0_14 0 5.0 2.0,-2.0 141.29199999999973 -1.5707963267948966 flow_9_16 0 5.0 2.0,6.0 -51.2919999999998 1.5707963267948966 flow_2_14 0 5.0 2.0,-203.01582882866024 10.0 3.141592653589793 flow_7_17 0 5.0 2.0,2.0 -55.458749999999728 1.5707963267948966 flow_11_10 0 5.0 2.0,6.0 -73.79199999999975 1.5707963267948966 flow_2_17 0 5.0 2.0,-10.0 102.97499999999991 -1.5707963267948966 flow_7_21 0 5.0 2.0,-186.325 -2.0 0.0 flow_5_22 0 5.0 2.0,37.820878828660209 -10.0 0.0 flow_4_19 0 5.0 2.0,239.27843300680144 -6.0 0.0 flow_9_1 0 5.0 2.0,-268.6393705068014 2.0 3.141592653589793 flow_11_0 0 5.0 2.0,264.0 2.0 3.141592653589793 flow_6_23 0 5.0 2.0,73.49669824585206 2.0 3.141592653589793 flow_6_20 0 5.0 2.0,23.264120506801477 -2.0 0.0 flow_9_7 0 5.0 2.0,2.0 -111.04199999999975 1.5707963267948966 flow_11_13 0 5.0 2.0,-141.29199999999973 -6.0 0.0 flow_0_20 0 5.0 2.0,286.3658288286603 -10.0 0.0 flow_4_16 0 5.0 2.0,2.0 -178.7919999999997 1.5707963267948966 flow_11_21 0 5.0 2.0,-133.79199999999973 -6.0 0.0 flow_0_19 0 5.0 2.0,-6.0 96.29199999999975 -1.5707963267948966 flow_3_20 0 5.0 2.0,119.66582882866021 -10.0 0.0 flow_4_18 0 5.0 2.0,-264.0 -6.0 0.0 flow_0_23 0 5.0 2.0,-299.0 -10.0 0.0 flow_8_24 0 5.0 2.0,-58.49669824585209 -2.0 0.0 flow_5_18 0 5.0 2.0,-10.0 186.325 -1.5707963267948966 flow_7_22 0 5.0 2.0,6.0 -81.29199999999975 1.5707963267948966 flow_2_18 0 5.0 2.0,118.79199999999975 6.0 3.141592653589793 flow_1_17 0 5.0 2.0,141.29199999999973 6.0 3.141592653589793 flow_1_20 0 5.0 2.0,-37.820878828660209 10.0 3.141592653589793 flow_7_19 -1 5.0 2.0,264.0 10.0 3.141592653589793 flow_10_23 0 5.0 2.0,-264.0 -10.0 0.0 flow_8_23 0 5.0 2.0,-6.0 28.791999999999804 -1.5707963267948966 flow_3_11 0 5.0 2.0,10.0 37.820878828660209 1.5707963267948966 flow_10_19 0 5.0 2.0,2.0 -156.2919999999997 1.5707963267948966 flow_11_18 0 5.0 2.0,2.0 -125.29199999999975 1.5707963267948966 flow_11_14 0 5.0 2.0,20.516617004143997 2.0 3.141592653589793 flow_6_13 0 5.0 2.0,6.0 119.66582882866021 1.5707963267948966 flow_10_18 0 5.0 2.0,43.7919999999998 6.0 3.141592653589793 flow_1_7 0 5.0 2.0,2.0 -299.0 1.5707963267948966 flow_11_24 0 5.0 2.0,-36.2919999999998 -6.0 0.0 flow_0_6 0 5.0 2.0,-51.2919999999998 -6.0 0.0 flow_0_8 0 5.0 2.0,88.79199999999975 6.0 3.141592653589793 flow_1_13 0 5.0 2.0,6.0 -111.21755653273454 1.5707963267948966 flow_2_21 0 5.0 2.0,-10.0 36.63004999999987 -1.5707963267948966 flow_7_20 0 5.0 2.0,2.0 -95.29199999999975 1.5707963267948966 flow_11_12 0 5.0 2.0,-0.611470742207232 15.711189421324497 -1.136351103767131 flow_9_8 0 5.0 2.0,2.0 -264.0 1.5707963267948966 flow_11_23 0 5.0 2.0,-6.0 186.325 -1.5707963267948966 flow_3_22 0 5.0 2.0,-21.29199999999986 -6.0 0.0 flow_0_4 0 5.0 2.0,10.0 -36.63004999999987 1.5707963267948966 flow_4_20 0 5.0 2.0,176.73709550680139 -6.0 0.0 flow_9_3 0 5.0 2.0,104.10010024374415 2.0 3.141592653589793 flow_6_21 0 5.0 2.0,-299.0 -6.0 0.0 flow_0_24 0 5.0 2.0,268.6393705068014 -2.0 0.0 flow_9_0 0 5.0 2.0,-299.0 -2.0 0.0 flow_5_24 0 5.0 2.0,-65.99669824585209 -2.0 0.0 flow_5_19 0 5.0 2.0,133.79199999999973 6.0 3.141592653589793 flow_1_19 0 5.0 2.0,-2.0 125.29199999999975 -1.5707963267948966 flow_9_14 0 5.0 2.0,-148.7919999999997 -6.0 0.0 flow_0_21 0 5.0 2.0,-186.325 -10.0 0.0 flow_8_22 0 5.0 2.0,-126.29199999999975 -6.0 0.0 flow_0_18 0 5.0 2.0,2.0 -171.2919999999997 1.5707963267948966 flow_11_20 0 5.0 2.0,103.44247050680117 -6.0 0.0 flow_9_5 0 5.0 2.0,264.0 6.0 3.141592653589793 flow_1_23 0 5.0 2.0,-2.0 148.7919999999997 -1.5707963267948966 flow_9_17 0 5.0 2.0,35.99669824585209 2.0 3.141592653589793 flow_6_15 0 5.0 2.0,-10.0 299.0 -1.5707963267948966 flow_7_24 0 5.0 2.0,-6.0 -119.66582882866021 -1.5707963267948966 flow_8_18 0 5.0 2.0,-6.0 88.79199999999975 -1.5707963267948966 flow_3_19 0 5.0 2.0,6.0 -36.2919999999998 1.5707963267948966 flow_2_12 0 5.0 2.0,10.0 -264.0 1.5707963267948966 flow_4_23 0 5.0 2.0,2.0 -73.12537499999974 1.5707963267948966 flow_11_11 0 5.0 2.0,81.29199999999975 6.0 3.141592653589793 flow_1_12 0 5.0 2.0,-118.79199999999975 -6.0 0.0 flow_0_17 0 5.0 2.0,-73.79199999999975 -6.0 0.0 flow_0_11 0 5.0 2.0,-6.0 21.29199999999986 -1.5707963267948966 flow_3_10 0 5.0 2.0,73.79199999999975 6.0 3.141592653589793 flow_1_11 0 5.0 2.0,6.0 -58.791999999999777 1.5707963267948966 flow_2_15 0 5.0 2.0,-73.49669824585206 -2.0 0.0 flow_5_20 0 5.0 2.0,2.0 -194.1863785002252 1.5707963267948966 flow_11_22 0 5.0 2.0,-2.0 156.2919999999997 -1.5707963267948966 flow_9_18 0 5.0 2.0,-102.97499999999991 -10.0 0.0 flow_8_21 0 5.0 2.0,148.7919999999997 6.0 3.141592653589793 flow_1_21 0 5.0 2.0,-2.0 194.1863785002252 -1.5707963267948966 flow_9_22 0 5.0 2.0,-2.0 171.2919999999997 -1.5707963267948966 flow_9_20 0 5.0 2.0,6.0 -28.791999999999804 1.5707963267948966 flow_2_11 0 5.0 2.0,-10.0 -37.820878828660209 -1.5707963267948966 flow_8_19 0 5.0 2.0,299.0 10.0 3.141592653589793 flow_10_24 0 5.0 2.0,10.0 203.01582882866024 1.5707963267948966 flow_10_17 0 5.0 2.0,-2.0 95.29199999999975 -1.5707963267948966 flow_9_12 0 5.0 2.0,-264.0 -2.0 0.0 flow_5_23 0 5.0 2.0,36.2919999999998 6.0 3.141592653589793 flow_1_6 0 5.0 2.0,111.29199999999975 6.0 3.141592653589793 flow_1_16 0 5.0 2.0,103.79199999999975 6.0 3.141592653589793 flow_1_15 0 5.0 2.0,203.01582882866024 -10.0 0.0 flow_4_17 0 5.0 2.0,-6.0 111.21755653273454 -1.5707963267948966 flow_3_21 0 5.0 2.0,-6.0 58.791999999999777 -1.5707963267948966 flow_3_15 0 5.0 2.0,2.0 -148.7919999999997 1.5707963267948966 flow_11_17 0 5.0 2.0,-119.66582882866021 10.0 3.141592653589793 flow_7_18 0 5.0 2.0,-103.79199999999975 -6.0 0.0 flow_0_15 0 5.0 2.0,0.611470742207232 -15.711189421324497 2.0052415498226625 flow_11_8 0 5.0 2.0,96.29199999999975 6.0 3.141592653589793 flow_1_14 0 5.0 2.0,-6.0 36.2919999999998 -1.5707963267948966 flow_3_12 0 5.0 2.0,186.42585340428944 6.0 3.141592653589793 flow_1_22 0 5.0 2.0,6.0 -186.325 1.5707963267948966 flow_2_22 0 5.0 2.0,-28.496698245852146 -2.0 0.0 flow_5_14 0 5.0 2.0,6.0 -264.0 1.5707963267948966 flow_2_23 0 5.0 2.0,2.0 -33.29214999999971 1.5707963267948966 flow_11_9 0 5.0 2.0,-6.0 299.0 -1.5707963267948966 flow_3_24 0 5.0 2.0,2.0 -133.79199999999973 1.5707963267948966 flow_11_15 0 5.0 2.0,-43.49669824585209 -2.0 0.0 flow_5_16 0 5.0 2.0,-2.0 178.7919999999997 -1.5707963267948966 flow_9_21 0 5.0 2.0,186.325 2.0 3.141592653589793 flow_6_22 0 5.0 2.0,10.0 -299.0 1.5707963267948966 flow_4_24 0 5.0 2.0,-210.85837050680147 6.0 3.141592653589793 flow_11_2 0 5.0 2.0,65.99669824585209 2.0 3.141592653589793 flow_6_19 0 5.0 2.0,-50.99669824585209 -2.0 0.0 flow_5_17 0 5.0 2.0,6.0 -299.0 1.5707963267948966 flow_2_24 0 5.0 2.0,-286.3658288286603 6.0 3.141592653589793 flow_7_16 0 5.0 2.0,28.496698245852146 2.0 3.141592653589793 flow_6_14 0 5.0 2.0,-2.0 133.79199999999973 -1.5707963267948966 flow_9_15 0 5.0 2.0,-2.0 33.29214999999971 -1.5707963267948966 flow_9_9 0 5.0 2.0,2.0 -163.7919999999997 1.5707963267948966 flow_11_19 0 5.0 2.0,10.0 -186.325 1.5707963267948966 flow_4_22 0 5.0 2.0,-98.85899744295355 2.0 3.141592653589793 flow_11_5 0 5.0 2.0,51.2919999999998 6.0 3.141592653589793 flow_1_8 0 5.0 2.0,6.0 -66.29199999999975 1.5707963267948966 flow_2_16 0 5.0 2.0,-6.0 81.29199999999975 -1.5707963267948966 flow_3_18 0 5.0 2.0,-81.29199999999975 -6.0 0.0 flow_0_12 0 5.0 2.0,-6.0 73.79199999999975 -1.5707963267948966 flow_3_17 0 5.0 2.0,58.49669824585209 2.0 3.141592653589793 flow_6_18 0 5.0 2.0,-6.0 51.2919999999998 -1.5707963267948966 flow_3_14 0 5.0 2.0,-66.29199999999975 -6.0 0.0 flow_0_10 0 5.0 2.0,-2.0 111.04199999999975 -1.5707963267948966 flow_9_13 0 5.0 2.0,186.325 10.0 3.141592653589793 flow_10_22 0 5.0 2.0,-6.0 -286.3658288286603 -1.5707963267948966 flow_8_16 0 5.0 2.0,;road_0_1_0 r r g,road_1_0_1 g r g,road_1_2_3 g r g,road_2_1_2 r r g,
-38.59742050680148 2.0 3.141592653589793 flow_11_7 0 5.0 2.0,43.49669824585209 2.0 3.141592653589793 flow_6_16 0 5.0 2.0,-10.0 -219.68582882866026 -1.5707963267948966 flow_8_17 0 5.0 2.0,-6.0 43.7919999999998 -1.5707963267948966 flow_3_13 0 5.0 2.0,154.61917050680143 -2.0 0.0 flow_9_4 0 5.0 2.0,-35.99669824585209 -2.0 0.0 flow_5_15 0 5.0 2.0,66.29199999999975 6.0 3.141592653589793 flow_1_10 0 5.0 2.0,126.29199999999975 6.0 3.141592653589793 flow_1_18 0 5.0 2.0,296.0 2.0 3.141592653589793 flow_6_24 0 5.0 2.0,-2.0 251.0 -1.5707963267948966 flow_9_23 0 5.0 2.0,227.52837050680149 -2.0 0.0 flow_9_2 0 5.0 2.0,-43.7919999999998 -6.0 0.0 flow_0_7 0 5.0 2.0,6.0 -88.79199999999975 1.5707963267948966 flow_2_19 0 5.0 2.0,-2.0 296.0 -1.5707963267948966 flow_9_24 0 5.0 2.0,28.29674999999986 10.0 3.141592653589793 flow_10_20 0 5.0 2.0,6.0 -43.7919999999998 1.5707963267948966 flow_2_13 0 5.0 2.0,2.0 -141.29199999999973 1.5707963267948966 flow_11_16 0 5.0 2.0,58.791999999999777 6.0 3.141592653589793 flow_1_9 0 5.0 2.0,-111.29199999999975 -6.0 0.0 flow_0_16 0 5.0 2.0,72.93577050680148 -2.0 0.0 flow_9_6 0 5.0 2.0,-20.516617004143997 -2.0 0.0 flow_5_13 0 5.0 2.0,6.0 -96.29199999999975 1.5707963267948966 flow_2_20 0 5.0 2.0,-2.0 47.12544999999972 -1.5707963267948966 flow_9_10 0 5.0 2.0,10.0 -86.3049999999999 1.5707963267948966 flow_4_21 0 5.0 2.0,-91.93030073123259 -2.0 0.0 flow_5_21 0 5.0 2.0,50.99669824585209 2.0 3.141592653589793 flow_6_17 0 5.0 2.0,28.791999999999804 6.0 3.141592653589793 flow_1_5 0 5.0 2.0,-28.29674999999986 -10.0 0.0 flow_8_20 0 5.0 2.0,86.3049999999999 10.0 3.141592653589793 flow_10_21 0 5.0 2.0,-28.791999999999804 -6.0 0.0 flow_0_5 0 5.0 2.0,-88.79199999999975 -6.0 0.0 flow_0_13 0 5.0 2.0,296.0 6.0 3.141592653589793 flow_1_24 0 5.0 2.0,-58.791999999999777 -6.0 0.0 flow_0_9 0 5.0 2.0,-6.0 251.0 -1.5707963267948966 flow_3_23 0 5.0 2.0,-6.0 66.29199999999975 -1.5707963267948966 flow_3_16 0 5.0 2.0,-255.94843300680146 10.0 3.141592653589793 flow_11_1 0 5.0 2.0,-153.3938485851295 6.0 3.141592653589793 flow_11_4 0 5.0 2.0,6.0 -21.29199999999986 1.5707963267948966 flow_2_10 0 5.0 2.0,-183.38636162667263 2.0 3.141592653589793 flow_11_3 0 5.0 2.0,-172.20756021286833 -6.0 0.0 flow_0_22 0 5.0 2.0,-10.0 251.0 -1.5707963267948966 flow_7_23 0 5.0 2.0,21.29199999999986 6.0 3.141592653589793 flow_1_4 0 5.0 2.0,-2.0 163.7919999999997 -1.5707963267948966 flow_9_19 0 5.0 2.0,-2.0 64.79207499999973 -1.5707963267948966 flow_9_11 0 5.0 2.0,-96.29199999999975 -6.0 0.0 flow_0_14 0 5.0 2.0,-2.0 141.29199999999973 -1.5707963267948966 flow_9_16 0 5.0 2.0,6.0 -51.2919999999998 1.5707963267948966 flow_2_14 0 5.0 2.0,-219.68582882866026 10.0 3.141592653589793 flow_7_17 0 5.0 2.0,2.0 -47.12544999999972 1.5707963267948966 flow_11_10 0 5.0 2.0,6.0 -73.79199999999975 1.5707963267948966 flow_2_17 0 5.0 2.0,-10.0 86.3049999999999 -1.5707963267948966 flow_7_21 0 5.0 2.0,-169.65499999999998 -2.0 0.0 flow_5_22 0 5.0 2.0,53.15417882866021 -10.0 0.0 flow_4_19 0 5.0 2.0,255.94843300680146 -6.0 0.0 flow_9_1 0 5.0 2.0,-285.30937050680145 2.0 3.141592653589793 flow_11_0 0 5.0 2.0,251.0 2.0 3.141592653589793 flow_6_23 0 5.0 2.0,73.49669824585206 2.0 3.141592653589793 flow_6_20 0 5.0 2.0,38.59742050680148 -5.266660000000001 0.0 flow_9_7 1 5.0 2.0,2.0 -104.54199999999975 1.5707963267948966 flow_11_13 0 5.0 2.0,-141.29199999999973 -6.0 0.0 flow_0_20 0 5.0 2.0,2.0 -178.7919999999997 1.5707963267948966 flow_11_21 0 5.0 2.0,-133.79199999999973 -6.0 0.0 flow_0_19 0 5.0 2.0,-6.0 96.29199999999975 -1.5707963267948966 flow_3_20 0 5.0 2.0,136.33582882866024 -10.0 0.0 flow_4_18 0 5.0 2.0,-251.0 -6.0 0.0 flow_0_23 0 5.0 2.0,-296.0 -10.0 0.0 flow_8_24 0 5.0 2.0,-58.49669824585209 -2.0 0.0 flow_5_18 0 5.0 2.0,-10.0 169.65499999999998 -1.5707963267948966 flow_7_22 0 5.0 2.0,6.0 -81.29199999999975 1.5707963267948966 flow_2_18 0 5.0 2.0,118.79199999999975 6.0 3.141592653589793 flow_1_17 0 5.0 2.0,141.29199999999973 6.0 3.141592653589793 flow_1_20 0 5.0 2.0,-53.15417882866021 10.0 3.141592653589793 flow_7_19 0 5.0 2.0,251.0 10.0 3.141592653589793 flow_10_23 0 5.0 2.0,-251.0 -10.0 0.0 flow_8_23 0 5.0 2.0,-6.0 28.791999999999804 -1.5707963267948966 flow_3_11 0 5.0 2.0,10.0 53.15417882866021 1.5707963267948966 flow_10_19 0 5.0 2.0,2.0 -156.2919999999997 1.5707963267948966 flow_11_18 0 5.0 2.0,2.0 -122.29199999999975 1.5707963267948966 flow_11_14 0 5.0 2.0,20.516617004143997 2.0 3.141592653589793 flow_6_13 0 5.0 2.0,6.0 136.33582882866024 1.5707963267948966 flow_10_18 0 5.0 2.0,43.7919999999998 6.0 3.141592653589793 flow_1_7 0 5.0 2.0,2.0 -296.0 1.5707963267948966 flow_11_24 0 5.0 2.0,-36.2919999999998 -6.0 0.0 flow_0_6 0 5.0 2.0,-51.2919999999998 -6.0 0.0 flow_0_8 0 5.0 2.0,88.79199999999975 6.0 3.141592653589793 flow_1_13 0 5.0 2.0,6.0 -105.2925942212243 1.5707963267948966 flow_2_21 0 5.0 2.0,-10.0 28.29674999999986 -1.5707963267948966 flow_7_20 0 5.0 2.0,2.0 -86.29199999999975 1.5707963267948966 flow_11_12 0 5.0 2.0,4.900992036356186 8.218515285291332 -0.8214056483751642 flow_9_8 0 5.0 2.0,2.0 -251.0 1.5707963267948966 flow_11_23 0 5.0 2.0,-72.7318517133429 6.0 3.141592653589793 flow_11_6 0 5.0 2.0,-6.0 169.65499999999998 -1.5707963267948966 flow_3_22 0 5.0 2.0,-21.29199999999986 -6.0 0.0 flow_0_4 0 5.0 2.0,10.0 -28.29674999999986 1.5707963267948966 flow_4_20 0 5.0 2.0,193.4070955068014 -6.0 0.0 flow_9_3 0 5.0 2.0,91.93030073123259 2.0 3.141592653589793 flow_6_21 0 5.0 2.0,-296.0 -6.0 0.0 flow_0_24 0 5.0 2.0,285.30937050680145 -2.0 0.0 flow_9_0 0 5.0 2.0,-296.0 -2.0 0.0 flow_5_24 0 5.0 2.0,-65.99669824585209 -2.0 0.0 flow_5_19 0 5.0 2.0,133.79199999999973 6.0 3.141592653589793 flow_1_19 0 5.0 2.0,-2.0 122.29199999999975 -1.5707963267948966 flow_9_14 0 5.0 2.0,-148.7919999999997 -6.0 0.0 flow_0_21 0 5.0 2.0,-169.65499999999998 -10.0 0.0 flow_8_22 0 5.0 2.0,-126.29199999999975 -6.0 0.0 flow_0_18 0 5.0 2.0,2.0 -171.2919999999997 1.5707963267948966 flow_11_20 0 5.0 2.0,120.11247050680119 -6.0 0.0 flow_9_5 0 5.0 2.0,251.0 6.0 3.141592653589793 flow_1_23 0 5.0 2.0,-2.0 148.7919999999997 -1.5707963267948966 flow_9_17 0 5.0 2.0,35.99669824585209 2.0 3.141592653589793 flow_6_15 0 5.0 2.0,-10.0 296.0 -1.5707963267948966 flow_7_24 0 5.0 2.0,-6.0 -136.33582882866024 -1.5707963267948966 flow_8_18 0 5.0 2.0,-6.0 88.79199999999975 -1.5707963267948966 flow_3_19 0 5.0 2.0,6.0 -36.2919999999998 1.5707963267948966 flow_2_12 0 5.0 2.0,10.0 -251.0 1.5707963267948966 flow_4_23 0 5.0 2.0,2.0 -64.79207499999973 1.5707963267948966 flow_11_11 0 5.0 2.0,81.29199999999975 6.0 3.141592653589793 flow_1_12 0 5.0 2.0,-118.79199999999975 -6.0 0.0 flow_0_17 0 5.0 2.0,-73.79199999999975 -6.0 0.0 flow_0_11 0 5.0 2.0,-6.0 21.29199999999986 -1.5707963267948966 flow_3_10 0 5.0 2.0,73.79199999999975 6.0 3.141592653589793 flow_1_11 0 5.0 2.0,6.0 -58.791999999999777 1.5707963267948966 flow_2_15 0 5.0 2.0,-73.49669824585206 -2.0 0.0 flow_5_20 0 5.0 2.0,2.0 -188.0072975003754 1.5707963267948966 flow_11_22 0 5.0 2.0,-2.0 156.2919999999997 -1.5707963267948966 flow_9_18 0 5.0 2.0,-86.3049999999999 -10.0 0.0 flow_8_21 0 5.0 2.0,148.7919999999997 6.0 3.141592653589793 flow_1_21 0 5.0 2.0,-2.0 188.0072975003754 -1.5707963267948966 flow_9_22 0 5.0 2.0,-2.0 171.2919999999997 -1.5707963267948966 flow_9_20 0 5.0 2.0,6.0 -28.791999999999804 1.5707963267948966 flow_2_11 0 5.0 2.0,-10.0 -53.15417882866021 -1.5707963267948966 flow_8_19 0 5.0 2.0,296.0 10.0 3.141592653589793 flow_10_24 0 5.0 2.0,10.0 219.68582882866026 1.5707963267948966 flow_10_17 0 5.0 2.0,-2.0 86.29199999999975 -1.5707963267948966 flow_9_12 0 5.0 2.0,-251.0 -2.0 0.0 flow_5_23 0 5.0 2.0,36.2919999999998 6.0 3.141592653589793 flow_1_6 0 5.0 2.0,111.29199999999975 6.0 3.141592653589793 flow_1_16 0 5.0 2.0,103.79199999999975 6.0 3.141592653589793 flow_1_15 0 5.0 2.0,219.68582882866026 -10.0 0.0 flow_4_17 0 5.0 2.0,-6.0 105.2925942212243 -1.5707963267948966 flow_3_21 0 5.0 2.0,-6.0 58.791999999999777 -1.5707963267948966 flow_3_15 0 5.0 2.0,2.0 -148.7919999999997 1.5707963267948966 flow_11_17 0 5.0 2.0,-136.33582882866024 10.0 3.141592653589793 flow_7_18 0 5.0 2.0,-103.79199999999975 -6.0 0.0 flow_0_15 0 5.0 2.0,-4.900992036356186 -8.218515285291332 2.320187005214629 flow_11_8 0 5.0 2.0,96.29199999999975 6.0 3.141592653589793 flow_1_14 0 5.0 2.0,-6.0 36.2919999999998 -1.5707963267948966 flow_3_12 0 5.0 2.0,172.20756021286833 6.0 3.141592653589793 flow_1_22 0 5.0 2.0,6.0 -169.65499999999998 1.5707963267948966 flow_2_22 0 5.0 2.0,-28.496698245852146 -2.0 0.0 flow_5_14 0 5.0 2.0,6.0 -251.0 1.5707963267948966 flow_2_23 0 5.0 2.0,2.0 -24.9588499999997 1.5707963267948966 flow_11_9 0 5.0 2.0,-6.0 296.0 -1.5707963267948966 flow_3_24 0 5.0 2.0,2.0 -133.04199999999975 1.5707963267948966 flow_11_15 0 5.0 2.0,-43.49669824585209 -2.0 0.0 flow_5_16 0 5.0 2.0,-2.0 178.7919999999997 -1.5707963267948966 flow_9_21 0 5.0 2.0,169.65499999999998 2.0 3.141592653589793 flow_6_22 0 5.0 2.0,10.0 -296.0 1.5707963267948966 flow_4_24 0 5.0 2.0,-227.52837050680149 6.0 3.141592653589793 flow_11_2 0 5.0 2.0,65.99669824585209 2.0 3.141592653589793 flow_6_19 0 5.0 2.0,-50.99669824585209 -2.0 0.0 flow_5_17 0 5.0 2.0,6.0 -296.0 1.5707963267948966 flow_2_24 0 5.0 2.0,28.496698245852146 2.0 3.141592653589793 flow_6_14 0 5.0 2.0,-2.0 133.04199999999975 -1.5707963267948966 flow_9_15 0 5.0 2.0,-2.0 24.9588499999997 -1.5707963267948966 flow_9_9 0 5.0 2.0,2.0 -163.7919999999997 1.5707963267948966 flow_11_19 0 5.0 2.0,10.0 -169.65499999999998 1.5707963267948966 flow_4_22 0 5.0 2.0,-115.52899744295356 2.0 3.141592653589793 flow_11_5 0 5.0 2.0,51.2919999999998 6.0 3.141592653589793 flow_1_8 0 5.0 2.0,6.0 -66.29199999999975 1.5707963267948966 flow_2_16 0 5.0 2.0,-6.0 81.29199999999975 -1.5707963267948966 flow_3_18 0 5.0 2.0,-81.29199999999975 -6.0 0.0 flow_0_12 0 5.0 2.0,-6.0 73.79199999999975 -1.5707963267948966 flow_3_17 0 5.0 2.0,58.49669824585209 2.0 3.141592653589793 flow_6_18 0 5.0 2.0,-6.0 51.2919999999998 -1.5707963267948966 flow_3_14 0 5.0 2.0,-66.29199999999975 -6.0 0.0 flow_0_10 0 5.0 2.0,-2.0 104.54199999999975 -1.5707963267948966 flow_9_13 0 5.0 2.0,169.65499999999998 10.0 3.141592653589793 flow_10_22 0 5.0 2.0,;road_0_1_0 r r g,road_1_0_1 g r g,road_1_2_3 g r g,road_2_1_2 r r g,
-55.09907050680148 2.0 3.141592653589793 flow_11_7 0 5.0 2.0,43.49669824585209 2.0 3.141592653589793 flow_6_16 0 5.0 2.0,-10.0 -236.35582882866027 -1.5707963267948966 flow_8_17 0 5.0 2.0,-6.0 43.7919999999998 -1.5707963267948966 flow_3_13 0 5.0 2.0,171.28917050680145 -2.0 0.0 flow_9_4 0 5.0 2.0,-35.99669824585209 -2.0 0.0 flow_5_15 0 5.0 2.0,66.29199999999975 6.0 3.141592653589793 flow_1_10 0 5.0 2.0,126.29199999999975 6.0 3.141592653589793 flow_1_18 0 5.0 2.0,291.0 2.0 3.141592653589793 flow_6_24 0 5.0 2.0,-2.0 236.0 -1.5707963267948966 flow_9_23 0 5.0 2.0,244.1983705068015 -2.0 0.0 flow_9_2 0 5.0 2.0,-43.7919999999998 -6.0 0.0 flow_0_7 0 5.0 2.0,6.0 -88.79199999999975 1.5707963267948966 flow_2_19 0 5.0 2.0,-2.0 291.0 -1.5707963267948966 flow_9_24 0 5.0 2.0,19.96350051833775 10.001921025350646 3.0890095919788518 flow_10_20 0 5.0 2.0,6.0 -43.7919999999998 1.5707963267948966 flow_2_13 0 5.0 2.0,2.0 -141.29199999999973 1.5707963267948966 flow_11_16 0 5.0 2.0,58.791999999999777 6.0 3.141592653589793 flow_1_9 0 5.0 2.0,-111.29199999999975 -6.0 0.0 flow_0_16 0 5.0 2.0,89.60577050680148 -2.0 0.0 flow_9_6 0 5.0 2.0,-20.516617004143997 -2.0 0.0 flow_5_13 0 5.0 2.0,6.0 -96.29199999999975 1.5707963267948966 flow_2_20 0 5.0 2.0,-2.0 38.79214999999971 -1.5707963267948966 flow_9_10 0 5.0 2.0,10.0 -69.63499999999988 1.5707963267948966 flow_4_21 0 5.0 2.0,-84.260501218721 -2.0 0.0 flow_5_21 0 5.0 2.0,50.99669824585209 2.0 3.141592653589793 flow_6_17 0 5.0 2.0,28.791999999999804 6.0 3.141592653589793 flow_1_5 0 5.0 2.0,-19.96350051833775 -10.001921025350646 -0.05258306161094157 flow_8_20 0 5.0 2.0,69.63499999999988 10.0 3.141592653589793 flow_10_21 0 5.0 2.0,-28.791999999999804 -6.0 0.0 flow_0_5 0 5.0 2.0,-88.79199999999975 -6.0 0.0 flow_0_13 0 5.0 2.0,291.0 6.0 3.141592653589793 flow_1_24 0 5.0 2.0,-58.791999999999777 -6.0 0.0 flow_0_9 0 5.0 2.0,-6.0 236.0 -1.5707963267948966 flow_3_23 0 5.0 2.0,-6.0 66.29199999999975 -1.5707963267948966 flow_3_16 0 5.0 2.0,-272.61843300680149 10.0 3.141592653589793 flow_11_1 0 5.0 2.0,-170.0638485851295 6.0 3.141592653589793 flow_11_4 0 5.0 2.0,6.0 -21.29199999999986 1.5707963267948966 flow_2_10 0 5.0 2.0,-200.05636162667265 2.0 3.141592653589793 flow_11_3 0 5.0 2.0,-162.48926702144719 -6.0 0.0 flow_0_22 0 5.0 2.0,-10.0 236.0 -1.5707963267948966 flow_7_23 0 5.0 2.0,21.29199999999986 6.0 3.141592653589793 flow_1_4 0 5.0 2.0,-2.0 163.7919999999997 -1.5707963267948966 flow_9_19 0 5.0 2.0,-2.0 56.45877499999972 -1.5707963267948966 flow_9_11 0 5.0 2.0,-96.29199999999975 -6.0 0.0 flow_0_14 0 5.0 2.0,-2.0 141.29199999999973 -1.5707963267948966 flow_9_16 0 5.0 2.0,6.0 -51.2919999999998 1.5707963267948966 flow_2_14 0 5.0 2.0,-236.35582882866027 10.0 3.141592653589793 flow_7_17 0 5.0 2.0,2.0 -38.79214999999971 1.5707963267948966 flow_11_10 0 5.0 2.0,6.0 -73.79199999999975 1.5707963267948966 flow_2_17 0 5.0 2.0,-10.0 69.63499999999988 -1.5707963267948966 flow_7_21 0 5.0 2.0,-152.98499999999997 -2.0 0.0 flow_5_22 0 5.0 2.0,69.6558288286602 -10.0 0.0 flow_4_19 0 5.0 2.0,272.61843300680149 -6.0 0.0 flow_9_1 0 5.0 2.0,236.0 2.0 3.141592653589793 flow_6_23 0 5.0 2.0,73.49669824585206 2.0 3.141592653589793 flow_6_20 0 5.0 2.0,2.0 -96.04199999999975 1.5707963267948966 flow_11_13 0 5.0 2.0,-141.29199999999973 -6.0 0.0 flow_0_20 0 5.0 2.0,2.0 -178.7919999999997 1.5707963267948966 flow_11_21 0 5.0 2.0,-133.79199999999973 -6.0 0.0 flow_0_19 0 5.0 2.0,-6.0 96.29199999999975 -1.5707963267948966 flow_3_20 0 5.0 2.0,153.0058288286602 -10.0 0.0 flow_4_18 0 5.0 2.0,-236.0 -6.0 0.0 flow_0_23 0 5.0 2.0,-291.0 -10.0 0.0 flow_8_24 0 5.0 2.0,-58.49669824585209 -2.0 0.0 flow_5_18 0 5.0 2.0,-10.0 152.98499999999997 -1.5707963267948966 flow_7_22 0 5.0 2.0,6.0 -81.29199999999975 1.5707963267948966 flow_2_18 0 5.0 2.0,118.79199999999975 6.0 3.141592653589793 flow_1_17 0 5.0 2.0,141.29199999999973 6.0 3.141592653589793 flow_1_20 0 5.0 2.0,-69.6558288286602 10.0 3.141592653589793 flow_7_19 0 5.0 2.0,236.0 10.0 3.141592653589793 flow_10_23 0 5.0 2.0,-236.0 -10.0 0.0 flow_8_23 0 5.0 2.0,-6.0 28.791999999999804 -1.5707963267948966 flow_3_11 0 5.0 2.0,10.0 69.6558288286602 1.5707963267948966 flow_10_19 0 5.0 2.0,2.0 -156.2919999999997 1.5707963267948966 flow_11_18 0 5.0 2.0,2.0 -117.29199999999975 1.5707963267948966 flow_11_14 0 5.0 2.0,20.516617004143997 2.0 3.141592653589793 flow_6_13 0 5.0 2.0,6.0 153.0058288286602 1.5707963267948966 flow_10_18 0 5.0 2.0,43.7919999999998 6.0 3.141592653589793 flow_1_7 0 5.0 2.0,2.0 -291.0 1.5707963267948966 flow_11_24 0 5.0 2.0,-36.2919999999998 -6.0 0.0 flow_0_6 0 5.0 2.0,-51.2919999999998 -6.0 0.0 flow_0_8 0 5.0 2.0,88.79199999999975 6.0 3.141592653589793 flow_1_13 0 5.0 2.0,6.0 -103.79199999999975 1.5707963267948966 flow_2_21 0 5.0 2.0,-10.001921025350646 19.96350051833775 -1.6233793884058383 flow_7_20 0 5.0 2.0,2.0 -76.18190349132402 1.5707963267948966 flow_11_12 0 5.0 2.0,13.408197096275245 0.7786513904600732 -0.5752373395209119 flow_9_8 0 5.0 2.0,2.0 -236.0 1.5707963267948966 flow_11_23 0 5.0 2.0,-89.40185171334291 6.0 3.141592653589793 flow_11_6 0 5.0 2.0,-6.0 152.98499999999997 -1.5707963267948966 flow_3_22 0 5.0 2.0,-21.29199999999986 -6.0 0.0 flow_0_4 0 5.0 2.0,10.001921025350646 -19.96350051833775 1.518213265183955 flow_4_20 0 5.0 2.0,210.0770955068014 -6.0 0.0 flow_9_3 0 5.0 2.0,84.260501218721 2.0 3.141592653589793 flow_6_21 0 5.0 2.0,-291.0 -6.0 0.0 flow_0_24 0 5.0 2.0,-291.0 -2.0 0.0 flow_5_24 0 5.0 2.0,-65.99669824585209 -2.0 0.0 flow_5_19 0 5.0 2.0,133.79199999999973 6.0 3.141592653589793 flow_1_19 0 5.0 2.0,-2.0 117.29199999999975 -1.5707963267948966 flow_9_14 0 5.0 2.0,-148.7919999999997 -6.0 0.0 flow_0_21 0 5.0 2.0,-152.98499999999997 -10.0 0.0 flow_8_22 0 5.0 2.0,-126.29199999999975 -6.0 0.0 flow_0_18 0 5.0 2.0,2.0 -171.2919999999997 1.5707963267948966 flow_11_20 0 5.0 2.0,136.7824705068012 -6.0 0.0 flow_9_5 0 5.0 2.0,236.0 6.0 3.141592653589793 flow_1_23 0 5.0 2.0,-2.0 148.7919999999997 -1.5707963267948966 flow_9_17 0 5.0 2.0,35.99669824585209 2.0 3.141592653589793 flow_6_15 0 5.0 2.0,-10.0 291.0 -1.5707963267948966 flow_7_24 0 5.0 2.0,-6.0 -153.0058288286602 -1.5707963267948966 flow_8_18 0 5.0 2.0,-6.0 88.79199999999975 -1.5707963267948966 flow_3_19 0 5.0 2.0,6.0 -36.2919999999998 1.5707963267948966 flow_2_12 0 5.0 2.0,10.0 -236.0 1.5707963267948966 flow_4_23 0 5.0 2.0,2.0 -56.45877499999972 1.5707963267948966 flow_11_11 0 5.0 2.0,81.29199999999975 6.0 3.141592653589793 flow_1_12 0 5.0 2.0,-118.79199999999975 -6.0 0.0 flow_0_17 0 5.0 2.0,-73.79199999999975 -6.0 0.0 flow_0_11 0 5.0 2.0,-6.0 21.29199999999986 -1.5707963267948966 flow_3_10 0 5.0 2.0,73.79199999999975 6.0 3.141592653589793 flow_1_11 0 5.0 2.0,6.0 -58.791999999999777 1.5707963267948966 flow_2_15 0 5.0 2.0,-73.49669824585206 -2.0 0.0 flow_5_20 0 5.0 2.0,2.0 -186.2919999999997 1.5707963267948966 flow_11_22 0 5.0 2.0,-2.0 156.2919999999997 -1.5707963267948966 flow_9_18 0 5.0 2.0,-69.63499999999988 -10.0 0.0 flow_8_21 0 5.0 2.0,148.7919999999997 6.0 3.141592653589793 flow_1_21 0 5.0 2.0,55.09907050680148 -6.0 0.0 flow_9_7 0 5.0 2.0,-2.0 186.2919999999997 -1.5707963267948966 flow_9_22 0 5.0 2.0,-2.0 171.2919999999997 -1.5707963267948966 flow_9_20 0 5.0 2.0,6.0 -28.791999999999804 1.5707963267948966 flow_2_11 0 5.0 2.0,-10.0 -69.6558288286602 -1.5707963267948966 flow_8_19 0 5.0 2.0,291.0 10.0 3.141592653589793 flow_10_24 0 5.0 2.0,10.0 236.35582882866027 1.5707963267948966 flow_10_17 0 5.0 2.0,-2.0 76.18190349132402 -1.5707963267948966 flow_9_12 0 5.0 2.0,-236.0 -2.0 0.0 flow_5_23 0 5.0 2.0,36.2919999999998 6.0 3.141592653589793 flow_1_6 0 5.0 2.0,111.29199999999975 6.0 3.141592653589793 flow_1_16 0 5.0 2.0,103.79199999999975 6.0 3.141592653589793 flow_1_15 0 5.0 2.0,236.35582882866027 -10.0 0.0 flow_4_17 0 5.0 2.0,-6.0 103.79199999999975 -1.5707963267948966 flow_3_21 0 5.0 2.0,-6.0 58.791999999999777 -1.5707963267948966 flow_3_15 0 5.0 2.0,2.0 -148.7919999999997 1.5707963267948966 flow_11_17 0 5.0 2.0,-153.0058288286602 10.0 3.141592653589793 flow_7_18 0 5.0 2.0,-103.79199999999975 -6.0 0.0 flow_0_15 0 5.0 2.0,-13.408197096275245 -0.7786513904600732 2.5663553140688815 flow_11_8 0 5.0 2.0,96.29199999999975 6.0 3.141592653589793 flow_1_14 0 5.0 2.0,-6.0 36.2919999999998 -1.5707963267948966 flow_3_12 0 5.0 2.0,162.48926702144719 6.0 3.141592653589793 flow_1_22 0 5.0 2.0,6.0 -152.98499999999997 1.5707963267948966 flow_2_22 0 5.0 2.0,-28.496698245852146 -2.0 0.0 flow_5_14 0 5.0 2.0,6.0 -236.0 1.5707963267948966 flow_2_23 0 5.0 2.0,1.1025432026949327 -16.769507298217133 2.0052415498226625 flow_11_9 0 5.0 2.0,-6.0 291.0 -1.5707963267948966 flow_3_24 0 5.0 2.0,2.0 -130.5419999999998 1.5707963267948966 flow_11_15 0 5.0 2.0,-43.49669824585209 -2.0 0.0 flow_5_16 0 5.0 2.0,-2.0 178.7919999999997 -1.5707963267948966 flow_9_21 0 5.0 2.0,152.98499999999997 2.0 3.141592653589793 flow_6_22 0 5.0 2.0,10.0 -291.0 1.5707963267948966 flow_4_24 0 5.0 2.0,-244.1983705068015 6.0 3.141592653589793 flow_11_2 0 5.0 2.0,65.99669824585209 2.0 3.141592653589793 flow_6_19 0 5.0 2.0,-50.99669824585209 -2.0 0.0 flow_5_17 0 5.0 2.0,6.0 -291.0 1.5707963267948966 flow_2_24 0 5.0 2.0,28.496698245852146 2.0 3.141592653589793 flow_6_14 0 5.0 2.0,-2.0 130.5419999999998 -1.5707963267948966 flow_9_15 0 5.0 2.0,-1.1025432026949327 16.769507298217133 -1.136351103767131 flow_9_9 0 5.0 2.0,2.0 -163.7919999999997 1.5707963267948966 flow_11_19 0 5.0 2.0,10.0 -152.98499999999997 1.5707963267948966 flow_4_22 0 5.0 2.0,-132.19899744295356 2.0 3.141592653589793 flow_11_5 0 5.0 2.0,51.2919999999998 6.0 3.141592653589793 flow_1_8 0 5.0 2.0,6.0 -66.29199999999975 1.5707963267948966 flow_2_16 0 5.0 2.0,-6.0 81.29199999999975 -1.5707963267948966 flow_3_18 0 5.0 2.0,-81.29199999999975 -6.0 0.0 flow_0_12 0 5.0 2.0,-6.0 73.79199999999975 -1.5707963267948966 flow_3_17 0 5.0 2.0,58.49669824585209 2.0 3.141592653589793 flow_6_18 0 5.0 2.0,-6.0 51.2919999999998 -1.5707963267948966 flow_3_14 0 5.0 2.0,-66.29199999999975 -6.0 0.0 flow_0_10 0 5.0 2.0,-2.0 96.04199999999975 -1.5707963267948966 flow_9_13 0 5.0 2.0,152.98499999999997 10.0 3.141592653589793 flow_10_22 0 5.0 2.0,;road_0_1_0 r r g,road_1_0_1 g r g,road_1_2_3 g r g,road_2_1_2 r r g,
-71.76907050680149 2.0 3.141592653589793 flow_11_7 0 5.0 2.0,43.49669824585209 2.0 3.141592653589793 flow_6_16 0 5.0 2.0,-10.0 -253.02582882866029 -1.5707963267948966 flow_8_17 0 5.0 2.0,-6.0 43.7919999999998 -1.5707963267948966 flow_3_13 0 5.0 2.0,187.95917050680147 -2.0 0.0 flow_9_4 0 5.0 2.0,-35.99669824585209 -2.0 0.0 flow_5_15 0 5.0 2.0,66.29199999999975 6.0 3.141592653589793 flow_1_10 0 5.0 2.0,126.29199999999975 6.0 3.141592653589793 flow_1_18 0 5.0 2.0,284.0 2.0 3.141592653589793 flow_6_24 0 5.0 2.0,-2.0 220.28002261167388 -1.5707963267948966 flow_9_23 0 5.0 2.0,260.8683705068015 -2.0 0.0 flow_9_2 0 5.0 2.0,-43.7919999999998 -6.0 0.0 flow_0_7 0 5.0 2.0,6.0 -88.79199999999975 1.5707963267948966 flow_2_19 0 5.0 2.0,-2.0 284.0 -1.5707963267948966 flow_9_24 0 5.0 2.0,11.700813119107233 13.476783965535605 2.2565258377011836 flow_10_20 0 5.0 2.0,6.0 -43.7919999999998 1.5707963267948966 flow_2_13 0 5.0 2.0,2.0 -140.29199999999973 1.5707963267948966 flow_11_16 0 5.0 2.0,58.791999999999777 6.0 3.141592653589793 flow_1_9 0 5.0 2.0,-111.29199999999975 -6.0 0.0 flow_0_16 0 5.0 2.0,106.27577050680148 -2.0 0.0 flow_9_6 0 5.0 2.0,-20.516617004143997 -2.0 0.0 flow_5_13 0 5.0 2.0,6.0 -96.29199999999975 1.5707963267948966 flow_2_20 0 5.0 2.0,-2.0 30.4588499999997 -1.5707963267948966 flow_9_10 0 5.0 2.0,10.0 -55.21499999999986 1.5707963267948966 flow_4_21 0 5.0 2.0,-81.09070170620947 -2.0 0.0 flow_5_21 0 5.0 2.0,50.99669824585209 2.0 3.141592653589793 flow_6_17 0 5.0 2.0,28.791999999999804 6.0 3.141592653589793 flow_1_5 0 5.0 2.0,-11.700813119107233 -13.476783965535605 -0.8850668158886099 flow_8_20 0 5.0 2.0,55.21499999999986 10.0 3.141592653589793 flow_10_21 0 5.0 2.0,-28.791999999999804 -6.0 0.0 flow_0_5 0 5.0 2.0,-88.79199999999975 -6.0 0.0 flow_0_13 0 5.0 2.0,284.0 6.0 3.141592653589793 flow_1_24 0 5.0 2.0,-58.791999999999777 -6.0 0.0 flow_0_9 0 5.0 2.0,-6.0 219.665 -1.5707963267948966 flow_3_23 0 5.0 2.0,-6.0 66.29199999999975 -1.5707963267948966 flow_3_16 0 5.0 2.0,-289.2884330068015 10.0 3.141592653589793 flow_11_1 0 5.0 2.0,-186.73384858512953 6.0 3.141592653589793 flow_11_4 0 5.0 2.0,6.0 -21.29199999999986 1.5707963267948966 flow_2_10 0 5.0 2.0,-216.72636162667266 2.0 3.141592653589793 flow_11_3 0 5.0 2.0,-157.27097383002605 -6.0 0.0 flow_0_22 0 5.0 2.0,-10.0 219.665 -1.5707963267948966 flow_7_23 0 5.0 2.0,21.29199999999986 6.0 3.141592653589793 flow_1_4 0 5.0 2.0,-2.0 163.7919999999997 -1.5707963267948966 flow_9_19 0 5.0 2.0,-2.0 48.12547499999971 -1.5707963267948966 flow_9_11 0 5.0 2.0,-96.29199999999975 -6.0 0.0 flow_0_14 0 5.0 2.0,-2.0 140.29199999999973 -1.5707963267948966 flow_9_16 0 5.0 2.0,6.0 -51.2919999999998 1.5707963267948966 flow_2_14 0 5.0 2.0,-253.02582882866029 10.0 3.141592653589793 flow_7_17 0 5.0 2.0,2.0 -30.4588499999997 1.5707963267948966 flow_11_10 0 5.0 2.0,6.0 -73.79199999999975 1.5707963267948966 flow_2_17 0 5.0 2.0,-10.0 55.21499999999986 -1.5707963267948966 flow_7_21 0 5.0 2.0,-136.31499999999995 -2.0 0.0 flow_5_22 0 5.0 2.0,86.3258288286602 -10.0 0.0 flow_4_19 0 5.0 2.0,289.2884330068015 -6.0 0.0 flow_9_1 0 5.0 2.0,219.665 2.0 3.141592653589793 flow_6_23 0 5.0 2.0,73.49669824585206 2.0 3.141592653589793 flow_6_20 0 5.0 2.0,2.0 -86.20942761849295 1.5707963267948966 flow_11_13 0 5.0 2.0,-141.29199999999973 -6.0 0.0 flow_0_20 0 5.0 2.0,2.0 -178.7919999999997 1.5707963267948966 flow_11_21 0 5.0 2.0,-133.79199999999973 -6.0 0.0 flow_0_19 0 5.0 2.0,-6.0 96.29199999999975 -1.5707963267948966 flow_3_20 0 5.0 2.0,169.6758288286602 -10.0 0.0 flow_4_18 0 5.0 2.0,-219.665 -6.0 0.0 flow_0_23 0 5.0 2.0,-284.0 -10.0 0.0 flow_8_24 0 5.0 2.0,-58.49669824585209 -2.0 0.0 flow_5_18 0 5.0 2.0,-10.0 136.31499999999995 -1.5707963267948966 flow_7_22 0 5.0 2.0,6.0 -81.29199999999975 1.5707963267948966 flow_2_18 0 5.0 2.0,118.79199999999975 6.0 3.141592653589793 flow_1_17 0 5.0 2.0,141.29199999999973 6.0 3.141592653589793 flow_1_20 0 5.0 2.0,-86.3258288286602 10.0 3.141592653589793 flow_7_19 0 5.0 2.0,219.665 10.0 3.141592653589793 flow_10_23 0 5.0 2.0,-219.665 -10.0 0.0 flow_8_23 0 5.0 2.0,-6.0 28.791999999999804 -1.5707963267948966 flow_3_11 0 5.0 2.0,10.0 86.3258288286602 1.5707963267948966 flow_10_19 0 5.0 2.0,2.0 -156.2919999999997 1.5707963267948966 flow_11_18 0 5.0 2.0,2.0 -110.29199999999975 1.5707963267948966 flow_11_14 0 5.0 2.0,20.516617004143997 2.0 3.141592653589793 flow_6_13 0 5.0 2.0,6.0 169.6758288286602 1.5707963267948966 flow_10_18 0 5.0 2.0,43.7919999999998 6.0 3.141592653589793 flow_1_7 0 5.0 2.0,2.0 -284.0 1.5707963267948966 flow_11_24 0 5.0 2.0,-36.2919999999998 -6.0 0.0 flow_0_6 0 5.0 2.0,-51.2919999999998 -6.0 0.0 flow_0_8 0 5.0 2.0,88.79199999999975 6.0 3.141592653589793 flow_1_13 0 5.0 2.0,6.0 -103.79199999999975 1.5707963267948966 flow_2_21 0 5.0 2.0,-13.476783965535605 11.700813119107233 -2.4558631426835069 flow_7_20 0 5.0 2.0,2.0 -66.90515698264832 1.5707963267948966 flow_11_12 0 5.0 2.0,26.097420506801485 -2.0 0.0 flow_9_8 0 5.0 2.0,2.0 -220.28002261167388 1.5707963267948966 flow_11_23 0 5.0 2.0,-106.07185171334291 6.0 3.141592653589793 flow_11_6 0 5.0 2.0,-6.0 137.03880374533623 -1.5707963267948966 flow_3_22 0 5.0 2.0,-21.29199999999986 -6.0 0.0 flow_0_4 0 5.0 2.0,13.476783965535605 -11.700813119107233 0.6857295109062868 flow_4_20 0 5.0 2.0,226.74709550680144 -6.0 0.0 flow_9_3 0 5.0 2.0,81.09070170620947 2.0 3.141592653589793 flow_6_21 0 5.0 2.0,-284.0 -6.0 0.0 flow_0_24 0 5.0 2.0,-284.0 -2.0 0.0 flow_5_24 0 5.0 2.0,-65.99669824585209 -2.0 0.0 flow_5_19 0 5.0 2.0,133.79199999999973 6.0 3.141592653589793 flow_1_19 0 5.0 2.0,-2.0 110.29199999999975 -1.5707963267948966 flow_9_14 0 5.0 2.0,-148.7919999999997 -6.0 0.0 flow_0_21 0 5.0 2.0,-136.31499999999995 -10.0 0.0 flow_8_22 0 5.0 2.0,-126.29199999999975 -6.0 0.0 flow_0_18 0 5.0 2.0,2.0 -171.2919999999997 1.5707963267948966 flow_11_20 0 5.0 2.0,153.4524705068012 -6.0 0.0 flow_9_5 0 5.0 2.0,219.665 6.0 3.141592653589793 flow_1_23 0 5.0 2.0,-2.0 148.7919999999997 -1.5707963267948966 flow_9_17 0 5.0 2.0,35.99669824585209 2.0 3.141592653589793 flow_6_15 0 5.0 2.0,-10.0 284.0 -1.5707963267948966 flow_7_24 0 5.0 2.0,-6.0 -169.6758288286602 -1.5707963267948966 flow_8_18 0 5.0 2.0,-6.0 88.79199999999975 -1.5707963267948966 flow_3_19 0 5.0 2.0,6.0 -36.2919999999998 1.5707963267948966 flow_2_12 0 5.0 2.0,10.0 -219.665 1.5707963267948966 flow_4_23 0 5.0 2.0,2.0 -48.12547499999971 1.5707963267948966 flow_11_11 0 5.0 2.0,81.29199999999975 6.0 3.141592653589793 flow_1_12 0 5.0 2.0,-118.79199999999975 -6.0 0.0 flow_0_17 0 5.0 2.0,-73.79199999999975 -6.0 0.0 flow_0_11 0 5.0 2.0,-6.0 21.29199999999986 -1.5707963267948966 flow_3_10 0 5.0 2.0,73.79199999999975 6.0 3.141592653589793 flow_1_11 0 5.0 2.0,6.0 -58.791999999999777 1.5707963267948966 flow_2_15 0 5.0 2.0,-73.49669824585206 -2.0 0.0 flow_5_20 0 5.0 2.0,2.0 -186.2919999999997 1.5707963267948966 flow_11_22 0 5.0 2.0,-2.0 156.2919999999997 -1.5707963267948966 flow_9_18 0 5.0 2.0,-55.21499999999986 -10.0 0.0 flow_8_21 0 5.0 2.0,148.7919999999997 6.0 3.141592653589793 flow_1_21 0 5.0 2.0,71.76907050680149 -6.0 0.0 flow_9_7 0 5.0 2.0,-2.0 186.2919999999997 -1.5707963267948966 flow_9_22 0 5.0 2.0,-2.0 171.2919999999997 -1.5707963267948966 flow_9_20 0 5.0 2.0,6.0 -28.791999999999804 1.5707963267948966 flow_2_11 0 5.0 2.0,-10.0 -86.3258288286602 -1.5707963267948966 flow_8_19 0 5.0 2.0,284.0 10.0 3.141592653589793 flow_10_24 0 5.0 2.0,10.0 253.02582882866029 1.5707963267948966 flow_10_17 0 5.0 2.0,-2.0 66.90515698264832 -1.5707963267948966 flow_9_12 0 5.0 2.0,-219.665 -2.0 0.0 flow_5_23 0 5.0 2.0,36.2919999999998 6.0 3.141592653589793 flow_1_6 0 5.0 2.0,111.29199999999975 6.0 3.141592653589793 flow_1_16 0 5.0 2.0,103.79199999999975 6.0 3.141592653589793 flow_1_15 0 5.0 2.0,253.02582882866029 -10.0 0.0 flow_4_17 0 5.0 2.0,-6.0 103.79199999999975 -1.5707963267948966 flow_3_21 0 5.0 2.0,-6.0 58.791999999999777 -1.5707963267948966 flow_3_15 0 5.0 2.0,2.0 -148.7919999999997 1.5707963267948966 flow_11_17 0 5.0 2.0,-169.6758288286602 10.0 3.141592653589793 flow_7_18 0 5.0 2.0,-103.79199999999975 -6.0 0.0 flow_0_15 0 5.0 2.0,-26.097420506801485 2.0 3.141592653589793 flow_11_8 0 5.0 2.0,96.29199999999975 6.0 3.141592653589793 flow_1_14 0 5.0 2.0,-6.0 36.2919999999998 -1.5707963267948966 flow_3_12 0 5.0 2.0,157.27097383002605 6.0 3.141592653589793 flow_1_22 0 5.0 2.0,6.0 -137.03880374533623 1.5707963267948966 flow_2_22 0 5.0 2.0,-28.496698245852146 -2.0 0.0 flow_5_14 0 5.0 2.0,6.0 -219.665 1.5707963267948966 flow_2_23 0 5.0 2.0,-4.106244396950731 -9.072661104024549 2.320187005214629 flow_11_9 0 5.0 2.0,-6.0 284.0 -1.5707963267948966 flow_3_24 0 5.0 2.0,2.0 -126.04199999999986 1.5707963267948966 flow_11_15 0 5.0 2.0,-43.49669824585209 -2.0 0.0 flow_5_16 0 5.0 2.0,-2.0 178.7919999999997 -1.5707963267948966 flow_9_21 0 5.0 2.0,136.31499999999995 2.0 3.141592653589793 flow_6_22 0 5.0 2.0,10.0 -284.0 1.5707963267948966 flow_4_24 0 5.0 2.0,-260.8683705068015 6.0 3.141592653589793 flow_11_2 0 5.0 2.0,65.99669824585209 2.0 3.141592653589793 flow_6_19 0 5.0 2.0,-50.99669824585209 -2.0 0.0 flow_5_17 0 5.0 2.0,6.0 -284.0 1.5707963267948966 flow_2_24 0 5.0 2.0,28.496698245852146 2.0 3.141592653589793 flow_6_14 0 5.0 2.0,-2.0 126.04199999999986 -1.5707963267948966 flow_9_15 0 5.0 2.0,4.106244396950731 9.072661104024549 -0.8214056483751642 flow_9_9 0 5.0 2.0,2.0 -163.7919999999997 1.5707963267948966 flow_11_19 0 5.0 2.0,10.0 -136.31499999999995 1.5707963267948966 flow_4_22 0 5.0 2.0,-148.86899744295358 2.0 3.141592653589793 flow_11_5 0 5.0 2.0,51.2919999999998 6.0 3.141592653589793 flow_1_8 0 5.0 2.0,6.0 -66.29199999999975 1.5707963267948966 flow_2_16 0 5.0 2.0,-6.0 81.29199999999975 -1.5707963267948966 flow_3_18 0 5.0 2.0,-81.29199999999975 -6.0 0.0 flow_0_12 0 5.0 2.0,-6.0 73.79199999999975 -1.5707963267948966 flow_3_17 0 5.0 2.0,58.49669824585209 2.0 3.141592653589793 flow_6_18 0 5.0 2.0,-6.0 51.2919999999998 -1.5707963267948966 flow_3_14 0 5.0 2.0,-66.29199999999975 -6.0 0.0 flow_0_10 0 5.0 2.0,-2.0 86.20942761849295 -1.5707963267948966 flow_9_13 0 5.0 2.0,136.31499999999995 10.0 3.141592653589793 flow_10_22 0 5.0 2.0,;road_0_1_0 r r g,road_1_0_1 g r g,road_1_2_3 g r g,road_2_1_2 r r g,
-88.43907050680149 2.0 3.141592653589793 flow_11_7 0 5.0 2.0,43.49669824585209 2.0 3.141592653589793 flow_6_16 0 5.0 2.0,-10.0 -269.6958288286603 -1.5707963267948966 flow_8_17 0 5.0 2.0,-6.0 43.7919999999998 -1.5707963267948966 flow_3_13 0 5.0 2.0,204.62917050680148 -2.0 0.0 flow_9_4 0 5.0 2.0,-35.99669824585209 -2.0 0.0 flow_5_15 0 5.0 2.0,66.29199999999975 6.0 3.141592653589793 flow_1_10 0 5.0 2.0,126.29199999999975 6.0 3.141592653589793 flow_1_18 0 5.0 2.0,275.0 2.0 3.141592653589793 flow_6_24 0 5.0 2.0,-2.0 207.09006783502159 -1.5707963267948966 flow_9_23 0 5.0 2.0,277.5383705068015 -2.0 0.0 flow_9_2 0 5.0 2.0,-43.7919999999998 -6.0 0.0 flow_0_7 0 5.0 2.0,6.0 -88.79199999999975 1.5707963267948966 flow_2_19 0 5.0 2.0,-2.0 275.0 -1.5707963267948966 flow_9_24 0 5.0 2.0,10.0 24.487578828660206 1.5707963267948966 flow_10_20 0 5.0 2.0,6.0 -43.7919999999998 1.5707963267948966 flow_2_13 0 5.0 2.0,2.0 -137.2919999999997 1.5707963267948966 flow_11_16 0 5.0 2.0,58.791999999999777 6.0 3.141592653589793 flow_1_9 0 5.0 2.0,-111.29199999999975 -6.0 0.0 flow_0_16 0 5.0 2.0,122.94577050680148 -2.0 0.0 flow_9_6 0 5.0 2.0,-20.516617004143997 -2.0 0.0 flow_5_13 0 5.0 2.0,6.0 -96.29199999999975 1.5707963267948966 flow_2_20 0 5.0 2.0,-2.0 22.12554999999969 -1.5707963267948966 flow_9_10 0 5.0 2.0,10.0 -44.96334999999985 1.5707963267948966 flow_4_21 0 5.0 2.0,-80.99669824585209 -2.0 0.0 flow_5_21 0 5.0 2.0,50.99669824585209 2.0 3.141592653589793 flow_6_17 0 5.0 2.0,28.791999999999804 6.0 3.141592653589793 flow_1_5 0 5.0 2.0,-10.0 -24.487578828660206 -1.5707963267948966 flow_8_20 0 5.0 2.0,44.96334999999985 10.0 3.141592653589793 flow_10_21 0 5.0 2.0,-28.791999999999804 -6.0 0.0 flow_0_5 0 5.0 2.0,-88.79199999999975 -6.0 0.0 flow_0_13 0 5.0 2.0,275.0 6.0 3.141592653589793 flow_1_24 0 5.0 2.0,-58.791999999999777 -6.0 0.0 flow_0_9 0 5.0 2.0,-6.0 202.995 -1.5707963267948966 flow_3_23 0 5.0 2.0,-6.0 66.29199999999975 -1.5707963267948966 flow_3_16 0 5.0 2.0,-203.40384858512955 6.0 3.141592653589793 flow_11_4 0 5.0 2.0,6.0 -21.29199999999986 1.5707963267948966 flow_2_10 0 5.0 2.0,-233.39636162667268 2.0 3.141592653589793 flow_11_3 0 5.0 2.0,-156.2919999999997 -6.0 0.0 flow_0_22 0 5.0 2.0,-10.0 202.995 -1.5707963267948966 flow_7_23 0 5.0 2.0,21.29199999999986 6.0 3.141592653589793 flow_1_4 0 5.0 2.0,-2.0 163.7919999999997 -1.5707963267948966 flow_9_19 0 5.0 2.0,-2.0 39.7921749999997 -1.5707963267948966 flow_9_11 0 5.0 2.0,-96.29199999999975 -6.0 0.0 flow_0_14 0 5.0 2.0,-2.0 137.2919999999997 -1.5707963267948966 flow_9_16 0 5.0 2.0,6.0 -51.2919999999998 1.5707963267948966 flow_2_14 0 5.0 2.0,-269.6958288286603 10.0 3.141592653589793 flow_7_17 0 5.0 2.0,2.0 -22.12554999999969 1.5707963267948966 flow_11_10 0 5.0 2.0,6.0 -73.79199999999975 1.5707963267948966 flow_2_17 0 5.0 2.0,-10.0 44.96334999999985 -1.5707963267948966 flow_7_21 0 5.0 2.0,-119.64499999999993 -2.0 0.0 flow_5_22 0 5.0 2.0,102.9958288286602 -10.0 0.0 flow_4_19 0 5.0 2.0,202.995 2.0 3.141592653589793 flow_6_23 0 5.0 2.0,73.49669824585206 2.0 3.141592653589793 flow_6_20 0 5.0 2.0,2.0 -76.50912507802502 1.5707963267948966 flow_11_13 0 5.0 2.0,-141.29199999999973 -6.0 0.0 flow_0_20 0 5.0 2.0,2.0 -178.7919999999997 1.5707963267948966 flow_11_21 0 5.0 2.0,-133.79199999999973 -6.0 0.0 flow_0_19 0 5.0 2.0,-6.0 96.29199999999975 -1.5707963267948966 flow_3_20 0 5.0 2.0,186.34582882866023 -10.0 0.0 flow_4_18 0 5.0 2.0,-202.995 -6.0 0.0 flow_0_23 0 5.0 2.0,-275.0 -10.0 0.0 flow_8_24 0 5.0 2.0,-58.49669824585209 -2.0 0.0 flow_5_18 0 5.0 2.0,-10.0 119.64499999999993 -1.5707963267948966 flow_7_22 0 5.0 2.0,6.0 -81.29199999999975 1.5707963267948966 flow_2_18 0 5.0 2.0,118.79199999999975 6.0 3.141592653589793 flow_1_17 0 5.0 2.0,141.29199999999973 6.0 3.141592653589793 flow_1_20 0 5.0 2.0,-102.9958288286602 10.0 3.141592653589793 flow_7_19 0 5.0 2.0,202.995 10.0 3.141592653589793 flow_10_23 0 5.0 2.0,-202.995 -10.0 0.0 flow_8_23 0 5.0 2.0,-6.0 28.791999999999804 -1.5707963267948966 flow_3_11 0 5.0 2.0,10.0 102.9958288286602 1.5707963267948966 flow_10_19 0 5.0 2.0,2.0 -156.2919999999997 1.5707963267948966 flow_11_18 0 5.0 2.0,2.0 -101.29199999999975 1.5707963267948966 flow_11_14 0 5.0 2.0,20.516617004143997 2.0 3.141592653589793 flow_6_13 0 5.0 2.0,6.0 186.34582882866023 1.5707963267948966 flow_10_18 0 5.0 2.0,43.7919999999998 6.0 3.141592653589793 flow_1_7 0 5.0 2.0,2.0 -275.0 1.5707963267948966 flow_11_24 0 5.0 2.0,-36.2919999999998 -6.0 0.0 flow_0_6 0 5.0 2.0,-51.2919999999998 -6.0 0.0 flow_0_8 0 5.0 2.0,88.79199999999975 6.0 3.141592653589793 flow_1_13 0 5.0 2.0,6.0 -103.79199999999975 1.5707963267948966 flow_2_21 0 5.0 2.0,-24.487578828660206 10.0 3.141592653589793 flow_7_20 0 5.0 2.0,2.0 -58.57185698264831 1.5707963267948966 flow_11_12 0 5.0 2.0,41.430720506801488 -2.0 0.0 flow_9_8 0 5.0 2.0,2.0 -207.09006783502159 1.5707963267948966 flow_11_23 0 5.0 2.0,-122.74185171334291 6.0 3.141592653589793 flow_11_6 0 5.0 2.0,-6.0 124.06641123600878 -1.5707963267948966 flow_3_22 0 5.0 2.0,-21.29199999999986 -6.0 0.0 flow_0_4 0 5.0 2.0,24.487578828660206 -10.0 0.0 flow_4_20 0 5.0 2.0,243.41709550680145 -6.0 0.0 flow_9_3 0 5.0 2.0,80.99669824585209 2.0 3.141592653589793 flow_6_21 0 5.0 2.0,-275.0 -6.0 0.0 flow_0_24 0 5.0 2.0,-275.0 -2.0 0.0 flow_5_24 0 5.0 2.0,-65.99669824585209 -2.0 0.0 flow_5_19 0 5.0 2.0,133.79199999999973 6.0 3.141592653589793 flow_1_19 0 5.0 2.0,-2.0 101.29199999999975 -1.5707963267948966 flow_9_14 0 5.0 2.0,-148.7919999999997 -6.0 0.0 flow_0_21 0 5.0 2.0,-119.64499999999993 -10.0 0.0 flow_8_22 0 5.0 2.0,-126.29199999999975 -6.0 0.0 flow_0_18 0 5.0 2.0,2.0 -171.2919999999997 1.5707963267948966 flow_11_20 0 5.0 2.0,170.12247050680123 -6.0 0.0 flow_9_5 0 5.0 2.0,202.995 6.0 3.141592653589793 flow_1_23 0 5.0 2.0,-2.0 148.04199999999973 -1.5707963267948966 flow_9_17 0 5.0 2.0,35.99669824585209 2.0 3.141592653589793 flow_6_15 0 5.0 2.0,-10.0 275.0 -1.5707963267948966 flow_7_24 0 5.0 2.0,-6.0 -186.34582882866023 -1.5707963267948966 flow_8_18 0 5.0 2.0,-6.0 88.79199999999975 -1.5707963267948966 flow_3_19 0 5.0 2.0,6.0 -36.2919999999998 1.5707963267948966 flow_2_12 0 5.0 2.0,10.0 -202.995 1.5707963267948966 flow_4_23 0 5.0 2.0,2.0 -39.7921749999997 1.5707963267948966 flow_11_11 0 5.0 2.0,81.29199999999975 6.0 3.141592653589793 flow_1_12 0 5.0 2.0,-118.79199999999975 -6.0 0.0 flow_0_17 0 5.0 2.0,-73.79199999999975 -6.0 0.0 flow_0_11 0 5.0 2.0,-6.0 21.29199999999986 -1.5707963267948966 flow_3_10 0 5.0 2.0,73.79199999999975 6.0 3.141592653589793 flow_1_11 0 5.0 2.0,6.0 -58.791999999999777 1.5707963267948966 flow_2_15 0 5.0 2.0,-73.49669824585206 -2.0 0.0 flow_5_20 0 5.0 2.0,2.0 -186.2919999999997 1.5707963267948966 flow_11_22 0 5.0 2.0,-2.0 156.2919999999997 -1.5707963267948966 flow_9_18 0 5.0 2.0,-44.96334999999985 -10.0 0.0 flow_8_21 0 5.0 2.0,148.7919999999997 6.0 3.141592653589793 flow_1_21 0 5.0 2.0,88.43907050680149 -6.0 0.0 flow_9_7 0 5.0 2.0,-2.0 186.2919999999997 -1.5707963267948966 flow_9_22 0 5.0 2.0,-2.0 171.2919999999997 -1.5707963267948966 flow_9_20 0 5.0 2.0,6.0 -28.791999999999804 1.5707963267948966 flow_2_11 0 5.0 2.0,-10.0 -102.9958288286602 -1.5707963267948966 flow_8_19 0 5.0 2.0,275.0 10.0 3.141592653589793 flow_10_24 0 5.0 2.0,10.0 269.6958288286603 1.5707963267948966 flow_10_17 0 5.0 2.0,-2.0 58.57185698264831 -1.5707963267948966 flow_9_12 0 5.0 2.0,-202.995 -2.0 0.0 flow_5_23 0 5.0 2.0,36.2919999999998 6.0 3.141592653589793 flow_1_6 0 5.0 2.0,111.29199999999975 6.0 3.141592653589793 flow_1_16 0 5.0 2.0,103.79199999999975 6.0 3.141592653589793 flow_1_15 0 5.0 2.0,269.6958288286603 -10.0 0.0 flow_4_17 0 5.0 2.0,-6.0 103.79199999999975 -1.5707963267948966 flow_3_21 0 5.0 2.0,-6.0 58.791999999999777 -1.5707963267948966 flow_3_15 0 5.0 2.0,2.0 -148.04199999999973 1.5707963267948966 flow_11_17 0 5.0 2.0,-186.34582882866023 10.0 3.141592653589793 flow_7_18 0 5.0 2.0,-103.79199999999975 -6.0 0.0 flow_0_15 0 5.0 2.0,-41.43072050680148 5.266660000000001 3.141592653589793 flow_11_8 1 5.0 2.0,96.29199999999975 6.0 3.141592653589793 flow_1_14 0 5.0 2.0,-6.0 36.2919999999998 -1.5707963267948966 flow_3_12 0 5.0 2.0,156.2919999999997 6.0 3.141592653589793 flow_1_22 0 5.0 2.0,6.0 -124.06641123600878 1.5707963267948966 flow_2_22 0 5.0 2.0,-28.496698245852146 -2.0 0.0 flow_5_14 0 5.0 2.0,6.0 -202.995 1.5707963267948966 flow_2_23 0 5.0 2.0,-12.429262054654869 -1.4133757985993044 2.5663553140688815 flow_11_9 0 5.0 2.0,-6.0 275.0 -1.5707963267948966 flow_3_24 0 5.0 2.0,2.0 -119.54199999999992 1.5707963267948966 flow_11_15 0 5.0 2.0,-43.49669824585209 -2.0 0.0 flow_5_16 0 5.0 2.0,-2.0 178.7919999999997 -1.5707963267948966 flow_9_21 0 5.0 2.0,119.64499999999993 2.0 3.141592653589793 flow_6_22 0 5.0 2.0,10.0 -275.0 1.5707963267948966 flow_4_24 0 5.0 2.0,-277.5383705068015 6.0 3.141592653589793 flow_11_2 0 5.0 2.0,65.99669824585209 2.0 3.141592653589793 flow_6_19 0 5.0 2.0,-50.99669824585209 -2.0 0.0 flow_5_17 0 5.0 2.0,6.0 -275.0 1.5707963267948966 flow_2_24 0 5.0 2.0,28.496698245852146 2.0 3.141592653589793 flow_6_14 0 5.0 2.0,-2.0 119.54199999999992 -1.5707963267948966 flow_9_15 0 5.0 2.0,12.429262054654869 1.4133757985993044 -0.5752373395209119 flow_9_9 0 5.0 2.0,2.0 -163.7919999999997 1.5707963267948966 flow_11_19 0 5.0 2.0,10.0 -119.64499999999993 1.5707963267948966 flow_4_22 0 5.0 2.0,-165.5389974429536 2.0 3.141592653589793 flow_11_5 0 5.0 2.0,51.2919999999998 6.0 3.141592653589793 flow_1_8 0 5.0 2.0,6.0 -66.29199999999975 1.5707963267948966 flow_2_16 0 5.0 2.0,-6.0 81.29199999999975 -1.5707963267948966 flow_3_18 0 5.0 2.0,-81.29199999999975 -6.0 0.0 flow_0_12 0 5.0 2.0,-6.0 73.79199999999975 -1.5707963267948966 flow_3_17 0 5.0 2.0,58.49669824585209 2.0 3.141592653589793 flow_6_18 0 5.0 2.0,-6.0 51.2919999999998 -1.5707963267948966 flow_3_14 0 5.0 2.0,-66.29199999999975 -6.0 0.0 flow_0_10 0 5.0 2.0,-2.0 76.50912507802502 -1.5707963267948966 flow_9_13 0 5.0 2.0,119.64499999999993 10.0 3.141592653589793 flow_10_22 0 5.0 2.0,;road_0_1_0 g g g,road_1_0_1 r r g,road_1_2_3 r r g,road_2_1_2 r r g,
-105.10907050680149 2.0 3.141592653589793 flow_11_7 0 5.0 2.0,43.49669824585209 2.0 3.141592653589793 flow_6_16 0 5.0 2.0,-10.0 -286.3658288286603 -1.5707963267948966 flow_8_17 0 5.0 2.0,-299.0 -10.0 0.0 flow_8_25 0 5.0 2.0,-6.0 43.7919999999998 -1.5707963267948966 flow_3_13 0 5.0 2.0,221.2991705068015 -2.0 0.0 flow_9_4 0 5.0 2.0,-35.99669824585209 -2.0 0.0 flow_5_15 0 5.0 2.0,66.29199999999975 6.0 3.141592653589793 flow_1_10 0 5.0 2.0,126.29199999999975 6.0 3.141592653589793 flow_1_18 0 5.0 2.0,264.0 2.0 3.141592653589793 flow_6_24 0 5.0 2.0,-2.0 198.4001130583693 -1.5707963267948966 flow_9_23 0 5.0 2.0,294.20837050680157 -2.0 0.0 flow_9_2 0 5.0 2.0,-43.7919999999998 -6.0 0.0 flow_0_7 0 5.0 2.0,6.0 -88.79199999999975 1.5707963267948966 flow_2_19 0 5.0 2.0,-2.0 264.0 -1.5707963267948966 flow_9_24 0 5.0 2.0,7.1333400000000009 37.820878828660209 1.5707963267948966 flow_10_20 -1 5.0 2.0,6.0 -43.7919999999998 1.5707963267948966 flow_2_13 0 5.0 2.0,2.0 -132.29199999999973 1.5707963267948966 flow_11_16 0 5.0 2.0,58.791999999999777 6.0 3.141592653589793 flow_1_9 0 5.0 2.0,-111.29199999999975 -6.0 0.0 flow_0_16 0 5.0 2.0,139.61577050680149 -2.0 0.0 flow_9_6 0 5.0 2.0,-20.516617004143997 -2.0 0.0 flow_5_13 0 5.0 2.0,6.0 -96.29199999999975 1.5707963267948966 flow_2_20 0 5.0 2.0,0.2193140423322646 14.270862724298829 -0.9955589872739847 flow_9_10 0 5.0 2.0,10.0 -36.63004999999987 1.5707963267948966 flow_4_21 0 5.0 2.0,-80.99669824585209 -2.0 0.0 flow_5_21 0 5.0 2.0,50.99669824585209 2.0 3.141592653589793 flow_6_17 0 5.0 2.0,28.791999999999804 6.0 3.141592653589793 flow_1_5 0 5.0 2.0,-7.1333400000000009 -37.820878828660209 -1.5707963267948966 flow_8_20 -1 5.0 2.0,36.63004999999987 10.0 3.141592653589793 flow_10_21 0 5.0 2.0,-28.791999999999804 -6.0 0.0 flow_0_5 0 5.0 2.0,-88.79199999999975 -6.0 0.0 flow_0_13 0 5.0 2.0,264.0 6.0 3.141592653589793 flow_1_24 0 5.0 2.0,-58.791999999999777 -6.0 0.0 flow_0_9 0 5.0 2.0,-6.0 186.325 -1.5707963267948966 flow_3_23 0 5.0 2.0,-2.0 299.0 -1.5707963267948966 flow_9_25 0 5.0 2.0,-6.0 66.29199999999975 -1.5707963267948966 flow_3_16 0 5.0 2.0,-220.07384858512956 6.0 3.141592653589793 flow_11_4 0 5.0 2.0,-299.0 -6.0 0.0 flow_0_25 0 5.0 2.0,6.0 -21.29199999999986 1.5707963267948966 flow_2_10 0 5.0 2.0,-250.0663616266727 2.0 3.141592653589793 flow_11_3 0 5.0 2.0,-156.2919999999997 -6.0 0.0 flow_0_22 0 5.0 2.0,-10.0 186.325 -1.5707963267948966 flow_7_23 0 5.0 2.0,21.29199999999986 6.0 3.141592653589793 flow_1_4 0 5.0 2.0,-2.0 163.7919999999997 -1.5707963267948966 flow_9_19 0 5.0 2.0,-2.0 32.50053749999972 -1.5707963267948966 flow_9_11 0 5.0 2.0,-96.29199999999975 -6.0 0.0 flow_0_14 0 5.0 2.0,-2.0 132.29199999999973 -1.5707963267948966 flow_9_16 0 5.0 2.0,6.0 -51.2919999999998 1.5707963267948966 flow_2_14 0 5.0 2.0,-286.3658288286603 10.0 3.141592653589793 flow_7_17 0 5.0 2.0,-0.2193140423322646 -14.270862724298829 2.1460336663158086 flow_11_10 0 5.0 2.0,6.0 -73.79199999999975 1.5707963267948966 flow_2_17 0 5.0 2.0,-10.0 36.63004999999987 -1.5707963267948966 flow_7_21 0 5.0 2.0,-105.18272077572618 -2.0 0.0 flow_5_22 0 5.0 2.0,119.66582882866021 -10.0 0.0 flow_4_19 0 5.0 2.0,186.325 2.0 3.141592653589793 flow_6_23 0 5.0 2.0,73.49669824585206 2.0 3.141592653589793 flow_6_20 0 5.0 2.0,2.0 -67.61541539521972 1.5707963267948966 flow_11_13 0 5.0 2.0,-141.29199999999973 -6.0 0.0 flow_0_20 0 5.0 2.0,2.0 -178.7919999999997 1.5707963267948966 flow_11_21 0 5.0 2.0,-133.79199999999973 -6.0 0.0 flow_0_19 0 5.0 2.0,-6.0 96.29199999999975 -1.5707963267948966 flow_3_20 0 5.0 2.0,203.01582882866024 -10.0 0.0 flow_4_18 0 5.0 2.0,-187.37556333634644 -6.0 0.0 flow_0_23 0 5.0 2.0,-57.93237050680149 6.0 3.141592653589793 flow_11_8 0 5.0 2.0,-264.0 -10.0 0.0 flow_8_24 0 5.0 2.0,-58.49669824585209 -2.0 0.0 flow_5_18 0 5.0 2.0,-10.0 102.97499999999991 -1.5707963267948966 flow_7_22 0 5.0 2.0,6.0 -81.29199999999975 1.5707963267948966 flow_2_18 0 5.0 2.0,118.79199999999975 6.0 3.141592653589793 flow_1_17 0 5.0 2.0,141.29199999999973 6.0 3.141592653589793 flow_1_20 0 5.0 2.0,-119.66582882866021 10.0 3.141592653589793 flow_7_19 0 5.0 2.0,186.325 10.0 3.141592653589793 flow_10_23 0 5.0 2.0,-186.325 -10.0 0.0 flow_8_23 0 5.0 2.0,299.0 10.0 3.141592653589793 flow_10_25 0 5.0 2.0,-6.0 28.791999999999804 -1.5707963267948966 flow_3_11 0 5.0 2.0,10.0 119.66582882866021 1.5707963267948966 flow_10_19 0 5.0 2.0,2.0 -156.2919999999997 1.5707963267948966 flow_11_18 0 5.0 2.0,2.0 -90.33000307637812 1.5707963267948966 flow_11_14 0 5.0 2.0,20.516617004143997 2.0 3.141592653589793 flow_6_13 0 5.0 2.0,10.0 -299.0 1.5707963267948966 flow_4_25 0 5.0 2.0,6.0 203.01582882866024 1.5707963267948966 flow_10_18 0 5.0 2.0,43.7919999999998 6.0 3.141592653589793 flow_1_7 0 5.0 2.0,2.0 -264.0 1.5707963267948966 flow_11_24 0 5.0 2.0,-36.2919999999998 -6.0 0.0 flow_0_6 0 5.0 2.0,-51.2919999999998 -6.0 0.0 flow_0_8 0 5.0 2.0,88.79199999999975 6.0 3.141592653589793 flow_1_13 0 5.0 2.0,6.0 -103.79199999999975 1.5707963267948966 flow_2_21 0 5.0 2.0,-37.820878828660209 10.0 3.141592653589793 flow_7_20 0 5.0 2.0,2.0 -49.91862398698615 1.5707963267948966 flow_11_12 0 5.0 2.0,57.93237050680149 -2.0 0.0 flow_9_8 0 5.0 2.0,2.0 -198.4001130583693 1.5707963267948966 flow_11_23 0 5.0 2.0,-139.4118517133429 6.0 3.141592653589793 flow_11_6 0 5.0 2.0,6.0 -299.0 1.5707963267948966 flow_2_25 0 5.0 2.0,-6.0 115.59401872668133 -1.5707963267948966 flow_3_22 0 5.0 2.0,-299.0 -2.0 0.0 flow_5_25 0 5.0 2.0,-20.29199999999986 -6.0 0.0 flow_0_4 0 5.0 2.0,37.820878828660209 -10.0 0.0 flow_4_20 0 5.0 2.0,260.08709550680148 -6.0 0.0 flow_9_3 0 5.0 2.0,80.99669824585209 2.0 3.141592653589793 flow_6_21 0 5.0 2.0,-264.0 -6.0 0.0 flow_0_24 0 5.0 2.0,-264.0 -2.0 0.0 flow_5_24 0 5.0 2.0,-65.99669824585209 -2.0 0.0 flow_5_19 0 5.0 2.0,133.79199999999973 6.0 3.141592653589793 flow_1_19 0 5.0 2.0,-2.0 90.33000307637812 -1.5707963267948966 flow_9_14 0 5.0 2.0,-10.0 299.0 -1.5707963267948966 flow_7_25 0 5.0 2.0,-148.7919999999997 -6.0 0.0 flow_0_21 0 5.0 2.0,-102.97499999999991 -10.0 0.0 flow_8_22 0 5.0 2.0,-126.29199999999975 -6.0 0.0 flow_0_18 0 5.0 2.0,2.0 -171.2919999999997 1.5707963267948966 flow_11_20 0 5.0 2.0,186.79247050680125 -6.0 0.0 flow_9_5 0 5.0 2.0,187.37556333634644 6.0 3.141592653589793 flow_1_23 0 5.0 2.0,-2.0 145.54199999999978 -1.5707963267948966 flow_9_17 0 5.0 2.0,35.99669824585209 2.0 3.141592653589793 flow_6_15 0 5.0 2.0,-10.0 264.0 -1.5707963267948966 flow_7_24 0 5.0 2.0,-6.0 -203.01582882866024 -1.5707963267948966 flow_8_18 0 5.0 2.0,-6.0 88.79199999999975 -1.5707963267948966 flow_3_19 0 5.0 2.0,6.0 -36.2919999999998 1.5707963267948966 flow_2_12 0 5.0 2.0,10.0 -186.325 1.5707963267948966 flow_4_23 0 5.0 2.0,2.0 -32.50053749999972 1.5707963267948966 flow_11_11 0 5.0 2.0,81.29199999999975 6.0 3.141592653589793 flow_1_12 0 5.0 2.0,-118.79199999999975 -6.0 0.0 flow_0_17 0 5.0 2.0,2.0 -299.0 1.5707963267948966 flow_11_25 0 5.0 2.0,-73.79199999999975 -6.0 0.0 flow_0_11 0 5.0 2.0,-6.0 21.29199999999986 -1.5707963267948966 flow_3_10 0 5.0 2.0,73.79199999999975 6.0 3.141592653589793 flow_1_11 0 5.0 2.0,6.0 -58.791999999999777 1.5707963267948966 flow_2_15 0 5.0 2.0,-73.49669824585206 -2.0 0.0 flow_5_20 0 5.0 2.0,2.0 -186.2919999999997 1.5707963267948966 flow_11_22 0 5.0 2.0,-2.0 156.2919999999997 -1.5707963267948966 flow_9_18 0 5.0 2.0,-36.63004999999987 -10.0 0.0 flow_8_21 0 5.0 2.0,148.7919999999997 6.0 3.141592653589793 flow_1_21 0 5.0 2.0,105.10907050680149 -6.0 0.0 flow_9_7 0 5.0 2.0,-2.0 186.2919999999997 -1.5707963267948966 flow_9_22 0 5.0 2.0,-2.0 171.2919999999997 -1.5707963267948966 flow_9_20 0 5.0 2.0,6.0 -28.791999999999804 1.5707963267948966 flow_2_11 0 5.0 2.0,-10.0 -119.66582882866021 -1.5707963267948966 flow_8_19 0 5.0 2.0,264.0 10.0 3.141592653589793 flow_10_24 0 5.0 2.0,10.0 286.3658288286603 1.5707963267948966 flow_10_17 0 5.0 2.0,-2.0 49.91862398698615 -1.5707963267948966 flow_9_12 0 5.0 2.0,-186.325 -2.0 0.0 flow_5_23 0 5.0 2.0,36.2919999999998 6.0 3.141592653589793 flow_1_6 0 5.0 2.0,111.29199999999975 6.0 3.141592653589793 flow_1_16 0 5.0 2.0,103.79199999999975 6.0 3.141592653589793 flow_1_15 0 5.0 2.0,286.3658288286603 -10.0 0.0 flow_4_17 0 5.0 2.0,-6.0 103.79199999999975 -1.5707963267948966 flow_3_21 0 5.0 2.0,-6.0 58.791999999999777 -1.5707963267948966 flow_3_15 0 5.0 2.0,2.0 -145.54199999999978 1.5707963267948966 flow_11_17 0 5.0 2.0,-203.01582882866024 10.0 3.141592653589793 flow_7_18 0 5.0 2.0,299.0 2.0 3.141592653589793 flow_6_25 0 5.0 2.0,-103.79199999999975 -6.0 0.0 flow_0_15 0 5.0 2.0,-6.0 299.0 -1.5707963267948966 flow_3_25 0 5.0 2.0,96.29199999999975 6.0 3.141592653589793 flow_1_14 0 5.0 2.0,-6.0 36.2919999999998 -1.5707963267948966 flow_3_12 0 5.0 2.0,156.2919999999997 6.0 3.141592653589793 flow_1_22 0 5.0 2.0,6.0 -115.59401872668133 1.5707963267948966 flow_2_22 0 5.0 2.0,-28.496698245852146 -2.0 0.0 flow_5_14 0 5.0 2.0,299.0 6.0 3.141592653589793 flow_1_25 0 5.0 2.0,6.0 -186.325 1.5707963267948966 flow_2_23 0 5.0 2.0,-24.930720506801494 2.0 3.141592653589793 flow_11_9 0 5.0 2.0,-6.0 264.0 -1.5707963267948966 flow_3_24 0 5.0 2.0,2.0 -111.04199999999998 1.5707963267948966 flow_11_15 0 5.0 2.0,-43.49669824585209 -2.0 0.0 flow_5_16 0 5.0 2.0,-2.0 178.7919999999997 -1.5707963267948966 flow_9_21 0 5.0 2.0,105.18272077572618 2.0 3.141592653589793 flow_6_22 0 5.0 2.0,10.0 -264.0 1.5707963267948966 flow_4_24 0 5.0 2.0,-294.20837050680157 6.0 3.141592653589793 flow_11_2 0 5.0 2.0,65.99669824585209 2.0 3.141592653589793 flow_6_19 0 5.0 2.0,-50.99669824585209 -2.0 0.0 flow_5_17 0 5.0 2.0,6.0 -264.0 1.5707963267948966 flow_2_24 0 5.0 2.0,28.496698245852146 2.0 3.141592653589793 flow_6_14 0 5.0 2.0,-2.0 111.04199999999998 -1.5707963267948966 flow_9_15 0 5.0 2.0,24.930720506801494 -2.0 0.0 flow_9_9 0 5.0 2.0,2.0 -163.7919999999997 1.5707963267948966 flow_11_19 0 5.0 2.0,10.0 -102.97499999999991 1.5707963267948966 flow_4_22 0 5.0 2.0,-182.2089974429536 2.0 3.141592653589793 flow_11_5 0 5.0 2.0,51.2919999999998 6.0 3.141592653589793 flow_1_8 0 5.0 2.0,6.0 -66.29199999999975 1.5707963267948966 flow_2_16 0 5.0 2.0,-6.0 81.29199999999975 -1.5707963267948966 flow_3_18 0 5.0 2.0,-81.29199999999975 -6.0 0.0 flow_0_12 0 5.0 2.0,-6.0 73.79199999999975 -1.5707963267948966 flow_3_17 0 5.0 2.0,58.49669824585209 2.0 3.141592653589793 flow_6_18 0 5.0 2.0,-6.0 51.2919999999998 -1.5707963267948966 flow_3_14 0 5.0 2.0,-66.29199999999975 -6.0 0.0 flow_0_10 0 5.0 2.0,-2.0 67.61541539521972 -1.5707963267948966 flow_9_13 0 5.0 2.0,102.97499999999991 10.0 3.141592653589793 flow_10_22 0 5.0 2.0,;road_0_1_0 g g g,road_1_0_1 r r g,road_1_2_3 r r g,road_2_1_2 r r g,
-121.77907050680149 2.0 3.141592653589793 flow_11_7 0 5.0 2.0,43.49669824585209 2.0 3.141592653589793 flow_6_16 0 5.0 2.0,-296.0 -10.0 0.0 flow_8_25 0 5.0 2.0,-6.0 43.7919999999998 -1.5707963267948966 flow_3_13 0 5.0 2.0,237.9691705068015 -2.0 0.0 flow_9_4 0 5.0 2.0,-35.99669824585209 -2.0 0.0 flow_5_15 0 5.0 2.0,66.29199999999975 6.0 3.141592653589793 flow_1_10 0 5.0 2.0,126.29199999999975 6.0 3.141592653589793 flow_1_18 0 5.0 2.0,251.0 2.0 3.141592653589793 flow_6_24 0 5.0 2.0,-2.0 194.210158281717 -1.5707963267948966 flow_9_23 0 5.0 2.0,-43.7919999999998 -6.0 0.0 flow_0_7 0 5.0 2.0,6.0 -88.79199999999975 1.5707963267948966 flow_2_19 0 5.0 2.0,-2.0 251.0 -1.5707963267948966 flow_9_24 0 5.0 2.0,6.0 -43.7919999999998 1.5707963267948966 flow_2_13 0 5.0 2.0,2.0 -125.29199999999972 1.5707963267948966 flow_11_16 0 5.0 2.0,58.791999999999777 6.0 3.141592653589793 flow_1_9 0 5.0 2.0,-111.29199999999975 -6.0 0.0 flow_0_16 0 5.0 2.0,156.2857705068015 -2.0 0.0 flow_9_6 0 5.0 2.0,-20.516617004143997 -2.0 0.0 flow_5_13 0 5.0 2.0,6.0 -96.29199999999975 1.5707963267948966 flow_2_20 0 5.0 2.0,6.036267956329748 6.998390641851885 -0.8214056483751642 flow_9_10 0 5.0 2.0,10.0 -28.29674999999986 1.5707963267948966 flow_4_21 0 5.0 2.0,6.0 53.15417882866021 1.5707963267948966 flow_10_20 0 5.0 2.0,-80.99669824585209 -2.0 0.0 flow_5_21 0 5.0 2.0,50.99669824585209 2.0 3.141592653589793 flow_6_17 0 5.0 2.0,28.791999999999804 6.0 3.141592653589793 flow_1_5 0 5.0 2.0,28.29674999999986 10.0 3.141592653589793 flow_10_21 0 5.0 2.0,-28.04199999999986 -6.0 0.0 flow_0_5 0 5.0 2.0,-88.79199999999975 -6.0 0.0 flow_0_13 0 5.0 2.0,251.0 6.0 3.141592653589793 flow_1_24 0 5.0 2.0,-58.791999999999777 -6.0 0.0 flow_0_9 0 5.0 2.0,-6.0 169.65499999999998 -1.5707963267948966 flow_3_23 0 5.0 2.0,-2.0 296.0 -1.5707963267948966 flow_9_25 0 5.0 2.0,-6.0 66.29199999999975 -1.5707963267948966 flow_3_16 0 5.0 2.0,-236.74384858512958 6.0 3.141592653589793 flow_11_4 0 5.0 2.0,-296.0 -6.0 0.0 flow_0_25 0 5.0 2.0,6.0 -21.29199999999986 1.5707963267948966 flow_2_10 0 5.0 2.0,-266.7363616266727 2.0 3.141592653589793 flow_11_3 0 5.0 2.0,-156.2919999999997 -6.0 0.0 flow_0_22 0 5.0 2.0,-10.0 169.65499999999998 -1.5707963267948966 flow_7_23 0 5.0 2.0,21.29199999999986 6.0 3.141592653589793 flow_1_4 0 5.0 2.0,-2.0 163.7919999999997 -1.5707963267948966 flow_9_19 0 5.0 2.0,-2.0 27.03180937499974 -1.5707963267948966 flow_9_11 0 5.0 2.0,-96.29199999999975 -6.0 0.0 flow_0_14 0 5.0 2.0,-2.0 125.29199999999972 -1.5707963267948966 flow_9_16 0 5.0 2.0,6.0 -51.2919999999998 1.5707963267948966 flow_2_14 0 5.0 2.0,-6.036267956329748 -6.998390641851885 2.320187005214629 flow_11_10 0 5.0 2.0,6.0 -73.79199999999975 1.5707963267948966 flow_2_17 0 5.0 2.0,-10.0 28.29674999999986 -1.5707963267948966 flow_7_21 0 5.0 2.0,-95.17816232717868 -2.0 0.0 flow_5_22 0 5.0 2.0,136.33582882866024 -10.0 0.0 flow_4_19 0 5.0 2.0,169.65499999999998 2.0 3.141592653589793 flow_6_23 0 5.0 2.0,73.49669824585206 2.0 3.141592653589793 flow_6_20 0 5.0 2.0,2.0 -58.990941402447109 1.5707963267948966 flow_11_13 0 5.0 2.0,-141.29199999999973 -6.0 0.0 flow_0_20 0 5.0 2.0,2.0 -178.7919999999997 1.5707963267948966 flow_11_21 0 5.0 2.0,-133.79199999999973 -6.0 0.0 flow_0_19 0 5.0 2.0,-6.0 96.29199999999975 -1.5707963267948966 flow_3_20 0 5.0 2.0,219.68582882866026 -10.0 0.0 flow_4_18 0 5.0 2.0,-175.0566900090393 -6.0 0.0 flow_0_23 0 5.0 2.0,-74.60237050680149 6.0 3.141592653589793 flow_11_8 0 5.0 2.0,-251.0 -10.0 0.0 flow_8_24 0 5.0 2.0,-58.49669824585209 -2.0 0.0 flow_5_18 0 5.0 2.0,-10.0 86.3049999999999 -1.5707963267948966 flow_7_22 0 5.0 2.0,6.0 -81.29199999999975 1.5707963267948966 flow_2_18 0 5.0 2.0,118.79199999999975 6.0 3.141592653589793 flow_1_17 0 5.0 2.0,141.29199999999973 6.0 3.141592653589793 flow_1_20 0 5.0 2.0,-136.33582882866024 10.0 3.141592653589793 flow_7_19 0 5.0 2.0,169.65499999999998 10.0 3.141592653589793 flow_10_23 0 5.0 2.0,-169.65499999999998 -10.0 0.0 flow_8_23 0 5.0 2.0,296.0 10.0 3.141592653589793 flow_10_25 0 5.0 2.0,-6.0 28.791999999999804 -1.5707963267948966 flow_3_11 0 5.0 2.0,10.0 136.33582882866024 1.5707963267948966 flow_10_19 0 5.0 2.0,2.0 -155.2919999999997 1.5707963267948966 flow_11_18 0 5.0 2.0,2.0 -79.13942801970481 1.5707963267948966 flow_11_14 0 5.0 2.0,20.516617004143997 2.0 3.141592653589793 flow_6_13 0 5.0 2.0,10.0 -296.0 1.5707963267948966 flow_4_25 0 5.0 2.0,6.0 219.68582882866026 1.5707963267948966 flow_10_18 0 5.0 2.0,43.7919999999998 6.0 3.141592653589793 flow_1_7 0 5.0 2.0,2.0 -251.0 1.5707963267948966 flow_11_24 0 5.0 2.0,-36.2919999999998 -6.0 0.0 flow_0_6 0 5.0 2.0,-51.2919999999998 -6.0 0.0 flow_0_8 0 5.0 2.0,88.79199999999975 6.0 3.141592653589793 flow_1_13 0 5.0 2.0,6.0 -103.79199999999975 1.5707963267948966 flow_2_21 0 5.0 2.0,-53.15417882866021 10.0 3.141592653589793 flow_7_20 0 5.0 2.0,2.0 -41.73500254989324 1.5707963267948966 flow_11_12 0 5.0 2.0,74.60237050680149 -2.0 0.0 flow_9_8 0 5.0 2.0,2.0 -194.210158281717 1.5707963267948966 flow_11_23 0 5.0 2.0,-156.08185171334294 6.0 3.141592653589793 flow_11_6 0 5.0 2.0,6.0 -296.0 1.5707963267948966 flow_2_25 0 5.0 2.0,-6.0 111.6216262173539 -1.5707963267948966 flow_3_22 0 5.0 2.0,-296.0 -2.0 0.0 flow_5_25 0 5.0 2.0,-17.29199999999986 -6.0 0.0 flow_0_4 0 5.0 2.0,53.15417882866021 -10.0 0.0 flow_4_20 0 5.0 2.0,276.7570955068015 -6.0 0.0 flow_9_3 0 5.0 2.0,80.99669824585209 2.0 3.141592653589793 flow_6_21 0 5.0 2.0,-251.0 -6.0 0.0 flow_0_24 0 5.0 2.0,-251.0 -2.0 0.0 flow_5_24 0 5.0 2.0,-65.99669824585209 -2.0 0.0 flow_5_19 0 5.0 2.0,133.79199999999973 6.0 3.141592653589793 flow_1_19 0 5.0 2.0,-2.0 79.13942801970481 -1.5707963267948966 flow_9_14 0 5.0 2.0,-10.0 296.0 -1.5707963267948966 flow_7_25 0 5.0 2.0,-148.7919999999997 -6.0 0.0 flow_0_21 0 5.0 2.0,-86.3049999999999 -10.0 0.0 flow_8_22 0 5.0 2.0,-126.29199999999975 -6.0 0.0 flow_0_18 0 5.0 2.0,2.0 -171.2919999999997 1.5707963267948966 flow_11_20 0 5.0 2.0,203.46247050680126 -6.0 0.0 flow_9_5 0 5.0 2.0,175.0566900090393 6.0 3.141592653589793 flow_1_23 0 5.0 2.0,-2.0 141.04199999999987 -1.5707963267948966 flow_9_17 0 5.0 2.0,35.99669824585209 2.0 3.141592653589793 flow_6_15 0 5.0 2.0,-10.0 251.0 -1.5707963267948966 flow_7_24 0 5.0 2.0,-6.0 -219.68582882866026 -1.5707963267948966 flow_8_18 0 5.0 2.0,-6.0 88.79199999999975 -1.5707963267948966 flow_3_19 0 5.0 2.0,6.0 -36.2919999999998 1.5707963267948966 flow_2_12 0 5.0 2.0,10.0 -169.65499999999998 1.5707963267948966 flow_4_23 0 5.0 2.0,2.0 -27.03180937499974 1.5707963267948966 flow_11_11 0 5.0 2.0,81.29199999999975 6.0 3.141592653589793 flow_1_12 0 5.0 2.0,-118.79199999999975 -6.0 0.0 flow_0_17 0 5.0 2.0,2.0 -296.0 1.5707963267948966 flow_11_25 0 5.0 2.0,-73.79199999999975 -6.0 0.0 flow_0_11 0 5.0 2.0,-6.0 21.29199999999986 -1.5707963267948966 flow_3_10 0 5.0 2.0,73.79199999999975 6.0 3.141592653589793 flow_1_11 0 5.0 2.0,6.0 -58.791999999999777 1.5707963267948966 flow_2_15 0 5.0 2.0,-73.49669824585206 -2.0 0.0 flow_5_20 0 5.0 2.0,2.0 -186.2919999999997 1.5707963267948966 flow_11_22 0 5.0 2.0,-2.0 155.2919999999997 -1.5707963267948966 flow_9_18 0 5.0 2.0,-28.29674999999986 -10.0 0.0 flow_8_21 0 5.0 2.0,148.7919999999997 6.0 3.141592653589793 flow_1_21 0 5.0 2.0,121.77907050680149 -6.0 0.0 flow_9_7 0 5.0 2.0,-2.0 186.2919999999997 -1.5707963267948966 flow_9_22 0 5.0 2.0,-2.0 171.2919999999997 -1.5707963267948966 flow_9_20 0 5.0 2.0,6.0 -28.791999999999804 1.5707963267948966 flow_2_11 0 5.0 2.0,-10.0 -136.33582882866024 -1.5707963267948966 flow_8_19 0 5.0 2.0,251.0 10.0 3.141592653589793 flow_10_24 0 5.0 2.0,-2.0 41.73500254989324 -1.5707963267948966 flow_9_12 0 5.0 2.0,-169.65499999999998 -2.0 0.0 flow_5_23 0 5.0 2.0,36.2919999999998 6.0 3.141592653589793 flow_1_6 0 5.0 2.0,111.29199999999975 6.0 3.141592653589793 flow_1_16 0 5.0 2.0,103.79199999999975 6.0 3.141592653589793 flow_1_15 0 5.0 2.0,-6.0 103.79199999999975 -1.5707963267948966 flow_3_21 0 5.0 2.0,-6.0 58.791999999999777 -1.5707963267948966 flow_3_15 0 5.0 2.0,2.0 -141.04199999999987 1.5707963267948966 flow_11_17 0 5.0 2.0,-219.68582882866026 10.0 3.141592653589793 flow_7_18 0 5.0 2.0,296.0 2.0 3.141592653589793 flow_6_25 0 5.0 2.0,-103.79199999999975 -6.0 0.0 flow_0_15 0 5.0 2.0,-6.0 296.0 -1.5707963267948966 flow_3_25 0 5.0 2.0,-6.0 -53.15417882866021 -1.5707963267948966 flow_8_20 0 5.0 2.0,96.29199999999975 6.0 3.141592653589793 flow_1_14 0 5.0 2.0,-6.0 36.2919999999998 -1.5707963267948966 flow_3_12 0 5.0 2.0,156.2919999999997 6.0 3.141592653589793 flow_1_22 0 5.0 2.0,6.0 -111.6216262173539 1.5707963267948966 flow_2_22 0 5.0 2.0,-28.496698245852146 -2.0 0.0 flow_5_14 0 5.0 2.0,296.0 6.0 3.141592653589793 flow_1_25 0 5.0 2.0,6.0 -169.65499999999998 1.5707963267948966 flow_2_23 0 5.0 2.0,-40.264020506801497 2.0 3.141592653589793 flow_11_9 0 5.0 2.0,-6.0 251.0 -1.5707963267948966 flow_3_24 0 5.0 2.0,2.0 -100.5705023072837 1.5707963267948966 flow_11_15 0 5.0 2.0,-43.49669824585209 -2.0 0.0 flow_5_16 0 5.0 2.0,-2.0 178.7919999999997 -1.5707963267948966 flow_9_21 0 5.0 2.0,95.17816232717868 2.0 3.141592653589793 flow_6_22 0 5.0 2.0,10.0 -251.0 1.5707963267948966 flow_4_24 0 5.0 2.0,65.99669824585209 2.0 3.141592653589793 flow_6_19 0 5.0 2.0,-50.99669824585209 -2.0 0.0 flow_5_17 0 5.0 2.0,6.0 -251.0 1.5707963267948966 flow_2_24 0 5.0 2.0,28.496698245852146 2.0 3.141592653589793 flow_6_14 0 5.0 2.0,-2.0 100.5705023072837 -1.5707963267948966 flow_9_15 0 5.0 2.0,40.264020506801497 -5.266660000000001 0.0 flow_9_9 1 5.0 2.0,2.0 -163.7919999999997 1.5707963267948966 flow_11_19 0 5.0 2.0,10.0 -86.3049999999999 1.5707963267948966 flow_4_22 0 5.0 2.0,-198.87899744295363 2.0 3.141592653589793 flow_11_5 0 5.0 2.0,51.2919999999998 6.0 3.141592653589793 flow_1_8 0 5.0 2.0,6.0 -66.29199999999975 1.5707963267948966 flow_2_16 0 5.0 2.0,-6.0 81.29199999999975 -1.5707963267948966 flow_3_18 0 5.0 2.0,-81.29199999999975 -6.0 0.0 flow_0_12 0 5.0 2.0,-6.0 73.79199999999975 -1.5707963267948966 flow_3_17 0 5.0 2.0,58.49669824585209 2.0 3.141592653589793 flow_6_18 0 5.0 2.0,-6.0 51.2919999999998 -1.5707963267948966 flow_3_14 0 5.0 2.0,-66.29199999999975 -6.0 0.0 flow_0_10 0 5.0 2.0,-2.0 58.990941402447109 -1.5707963267948966 flow_9_13 0 5.0 2.0,86.3049999999999 10.0 3.141592653589793 flow_10_22 0 5.0 2.0,;road_0_1_0 g g g,road_1_0_1 r r g,road_1_2_3 r r g,road_2_1_2 r r g,
-138.4490705068015 2.0 3.141592653589793 flow_11_7 0 5.0 2.0,43.49669824585209 2.0 3.141592653589793 flow_6_16 0 5.0 2.0,-291.0 -10.0 0.0 flow_8_25 0 5.0 2.0,-6.0 43.7919999999998 -1.5707963267948966 flow_3_13 0 5.0 2.0,254.63917050680153 -2.0 0.0 flow_9_4 0 5.0 2.0,-35.99669824585209 -2.0 0.0 flow_5_15 0 5.0 2.0,66.29199999999975 6.0 3.141592653589793 flow_1_10 0 5.0 2.0,126.29199999999975 6.0 3.141592653589793 flow_1_18 0 5.0 2.0,236.0 2.0 3.141592653589793 flow_6_24 0 5.0 2.0,-2.0 193.7919999999997 -1.5707963267948966 flow_9_23 0 5.0 2.0,-43.7919999999998 -6.0 0.0 flow_0_7 0 5.0 2.0,6.0 -88.79199999999975 1.5707963267948966 flow_2_19 0 5.0 2.0,-2.0 236.0 -1.5707963267948966 flow_9_24 0 5.0 2.0,6.0 -43.7919999999998 1.5707963267948966 flow_2_13 0 5.0 2.0,2.0 -116.29199999999972 1.5707963267948966 flow_11_16 0 5.0 2.0,58.791999999999777 6.0 3.141592653589793 flow_1_9 0 5.0 2.0,-111.29199999999975 -6.0 0.0 flow_0_16 0 5.0 2.0,172.9557705068015 -2.0 0.0 flow_9_6 0 5.0 2.0,-20.516617004143997 -2.0 0.0 flow_5_13 0 5.0 2.0,6.0 -96.29199999999975 1.5707963267948966 flow_2_20 0 5.0 2.0,14.80657983422377 -0.12803558871611576 -0.5752373395209119 flow_9_10 0 5.0 2.0,10.001921025350646 -19.96350051833775 1.518213265183955 flow_4_21 0 5.0 2.0,6.0 69.6558288286602 1.5707963267948966 flow_10_20 0 5.0 2.0,-80.99669824585209 -2.0 0.0 flow_5_21 0 5.0 2.0,50.99669824585209 2.0 3.141592653589793 flow_6_17 0 5.0 2.0,28.791999999999804 6.0 3.141592653589793 flow_1_5 0 5.0 2.0,19.96350051833775 10.001921025350646 3.0890095919788518 flow_10_21 0 5.0 2.0,-25.541999999999974 -6.0 0.0 flow_0_5 0 5.0 2.0,-88.79199999999975 -6.0 0.0 flow_0_13 0 5.0 2.0,236.0 6.0 3.141592653589793 flow_1_24 0 5.0 2.0,56.7656705068015 -6.0 0.0 flow_9_9 0 5.0 2.0,-58.791999999999777 -6.0 0.0 flow_0_9 0 5.0 2.0,-6.0 152.98499999999997 -1.5707963267948966 flow_3_23 0 5.0 2.0,-2.0 291.0 -1.5707963267948966 flow_9_25 0 5.0 2.0,-6.0 66.29199999999975 -1.5707963267948966 flow_3_16 0 5.0 2.0,-253.41384858512959 6.0 3.141592653589793 flow_11_4 0 5.0 2.0,-291.0 -6.0 0.0 flow_0_25 0 5.0 2.0,6.0 -21.29199999999986 1.5707963267948966 flow_2_10 0 5.0 2.0,-283.4063616266727 2.0 3.141592653589793 flow_11_3 0 5.0 2.0,-156.2919999999997 -6.0 0.0 flow_0_22 0 5.0 2.0,-10.0 152.98499999999997 -1.5707963267948966 flow_7_23 0 5.0 2.0,21.29199999999986 6.0 3.141592653589793 flow_1_4 0 5.0 2.0,-2.0 163.0419999999997 -1.5707963267948966 flow_9_19 0 5.0 2.0,-2.0 23.125574999999743 -1.5707963267948966 flow_9_11 0 5.0 2.0,-96.29199999999975 -6.0 0.0 flow_0_14 0 5.0 2.0,-2.0 116.29199999999972 -1.5707963267948966 flow_9_16 0 5.0 2.0,6.0 -51.2919999999998 1.5707963267948966 flow_2_14 0 5.0 2.0,-14.80657983422377 0.12803558871611576 2.5663553140688815 flow_11_10 0 5.0 2.0,6.0 -73.79199999999975 1.5707963267948966 flow_2_17 0 5.0 2.0,-10.001921025350646 19.96350051833775 -1.6233793884058383 flow_7_21 0 5.0 2.0,-89.67360387863119 -2.0 0.0 flow_5_22 0 5.0 2.0,153.0058288286602 -10.0 0.0 flow_4_19 0 5.0 2.0,152.98499999999997 2.0 3.141592653589793 flow_6_23 0 5.0 2.0,73.49669824585206 2.0 3.141592653589793 flow_6_20 0 5.0 2.0,2.0 -50.65420261002254 1.5707963267948966 flow_11_13 0 5.0 2.0,-141.29199999999973 -6.0 0.0 flow_0_20 0 5.0 2.0,2.0 -178.7919999999997 1.5707963267948966 flow_11_21 0 5.0 2.0,-133.79199999999973 -6.0 0.0 flow_0_19 0 5.0 2.0,-6.0 96.29199999999975 -1.5707963267948966 flow_3_20 0 5.0 2.0,236.35582882866027 -10.0 0.0 flow_4_18 0 5.0 2.0,-167.2378166817322 -6.0 0.0 flow_0_23 0 5.0 2.0,-91.2723705068015 6.0 3.141592653589793 flow_11_8 0 5.0 2.0,-236.0 -10.0 0.0 flow_8_24 0 5.0 2.0,-58.49669824585209 -2.0 0.0 flow_5_18 0 5.0 2.0,-10.0 69.63499999999988 -1.5707963267948966 flow_7_22 0 5.0 2.0,6.0 -81.29199999999975 1.5707963267948966 flow_2_18 0 5.0 2.0,118.79199999999975 6.0 3.141592653589793 flow_1_17 0 5.0 2.0,141.29199999999973 6.0 3.141592653589793 flow_1_20 0 5.0 2.0,-153.0058288286602 10.0 3.141592653589793 flow_7_19 0 5.0 2.0,152.98499999999997 10.0 3.141592653589793 flow_10_23 0 5.0 2.0,-152.98499999999997 -10.0 0.0 flow_8_23 0 5.0 2.0,291.0 10.0 3.141592653589793 flow_10_25 0 5.0 2.0,-6.0 28.791999999999804 -1.5707963267948966 flow_3_11 0 5.0 2.0,10.0 153.0058288286602 1.5707963267948966 flow_10_19 0 5.0 2.0,2.0 -152.2919999999997 1.5707963267948966 flow_11_18 0 5.0 2.0,2.0 -69.0366046151066 1.5707963267948966 flow_11_14 0 5.0 2.0,20.516617004143997 2.0 3.141592653589793 flow_6_13 0 5.0 2.0,10.0 -291.0 1.5707963267948966 flow_4_25 0 5.0 2.0,6.0 236.35582882866027 1.5707963267948966 flow_10_18 0 5.0 2.0,43.7919999999998 6.0 3.141592653589793 flow_1_7 0 5.0 2.0,2.0 -236.0 1.5707963267948966 flow_11_24 0 5.0 2.0,-36.2919999999998 -6.0 0.0 flow_0_6 0 5.0 2.0,-51.2919999999998 -6.0 0.0 flow_0_8 0 5.0 2.0,88.79199999999975 6.0 3.141592653589793 flow_1_13 0 5.0 2.0,6.0 -103.79199999999975 1.5707963267948966 flow_2_21 0 5.0 2.0,-69.6558288286602 10.0 3.141592653589793 flow_7_20 0 5.0 2.0,2.0 -35.335746677016178 1.5707963267948966 flow_11_12 0 5.0 2.0,91.2723705068015 -2.0 0.0 flow_9_8 0 5.0 2.0,2.0 -193.7919999999997 1.5707963267948966 flow_11_23 0 5.0 2.0,-172.75185171334295 6.0 3.141592653589793 flow_11_6 0 5.0 2.0,6.0 -291.0 1.5707963267948966 flow_2_25 0 5.0 2.0,-6.0 111.29199999999975 -1.5707963267948966 flow_3_22 0 5.0 2.0,-291.0 -2.0 0.0 flow_5_25 0 5.0 2.0,-14.29199999999986 -6.0 0.0 flow_0_4 0 5.0 2.0,69.6558288286602 -10.0 0.0 flow_4_20 0 5.0 2.0,293.4270955068015 -6.0 0.0 flow_9_3 0 5.0 2.0,80.99669824585209 2.0 3.141592653589793 flow_6_21 0 5.0 2.0,-236.0 -6.0 0.0 flow_0_24 0 5.0 2.0,-236.0 -2.0 0.0 flow_5_24 0 5.0 2.0,-65.99669824585209 -2.0 0.0 flow_5_19 0 5.0 2.0,133.79199999999973 6.0 3.141592653589793 flow_1_19 0 5.0 2.0,-2.0 69.0366046151066 -1.5707963267948966 flow_9_14 0 5.0 2.0,-10.0 291.0 -1.5707963267948966 flow_7_25 0 5.0 2.0,-148.7919999999997 -6.0 0.0 flow_0_21 0 5.0 2.0,-69.63499999999988 -10.0 0.0 flow_8_22 0 5.0 2.0,-126.29199999999975 -6.0 0.0 flow_0_18 0 5.0 2.0,2.0 -171.2919999999997 1.5707963267948966 flow_11_20 0 5.0 2.0,220.13247050680128 -6.0 0.0 flow_9_5 0 5.0 2.0,167.2378166817322 6.0 3.141592653589793 flow_1_23 0 5.0 2.0,-2.0 134.5419999999999 -1.5707963267948966 flow_9_17 0 5.0 2.0,35.99669824585209 2.0 3.141592653589793 flow_6_15 0 5.0 2.0,-10.0 236.0 -1.5707963267948966 flow_7_24 0 5.0 2.0,-6.0 -236.35582882866027 -1.5707963267948966 flow_8_18 0 5.0 2.0,-6.0 88.79199999999975 -1.5707963267948966 flow_3_19 0 5.0 2.0,6.0 -36.2919999999998 1.5707963267948966 flow_2_12 0 5.0 2.0,10.0 -152.98499999999997 1.5707963267948966 flow_4_23 0 5.0 2.0,2.0 -23.125574999999743 1.5707963267948966 flow_11_11 0 5.0 2.0,81.29199999999975 6.0 3.141592653589793 flow_1_12 0 5.0 2.0,-118.79199999999975 -6.0 0.0 flow_0_17 0 5.0 2.0,2.0 -291.0 1.5707963267948966 flow_11_25 0 5.0 2.0,-73.79199999999975 -6.0 0.0 flow_0_11 0 5.0 2.0,-6.0 21.29199999999986 -1.5707963267948966 flow_3_10 0 5.0 2.0,73.79199999999975 6.0 3.141592653589793 flow_1_11 0 5.0 2.0,6.0 -58.791999999999777 1.5707963267948966 flow_2_15 0 5.0 2.0,-73.49669824585206 -2.0 0.0 flow_5_20 0 5.0 2.0,2.0 -186.2919999999997 1.5707963267948966 flow_11_22 0 5.0 2.0,-2.0 152.2919999999997 -1.5707963267948966 flow_9_18 0 5.0 2.0,-19.96350051833775 -10.001921025350646 -0.05258306161094157 flow_8_21 0 5.0 2.0,148.7919999999997 6.0 3.141592653589793 flow_1_21 0 5.0 2.0,138.4490705068015 -6.0 0.0 flow_9_7 0 5.0 2.0,-2.0 186.2919999999997 -1.5707963267948966 flow_9_22 0 5.0 2.0,-2.0 171.2919999999997 -1.5707963267948966 flow_9_20 0 5.0 2.0,6.0 -28.791999999999804 1.5707963267948966 flow_2_11 0 5.0 2.0,-10.0 -153.0058288286602 -1.5707963267948966 flow_8_19 0 5.0 2.0,236.0 10.0 3.141592653589793 flow_10_24 0 5.0 2.0,-2.0 35.335746677016178 -1.5707963267948966 flow_9_12 0 5.0 2.0,-152.98499999999997 -2.0 0.0 flow_5_23 0 5.0 2.0,36.2919999999998 6.0 3.141592653589793 flow_1_6 0 5.0 2.0,111.29199999999975 6.0 3.141592653589793 flow_1_16 0 5.0 2.0,103.79199999999975 6.0 3.141592653589793 flow_1_15 0 5.0 2.0,-6.0 103.79199999999975 -1.5707963267948966 flow_3_21 0 5.0 2.0,-6.0 58.791999999999777 -1.5707963267948966 flow_3_15 0 5.0 2.0,2.0 -134.5419999999999 1.5707963267948966 flow_11_17 0 5.0 2.0,-236.35582882866027 10.0 3.141592653589793 flow_7_18 0 5.0 2.0,291.0 2.0 3.141592653589793 flow_6_25 0 5.0 2.0,-103.79199999999975 -6.0 0.0 flow_0_15 0 5.0 2.0,-6.0 291.0 -1.5707963267948966 flow_3_25 0 5.0 2.0,-6.0 -69.6558288286602 -1.5707963267948966 flow_8_20 0 5.0 2.0,96.29199999999975 6.0 3.141592653589793 flow_1_14 0 5.0 2.0,-6.0 36.2919999999998 -1.5707963267948966 flow_3_12 0 5.0 2.0,156.2919999999997 6.0 3.141592653589793 flow_1_22 0 5.0 2.0,6.0 -111.29199999999975 1.5707963267948966 flow_2_22 0 5.0 2.0,-28.496698245852146 -2.0 0.0 flow_5_14 0 5.0 2.0,291.0 6.0 3.141592653589793 flow_1_25 0 5.0 2.0,6.0 -152.98499999999997 1.5707963267948966 flow_2_23 0 5.0 2.0,-56.7656705068015 2.0 3.141592653589793 flow_11_9 0 5.0 2.0,-6.0 236.0 -1.5707963267948966 flow_3_24 0 5.0 2.0,2.0 -89.43409150940977 1.5707963267948966 flow_11_15 0 5.0 2.0,-43.49669824585209 -2.0 0.0 flow_5_16 0 5.0 2.0,-2.0 178.7919999999997 -1.5707963267948966 flow_9_21 0 5.0 2.0,89.67360387863119 2.0 3.141592653589793 flow_6_22 0 5.0 2.0,10.0 -236.0 1.5707963267948966 flow_4_24 0 5.0 2.0,65.99669824585209 2.0 3.141592653589793 flow_6_19 0 5.0 2.0,-50.99669824585209 -2.0 0.0 flow_5_17 0 5.0 2.0,6.0 -236.0 1.5707963267948966 flow_2_24 0 5.0 2.0,28.496698245852146 2.0 3.141592653589793 flow_6_14 0 5.0 2.0,-2.0 89.43409150940977 -1.5707963267948966 flow_9_15 0 5.0 2.0,2.0 -163.0419999999997 1.5707963267948966 flow_11_19 0 5.0 2.0,10.0 -69.63499999999988 1.5707963267948966 flow_4_22 0 5.0 2.0,-215.54899744295364 2.0 3.141592653589793 flow_11_5 0 5.0 2.0,51.2919999999998 6.0 3.141592653589793 flow_1_8 0 5.0 2.0,6.0 -66.29199999999975 1.5707963267948966 flow_2_16 0 5.0 2.0,-6.0 81.29199999999975 -1.5707963267948966 flow_3_18 0 5.0 2.0,-81.29199999999975 -6.0 0.0 flow_0_12 0 5.0 2.0,-6.0 73.79199999999975 -1.5707963267948966 flow_3_17 0 5.0 2.0,58.49669824585209 2.0 3.141592653589793 flow_6_18 0 5.0 2.0,-6.0 51.2919999999998 -1.5707963267948966 flow_3_14 0 5.0 2.0,-66.29199999999975 -6.0 0.0 flow_0_10 0 5.0 2.0,-2.0 50.65420261002254 -1.5707963267948966 flow_9_13 0 5.0 2.0,69.63499999999988 10.0 3.141592653589793 flow_10_22 0 5.0 2.0,;road_0_1_0 g g g,road_1_0_1 r r g,road_1_2_3 r r g,road_2_1_2 r r g,
-155.1190705068015 2.0 3.141592653589793 flow_11_7 0 5.0 2.0,43.49669824585209 2.0 3.141592653589793 flow_6_16 0 5.0 2.0,-284.0 -10.0 0.0 flow_8_25 0 5.0 2.0,-6.0 43.7919999999998 -1.5707963267948966 flow_3_13 0 5.0 2.0,271.30917050680156 -2.0 0.0 flow_9_4 0 5.0 2.0,-35.99669824585209 -2.0 0.0 flow_5_15 0 5.0 2.0,66.29199999999975 6.0 3.141592653589793 flow_1_10 0 5.0 2.0,126.29199999999975 6.0 3.141592653589793 flow_1_18 0 5.0 2.0,219.665 2.0 3.141592653589793 flow_6_24 0 5.0 2.0,-2.0 193.7919999999997 -1.5707963267948966 flow_9_23 0 5.0 2.0,-43.7919999999998 -6.0 0.0 flow_0_7 0 5.0 2.0,6.0 -88.79199999999975 1.5707963267948966 flow_2_19 0 5.0 2.0,-2.0 221.29182535621727 -1.5707963267948966 flow_9_24 0 5.0 2.0,6.0 -43.7919999999998 1.5707963267948966 flow_2_13 0 5.0 2.0,2.0 -105.29199999999972 1.5707963267948966 flow_11_16 0 5.0 2.0,58.791999999999777 6.0 3.141592653589793 flow_1_9 0 5.0 2.0,-111.29199999999975 -6.0 0.0 flow_0_16 0 5.0 2.0,189.62577050680154 -2.0 0.0 flow_9_6 0 5.0 2.0,-20.516617004143997 -2.0 0.0 flow_5_13 0 5.0 2.0,6.0 -96.29199999999975 1.5707963267948966 flow_2_20 0 5.0 2.0,27.7640205068015 -2.0 0.0 flow_9_10 0 5.0 2.0,13.476783965535605 -11.700813119107233 0.6857295109062868 flow_4_21 0 5.0 2.0,6.0 86.3258288286602 1.5707963267948966 flow_10_20 0 5.0 2.0,-80.99669824585209 -2.0 0.0 flow_5_21 0 5.0 2.0,50.99669824585209 2.0 3.141592653589793 flow_6_17 0 5.0 2.0,28.791999999999804 6.0 3.141592653589793 flow_1_5 0 5.0 2.0,11.700813119107233 13.476783965535605 2.2565258377011836 flow_10_21 0 5.0 2.0,-22.31591849416435 -6.0 0.0 flow_0_5 0 5.0 2.0,-88.79199999999975 -6.0 0.0 flow_0_13 0 5.0 2.0,219.665 6.0 3.141592653589793 flow_1_24 0 5.0 2.0,73.4356705068015 -6.0 0.0 flow_9_9 0 5.0 2.0,-58.791999999999777 -6.0 0.0 flow_0_9 0 5.0 2.0,-6.0 138.0648686781611 -1.5707963267948966 flow_3_23 0 5.0 2.0,-2.0 284.0 -1.5707963267948966 flow_9_25 0 5.0 2.0,-6.0 66.29199999999975 -1.5707963267948966 flow_3_16 0 5.0 2.0,-270.0838485851296 6.0 3.141592653589793 flow_11_4 0 5.0 2.0,-284.0 -6.0 0.0 flow_0_25 0 5.0 2.0,6.0 -21.29199999999986 1.5707963267948966 flow_2_10 0 5.0 2.0,-156.2919999999997 -6.0 0.0 flow_0_22 0 5.0 2.0,-10.0 136.31499999999995 -1.5707963267948966 flow_7_23 0 5.0 2.0,21.29199999999986 6.0 3.141592653589793 flow_1_4 0 5.0 2.0,-2.0 160.5419999999997 -1.5707963267948966 flow_9_19 0 5.0 2.0,-2.0 20.781834374999734 -1.5707963267948966 flow_9_11 0 5.0 2.0,-96.29199999999975 -6.0 0.0 flow_0_14 0 5.0 2.0,-2.0 105.29199999999972 -1.5707963267948966 flow_9_16 0 5.0 2.0,6.0 -51.2919999999998 1.5707963267948966 flow_2_14 0 5.0 2.0,-27.7640205068015 2.0 3.141592653589793 flow_11_10 0 5.0 2.0,6.0 -73.79199999999975 1.5707963267948966 flow_2_17 0 5.0 2.0,-13.476783965535605 11.700813119107233 -2.4558631426835069 flow_7_21 0 5.0 2.0,-88.49669824585209 -2.0 0.0 flow_5_22 0 5.0 2.0,169.6758288286602 -10.0 0.0 flow_4_19 0 5.0 2.0,136.31499999999995 2.0 3.141592653589793 flow_6_23 0 5.0 2.0,73.49669824585206 2.0 3.141592653589793 flow_6_20 0 5.0 2.0,2.0 -43.64540884547392 1.5707963267948966 flow_11_13 0 5.0 2.0,-141.29199999999973 -6.0 0.0 flow_0_20 0 5.0 2.0,2.0 -178.7919999999997 1.5707963267948966 flow_11_21 0 5.0 2.0,-133.79199999999973 -6.0 0.0 flow_0_19 0 5.0 2.0,-6.0 96.29199999999975 -1.5707963267948966 flow_3_20 0 5.0 2.0,253.02582882866029 -10.0 0.0 flow_4_18 0 5.0 2.0,-163.9189433544251 -6.0 0.0 flow_0_23 0 5.0 2.0,-107.9423705068015 6.0 3.141592653589793 flow_11_8 0 5.0 2.0,-219.665 -10.0 0.0 flow_8_24 0 5.0 2.0,-58.49669824585209 -2.0 0.0 flow_5_18 0 5.0 2.0,-10.0 55.21499999999986 -1.5707963267948966 flow_7_22 0 5.0 2.0,6.0 -81.29199999999975 1.5707963267948966 flow_2_18 0 5.0 2.0,118.79199999999975 6.0 3.141592653589793 flow_1_17 0 5.0 2.0,141.29199999999973 6.0 3.141592653589793 flow_1_20 0 5.0 2.0,-169.6758288286602 10.0 3.141592653589793 flow_7_19 0 5.0 2.0,136.31499999999995 10.0 3.141592653589793 flow_10_23 0 5.0 2.0,-136.31499999999995 -10.0 0.0 flow_8_23 0 5.0 2.0,284.0 10.0 3.141592653589793 flow_10_25 0 5.0 2.0,-6.0 28.791999999999804 -1.5707963267948966 flow_3_11 0 5.0 2.0,10.0 169.6758288286602 1.5707963267948966 flow_10_19 0 5.0 2.0,2.0 -147.2919999999997 1.5707963267948966 flow_11_18 0 5.0 2.0,2.0 -59.819697761415 1.5707963267948966 flow_11_14 0 5.0 2.0,20.516617004143997 2.0 3.141592653589793 flow_6_13 0 5.0 2.0,10.0 -284.0 1.5707963267948966 flow_4_25 0 5.0 2.0,6.0 253.02582882866029 1.5707963267948966 flow_10_18 0 5.0 2.0,43.7919999999998 6.0 3.141592653589793 flow_1_7 0 5.0 2.0,2.0 -221.29182535621727 1.5707963267948966 flow_11_24 0 5.0 2.0,-35.2919999999998 -6.0 0.0 flow_0_6 0 5.0 2.0,-51.2919999999998 -6.0 0.0 flow_0_8 0 5.0 2.0,88.79199999999975 6.0 3.141592653589793 flow_1_13 0 5.0 2.0,6.0 -103.79199999999975 1.5707963267948966 flow_2_21 0 5.0 2.0,-86.3258288286602 10.0 3.141592653589793 flow_7_20 0 5.0 2.0,2.0 -30.890619070665197 1.5707963267948966 flow_11_12 0 5.0 2.0,107.9423705068015 -2.0 0.0 flow_9_8 0 5.0 2.0,2.0 -193.7919999999997 1.5707963267948966 flow_11_23 0 5.0 2.0,-189.42185171334297 6.0 3.141592653589793 flow_11_6 0 5.0 2.0,6.0 -284.0 1.5707963267948966 flow_2_25 0 5.0 2.0,-6.0 111.29199999999975 -1.5707963267948966 flow_3_22 0 5.0 2.0,-284.0 -2.0 0.0 flow_5_25 0 5.0 2.0,-11.29199999999986 -6.0 0.0 flow_0_4 0 5.0 2.0,86.3258288286602 -10.0 0.0 flow_4_20 0 5.0 2.0,80.99669824585209 2.0 3.141592653589793 flow_6_21 0 5.0 2.0,-219.665 -6.0 0.0 flow_0_24 0 5.0 2.0,-219.665 -2.0 0.0 flow_5_24 0 5.0 2.0,-65.99669824585209 -2.0 0.0 flow_5_19 0 5.0 2.0,133.79199999999973 6.0 3.141592653589793 flow_1_19 0 5.0 2.0,-2.0 59.819697761415 -1.5707963267948966 flow_9_14 0 5.0 2.0,-10.0 284.0 -1.5707963267948966 flow_7_25 0 5.0 2.0,-148.7919999999997 -6.0 0.0 flow_0_21 0 5.0 2.0,-55.21499999999986 -10.0 0.0 flow_8_22 0 5.0 2.0,-126.29199999999975 -6.0 0.0 flow_0_18 0 5.0 2.0,2.0 -171.2919999999997 1.5707963267948966 flow_11_20 0 5.0 2.0,236.80247050680129 -6.0 0.0 flow_9_5 0 5.0 2.0,163.9189433544251 6.0 3.141592653589793 flow_1_23 0 5.0 2.0,-2.0 126.04199999999992 -1.5707963267948966 flow_9_17 0 5.0 2.0,35.99669824585209 2.0 3.141592653589793 flow_6_15 0 5.0 2.0,-10.0 219.665 -1.5707963267948966 flow_7_24 0 5.0 2.0,-6.0 -253.02582882866029 -1.5707963267948966 flow_8_18 0 5.0 2.0,-6.0 88.79199999999975 -1.5707963267948966 flow_3_19 0 5.0 2.0,6.0 -36.2919999999998 1.5707963267948966 flow_2_12 0 5.0 2.0,10.0 -136.31499999999995 1.5707963267948966 flow_4_23 0 5.0 2.0,2.0 -20.781834374999734 1.5707963267948966 flow_11_11 0 5.0 2.0,81.29199999999975 6.0 3.141592653589793 flow_1_12 0 5.0 2.0,-118.79199999999975 -6.0 0.0 flow_0_17 0 5.0 2.0,2.0 -284.0 1.5707963267948966 flow_11_25 0 5.0 2.0,-73.79199999999975 -6.0 0.0 flow_0_11 0 5.0 2.0,-6.0 21.29199999999986 -1.5707963267948966 flow_3_10 0 5.0 2.0,73.79199999999975 6.0 3.141592653589793 flow_1_11 0 5.0 2.0,6.0 -58.791999999999777 1.5707963267948966 flow_2_15 0 5.0 2.0,-73.49669824585206 -2.0 0.0 flow_5_20 0 5.0 2.0,2.0 -186.2919999999997 1.5707963267948966 flow_11_22 0 5.0 2.0,-2.0 147.2919999999997 -1.5707963267948966 flow_9_18 0 5.0 2.0,-11.700813119107233 -13.476783965535605 -0.8850668158886099 flow_8_21 0 5.0 2.0,148.7919999999997 6.0 3.141592653589793 flow_1_21 0 5.0 2.0,155.1190705068015 -6.0 0.0 flow_9_7 0 5.0 2.0,-2.0 186.2919999999997 -1.5707963267948966 flow_9_22 0 5.0 2.0,-2.0 171.2919999999997 -1.5707963267948966 flow_9_20 0 5.0 2.0,6.0 -28.791999999999804 1.5707963267948966 flow_2_11 0 5.0 2.0,-10.0 -169.6758288286602 -1.5707963267948966 flow_8_19 0 5.0 2.0,219.665 10.0 3.141592653589793 flow_10_24 0 5.0 2.0,-2.0 30.890619070665197 -1.5707963267948966 flow_9_12 0 5.0 2.0,-136.31499999999995 -2.0 0.0 flow_5_23 0 5.0 2.0,36.2919999999998 6.0 3.141592653589793 flow_1_6 0 5.0 2.0,111.29199999999975 6.0 3.141592653589793 flow_1_16 0 5.0 2.0,103.79199999999975 6.0 3.141592653589793 flow_1_15 0 5.0 2.0,-6.0 103.79199999999975 -1.5707963267948966 flow_3_21 0 5.0 2.0,-6.0 58.791999999999777 -1.5707963267948966 flow_3_15 0 5.0 2.0,2.0 -126.04199999999992 1.5707963267948966 flow_11_17 0 5.0 2.0,-253.02582882866029 10.0 3.141592653589793 flow_7_18 0 5.0 2.0,284.0 2.0 3.141592653589793 flow_6_25 0 5.0 2.0,-103.79199999999975 -6.0 0.0 flow_0_15 0 5.0 2.0,-6.0 284.0 -1.5707963267948966 flow_3_25 0 5.0 2.0,-6.0 -86.3258288286602 -1.5707963267948966 flow_8_20 0 5.0 2.0,96.29199999999975 6.0 3.141592653589793 flow_1_14 0 5.0 2.0,-6.0 36.2919999999998 -1.5707963267948966 flow_3_12 0 5.0 2.0,156.2919999999997 6.0 3.141592653589793 flow_1_22 0 5.0 2.0,6.0 -111.29199999999975 1.5707963267948966 flow_2_22 0 5.0 2.0,-28.496698245852146 -2.0 0.0 flow_5_14 0 5.0 2.0,284.0 6.0 3.141592653589793 flow_1_25 0 5.0 2.0,6.0 -138.0648686781611 1.5707963267948966 flow_2_23 0 5.0 2.0,-73.4356705068015 2.0 3.141592653589793 flow_11_9 0 5.0 2.0,-6.0 219.665 -1.5707963267948966 flow_3_24 0 5.0 2.0,2.0 -78.9512453627897 1.5707963267948966 flow_11_15 0 5.0 2.0,-43.49669824585209 -2.0 0.0 flow_5_16 0 5.0 2.0,-2.0 178.7919999999997 -1.5707963267948966 flow_9_21 0 5.0 2.0,88.49669824585209 2.0 3.141592653589793 flow_6_22 0 5.0 2.0,10.0 -219.665 1.5707963267948966 flow_4_24 0 5.0 2.0,65.99669824585209 2.0 3.141592653589793 flow_6_19 0 5.0 2.0,-50.99669824585209 -2.0 0.0 flow_5_17 0 5.0 2.0,6.0 -219.665 1.5707963267948966 flow_2_24 0 5.0 2.0,28.496698245852146 2.0 3.141592653589793 flow_6_14 0 5.0 2.0,-2.0 78.9512453627897 -1.5707963267948966 flow_9_15 0 5.0 2.0,2.0 -160.5419999999997 1.5707963267948966 flow_11_19 0 5.0 2.0,10.0 -55.21499999999986 1.5707963267948966 flow_4_22 0 5.0 2.0,-232.21899744295366 2.0 3.141592653589793 flow_11_5 0 5.0 2.0,51.2919999999998 6.0 3.141592653589793 flow_1_8 0 5.0 2.0,6.0 -66.29199999999975 1.5707963267948966 flow_2_16 0 5.0 2.0,-6.0 81.29199999999975 -1.5707963267948966 flow_3_18 0 5.0 2.0,-81.29199999999975 -6.0 0.0 flow_0_12 0 5.0 2.0,-6.0 73.79199999999975 -1.5707963267948966 flow_3_17 0 5.0 2.0,58.49669824585209 2.0 3.141592653589793 flow_6_18 0 5.0 2.0,-6.0 51.2919999999998 -1.5707963267948966 flow_3_14 0 5.0 2.0,-66.29199999999975 -6.0 0.0 flow_0_10 0 5.0 2.0,-2.0 43.64540884547392 -1.5707963267948966 flow_9_13 0 5.0 2.0,55.21499999999986 10.0 3.141592653589793 flow_10_22 0 5.0 2.0,;road_0_1_0 g g g,road_1_0_1 r r g,road_1_2_3 r r g,road_2_1_2 r r g,
-171.78907050680153 2.0 3.141592653589793 flow_11_7 0 5.0 2.0,43.49669824585209 2.0 3.141592653589793 flow_6_16 0 5.0 2.0,-275.0 -10.0 0.0 flow_8_25 0 5.0 2.0,-6.0 43.7919999999998 -1.5707963267948966 flow_3_13 0 5.0 2.0,287.97917050680158 -2.0 0.0 flow_9_4 0 5.0 2.0,-35.99669824585209 -2.0 0.0 flow_5_15 0 5.0 2.0,66.29199999999975 6.0 3.141592653589793 flow_1_10 0 5.0 2.0,126.29199999999975 6.0 3.141592653589793 flow_1_18 0 5.0 2.0,202.995 2.0 3.141592653589793 flow_6_24 0 5.0 2.0,-2.0 193.7919999999997 -1.5707963267948966 flow_9_23 0 5.0 2.0,-43.0419999999998 -6.0 0.0 flow_0_7 0 5.0 2.0,6.0 -88.79199999999975 1.5707963267948966 flow_2_19 0 5.0 2.0,-2.0 210.1254760686518 -1.5707963267948966 flow_9_24 0 5.0 2.0,6.0 -43.7919999999998 1.5707963267948966 flow_2_13 0 5.0 2.0,2.0 -92.94429846397748 1.5707963267948966 flow_11_16 0 5.0 2.0,58.791999999999777 6.0 3.141592653589793 flow_1_9 0 5.0 2.0,-111.29199999999975 -6.0 0.0 flow_0_16 0 5.0 2.0,206.29577050680155 -2.0 0.0 flow_9_6 0 5.0 2.0,-19.525552467733108 -1.9074869749247028 0.1925746605587287 flow_5_13 0 5.0 2.0,6.0 -96.29199999999975 1.5707963267948966 flow_2_20 0 5.0 2.0,43.0973205068015 -2.0 0.0 flow_9_10 0 5.0 2.0,24.487578828660206 -10.0 0.0 flow_4_21 0 5.0 2.0,6.0 102.9958288286602 1.5707963267948966 flow_10_20 0 5.0 2.0,-80.99669824585209 -2.0 0.0 flow_5_21 0 5.0 2.0,50.99669824585209 2.0 3.141592653589793 flow_6_17 0 5.0 2.0,28.791999999999804 6.0 3.141592653589793 flow_1_5 0 5.0 2.0,10.0 24.487578828660206 1.5707963267948966 flow_10_21 0 5.0 2.0,-18.822662864614359 -6.0 0.0 flow_0_5 0 5.0 2.0,-88.79199999999975 -6.0 0.0 flow_0_13 0 5.0 2.0,202.995 6.0 3.141592653589793 flow_1_24 0 5.0 2.0,90.1056705068015 -6.0 0.0 flow_9_9 0 5.0 2.0,-58.791999999999777 -6.0 0.0 flow_0_9 0 5.0 2.0,-6.0 127.14460603448342 -1.5707963267948966 flow_3_23 0 5.0 2.0,-2.0 275.0 -1.5707963267948966 flow_9_25 0 5.0 2.0,-6.0 66.29199999999975 -1.5707963267948966 flow_3_16 0 5.0 2.0,-286.7538485851296 6.0 3.141592653589793 flow_11_4 0 5.0 2.0,-275.0 -6.0 0.0 flow_0_25 0 5.0 2.0,6.0 -21.29199999999986 1.5707963267948966 flow_2_10 0 5.0 2.0,-156.2919999999997 -6.0 0.0 flow_0_22 0 5.0 2.0,-10.0 119.64499999999993 -1.5707963267948966 flow_7_23 0 5.0 2.0,21.29199999999986 6.0 3.141592653589793 flow_1_4 0 5.0 2.0,-2.0 156.0419999999997 -1.5707963267948966 flow_9_19 0 5.0 2.0,-2.0 20.00058749999971 -1.5707963267948966 flow_9_11 0 5.0 2.0,-96.29199999999975 -6.0 0.0 flow_0_14 0 5.0 2.0,-2.0 92.94429846397748 -1.5707963267948966 flow_9_16 0 5.0 2.0,6.0 -51.2919999999998 1.5707963267948966 flow_2_14 0 5.0 2.0,-43.0973205068015 5.266660000000001 3.141592653589793 flow_11_10 1 5.0 2.0,6.0 -73.79199999999975 1.5707963267948966 flow_2_17 0 5.0 2.0,-24.487578828660206 10.0 3.141592653589793 flow_7_21 0 5.0 2.0,-88.49669824585209 -2.0 0.0 flow_5_22 0 5.0 2.0,186.34582882866023 -10.0 0.0 flow_4_19 0 5.0 2.0,120.54766081384909 2.0 3.141592653589793 flow_6_23 0 5.0 2.0,73.49669824585206 2.0 3.141592653589793 flow_6_20 0 5.0 2.0,2.0 -38.69528879159583 1.5707963267948966 flow_11_13 0 5.0 2.0,-141.29199999999973 -6.0 0.0 flow_0_20 0 5.0 2.0,2.0 -178.7919999999997 1.5707963267948966 flow_11_21 0 5.0 2.0,-133.79199999999973 -6.0 0.0 flow_0_19 0 5.0 2.0,-6.0 96.29199999999975 -1.5707963267948966 flow_3_20 0 5.0 2.0,269.6958288286603 -10.0 0.0 flow_4_18 0 5.0 2.0,-163.7919999999997 -6.0 0.0 flow_0_23 0 5.0 2.0,-124.6123705068015 6.0 3.141592653589793 flow_11_8 0 5.0 2.0,-202.995 -10.0 0.0 flow_8_24 0 5.0 2.0,-58.49669824585209 -2.0 0.0 flow_5_18 0 5.0 2.0,-10.0 44.96334999999985 -1.5707963267948966 flow_7_22 0 5.0 2.0,6.0 -81.29199999999975 1.5707963267948966 flow_2_18 0 5.0 2.0,118.79199999999975 6.0 3.141592653589793 flow_1_17 0 5.0 2.0,141.29199999999973 6.0 3.141592653589793 flow_1_20 0 5.0 2.0,-186.34582882866023 10.0 3.141592653589793 flow_7_19 0 5.0 2.0,119.64499999999993 10.0 3.141592653589793 flow_10_23 0 5.0 2.0,-119.64499999999993 -10.0 0.0 flow_8_23 0 5.0 2.0,275.0 10.0 3.141592653589793 flow_10_25 0 5.0 2.0,-6.0 28.791999999999804 -1.5707963267948966 flow_3_11 0 5.0 2.0,10.0 186.34582882866023 1.5707963267948966 flow_10_19 0 5.0 2.0,2.0 -140.2919999999997 1.5707963267948966 flow_11_18 0 5.0 2.0,2.0 -52.11477583169892 1.5707963267948966 flow_11_14 0 5.0 2.0,20.516617004143997 2.0 3.141592653589793 flow_6_13 0 5.0 2.0,10.0 -275.0 1.5707963267948966 flow_4_25 0 5.0 2.0,6.0 269.6958288286603 1.5707963267948966 flow_10_18 0 5.0 2.0,43.7919999999998 6.0 3.141592653589793 flow_1_7 0 5.0 2.0,2.0 -210.1254760686518 1.5707963267948966 flow_11_24 0 5.0 2.0,-32.2919999999998 -6.0 0.0 flow_0_6 0 5.0 2.0,-51.2919999999998 -6.0 0.0 flow_0_8 0 5.0 2.0,88.79199999999975 6.0 3.141592653589793 flow_1_13 0 5.0 2.0,6.0 -103.79199999999975 1.5707963267948966 flow_2_21 0 5.0 2.0,-102.9958288286602 10.0 3.141592653589793 flow_7_20 0 5.0 2.0,2.0 -28.31715543154405 1.5707963267948966 flow_11_12 0 5.0 2.0,124.6123705068015 -2.0 0.0 flow_9_8 0 5.0 2.0,2.0 -193.7919999999997 1.5707963267948966 flow_11_23 0 5.0 2.0,-206.09185171334299 6.0 3.141592653589793 flow_11_6 0 5.0 2.0,6.0 -275.0 1.5707963267948966 flow_2_25 0 5.0 2.0,-6.0 111.29199999999975 -1.5707963267948966 flow_3_22 0 5.0 2.0,-275.0 -2.0 0.0 flow_5_25 0 5.0 2.0,-6.2919999999998599 -6.0 0.0 flow_0_4 0 5.0 2.0,102.9958288286602 -10.0 0.0 flow_4_20 0 5.0 2.0,80.99669824585209 2.0 3.141592653589793 flow_6_21 0 5.0 2.0,-202.995 -6.0 0.0 flow_0_24 0 5.0 2.0,-202.995 -2.0 0.0 flow_5_24 0 5.0 2.0,-65.99669824585209 -2.0 0.0 flow_5_19 0 5.0 2.0,133.79199999999973 6.0 3.141592653589793 flow_1_19 0 5.0 2.0,-2.0 52.11477583169892 -1.5707963267948966 flow_9_14 0 5.0 2.0,-10.0 275.0 -1.5707963267948966 flow_7_25 0 5.0 2.0,-148.7919999999997 -6.0 0.0 flow_0_21 0 5.0 2.0,-44.96334999999985 -10.0 0.0 flow_8_22 0 5.0 2.0,-126.29199999999975 -6.0 0.0 flow_0_18 0 5.0 2.0,2.0 -170.2919999999997 1.5707963267948966 flow_11_20 0 5.0 2.0,253.4724705068013 -6.0 0.0 flow_9_5 0 5.0 2.0,163.7919999999997 6.0 3.141592653589793 flow_1_23 0 5.0 2.0,-2.0 115.542 -1.5707963267948966 flow_9_17 0 5.0 2.0,35.99669824585209 2.0 3.141592653589793 flow_6_15 0 5.0 2.0,-10.0 202.995 -1.5707963267948966 flow_7_24 0 5.0 2.0,-6.0 -269.6958288286603 -1.5707963267948966 flow_8_18 0 5.0 2.0,-6.0 88.79199999999975 -1.5707963267948966 flow_3_19 0 5.0 2.0,6.0 -36.2919999999998 1.5707963267948966 flow_2_12 0 5.0 2.0,10.0 -119.64499999999993 1.5707963267948966 flow_4_23 0 5.0 2.0,2.0 -20.00058749999971 1.5707963267948966 flow_11_11 0 5.0 2.0,81.29199999999975 6.0 3.141592653589793 flow_1_12 0 5.0 2.0,-118.79199999999975 -6.0 0.0 flow_0_17 0 5.0 2.0,2.0 -275.0 1.5707963267948966 flow_11_25 0 5.0 2.0,-73.79199999999975 -6.0 0.0 flow_0_11 0 5.0 2.0,-6.0 21.29199999999986 -1.5707963267948966 flow_3_10 0 5.0 2.0,73.79199999999975 6.0 3.141592653589793 flow_1_11 0 5.0 2.0,6.0 -58.791999999999777 1.5707963267948966 flow_2_15 0 5.0 2.0,-73.49669824585206 -2.0 0.0 flow_5_20 0 5.0 2.0,2.0 -186.2919999999997 1.5707963267948966 flow_11_22 0 5.0 2.0,-2.0 140.2919999999997 -1.5707963267948966 flow_9_18 0 5.0 2.0,-10.0 -24.487578828660206 -1.5707963267948966 flow_8_21 0 5.0 2.0,148.7919999999997 6.0 3.141592653589793 flow_1_21 0 5.0 2.0,171.78907050680153 -6.0 0.0 flow_9_7 0 5.0 2.0,-2.0 186.2919999999997 -1.5707963267948966 flow_9_22 0 5.0 2.0,-2.0 170.2919999999997 -1.5707963267948966 flow_9_20 0 5.0 2.0,6.0 -28.791999999999804 1.5707963267948966 flow_2_11 0 5.0 2.0,-10.0 -186.34582882866023 -1.5707963267948966 flow_8_19 0 5.0 2.0,202.995 10.0 3.141592653589793 flow_10_24 0 5.0 2.0,-2.0 28.31715543154405 -1.5707963267948966 flow_9_12 0 5.0 2.0,-120.54766081384909 -2.0 0.0 flow_5_23 0 5.0 2.0,36.2919999999998 6.0 3.141592653589793 flow_1_6 0 5.0 2.0,111.29199999999975 6.0 3.141592653589793 flow_1_16 0 5.0 2.0,103.79199999999975 6.0 3.141592653589793 flow_1_15 0 5.0 2.0,-6.0 103.79199999999975 -1.5707963267948966 flow_3_21 0 5.0 2.0,-6.0 58.791999999999777 -1.5707963267948966 flow_3_15 0 5.0 2.0,2.0 -115.542 1.5707963267948966 flow_11_17 0 5.0 2.0,-269.6958288286603 10.0 3.141592653589793 flow_7_18 0 5.0 2.0,275.0 2.0 3.141592653589793 flow_6_25 0 5.0 2.0,-103.79199999999975 -6.0 0.0 flow_0_15 0 5.0 2.0,-6.0 275.0 -1.5707963267948966 flow_3_25 0 5.0 2.0,-6.0 -102.9958288286602 -1.5707963267948966 flow_8_20 0 5.0 2.0,96.29199999999975 6.0 3.141592653589793 flow_1_14 0 5.0 2.0,-6.0 36.2919999999998 -1.5707963267948966 flow_3_12 0 5.0 2.0,156.2919999999997 6.0 3.141592653589793 flow_1_22 0 5.0 2.0,6.0 -111.29199999999975 1.5707963267948966 flow_2_22 0 5.0 2.0,-28.496698245852146 -2.0 0.0 flow_5_14 0 5.0 2.0,275.0 6.0 3.141592653589793 flow_1_25 0 5.0 2.0,6.0 -127.14460603448342 1.5707963267948966 flow_2_23 0 5.0 2.0,-90.1056705068015 2.0 3.141592653589793 flow_11_9 0 5.0 2.0,-6.0 202.995 -1.5707963267948966 flow_3_24 0 5.0 2.0,2.0 -69.26476002544735 1.5707963267948966 flow_11_15 0 5.0 2.0,-43.49669824585209 -2.0 0.0 flow_5_16 0 5.0 2.0,-2.0 178.7919999999997 -1.5707963267948966 flow_9_21 0 5.0 2.0,88.49669824585209 2.0 3.141592653589793 flow_6_22 0 5.0 2.0,10.0 -202.995 1.5707963267948966 flow_4_24 0 5.0 2.0,65.99669824585209 2.0 3.141592653589793 flow_6_19 0 5.0 2.0,-50.99669824585209 -2.0 0.0 flow_5_17 0 5.0 2.0,6.0 -202.995 1.5707963267948966 flow_2_24 0 5.0 2.0,28.496698245852146 2.0 3.141592653589793 flow_6_14 0 5.0 2.0,-2.0 69.26476002544735 -1.5707963267948966 flow_9_15 0 5.0 2.0,2.0 -156.0419999999997 1.5707963267948966 flow_11_19 0 5.0 2.0,10.0 -44.96334999999985 1.5707963267948966 flow_4_22 0 5.0 2.0,-248.88899744295368 2.0 3.141592653589793 flow_11_5 0 5.0 2.0,51.2919999999998 6.0 3.141592653589793 flow_1_8 0 5.0 2.0,6.0 -66.29199999999975 1.5707963267948966 flow_2_16 0 5.0 2.0,-6.0 81.29199999999975 -1.5707963267948966 flow_3_18 0 5.0 2.0,-81.29199999999975 -6.0 0.0 flow_0_12 0 5.0 2.0,-6.0 73.79199999999975 -1.5707963267948966 flow_3_17 0 5.0 2.0,58.49669824585209 2.0 3.141592653589793 flow_6_18 0 5.0 2.0,-6.0 51.2919999999998 -1.5707963267948966 flow_3_14 0 5.0 2.0,-66.29199999999975 -6.0 0.0 flow_0_10 0 5.0 2.0,-2.0 38.69528879159583 -1.5707963267948966 flow_9_13 0 5.0 2.0,44.96334999999985 10.0 3.141592653589793 flow_10_22 0 5.0 2.0,;road_0_1_0 g g g,road_1_0_1 r r g,road_1_2_3 r r g,road_2_1_2 r r g,
299.0 2.0 3.141592653589793 flow_6_26 0 5.0 2.0,-188.45907050680155 2.0 3.141592653589793 flow_11_7 0 5.0 2.0,43.49669824585209 2.0 3.141592653589793 flow_6_16 0 5.0 2.0,-264.0 -10.0 0.0 flow_8_25 0 5.0 2.0,-6.0 43.7919999999998 -1.5707963267948966 flow_3_13 0 5.0 2.0,-35.99669824585209 -2.0 0.0 flow_5_15 0 5.0 2.0,66.29199999999975 6.0 3.141592653589793 flow_1_10 0 5.0 2.0,126.29199999999975 6.0 3.141592653589793 flow_1_18 0 5.0 2.0,186.325 2.0 3.141592653589793 flow_6_24 0 5.0 2.0,-59.59897050680151 6.0 3.141592653589793 flow_11_10 0 5.0 2.0,-2.0 193.7919999999997 -1.5707963267948966 flow_9_23 0 5.0 2.0,-40.5419999999998 -6.0 0.0 flow_0_7 0 5.0 2.0,6.0 -88.79199999999975 1.5707963267948966 flow_2_19 0 5.0 2.0,2.0 -299.0 1.5707963267948966 flow_11_26 0 5.0 2.0,-2.0 203.45912678108636 -1.5707963267948966 flow_9_24 0 5.0 2.0,6.0 -43.7919999999998 1.5707963267948966 flow_2_13 0 5.0 2.0,2.0 -81.03442388245833 1.5707963267948966 flow_11_16 0 5.0 2.0,58.791999999999777 6.0 3.141592653589793 flow_1_9 0 5.0 2.0,-111.29199999999975 -6.0 0.0 flow_0_16 0 5.0 2.0,222.96577050680157 -2.0 0.0 flow_9_6 0 5.0 2.0,-16.670693775548448 -1.0566925175975182 0.4344452230277657 flow_5_13 0 5.0 2.0,6.0 -96.29199999999975 1.5707963267948966 flow_2_20 0 5.0 2.0,59.59897050680151 -2.0 0.0 flow_9_10 0 5.0 2.0,6.0 -299.0 1.5707963267948966 flow_2_26 0 5.0 2.0,37.820878828660209 -10.0 0.0 flow_4_21 0 5.0 2.0,6.0 119.66582882866021 1.5707963267948966 flow_10_20 0 5.0 2.0,-80.99669824585209 -2.0 0.0 flow_5_21 0 5.0 2.0,50.99669824585209 2.0 3.141592653589793 flow_6_17 0 5.0 2.0,28.791999999999804 6.0 3.141592653589793 flow_1_5 0 5.0 2.0,10.0 37.820878828660209 1.5707963267948966 flow_10_21 0 5.0 2.0,-13.927116555674996 -6.0 0.0 flow_0_5 0 5.0 2.0,-88.79199999999975 -6.0 0.0 flow_0_13 0 5.0 2.0,188.44717845678975 6.0 3.141592653589793 flow_1_24 0 5.0 2.0,106.7756705068015 -6.0 0.0 flow_9_9 0 5.0 2.0,-58.791999999999777 -6.0 0.0 flow_0_9 0 5.0 2.0,-6.0 120.72434339080573 -1.5707963267948966 flow_3_23 0 5.0 2.0,-2.0 264.0 -1.5707963267948966 flow_9_25 0 5.0 2.0,-6.0 66.29199999999975 -1.5707963267948966 flow_3_16 0 5.0 2.0,299.0 10.0 3.141592653589793 flow_10_26 0 5.0 2.0,-264.0 -6.0 0.0 flow_0_25 0 5.0 2.0,6.0 -21.29199999999986 1.5707963267948966 flow_2_10 0 5.0 2.0,-156.2919999999997 -6.0 0.0 flow_0_22 0 5.0 2.0,-10.0 102.97499999999991 -1.5707963267948966 flow_7_23 0 5.0 2.0,21.29199999999986 6.0 3.141592653589793 flow_1_4 0 5.0 2.0,-2.0 149.5419999999997 -1.5707963267948966 flow_9_19 0 5.0 2.0,-2.0 20.00058749999971 -1.5707963267948966 flow_9_11 0 5.0 2.0,-96.29199999999975 -6.0 0.0 flow_0_14 0 5.0 2.0,-2.0 81.03442388245833 -1.5707963267948966 flow_9_16 0 5.0 2.0,6.0 -51.2919999999998 1.5707963267948966 flow_2_14 0 5.0 2.0,6.0 -73.79199999999975 1.5707963267948966 flow_2_17 0 5.0 2.0,-37.820878828660209 10.0 3.141592653589793 flow_7_21 0 5.0 2.0,-88.49669824585209 -2.0 0.0 flow_5_22 0 5.0 2.0,203.01582882866024 -10.0 0.0 flow_4_19 0 5.0 2.0,107.93298244154741 2.0 3.141592653589793 flow_6_23 0 5.0 2.0,73.49669824585206 2.0 3.141592653589793 flow_6_20 0 5.0 2.0,2.0 -35.86841497742262 1.5707963267948966 flow_11_13 0 5.0 2.0,-141.29199999999973 -6.0 0.0 flow_0_20 0 5.0 2.0,2.0 -178.0419999999997 1.5707963267948966 flow_11_21 0 5.0 2.0,-133.79199999999973 -6.0 0.0 flow_0_19 0 5.0 2.0,-6.0 96.29199999999975 -1.5707963267948966 flow_3_20 0 5.0 2.0,286.3658288286603 -10.0 0.0 flow_4_18 0 5.0 2.0,-163.7919999999997 -6.0 0.0 flow_0_23 0 5.0 2.0,-141.2823705068015 6.0 3.141592653589793 flow_11_8 0 5.0 2.0,-186.325 -10.0 0.0 flow_8_24 0 5.0 2.0,-58.49669824585209 -2.0 0.0 flow_5_18 0 5.0 2.0,-10.0 36.63004999999987 -1.5707963267948966 flow_7_22 0 5.0 2.0,-299.0 -10.0 0.0 flow_8_26 0 5.0 2.0,6.0 -81.29199999999975 1.5707963267948966 flow_2_18 0 5.0 2.0,-299.0 -2.0 0.0 flow_5_26 0 5.0 2.0,118.79199999999975 6.0 3.141592653589793 flow_1_17 0 5.0 2.0,141.29199999999973 6.0 3.141592653589793 flow_1_20 0 5.0 2.0,-203.01582882866024 10.0 3.141592653589793 flow_7_19 0 5.0 2.0,102.97499999999991 10.0 3.141592653589793 flow_10_23 0 5.0 2.0,-102.97499999999991 -10.0 0.0 flow_8_23 0 5.0 2.0,264.0 10.0 3.141592653589793 flow_10_25 0 5.0 2.0,-6.0 28.791999999999804 -1.5707963267948966 flow_3_11 0 5.0 2.0,10.0 203.01582882866024 1.5707963267948966 flow_10_19 0 5.0 2.0,2.0 -131.2919999999997 1.5707963267948966 flow_11_18 0 5.0 2.0,2.0 -46.599920663519728 1.5707963267948966 flow_11_14 0 5.0 2.0,20.516617004143997 2.0 3.141592653589793 flow_6_13 0 5.0 2.0,10.0 -264.0 1.5707963267948966 flow_4_25 0 5.0 2.0,6.0 286.3658288286603 1.5707963267948966 flow_10_18 0 5.0 2.0,43.7919999999998 6.0 3.141592653589793 flow_1_7 0 5.0 2.0,2.0 -203.45912678108636 1.5707963267948966 flow_11_24 0 5.0 2.0,-27.666078654296258 -6.0 0.0 flow_0_6 0 5.0 2.0,-51.2919999999998 -6.0 0.0 flow_0_8 0 5.0 2.0,88.79199999999975 6.0 3.141592653589793 flow_1_13 0 5.0 2.0,6.0 -103.79199999999975 1.5707963267948966 flow_2_21 0 5.0 2.0,-6.0 299.0 -1.5707963267948966 flow_3_26 0 5.0 2.0,-119.66582882866021 10.0 3.141592653589793 flow_7_20 0 5.0 2.0,2.0 -28.010569184023156 1.5707963267948966 flow_11_12 0 5.0 2.0,141.2823705068015 -2.0 0.0 flow_9_8 0 5.0 2.0,-10.0 299.0 -1.5707963267948966 flow_7_26 0 5.0 2.0,10.0 -299.0 1.5707963267948966 flow_4_26 0 5.0 2.0,2.0 -193.7919999999997 1.5707963267948966 flow_11_23 0 5.0 2.0,-222.761851713343 6.0 3.141592653589793 flow_11_6 0 5.0 2.0,6.0 -264.0 1.5707963267948966 flow_2_25 0 5.0 2.0,-6.0 111.29199999999975 -1.5707963267948966 flow_3_22 0 5.0 2.0,-264.0 -2.0 0.0 flow_5_25 0 5.0 2.0,0.7080000000001405 -6.0 0.0 flow_0_4 0 5.0 2.0,119.66582882866021 -10.0 0.0 flow_4_20 0 5.0 2.0,80.99669824585209 2.0 3.141592653589793 flow_6_21 0 5.0 2.0,-188.44717845678975 -6.0 0.0 flow_0_24 0 5.0 2.0,-186.325 -2.0 0.0 flow_5_24 0 5.0 2.0,-65.99669824585209 -2.0 0.0 flow_5_19 0 5.0 2.0,133.79199999999973 6.0 3.141592653589793 flow_1_19 0 5.0 2.0,-2.0 46.599920663519728 -1.5707963267948966 flow_9_14 0 5.0 2.0,-10.0 264.0 -1.5707963267948966 flow_7_25 0 5.0 2.0,-148.7919999999997 -6.0 0.0 flow_0_21 0 5.0 2.0,-36.63004999999987 -10.0 0.0 flow_8_22 0 5.0 2.0,-126.29199999999975 -6.0 0.0 flow_0_18 0 5.0 2.0,2.0 -167.2919999999997 1.5707963267948966 flow_11_20 0 5.0 2.0,270.1424705068013 -6.0 0.0 flow_9_5 0 5.0 2.0,163.7919999999997 6.0 3.141592653589793 flow_1_23 0 5.0 2.0,-2.0 103.65622384798329 -1.5707963267948966 flow_9_17 0 5.0 2.0,35.99669824585209 2.0 3.141592653589793 flow_6_15 0 5.0 2.0,-10.0 186.325 -1.5707963267948966 flow_7_24 0 5.0 2.0,-6.0 -286.3658288286603 -1.5707963267948966 flow_8_18 0 5.0 2.0,-6.0 88.79199999999975 -1.5707963267948966 flow_3_19 0 5.0 2.0,6.0 -36.2919999999998 1.5707963267948966 flow_2_12 0 5.0 2.0,10.0 -102.97499999999991 1.5707963267948966 flow_4_23 0 5.0 2.0,2.0 -20.00058749999971 1.5707963267948966 flow_11_11 0 5.0 2.0,81.29199999999975 6.0 3.141592653589793 flow_1_12 0 5.0 2.0,-118.79199999999975 -6.0 0.0 flow_0_17 0 5.0 2.0,2.0 -264.0 1.5707963267948966 flow_11_25 0 5.0 2.0,-73.79199999999975 -6.0 0.0 flow_0_11 0 5.0 2.0,-6.0 21.29199999999986 -1.5707963267948966 flow_3_10 0 5.0 2.0,73.79199999999975 6.0 3.141592653589793 flow_1_11 0 5.0 2.0,6.0 -58.791999999999777 1.5707963267948966 flow_2_15 0 5.0 2.0,-73.49669824585206 -2.0 0.0 flow_5_20 0 5.0 2.0,2.0 -186.2919999999997 1.5707963267948966 flow_11_22 0 5.0 2.0,-2.0 131.2919999999997 -1.5707963267948966 flow_9_18 0 5.0 2.0,-10.0 -37.820878828660209 -1.5707963267948966 flow_8_21 0 5.0 2.0,148.7919999999997 6.0 3.141592653589793 flow_1_21 0 5.0 2.0,188.45907050680155 -6.0 0.0 flow_9_7 0 5.0 2.0,-2.0 186.2919999999997 -1.5707963267948966 flow_9_22 0 5.0 2.0,-2.0 167.2919999999997 -1.5707963267948966 flow_9_20 0 5.0 2.0,6.0 -28.791999999999804 1.5707963267948966 flow_2_11 0 5.0 2.0,-10.0 -203.01582882866024 -1.5707963267948966 flow_8_19 0 5.0 2.0,186.325 10.0 3.141592653589793 flow_10_24 0 5.0 2.0,-299.0 -6.0 0.0 flow_0_26 0 5.0 2.0,-2.0 299.0 -1.5707963267948966 flow_9_26 0 5.0 2.0,299.0 6.0 3.141592653589793 flow_1_26 0 5.0 2.0,-2.0 28.010569184023156 -1.5707963267948966 flow_9_12 0 5.0 2.0,-107.93298244154741 -2.0 0.0 flow_5_23 0 5.0 2.0,36.2919999999998 6.0 3.141592653589793 flow_1_6 0 5.0 2.0,111.29199999999975 6.0 3.141592653589793 flow_1_16 0 5.0 2.0,103.79199999999975 6.0 3.141592653589793 flow_1_15 0 5.0 2.0,-6.0 103.79199999999975 -1.5707963267948966 flow_3_21 0 5.0 2.0,-6.0 58.791999999999777 -1.5707963267948966 flow_3_15 0 5.0 2.0,2.0 -103.65622384798329 1.5707963267948966 flow_11_17 0 5.0 2.0,-286.3658288286603 10.0 3.141592653589793 flow_7_18 0 5.0 2.0,264.0 2.0 3.141592653589793 flow_6_25 0 5.0 2.0,-103.79199999999975 -6.0 0.0 flow_0_15 0 5.0 2.0,-6.0 264.0 -1.5707963267948966 flow_3_25 0 5.0 2.0,-6.0 -119.66582882866021 -1.5707963267948966 flow_8_20 0 5.0 2.0,96.29199999999975 6.0 3.141592653589793 flow_1_14 0 5.0 2.0,-6.0 36.2919999999998 -1.5707963267948966 flow_3_12 0 5.0 2.0,156.2919999999997 6.0 3.141592653589793 flow_1_22 0 5.0 2.0,6.0 -111.29199999999975 1.5707963267948966 flow_2_22 0 5.0 2.0,-27.496698245852146 -2.0 0.0 flow_5_14 0 5.0 2.0,264.0 6.0 3.141592653589793 flow_1_25 0 5.0 2.0,6.0 -120.72434339080573 1.5707963267948966 flow_2_23 0 5.0 2.0,-106.7756705068015 2.0 3.141592653589793 flow_11_9 0 5.0 2.0,-6.0 186.325 -1.5707963267948966 flow_3_24 0 5.0 2.0,2.0 -60.883351203946748 1.5707963267948966 flow_11_15 0 5.0 2.0,-43.49669824585209 -2.0 0.0 flow_5_16 0 5.0 2.0,-2.0 17